[
    {
        "date": "2020-09-11T14:32:42Z",
        "value": "0.0009593963623046875",
        "cumulative": true
    },
    {
        "date": "2020-09-11T14:33:04Z",
        "value": "36.4778356552124",
        "cumulative": true
    },
    {
        "date": "2020-09-11T14:33:16Z",
        "value": "130.50501441955566",
        "cumulative": true
    },
    {
        "date": "2020-09-11T14:33:34Z",
        "value": "1417.7183046340942",
        "cumulative": true
    },
    {
        "date": "2020-09-11T14:33:46Z",
        "value": "2656.8735399246216",
        "cumulative": true
    },
    {
        "date": "2020-09-11T14:33:59Z",
        "value": "3969.3949584960938",
        "cumulative": true
    },
    {
        "date": "2020-09-11T14:34:16Z",
        "value": "5778.524200439453",
        "cumulative": true
    },
    {
        "date": "2020-09-11T14:34:26Z",
        "value": "7129.418560028076",
        "cumulative": true
    },
    {
        "date": "2020-09-11T14:34:45Z",
        "value": "9234.941264152527",
        "cumulative": true
    },
    {
        "date": "2020-09-11T14:35:02Z",
        "value": "11458.301546096802",
        "cumulative": true
    },
    {
        "date": "2020-09-11T14:35:17Z",
        "value": "13834.30675315857",
        "cumulative": true
    },
    {
        "date": "2020-09-11T14:35:32Z",
        "value": "14801.279947280884",
        "cumulative": true
    },
    {
        "date": "2020-09-11T14:35:47Z",
        "value": "17673.64881515503",
        "cumulative": true
    },
    {
        "date": "2020-09-11T14:36:04Z",
        "value": "19227.702801704407",
        "cumulative": true
    },
    {
        "date": "2020-09-11T14:36:21Z",
        "value": "22207.302780151367",
        "cumulative": true
    },
    {
        "date": "2020-09-11T14:36:38Z",
        "value": "23391.3321018219",
        "cumulative": true
    },
    {
        "date": "2020-09-11T14:36:52Z",
        "value": "26016.368403434753",
        "cumulative": true
    },
    {
        "date": "2020-09-11T14:37:08Z",
        "value": "28325.8131275177",
        "cumulative": true
    },
    {
        "date": "2020-09-11T14:37:21Z",
        "value": "29190.13133430481",
        "cumulative": true
    },
    {
        "date": "2020-09-11T14:37:33Z",
        "value": "30841.3950176239",
        "cumulative": true
    },
    {
        "date": "2020-09-11T14:37:50Z",
        "value": "34561.166524887085",
        "cumulative": true
    },
    {
        "date": "2020-09-11T14:38:01Z",
        "value": "35531.89982509613",
        "cumulative": true
    },
    {
        "date": "2020-09-11T14:38:19Z",
        "value": "36775.28109455109",
        "cumulative": true
    },
    {
        "date": "2020-09-11T14:38:35Z",
        "value": "38710.1062746048",
        "cumulative": true
    },
    {
        "date": "2020-09-11T14:38:47Z",
        "value": "41127.82303905487",
        "cumulative": true
    },
    {
        "date": "2020-09-11T14:39:02Z",
        "value": "44155.853870391846",
        "cumulative": true
    },
    {
        "date": "2020-09-11T14:39:15Z",
        "value": "45068.32405090332",
        "cumulative": true
    },
    {
        "date": "2020-09-11T14:39:33Z",
        "value": "46275.14912033081",
        "cumulative": true
    },
    {
        "date": "2020-09-11T14:39:44Z",
        "value": "46998.285778045654",
        "cumulative": true
    },
    {
        "date": "2020-09-11T14:40:03Z",
        "value": "50540.75445365906",
        "cumulative": true
    },
    {
        "date": "2020-09-11T14:40:23Z",
        "value": "54744.506328582764",
        "cumulative": true
    },
    {
        "date": "2020-09-11T14:40:41Z",
        "value": "56512.48623752594",
        "cumulative": true
    },
    {
        "date": "2020-09-11T14:40:58Z",
        "value": "57642.37352657318",
        "cumulative": true
    },
    {
        "date": "2020-09-11T14:41:14Z",
        "value": "58776.480219841",
        "cumulative": true
    },
    {
        "date": "2020-09-11T14:41:28Z",
        "value": "59702.919808387756",
        "cumulative": true
    },
    {
        "date": "2020-09-11T14:41:41Z",
        "value": "62116.417961120605",
        "cumulative": true
    },
    {
        "date": "2020-09-11T14:41:56Z",
        "value": "65121.40940475464",
        "cumulative": true
    },
    {
        "date": "2020-09-11T14:42:07Z",
        "value": "67245.76173400879",
        "cumulative": true
    },
    {
        "date": "2020-09-11T14:42:21Z",
        "value": "70303.96297645569",
        "cumulative": true
    },
    {
        "date": "2020-09-11T14:42:40Z",
        "value": "71514.43177986145",
        "cumulative": true
    },
    {
        "date": "2020-09-11T14:43:00Z",
        "value": "72855.20606994629",
        "cumulative": true
    },
    {
        "date": "2020-09-11T14:43:14Z",
        "value": "73799.13942337036",
        "cumulative": true
    },
    {
        "date": "2020-09-11T14:43:28Z",
        "value": "74734.56608772278",
        "cumulative": true
    },
    {
        "date": "2020-09-11T14:43:42Z",
        "value": "76298.24958515167",
        "cumulative": true
    },
    {
        "date": "2020-09-11T14:43:56Z",
        "value": "79292.74470424652",
        "cumulative": true
    },
    {
        "date": "2020-09-11T14:44:07Z",
        "value": "81680.7500257492",
        "cumulative": true
    },
    {
        "date": "2020-09-11T14:44:23Z",
        "value": "84931.06380558014",
        "cumulative": true
    },
    {
        "date": "2020-09-11T14:44:41Z",
        "value": "88766.21266555786",
        "cumulative": true
    },
    {
        "date": "2020-09-11T14:44:52Z",
        "value": "89427.03032302856",
        "cumulative": true
    },
    {
        "date": "2020-09-11T14:45:03Z",
        "value": "90152.43814277649",
        "cumulative": true
    },
    {
        "date": "2020-09-11T14:45:22Z",
        "value": "91416.17126274109",
        "cumulative": true
    },
    {
        "date": "2020-09-11T14:45:40Z",
        "value": "92523.34951400757",
        "cumulative": true
    },
    {
        "date": "2020-09-11T14:45:59Z",
        "value": "93823.52513122559",
        "cumulative": true
    },
    {
        "date": "2020-09-11T14:46:18Z",
        "value": "95014.67044639587",
        "cumulative": true
    },
    {
        "date": "2020-09-11T14:46:32Z",
        "value": "97450.31614398956",
        "cumulative": true
    },
    {
        "date": "2020-09-11T14:46:48Z",
        "value": "100787.83036136627",
        "cumulative": true
    },
    {
        "date": "2020-09-11T14:46:58Z",
        "value": "102954.94727039337",
        "cumulative": true
    },
    {
        "date": "2020-09-11T14:47:11Z",
        "value": "105676.57655239105",
        "cumulative": true
    },
    {
        "date": "2020-09-11T14:47:24Z",
        "value": "108437.33491039276",
        "cumulative": true
    },
    {
        "date": "2020-09-11T14:47:42Z",
        "value": "112083.4473285675",
        "cumulative": true
    },
    {
        "date": "2020-09-11T14:47:56Z",
        "value": "113016.64598274231",
        "cumulative": true
    },
    {
        "date": "2020-09-11T14:48:11Z",
        "value": "113967.93154335022",
        "cumulative": true
    },
    {
        "date": "2020-09-11T14:48:25Z",
        "value": "114883.90289497375",
        "cumulative": true
    },
    {
        "date": "2020-09-11T14:48:37Z",
        "value": "115643.98048782349",
        "cumulative": true
    },
    {
        "date": "2020-09-11T14:48:51Z",
        "value": "116566.84942436218",
        "cumulative": true
    },
    {
        "date": "2020-09-11T14:49:02Z",
        "value": "117291.63150405884",
        "cumulative": true
    },
    {
        "date": "2020-09-11T14:49:13Z",
        "value": "118041.60310173035",
        "cumulative": true
    },
    {
        "date": "2020-09-11T14:49:31Z",
        "value": "119229.64689254761",
        "cumulative": true
    },
    {
        "date": "2020-09-11T14:49:49Z",
        "value": "120905.72934246063",
        "cumulative": true
    },
    {
        "date": "2020-09-11T14:50:07Z",
        "value": "124633.189204216",
        "cumulative": true
    },
    {
        "date": "2020-09-11T14:50:19Z",
        "value": "127073.63698101044",
        "cumulative": true
    },
    {
        "date": "2020-09-11T14:50:33Z",
        "value": "129991.32158756256",
        "cumulative": true
    },
    {
        "date": "2020-09-11T14:50:46Z",
        "value": "132489.26605510712",
        "cumulative": true
    },
    {
        "date": "2020-09-11T14:51:00Z",
        "value": "135488.67218494415",
        "cumulative": true
    },
    {
        "date": "2020-09-11T14:51:15Z",
        "value": "138647.7533636093",
        "cumulative": true
    },
    {
        "date": "2020-09-11T14:51:34Z",
        "value": "141718.82626724243",
        "cumulative": true
    },
    {
        "date": "2020-09-11T14:51:46Z",
        "value": "142463.73258590698",
        "cumulative": true
    },
    {
        "date": "2020-09-11T14:51:59Z",
        "value": "143318.89076423645",
        "cumulative": true
    },
    {
        "date": "2020-09-11T14:52:17Z",
        "value": "144533.1374988556",
        "cumulative": true
    },
    {
        "date": "2020-09-11T14:52:29Z",
        "value": "145301.76586341858",
        "cumulative": true
    },
    {
        "date": "2020-09-11T14:52:40Z",
        "value": "146042.911359787",
        "cumulative": true
    },
    {
        "date": "2020-09-11T14:52:54Z",
        "value": "146944.57802009583",
        "cumulative": true
    },
    {
        "date": "2020-09-11T14:53:11Z",
        "value": "148041.7700920105",
        "cumulative": true
    },
    {
        "date": "2020-09-11T14:53:23Z",
        "value": "148868.34417533875",
        "cumulative": true
    },
    {
        "date": "2020-09-11T14:53:41Z",
        "value": "150040.90844535828",
        "cumulative": true
    },
    {
        "date": "2020-09-11T14:53:55Z",
        "value": "150897.76769638062",
        "cumulative": true
    },
    {
        "date": "2020-09-11T14:54:05Z",
        "value": "151593.1971092224",
        "cumulative": true
    },
    {
        "date": "2020-09-11T14:54:21Z",
        "value": "154355.67862796783",
        "cumulative": true
    },
    {
        "date": "2020-09-11T14:54:36Z",
        "value": "157813.31437397003",
        "cumulative": true
    },
    {
        "date": "2020-09-11T14:54:53Z",
        "value": "161274.2056016922",
        "cumulative": true
    },
    {
        "date": "2020-09-11T14:55:13Z",
        "value": "165597.26499843597",
        "cumulative": true
    },
    {
        "date": "2020-09-11T14:55:23Z",
        "value": "167866.8108472824",
        "cumulative": true
    },
    {
        "date": "2020-09-11T14:55:36Z",
        "value": "170530.29281711578",
        "cumulative": true
    },
    {
        "date": "2020-09-11T14:55:55Z",
        "value": "174521.00071811676",
        "cumulative": true
    },
    {
        "date": "2020-09-11T14:56:06Z",
        "value": "176828.47810268402",
        "cumulative": true
    },
    {
        "date": "2020-09-11T14:56:19Z",
        "value": "178798.33837890625",
        "cumulative": true
    },
    {
        "date": "2020-09-11T14:56:34Z",
        "value": "179843.32651901245",
        "cumulative": true
    },
    {
        "date": "2020-09-11T14:56:49Z",
        "value": "180776.58463668823",
        "cumulative": true
    },
    {
        "date": "2020-09-11T14:57:02Z",
        "value": "181615.9922428131",
        "cumulative": true
    },
    {
        "date": "2020-09-11T14:57:16Z",
        "value": "182516.9973449707",
        "cumulative": true
    },
    {
        "date": "2020-09-11T14:57:28Z",
        "value": "183324.68564414978",
        "cumulative": true
    },
    {
        "date": "2020-09-11T14:57:45Z",
        "value": "184482.24757766724",
        "cumulative": true
    },
    {
        "date": "2020-09-11T14:57:57Z",
        "value": "185276.88305091858",
        "cumulative": true
    },
    {
        "date": "2020-09-11T14:58:07Z",
        "value": "185940.69054031372",
        "cumulative": true
    },
    {
        "date": "2020-09-11T14:58:23Z",
        "value": "186999.9685306549",
        "cumulative": true
    },
    {
        "date": "2020-09-11T14:58:36Z",
        "value": "187824.52716255188",
        "cumulative": true
    },
    {
        "date": "2020-09-11T14:58:52Z",
        "value": "188875.54475402832",
        "cumulative": true
    },
    {
        "date": "2020-09-11T14:59:09Z",
        "value": "190060.9064731598",
        "cumulative": true
    },
    {
        "date": "2020-09-11T14:59:28Z",
        "value": "191303.08591270447",
        "cumulative": true
    },
    {
        "date": "2020-09-11T14:59:42Z",
        "value": "193402.2261800766",
        "cumulative": true
    },
    {
        "date": "2020-09-11T14:59:56Z",
        "value": "196260.2971162796",
        "cumulative": true
    },
    {
        "date": "2020-09-11T15:00:08Z",
        "value": "199071.1075963974",
        "cumulative": true
    },
    {
        "date": "2020-09-11T15:00:22Z",
        "value": "202090.9961824417",
        "cumulative": true
    },
    {
        "date": "2020-09-11T15:00:36Z",
        "value": "205239.7323694229",
        "cumulative": true
    },
    {
        "date": "2020-09-11T15:00:56Z",
        "value": "209617.06171512604",
        "cumulative": true
    },
    {
        "date": "2020-09-11T15:01:07Z",
        "value": "211966.53284549713",
        "cumulative": true
    },
    {
        "date": "2020-09-11T15:01:25Z",
        "value": "216000.39018917084",
        "cumulative": true
    },
    {
        "date": "2020-09-11T15:01:42Z",
        "value": "219705.19909000397",
        "cumulative": true
    },
    {
        "date": "2020-09-11T15:01:59Z",
        "value": "223407.4142179489",
        "cumulative": true
    },
    {
        "date": "2020-09-11T15:02:15Z",
        "value": "225839.2081565857",
        "cumulative": true
    },
    {
        "date": "2020-09-11T15:02:31Z",
        "value": "226841.0721874237",
        "cumulative": true
    },
    {
        "date": "2020-09-11T15:02:45Z",
        "value": "227800.33015441895",
        "cumulative": true
    },
    {
        "date": "2020-09-11T15:03:04Z",
        "value": "229109.70297431946",
        "cumulative": true
    },
    {
        "date": "2020-09-11T15:03:24Z",
        "value": "230416.03442192078",
        "cumulative": true
    },
    {
        "date": "2020-09-11T15:03:40Z",
        "value": "231449.54829216003",
        "cumulative": true
    },
    {
        "date": "2020-09-11T15:03:56Z",
        "value": "232597.09634780884",
        "cumulative": true
    },
    {
        "date": "2020-09-11T15:04:06Z",
        "value": "233268.20650482178",
        "cumulative": true
    },
    {
        "date": "2020-09-11T15:04:18Z",
        "value": "234016.5330696106",
        "cumulative": true
    },
    {
        "date": "2020-09-11T15:04:38Z",
        "value": "235294.21005439758",
        "cumulative": true
    },
    {
        "date": "2020-09-11T15:04:50Z",
        "value": "236130.24585151672",
        "cumulative": true
    },
    {
        "date": "2020-09-11T15:05:02Z",
        "value": "236827.78450393677",
        "cumulative": true
    },
    {
        "date": "2020-09-11T15:05:16Z",
        "value": "237804.94671440125",
        "cumulative": true
    },
    {
        "date": "2020-09-11T15:05:35Z",
        "value": "239024.8816318512",
        "cumulative": true
    },
    {
        "date": "2020-09-11T15:05:54Z",
        "value": "240233.22763824463",
        "cumulative": true
    },
    {
        "date": "2020-09-11T15:06:13Z",
        "value": "241543.03488731384",
        "cumulative": true
    },
    {
        "date": "2020-09-11T15:06:27Z",
        "value": "243003.00265026093",
        "cumulative": true
    },
    {
        "date": "2020-09-11T15:06:43Z",
        "value": "246832.6192445755",
        "cumulative": true
    },
    {
        "date": "2020-09-11T15:06:57Z",
        "value": "249950.6311826706",
        "cumulative": true
    },
    {
        "date": "2020-09-11T15:07:15Z",
        "value": "253998.0736055374",
        "cumulative": true
    },
    {
        "date": "2020-09-11T15:07:31Z",
        "value": "257412.5385942459",
        "cumulative": true
    },
    {
        "date": "2020-09-11T15:07:50Z",
        "value": "261478.61871242523",
        "cumulative": true
    },
    {
        "date": "2020-09-11T15:08:02Z",
        "value": "264109.183968544",
        "cumulative": true
    },
    {
        "date": "2020-09-11T15:08:20Z",
        "value": "268080.11278247833",
        "cumulative": true
    },
    {
        "date": "2020-09-11T15:08:33Z",
        "value": "271036.3412771225",
        "cumulative": true
    },
    {
        "date": "2020-09-11T15:08:49Z",
        "value": "274198.9714021683",
        "cumulative": true
    },
    {
        "date": "2020-09-11T15:09:06Z",
        "value": "277876.8696756363",
        "cumulative": true
    },
    {
        "date": "2020-09-11T15:09:21Z",
        "value": "281368.3955049515",
        "cumulative": true
    },
    {
        "date": "2020-09-11T15:09:36Z",
        "value": "284648.6809873581",
        "cumulative": true
    },
    {
        "date": "2020-09-11T15:09:50Z",
        "value": "285522.2888870239",
        "cumulative": true
    },
    {
        "date": "2020-09-11T15:10:01Z",
        "value": "286346.59236717224",
        "cumulative": true
    },
    {
        "date": "2020-09-11T15:10:12Z",
        "value": "287035.98320007324",
        "cumulative": true
    },
    {
        "date": "2020-09-11T15:10:27Z",
        "value": "288059.9725971222",
        "cumulative": true
    },
    {
        "date": "2020-09-11T15:10:42Z",
        "value": "289112.4236602783",
        "cumulative": true
    },
    {
        "date": "2020-09-11T15:10:54Z",
        "value": "289932.5277633667",
        "cumulative": true
    },
    {
        "date": "2020-09-11T15:11:07Z",
        "value": "290785.65596961975",
        "cumulative": true
    },
    {
        "date": "2020-09-11T15:11:22Z",
        "value": "291833.1099586487",
        "cumulative": true
    },
    {
        "date": "2020-09-11T15:11:40Z",
        "value": "293067.1583557129",
        "cumulative": true
    },
    {
        "date": "2020-09-11T15:11:55Z",
        "value": "294023.54442596436",
        "cumulative": true
    },
    {
        "date": "2020-09-11T15:12:13Z",
        "value": "295295.6272315979",
        "cumulative": true
    },
    {
        "date": "2020-09-11T15:12:28Z",
        "value": "296303.3625431061",
        "cumulative": true
    },
    {
        "date": "2020-09-11T15:12:44Z",
        "value": "297334.8433380127",
        "cumulative": true
    },
    {
        "date": "2020-09-11T15:13:01Z",
        "value": "298421.65895462036",
        "cumulative": true
    },
    {
        "date": "2020-09-11T15:13:11Z",
        "value": "299124.45941734314",
        "cumulative": true
    },
    {
        "date": "2020-09-11T15:13:24Z",
        "value": "300073.344953537",
        "cumulative": true
    },
    {
        "date": "2020-09-11T15:13:41Z",
        "value": "301176.6452598572",
        "cumulative": true
    },
    {
        "date": "2020-09-11T15:13:58Z",
        "value": "302256.0276451111",
        "cumulative": true
    },
    {
        "date": "2020-09-11T15:14:11Z",
        "value": "303231.6560459137",
        "cumulative": true
    },
    {
        "date": "2020-09-11T15:14:29Z",
        "value": "304374.6309452057",
        "cumulative": true
    },
    {
        "date": "2020-09-11T15:14:44Z",
        "value": "305386.65909194946",
        "cumulative": true
    },
    {
        "date": "2020-09-11T15:14:55Z",
        "value": "306969.651676178",
        "cumulative": true
    },
    {
        "date": "2020-09-11T15:15:06Z",
        "value": "309525.2753868103",
        "cumulative": true
    },
    {
        "date": "2020-09-11T15:15:17Z",
        "value": "311676.7556171417",
        "cumulative": true
    },
    {
        "date": "2020-09-11T15:15:28Z",
        "value": "314015.9296283722",
        "cumulative": true
    },
    {
        "date": "2020-09-11T15:15:47Z",
        "value": "318386.0572052002",
        "cumulative": true
    },
    {
        "date": "2020-09-11T15:16:04Z",
        "value": "321818.93936157227",
        "cumulative": true
    },
    {
        "date": "2020-09-11T15:16:22Z",
        "value": "326135.75814437866",
        "cumulative": true
    },
    {
        "date": "2020-09-11T15:16:37Z",
        "value": "329405.2777194977",
        "cumulative": true
    },
    {
        "date": "2020-09-11T15:16:56Z",
        "value": "333468.34494018555",
        "cumulative": true
    },
    {
        "date": "2020-09-11T15:17:10Z",
        "value": "336634.17325019836",
        "cumulative": true
    },
    {
        "date": "2020-09-11T15:17:21Z",
        "value": "339058.34408950806",
        "cumulative": true
    },
    {
        "date": "2020-09-11T15:17:38Z",
        "value": "342784.7778701782",
        "cumulative": true
    },
    {
        "date": "2020-09-11T15:17:54Z",
        "value": "345913.9427547455",
        "cumulative": true
    },
    {
        "date": "2020-09-11T15:18:13Z",
        "value": "350339.96481895447",
        "cumulative": true
    },
    {
        "date": "2020-09-11T15:18:28Z",
        "value": "353569.8167228699",
        "cumulative": true
    },
    {
        "date": "2020-09-11T15:18:44Z",
        "value": "357349.1360645294",
        "cumulative": true
    },
    {
        "date": "2020-09-11T15:18:57Z",
        "value": "359573.77946949005",
        "cumulative": true
    },
    {
        "date": "2020-09-11T15:19:11Z",
        "value": "360565.7553548813",
        "cumulative": true
    },
    {
        "date": "2020-09-11T15:19:26Z",
        "value": "361631.9847803116",
        "cumulative": true
    },
    {
        "date": "2020-09-11T15:19:40Z",
        "value": "362492.6765832901",
        "cumulative": true
    },
    {
        "date": "2020-09-11T15:19:56Z",
        "value": "363571.80214977264",
        "cumulative": true
    },
    {
        "date": "2020-09-11T15:20:08Z",
        "value": "364364.7636022568",
        "cumulative": true
    },
    {
        "date": "2020-09-11T15:20:19Z",
        "value": "365103.28545856476",
        "cumulative": true
    },
    {
        "date": "2020-09-11T15:20:33Z",
        "value": "365985.9185705185",
        "cumulative": true
    },
    {
        "date": "2020-09-11T15:20:52Z",
        "value": "367294.28936100006",
        "cumulative": true
    },
    {
        "date": "2020-09-11T15:21:04Z",
        "value": "368113.18096637726",
        "cumulative": true
    },
    {
        "date": "2020-09-11T15:21:15Z",
        "value": "368884.1238050461",
        "cumulative": true
    },
    {
        "date": "2020-09-11T15:21:33Z",
        "value": "370156.936457634",
        "cumulative": true
    },
    {
        "date": "2020-09-11T15:21:52Z",
        "value": "371453.35464954376",
        "cumulative": true
    },
    {
        "date": "2020-09-11T15:22:11Z",
        "value": "372630.9930677414",
        "cumulative": true
    },
    {
        "date": "2020-09-11T15:22:28Z",
        "value": "373751.16810131073",
        "cumulative": true
    },
    {
        "date": "2020-09-11T15:22:45Z",
        "value": "374953.6502542496",
        "cumulative": true
    },
    {
        "date": "2020-09-11T15:23:02Z",
        "value": "376025.12737751007",
        "cumulative": true
    },
    {
        "date": "2020-09-11T15:23:13Z",
        "value": "376822.06175899506",
        "cumulative": true
    },
    {
        "date": "2020-09-11T15:23:28Z",
        "value": "377738.8430185318",
        "cumulative": true
    },
    {
        "date": "2020-09-11T15:23:40Z",
        "value": "378508.2694711685",
        "cumulative": true
    },
    {
        "date": "2020-09-11T15:23:53Z",
        "value": "379478.58759593964",
        "cumulative": true
    },
    {
        "date": "2020-09-11T15:24:04Z",
        "value": "380107.5454854965",
        "cumulative": true
    },
    {
        "date": "2020-09-11T15:24:14Z",
        "value": "380824.3469686508",
        "cumulative": true
    },
    {
        "date": "2020-09-11T15:24:31Z",
        "value": "381910.4205636978",
        "cumulative": true
    },
    {
        "date": "2020-09-11T15:24:42Z",
        "value": "382709.16424274445",
        "cumulative": true
    },
    {
        "date": "2020-09-11T15:24:53Z",
        "value": "383490.1115179062",
        "cumulative": true
    },
    {
        "date": "2020-09-11T15:25:04Z",
        "value": "384227.32791996",
        "cumulative": true
    },
    {
        "date": "2020-09-11T15:25:23Z",
        "value": "385428.3575220108",
        "cumulative": true
    },
    {
        "date": "2020-09-11T15:25:38Z",
        "value": "387276.359126091",
        "cumulative": true
    },
    {
        "date": "2020-09-11T15:25:54Z",
        "value": "390909.1681833267",
        "cumulative": true
    },
    {
        "date": "2020-09-11T15:26:13Z",
        "value": "394982.8337163925",
        "cumulative": true
    },
    {
        "date": "2020-09-11T15:26:26Z",
        "value": "397917.82082653046",
        "cumulative": true
    },
    {
        "date": "2020-09-11T15:26:43Z",
        "value": "401763.16149806976",
        "cumulative": true
    },
    {
        "date": "2020-09-11T15:27:03Z",
        "value": "406001.6598367691",
        "cumulative": true
    },
    {
        "date": "2020-09-11T15:27:19Z",
        "value": "409556.99803066254",
        "cumulative": true
    },
    {
        "date": "2020-09-11T15:27:30Z",
        "value": "411820.43276691437",
        "cumulative": true
    },
    {
        "date": "2020-09-11T15:27:46Z",
        "value": "415020.9478902817",
        "cumulative": true
    },
    {
        "date": "2020-09-11T15:28:00Z",
        "value": "417932.00068569183",
        "cumulative": true
    },
    {
        "date": "2020-09-11T15:28:19Z",
        "value": "422169.8975286484",
        "cumulative": true
    },
    {
        "date": "2020-09-11T15:28:32Z",
        "value": "425033.73379802704",
        "cumulative": true
    },
    {
        "date": "2020-09-11T15:28:45Z",
        "value": "428061.197180748",
        "cumulative": true
    },
    {
        "date": "2020-09-11T15:29:01Z",
        "value": "431461.81469631195",
        "cumulative": true
    },
    {
        "date": "2020-09-11T15:29:17Z",
        "value": "435021.7361211777",
        "cumulative": true
    },
    {
        "date": "2020-09-11T15:29:29Z",
        "value": "437677.0576620102",
        "cumulative": true
    },
    {
        "date": "2020-09-11T15:29:44Z",
        "value": "440942.84984874725",
        "cumulative": true
    },
    {
        "date": "2020-09-11T15:30:01Z",
        "value": "444494.4708662033",
        "cumulative": true
    },
    {
        "date": "2020-09-11T15:30:13Z",
        "value": "447203.2080888748",
        "cumulative": true
    },
    {
        "date": "2020-09-11T15:30:30Z",
        "value": "451145.5429391861",
        "cumulative": true
    },
    {
        "date": "2020-09-11T15:30:47Z",
        "value": "454127.75358867645",
        "cumulative": true
    },
    {
        "date": "2020-09-11T15:31:00Z",
        "value": "455013.9678411484",
        "cumulative": true
    },
    {
        "date": "2020-09-11T15:31:15Z",
        "value": "456094.0469522476",
        "cumulative": true
    },
    {
        "date": "2020-09-11T15:31:33Z",
        "value": "457366.3535718918",
        "cumulative": true
    },
    {
        "date": "2020-09-11T15:31:47Z",
        "value": "458377.51217556",
        "cumulative": true
    },
    {
        "date": "2020-09-11T15:31:57Z",
        "value": "459050.4120359421",
        "cumulative": true
    },
    {
        "date": "2020-09-11T15:32:15Z",
        "value": "460169.03477191925",
        "cumulative": true
    },
    {
        "date": "2020-09-11T15:32:30Z",
        "value": "461205.1216440201",
        "cumulative": true
    },
    {
        "date": "2020-09-11T15:32:46Z",
        "value": "462415.5084104538",
        "cumulative": true
    },
    {
        "date": "2020-09-11T15:33:00Z",
        "value": "463427.36277103424",
        "cumulative": true
    },
    {
        "date": "2020-09-11T15:33:11Z",
        "value": "464100.47501659393",
        "cumulative": true
    },
    {
        "date": "2020-09-11T15:33:28Z",
        "value": "465192.11025333405",
        "cumulative": true
    },
    {
        "date": "2020-09-11T15:33:44Z",
        "value": "466285.8375005722",
        "cumulative": true
    },
    {
        "date": "2020-09-11T15:33:57Z",
        "value": "467169.1888303757",
        "cumulative": true
    },
    {
        "date": "2020-09-11T15:34:07Z",
        "value": "467883.5269994736",
        "cumulative": true
    },
    {
        "date": "2020-09-11T15:34:24Z",
        "value": "468974.7793703079",
        "cumulative": true
    },
    {
        "date": "2020-09-11T15:34:42Z",
        "value": "470226.8957490921",
        "cumulative": true
    },
    {
        "date": "2020-09-11T15:35:00Z",
        "value": "471514.39994335175",
        "cumulative": true
    },
    {
        "date": "2020-09-11T15:35:18Z",
        "value": "472627.8304224014",
        "cumulative": true
    },
    {
        "date": "2020-09-11T15:35:35Z",
        "value": "473883.32334423065",
        "cumulative": true
    },
    {
        "date": "2020-09-11T15:35:51Z",
        "value": "474910.8617219925",
        "cumulative": true
    },
    {
        "date": "2020-09-11T15:36:03Z",
        "value": "475842.15716838837",
        "cumulative": true
    },
    {
        "date": "2020-09-11T15:36:14Z",
        "value": "476563.67882823944",
        "cumulative": true
    },
    {
        "date": "2020-09-11T15:36:28Z",
        "value": "477395.3515100479",
        "cumulative": true
    },
    {
        "date": "2020-09-11T15:36:48Z",
        "value": "478741.3864355087",
        "cumulative": true
    },
    {
        "date": "2020-09-11T15:37:00Z",
        "value": "479642.44981479645",
        "cumulative": true
    },
    {
        "date": "2020-09-11T15:37:11Z",
        "value": "480359.57181453705",
        "cumulative": true
    },
    {
        "date": "2020-09-11T15:37:27Z",
        "value": "481440.95802783966",
        "cumulative": true
    },
    {
        "date": "2020-09-11T15:37:39Z",
        "value": "482328.69790172577",
        "cumulative": true
    },
    {
        "date": "2020-09-11T15:37:56Z",
        "value": "483422.22843647003",
        "cumulative": true
    },
    {
        "date": "2020-09-11T15:38:11Z",
        "value": "484423.8056592941",
        "cumulative": true
    },
    {
        "date": "2020-09-11T15:38:25Z",
        "value": "485370.94048404694",
        "cumulative": true
    },
    {
        "date": "2020-09-11T15:38:41Z",
        "value": "486441.17186260223",
        "cumulative": true
    },
    {
        "date": "2020-09-11T15:38:55Z",
        "value": "487389.6041765213",
        "cumulative": true
    }
]