[
    {
        "date": "2020-09-11T14:32:30Z",
        "value": "0.006617904",
        "cumulative": false
    },
    {
        "date": "2020-09-11T14:32:45Z",
        "value": "0.040908397",
        "cumulative": false
    },
    {
        "date": "2020-09-11T14:33:01Z",
        "value": "0.774382244",
        "cumulative": false
    },
    {
        "date": "2020-09-11T14:33:16Z",
        "value": "0.881855761",
        "cumulative": false
    },
    {
        "date": "2020-09-11T14:33:33Z",
        "value": "1.350517542",
        "cumulative": false
    },
    {
        "date": "2020-09-11T14:33:47Z",
        "value": "1.128364552",
        "cumulative": false
    },
    {
        "date": "2020-09-11T14:34:02Z",
        "value": "0.957357499",
        "cumulative": false
    },
    {
        "date": "2020-09-11T14:34:16Z",
        "value": "0.959431934",
        "cumulative": false
    },
    {
        "date": "2020-09-11T14:34:27Z",
        "value": "0.823370255",
        "cumulative": false
    },
    {
        "date": "2020-09-11T14:34:44Z",
        "value": "0.910235518",
        "cumulative": false
    },
    {
        "date": "2020-09-11T14:34:57Z",
        "value": "0.715046776",
        "cumulative": false
    },
    {
        "date": "2020-09-11T14:35:11Z",
        "value": "0.84683713",
        "cumulative": false
    },
    {
        "date": "2020-09-11T14:35:24Z",
        "value": "0.816069046",
        "cumulative": false
    },
    {
        "date": "2020-09-11T14:35:41Z",
        "value": "0.737985517",
        "cumulative": false
    },
    {
        "date": "2020-09-11T14:35:59Z",
        "value": "0.928870644",
        "cumulative": false
    },
    {
        "date": "2020-09-11T14:36:15Z",
        "value": "0.575973373",
        "cumulative": false
    },
    {
        "date": "2020-09-11T14:36:31Z",
        "value": "0.971083086",
        "cumulative": false
    },
    {
        "date": "2020-09-11T14:36:44Z",
        "value": "0.869923188",
        "cumulative": false
    },
    {
        "date": "2020-09-11T14:37:01Z",
        "value": "0.525524153",
        "cumulative": false
    },
    {
        "date": "2020-09-11T14:37:12Z",
        "value": "1.002442125",
        "cumulative": false
    },
    {
        "date": "2020-09-11T14:37:25Z",
        "value": "0.998592443",
        "cumulative": false
    },
    {
        "date": "2020-09-11T14:37:44Z",
        "value": "0.582517556",
        "cumulative": false
    },
    {
        "date": "2020-09-11T14:38:01Z",
        "value": "0.727956003",
        "cumulative": false
    },
    {
        "date": "2020-09-11T14:38:17Z",
        "value": "0.980239105",
        "cumulative": false
    },
    {
        "date": "2020-09-11T14:38:30Z",
        "value": "0.955299748",
        "cumulative": false
    },
    {
        "date": "2020-09-11T14:38:48Z",
        "value": "0.452749261",
        "cumulative": false
    },
    {
        "date": "2020-09-11T14:39:01Z",
        "value": "0.494250165",
        "cumulative": false
    },
    {
        "date": "2020-09-11T14:39:18Z",
        "value": "0.987559272",
        "cumulative": false
    },
    {
        "date": "2020-09-11T14:39:30Z",
        "value": "0.976224223",
        "cumulative": false
    },
    {
        "date": "2020-09-11T14:39:45Z",
        "value": "0.985597648",
        "cumulative": false
    },
    {
        "date": "2020-09-11T14:39:59Z",
        "value": "0.653571189",
        "cumulative": false
    },
    {
        "date": "2020-09-11T14:40:16Z",
        "value": "0.539934904",
        "cumulative": false
    },
    {
        "date": "2020-09-11T14:40:34Z",
        "value": "0.668825555",
        "cumulative": false
    },
    {
        "date": "2020-09-11T14:40:45Z",
        "value": "0.967738849",
        "cumulative": false
    },
    {
        "date": "2020-09-11T14:41:02Z",
        "value": "0.971432874",
        "cumulative": false
    },
    {
        "date": "2020-09-11T14:41:12Z",
        "value": "0.966433311",
        "cumulative": false
    },
    {
        "date": "2020-09-11T14:41:26Z",
        "value": "0.962447262",
        "cumulative": false
    },
    {
        "date": "2020-09-11T14:41:37Z",
        "value": "0.598859333",
        "cumulative": false
    },
    {
        "date": "2020-09-11T14:41:50Z",
        "value": "0.48566209",
        "cumulative": false
    },
    {
        "date": "2020-09-11T14:42:09Z",
        "value": "0.4918716",
        "cumulative": false
    },
    {
        "date": "2020-09-11T14:42:19Z",
        "value": "0.552985714",
        "cumulative": false
    },
    {
        "date": "2020-09-11T14:42:31Z",
        "value": "0.860673163",
        "cumulative": false
    },
    {
        "date": "2020-09-11T14:42:41Z",
        "value": "0.960286063",
        "cumulative": false
    },
    {
        "date": "2020-09-11T14:42:52Z",
        "value": "0.963521241",
        "cumulative": false
    },
    {
        "date": "2020-09-11T14:43:06Z",
        "value": "0.971699541",
        "cumulative": false
    },
    {
        "date": "2020-09-11T14:43:22Z",
        "value": "0.961023645",
        "cumulative": false
    },
    {
        "date": "2020-09-11T14:43:38Z",
        "value": "0.936182986",
        "cumulative": false
    },
    {
        "date": "2020-09-11T14:43:51Z",
        "value": "0.555087002",
        "cumulative": false
    },
    {
        "date": "2020-09-11T14:44:11Z",
        "value": "0.51926157",
        "cumulative": false
    },
    {
        "date": "2020-09-11T14:44:21Z",
        "value": "0.492092347",
        "cumulative": false
    },
    {
        "date": "2020-09-11T14:44:33Z",
        "value": "0.533334692",
        "cumulative": false
    },
    {
        "date": "2020-09-11T14:44:50Z",
        "value": "0.764728011",
        "cumulative": false
    },
    {
        "date": "2020-09-11T14:45:08Z",
        "value": "0.94286378",
        "cumulative": false
    },
    {
        "date": "2020-09-11T14:45:22Z",
        "value": "0.93133124",
        "cumulative": false
    },
    {
        "date": "2020-09-11T14:45:40Z",
        "value": "0.94601745",
        "cumulative": false
    },
    {
        "date": "2020-09-11T14:45:56Z",
        "value": "0.949820121",
        "cumulative": false
    },
    {
        "date": "2020-09-11T14:46:11Z",
        "value": "0.942560138",
        "cumulative": false
    },
    {
        "date": "2020-09-11T14:46:23Z",
        "value": "0.906182877",
        "cumulative": false
    },
    {
        "date": "2020-09-11T14:46:43Z",
        "value": "0.508556444",
        "cumulative": false
    },
    {
        "date": "2020-09-11T14:47:01Z",
        "value": "0.509095081",
        "cumulative": false
    },
    {
        "date": "2020-09-11T14:47:18Z",
        "value": "0.513579134",
        "cumulative": false
    },
    {
        "date": "2020-09-11T14:47:32Z",
        "value": "0.534700687",
        "cumulative": false
    },
    {
        "date": "2020-09-11T14:47:47Z",
        "value": "0.709844221",
        "cumulative": false
    },
    {
        "date": "2020-09-11T14:48:02Z",
        "value": "0.95739704",
        "cumulative": false
    },
    {
        "date": "2020-09-11T14:48:17Z",
        "value": "0.930085518",
        "cumulative": false
    },
    {
        "date": "2020-09-11T14:48:37Z",
        "value": "0.944067322",
        "cumulative": false
    },
    {
        "date": "2020-09-11T14:48:54Z",
        "value": "0.936680714",
        "cumulative": false
    },
    {
        "date": "2020-09-11T14:49:14Z",
        "value": "0.930404003",
        "cumulative": false
    },
    {
        "date": "2020-09-11T14:49:26Z",
        "value": "0.96069682",
        "cumulative": false
    },
    {
        "date": "2020-09-11T14:49:38Z",
        "value": "0.947546656",
        "cumulative": false
    },
    {
        "date": "2020-09-11T14:49:50Z",
        "value": "0.857250507",
        "cumulative": false
    },
    {
        "date": "2020-09-11T14:50:04Z",
        "value": "0.511642152",
        "cumulative": false
    },
    {
        "date": "2020-09-11T14:50:21Z",
        "value": "0.501573165",
        "cumulative": false
    },
    {
        "date": "2020-09-11T14:50:33Z",
        "value": "0.50755053",
        "cumulative": false
    },
    {
        "date": "2020-09-11T14:50:45Z",
        "value": "0.4870978",
        "cumulative": false
    },
    {
        "date": "2020-09-11T14:51:02Z",
        "value": "0.510137227",
        "cumulative": false
    },
    {
        "date": "2020-09-11T14:51:17Z",
        "value": "0.491222488",
        "cumulative": false
    },
    {
        "date": "2020-09-11T14:51:34Z",
        "value": "0.644792103",
        "cumulative": false
    },
    {
        "date": "2020-09-11T14:51:51Z",
        "value": "0.926536456",
        "cumulative": false
    },
    {
        "date": "2020-09-11T14:52:04Z",
        "value": "0.954326806",
        "cumulative": false
    },
    {
        "date": "2020-09-11T14:52:21Z",
        "value": "0.943157636",
        "cumulative": false
    },
    {
        "date": "2020-09-11T14:52:37Z",
        "value": "0.93888199",
        "cumulative": false
    },
    {
        "date": "2020-09-11T14:52:54Z",
        "value": "0.938321836",
        "cumulative": false
    },
    {
        "date": "2020-09-11T14:53:11Z",
        "value": "0.956254109",
        "cumulative": false
    },
    {
        "date": "2020-09-11T14:53:25Z",
        "value": "0.955558081",
        "cumulative": false
    },
    {
        "date": "2020-09-11T14:53:44Z",
        "value": "0.941351126",
        "cumulative": false
    },
    {
        "date": "2020-09-11T14:54:03Z",
        "value": "0.921010445",
        "cumulative": false
    },
    {
        "date": "2020-09-11T14:54:18Z",
        "value": "0.666525853",
        "cumulative": false
    },
    {
        "date": "2020-09-11T14:54:32Z",
        "value": "0.550531323",
        "cumulative": false
    },
    {
        "date": "2020-09-11T14:54:49Z",
        "value": "0.531017231",
        "cumulative": false
    },
    {
        "date": "2020-09-11T14:55:00Z",
        "value": "0.513584958",
        "cumulative": false
    },
    {
        "date": "2020-09-11T14:55:15Z",
        "value": "0.527937494",
        "cumulative": false
    },
    {
        "date": "2020-09-11T14:55:27Z",
        "value": "0.515994395",
        "cumulative": false
    },
    {
        "date": "2020-09-11T14:55:38Z",
        "value": "0.490074111",
        "cumulative": false
    },
    {
        "date": "2020-09-11T14:55:50Z",
        "value": "0.536029106",
        "cumulative": false
    },
    {
        "date": "2020-09-11T14:56:02Z",
        "value": "0.497600466",
        "cumulative": false
    },
    {
        "date": "2020-09-11T14:56:15Z",
        "value": "0.536144893",
        "cumulative": false
    },
    {
        "date": "2020-09-11T14:56:30Z",
        "value": "0.946612123",
        "cumulative": false
    },
    {
        "date": "2020-09-11T14:56:48Z",
        "value": "0.967384666",
        "cumulative": false
    },
    {
        "date": "2020-09-11T14:57:00Z",
        "value": "0.940784455",
        "cumulative": false
    },
    {
        "date": "2020-09-11T14:57:13Z",
        "value": "0.921359424",
        "cumulative": false
    },
    {
        "date": "2020-09-11T14:57:30Z",
        "value": "0.941462613",
        "cumulative": false
    },
    {
        "date": "2020-09-11T14:57:41Z",
        "value": "0.901141945",
        "cumulative": false
    },
    {
        "date": "2020-09-11T14:57:55Z",
        "value": "0.96679916",
        "cumulative": false
    },
    {
        "date": "2020-09-11T14:58:13Z",
        "value": "0.957090609",
        "cumulative": false
    },
    {
        "date": "2020-09-11T14:58:27Z",
        "value": "0.903169422",
        "cumulative": false
    },
    {
        "date": "2020-09-11T14:58:46Z",
        "value": "0.969955292",
        "cumulative": false
    },
    {
        "date": "2020-09-11T14:59:02Z",
        "value": "0.961677934",
        "cumulative": false
    },
    {
        "date": "2020-09-11T14:59:13Z",
        "value": "0.947972415",
        "cumulative": false
    },
    {
        "date": "2020-09-11T14:59:30Z",
        "value": "0.975426063",
        "cumulative": false
    },
    {
        "date": "2020-09-11T14:59:48Z",
        "value": "0.632966679",
        "cumulative": false
    },
    {
        "date": "2020-09-11T15:00:08Z",
        "value": "0.522960586",
        "cumulative": false
    },
    {
        "date": "2020-09-11T15:00:18Z",
        "value": "0.532812536",
        "cumulative": false
    },
    {
        "date": "2020-09-11T15:00:37Z",
        "value": "0.528649432",
        "cumulative": false
    },
    {
        "date": "2020-09-11T15:00:52Z",
        "value": "0.529211181",
        "cumulative": false
    },
    {
        "date": "2020-09-11T15:01:11Z",
        "value": "0.54238089",
        "cumulative": false
    },
    {
        "date": "2020-09-11T15:01:27Z",
        "value": "0.535702911",
        "cumulative": false
    },
    {
        "date": "2020-09-11T15:01:40Z",
        "value": "0.535183683",
        "cumulative": false
    },
    {
        "date": "2020-09-11T15:01:52Z",
        "value": "0.497217129",
        "cumulative": false
    },
    {
        "date": "2020-09-11T15:02:06Z",
        "value": "0.555570615",
        "cumulative": false
    },
    {
        "date": "2020-09-11T15:02:24Z",
        "value": "0.907216213",
        "cumulative": false
    },
    {
        "date": "2020-09-11T15:02:37Z",
        "value": "0.941968428",
        "cumulative": false
    },
    {
        "date": "2020-09-11T15:02:52Z",
        "value": "0.96022592",
        "cumulative": false
    },
    {
        "date": "2020-09-11T15:03:06Z",
        "value": "0.965285291",
        "cumulative": false
    },
    {
        "date": "2020-09-11T15:03:20Z",
        "value": "0.921135311",
        "cumulative": false
    },
    {
        "date": "2020-09-11T15:03:31Z",
        "value": "0.949770773",
        "cumulative": false
    },
    {
        "date": "2020-09-11T15:03:43Z",
        "value": "0.977749261",
        "cumulative": false
    },
    {
        "date": "2020-09-11T15:03:54Z",
        "value": "0.973148686",
        "cumulative": false
    },
    {
        "date": "2020-09-11T15:04:07Z",
        "value": "0.951333717",
        "cumulative": false
    },
    {
        "date": "2020-09-11T15:04:24Z",
        "value": "0.981716807",
        "cumulative": false
    },
    {
        "date": "2020-09-11T15:04:43Z",
        "value": "1.005660316",
        "cumulative": false
    },
    {
        "date": "2020-09-11T15:05:03Z",
        "value": "0.966958775",
        "cumulative": false
    },
    {
        "date": "2020-09-11T15:05:14Z",
        "value": "0.960687668",
        "cumulative": false
    },
    {
        "date": "2020-09-11T15:05:26Z",
        "value": "0.962033688",
        "cumulative": false
    },
    {
        "date": "2020-09-11T15:05:44Z",
        "value": "0.993962706",
        "cumulative": false
    },
    {
        "date": "2020-09-11T15:05:59Z",
        "value": "1.036259807",
        "cumulative": false
    },
    {
        "date": "2020-09-11T15:06:10Z",
        "value": "0.96642421",
        "cumulative": false
    },
    {
        "date": "2020-09-11T15:06:21Z",
        "value": "0.937212381",
        "cumulative": false
    },
    {
        "date": "2020-09-11T15:06:38Z",
        "value": "0.583065656",
        "cumulative": false
    },
    {
        "date": "2020-09-11T15:06:54Z",
        "value": "0.553511831",
        "cumulative": false
    },
    {
        "date": "2020-09-11T15:07:11Z",
        "value": "0.518914193",
        "cumulative": false
    },
    {
        "date": "2020-09-11T15:07:23Z",
        "value": "0.521063708",
        "cumulative": false
    },
    {
        "date": "2020-09-11T15:07:43Z",
        "value": "0.518899696",
        "cumulative": false
    },
    {
        "date": "2020-09-11T15:07:58Z",
        "value": "0.524826508",
        "cumulative": false
    },
    {
        "date": "2020-09-11T15:08:16Z",
        "value": "0.528448456",
        "cumulative": false
    },
    {
        "date": "2020-09-11T15:08:31Z",
        "value": "0.543403885",
        "cumulative": false
    },
    {
        "date": "2020-09-11T15:08:47Z",
        "value": "0.511582541",
        "cumulative": false
    },
    {
        "date": "2020-09-11T15:09:07Z",
        "value": "0.521092245",
        "cumulative": false
    },
    {
        "date": "2020-09-11T15:09:19Z",
        "value": "0.567803091",
        "cumulative": false
    },
    {
        "date": "2020-09-11T15:09:33Z",
        "value": "0.535004469",
        "cumulative": false
    },
    {
        "date": "2020-09-11T15:09:53Z",
        "value": "0.895716245",
        "cumulative": false
    },
    {
        "date": "2020-09-11T15:10:12Z",
        "value": "0.993560323",
        "cumulative": false
    },
    {
        "date": "2020-09-11T15:10:24Z",
        "value": "0.996300398",
        "cumulative": false
    },
    {
        "date": "2020-09-11T15:10:42Z",
        "value": "0.949544135",
        "cumulative": false
    },
    {
        "date": "2020-09-11T15:10:56Z",
        "value": "0.960830643",
        "cumulative": false
    },
    {
        "date": "2020-09-11T15:11:15Z",
        "value": "0.972609338",
        "cumulative": false
    },
    {
        "date": "2020-09-11T15:11:26Z",
        "value": "0.98294554",
        "cumulative": false
    },
    {
        "date": "2020-09-11T15:11:37Z",
        "value": "0.978910602",
        "cumulative": false
    },
    {
        "date": "2020-09-11T15:11:57Z",
        "value": "0.979096459",
        "cumulative": false
    },
    {
        "date": "2020-09-11T15:12:08Z",
        "value": "0.992018698",
        "cumulative": false
    },
    {
        "date": "2020-09-11T15:12:22Z",
        "value": "0.970066964",
        "cumulative": false
    },
    {
        "date": "2020-09-11T15:12:33Z",
        "value": "0.933206916",
        "cumulative": false
    },
    {
        "date": "2020-09-11T15:12:47Z",
        "value": "0.944957509",
        "cumulative": false
    },
    {
        "date": "2020-09-11T15:13:06Z",
        "value": "0.935485231",
        "cumulative": false
    },
    {
        "date": "2020-09-11T15:13:23Z",
        "value": "0.984819102",
        "cumulative": false
    },
    {
        "date": "2020-09-11T15:13:42Z",
        "value": "0.952037351",
        "cumulative": false
    },
    {
        "date": "2020-09-11T15:13:54Z",
        "value": "0.970499124",
        "cumulative": false
    },
    {
        "date": "2020-09-11T15:14:05Z",
        "value": "0.966546232",
        "cumulative": false
    },
    {
        "date": "2020-09-11T15:14:21Z",
        "value": "0.938525243",
        "cumulative": false
    },
    {
        "date": "2020-09-11T15:14:40Z",
        "value": "0.987769211",
        "cumulative": false
    },
    {
        "date": "2020-09-11T15:14:56Z",
        "value": "0.736314359",
        "cumulative": false
    },
    {
        "date": "2020-09-11T15:15:10Z",
        "value": "0.550367441",
        "cumulative": false
    },
    {
        "date": "2020-09-11T15:15:23Z",
        "value": "0.517771876",
        "cumulative": false
    },
    {
        "date": "2020-09-11T15:15:36Z",
        "value": "0.520120205",
        "cumulative": false
    },
    {
        "date": "2020-09-11T15:15:51Z",
        "value": "0.538188897",
        "cumulative": false
    },
    {
        "date": "2020-09-11T15:16:08Z",
        "value": "0.517600626",
        "cumulative": false
    },
    {
        "date": "2020-09-11T15:16:22Z",
        "value": "0.555645394",
        "cumulative": false
    },
    {
        "date": "2020-09-11T15:16:37Z",
        "value": "0.52474855",
        "cumulative": false
    },
    {
        "date": "2020-09-11T15:16:51Z",
        "value": "0.546198999",
        "cumulative": false
    },
    {
        "date": "2020-09-11T15:17:10Z",
        "value": "0.553672371",
        "cumulative": false
    },
    {
        "date": "2020-09-11T15:17:21Z",
        "value": "0.555207963",
        "cumulative": false
    },
    {
        "date": "2020-09-11T15:17:34Z",
        "value": "0.488153352",
        "cumulative": false
    },
    {
        "date": "2020-09-11T15:17:49Z",
        "value": "0.477204291",
        "cumulative": false
    },
    {
        "date": "2020-09-11T15:18:07Z",
        "value": "0.568256892",
        "cumulative": false
    },
    {
        "date": "2020-09-11T15:18:23Z",
        "value": "0.55472099",
        "cumulative": false
    },
    {
        "date": "2020-09-11T15:18:35Z",
        "value": "0.527006864",
        "cumulative": false
    },
    {
        "date": "2020-09-11T15:18:51Z",
        "value": "0.528241811",
        "cumulative": false
    },
    {
        "date": "2020-09-11T15:19:07Z",
        "value": "0.836391221",
        "cumulative": false
    },
    {
        "date": "2020-09-11T15:19:24Z",
        "value": "0.988087612",
        "cumulative": false
    },
    {
        "date": "2020-09-11T15:19:37Z",
        "value": "0.947804892",
        "cumulative": false
    },
    {
        "date": "2020-09-11T15:19:50Z",
        "value": "0.946925912",
        "cumulative": false
    },
    {
        "date": "2020-09-11T15:20:06Z",
        "value": "0.924144993",
        "cumulative": false
    },
    {
        "date": "2020-09-11T15:20:25Z",
        "value": "0.929424788",
        "cumulative": false
    },
    {
        "date": "2020-09-11T15:20:40Z",
        "value": "0.968698477",
        "cumulative": false
    },
    {
        "date": "2020-09-11T15:20:58Z",
        "value": "0.966914565",
        "cumulative": false
    },
    {
        "date": "2020-09-11T15:21:08Z",
        "value": "0.984283973",
        "cumulative": false
    },
    {
        "date": "2020-09-11T15:21:21Z",
        "value": "0.965197551",
        "cumulative": false
    },
    {
        "date": "2020-09-11T15:21:31Z",
        "value": "0.980073995",
        "cumulative": false
    },
    {
        "date": "2020-09-11T15:21:43Z",
        "value": "0.939285572",
        "cumulative": false
    },
    {
        "date": "2020-09-11T15:22:02Z",
        "value": "0.937569224",
        "cumulative": false
    },
    {
        "date": "2020-09-11T15:22:14Z",
        "value": "0.917052494",
        "cumulative": false
    },
    {
        "date": "2020-09-11T15:22:33Z",
        "value": "0.961098767",
        "cumulative": false
    },
    {
        "date": "2020-09-11T15:22:44Z",
        "value": "0.932782936",
        "cumulative": false
    },
    {
        "date": "2020-09-11T15:22:58Z",
        "value": "0.933580159",
        "cumulative": false
    },
    {
        "date": "2020-09-11T15:23:14Z",
        "value": "0.942422018",
        "cumulative": false
    },
    {
        "date": "2020-09-11T15:23:27Z",
        "value": "0.924648137",
        "cumulative": false
    },
    {
        "date": "2020-09-11T15:23:43Z",
        "value": "0.942841822",
        "cumulative": false
    },
    {
        "date": "2020-09-11T15:24:02Z",
        "value": "0.939092564",
        "cumulative": false
    },
    {
        "date": "2020-09-11T15:24:17Z",
        "value": "0.948118715",
        "cumulative": false
    },
    {
        "date": "2020-09-11T15:24:28Z",
        "value": "0.957574808",
        "cumulative": false
    },
    {
        "date": "2020-09-11T15:24:45Z",
        "value": "0.932277117",
        "cumulative": false
    },
    {
        "date": "2020-09-11T15:24:59Z",
        "value": "0.970968656",
        "cumulative": false
    },
    {
        "date": "2020-09-11T15:25:14Z",
        "value": "0.931222116",
        "cumulative": false
    },
    {
        "date": "2020-09-11T15:25:25Z",
        "value": "0.940503349",
        "cumulative": false
    },
    {
        "date": "2020-09-11T15:25:37Z",
        "value": "0.842487138",
        "cumulative": false
    },
    {
        "date": "2020-09-11T15:25:55Z",
        "value": "0.557649351",
        "cumulative": false
    },
    {
        "date": "2020-09-11T15:26:14Z",
        "value": "0.516613619",
        "cumulative": false
    },
    {
        "date": "2020-09-11T15:26:30Z",
        "value": "0.526498638",
        "cumulative": false
    },
    {
        "date": "2020-09-11T15:26:48Z",
        "value": "0.53670333",
        "cumulative": false
    },
    {
        "date": "2020-09-11T15:26:59Z",
        "value": "0.497354668",
        "cumulative": false
    },
    {
        "date": "2020-09-11T15:27:10Z",
        "value": "0.547213186",
        "cumulative": false
    },
    {
        "date": "2020-09-11T15:27:23Z",
        "value": "0.530866165",
        "cumulative": false
    },
    {
        "date": "2020-09-11T15:27:39Z",
        "value": "0.518226109",
        "cumulative": false
    },
    {
        "date": "2020-09-11T15:27:55Z",
        "value": "0.504761834",
        "cumulative": false
    },
    {
        "date": "2020-09-11T15:28:10Z",
        "value": "0.534330927",
        "cumulative": false
    },
    {
        "date": "2020-09-11T15:28:26Z",
        "value": "0.527911389",
        "cumulative": false
    },
    {
        "date": "2020-09-11T15:28:40Z",
        "value": "0.540972002",
        "cumulative": false
    },
    {
        "date": "2020-09-11T15:28:58Z",
        "value": "0.514521483",
        "cumulative": false
    },
    {
        "date": "2020-09-11T15:29:17Z",
        "value": "0.538601378",
        "cumulative": false
    },
    {
        "date": "2020-09-11T15:29:32Z",
        "value": "0.521393698",
        "cumulative": false
    },
    {
        "date": "2020-09-11T15:29:46Z",
        "value": "0.551717221",
        "cumulative": false
    },
    {
        "date": "2020-09-11T15:30:04Z",
        "value": "0.549905634",
        "cumulative": false
    },
    {
        "date": "2020-09-11T15:30:22Z",
        "value": "0.526608605",
        "cumulative": false
    },
    {
        "date": "2020-09-11T15:30:42Z",
        "value": "0.542189443",
        "cumulative": false
    },
    {
        "date": "2020-09-11T15:30:56Z",
        "value": "0.910046747",
        "cumulative": false
    },
    {
        "date": "2020-09-11T15:31:09Z",
        "value": "0.988301218",
        "cumulative": false
    },
    {
        "date": "2020-09-11T15:31:21Z",
        "value": "0.964553076",
        "cumulative": false
    },
    {
        "date": "2020-09-11T15:31:40Z",
        "value": "1.000498145",
        "cumulative": false
    },
    {
        "date": "2020-09-11T15:31:58Z",
        "value": "0.980994736",
        "cumulative": false
    },
    {
        "date": "2020-09-11T15:32:09Z",
        "value": "0.935000508",
        "cumulative": false
    },
    {
        "date": "2020-09-11T15:32:28Z",
        "value": "0.989187843",
        "cumulative": false
    },
    {
        "date": "2020-09-11T15:32:41Z",
        "value": "0.966657314",
        "cumulative": false
    },
    {
        "date": "2020-09-11T15:32:55Z",
        "value": "0.990664975",
        "cumulative": false
    },
    {
        "date": "2020-09-11T15:33:06Z",
        "value": "1.002726319",
        "cumulative": false
    },
    {
        "date": "2020-09-11T15:33:24Z",
        "value": "0.94390747",
        "cumulative": false
    },
    {
        "date": "2020-09-11T15:33:35Z",
        "value": "0.95413466",
        "cumulative": false
    },
    {
        "date": "2020-09-11T15:33:51Z",
        "value": "0.96502972",
        "cumulative": false
    },
    {
        "date": "2020-09-11T15:34:09Z",
        "value": "0.982313994",
        "cumulative": false
    },
    {
        "date": "2020-09-11T15:34:26Z",
        "value": "0.955874078",
        "cumulative": false
    },
    {
        "date": "2020-09-11T15:34:39Z",
        "value": "0.955382639",
        "cumulative": false
    },
    {
        "date": "2020-09-11T15:34:58Z",
        "value": "0.966140433",
        "cumulative": false
    },
    {
        "date": "2020-09-11T15:35:10Z",
        "value": "0.940908171",
        "cumulative": false
    },
    {
        "date": "2020-09-11T15:35:20Z",
        "value": "1.000666544",
        "cumulative": false
    },
    {
        "date": "2020-09-11T15:35:33Z",
        "value": "1.012097604",
        "cumulative": false
    },
    {
        "date": "2020-09-11T15:35:51Z",
        "value": "0.950684369",
        "cumulative": false
    },
    {
        "date": "2020-09-11T15:36:02Z",
        "value": "0.992385651",
        "cumulative": false
    },
    {
        "date": "2020-09-11T15:36:16Z",
        "value": "0.948192765",
        "cumulative": false
    },
    {
        "date": "2020-09-11T15:36:31Z",
        "value": "0.958530462",
        "cumulative": false
    },
    {
        "date": "2020-09-11T15:36:43Z",
        "value": "0.980553346",
        "cumulative": false
    },
    {
        "date": "2020-09-11T15:36:55Z",
        "value": "0.971010878",
        "cumulative": false
    },
    {
        "date": "2020-09-11T15:37:15Z",
        "value": "0.977952467",
        "cumulative": false
    },
    {
        "date": "2020-09-11T15:37:26Z",
        "value": "0.985520887",
        "cumulative": false
    },
    {
        "date": "2020-09-11T15:37:39Z",
        "value": "0.942278578",
        "cumulative": false
    },
    {
        "date": "2020-09-11T15:37:53Z",
        "value": "0.902465237",
        "cumulative": false
    },
    {
        "date": "2020-09-11T15:38:09Z",
        "value": "0.955029036",
        "cumulative": false
    },
    {
        "date": "2020-09-11T15:38:21Z",
        "value": "0.933059457",
        "cumulative": false
    },
    {
        "date": "2020-09-11T15:38:36Z",
        "value": "0.943579363",
        "cumulative": false
    },
    {
        "date": "2020-09-11T15:38:49Z",
        "value": "0.929833545",
        "cumulative": false
    },
    {
        "date": "2020-09-11T15:39:05Z",
        "value": "0.513440942",
        "cumulative": false
    }
]