[
    {
        "date": "2020-09-11T14:32:44Z",
        "value": "0.0",
        "cumulative": false
    },
    {
        "date": "2020-09-11T14:32:57Z",
        "value": "0.740200238",
        "cumulative": false
    },
    {
        "date": "2020-09-11T14:33:14Z",
        "value": "0.947655379",
        "cumulative": false
    },
    {
        "date": "2020-09-11T14:33:31Z",
        "value": "1.329155451",
        "cumulative": false
    },
    {
        "date": "2020-09-11T14:33:42Z",
        "value": "1.305927326",
        "cumulative": false
    },
    {
        "date": "2020-09-11T14:33:57Z",
        "value": "1.091290132",
        "cumulative": false
    },
    {
        "date": "2020-09-11T14:34:08Z",
        "value": "0.854100313",
        "cumulative": false
    },
    {
        "date": "2020-09-11T14:34:19Z",
        "value": "0.890871043",
        "cumulative": false
    },
    {
        "date": "2020-09-11T14:34:39Z",
        "value": "0.828537711",
        "cumulative": false
    },
    {
        "date": "2020-09-11T14:34:51Z",
        "value": "0.901094427",
        "cumulative": false
    },
    {
        "date": "2020-09-11T14:35:07Z",
        "value": "0.929402659",
        "cumulative": false
    },
    {
        "date": "2020-09-11T14:35:20Z",
        "value": "0.664787141",
        "cumulative": false
    },
    {
        "date": "2020-09-11T14:35:35Z",
        "value": "0.92815221",
        "cumulative": false
    },
    {
        "date": "2020-09-11T14:35:49Z",
        "value": "0.764525368",
        "cumulative": false
    },
    {
        "date": "2020-09-11T14:36:05Z",
        "value": "0.918393481",
        "cumulative": false
    },
    {
        "date": "2020-09-11T14:36:17Z",
        "value": "0.524432872",
        "cumulative": false
    },
    {
        "date": "2020-09-11T14:36:34Z",
        "value": "1.039375441",
        "cumulative": false
    },
    {
        "date": "2020-09-11T14:36:49Z",
        "value": "0.745384424",
        "cumulative": false
    },
    {
        "date": "2020-09-11T14:37:05Z",
        "value": "0.710386493",
        "cumulative": false
    },
    {
        "date": "2020-09-11T14:37:25Z",
        "value": "0.999870398",
        "cumulative": false
    },
    {
        "date": "2020-09-11T14:37:36Z",
        "value": "0.694800678",
        "cumulative": false
    },
    {
        "date": "2020-09-11T14:37:55Z",
        "value": "0.588850844",
        "cumulative": false
    },
    {
        "date": "2020-09-11T14:38:10Z",
        "value": "0.999528023",
        "cumulative": false
    },
    {
        "date": "2020-09-11T14:38:25Z",
        "value": "0.993632626",
        "cumulative": false
    },
    {
        "date": "2020-09-11T14:38:36Z",
        "value": "0.650060164",
        "cumulative": false
    },
    {
        "date": "2020-09-11T14:38:51Z",
        "value": "0.498695504",
        "cumulative": false
    },
    {
        "date": "2020-09-11T14:39:09Z",
        "value": "0.727989471",
        "cumulative": false
    },
    {
        "date": "2020-09-11T14:39:23Z",
        "value": "0.953160091",
        "cumulative": false
    },
    {
        "date": "2020-09-11T14:39:41Z",
        "value": "0.958853424",
        "cumulative": false
    },
    {
        "date": "2020-09-11T14:39:57Z",
        "value": "0.716270234",
        "cumulative": false
    },
    {
        "date": "2020-09-11T14:40:07Z",
        "value": "0.538155412",
        "cumulative": false
    },
    {
        "date": "2020-09-11T14:40:26Z",
        "value": "0.496944063",
        "cumulative": false
    },
    {
        "date": "2020-09-11T14:40:38Z",
        "value": "0.92369272",
        "cumulative": false
    },
    {
        "date": "2020-09-11T14:40:51Z",
        "value": "0.973258169",
        "cumulative": false
    },
    {
        "date": "2020-09-11T14:41:03Z",
        "value": "0.991311557",
        "cumulative": false
    },
    {
        "date": "2020-09-11T14:41:22Z",
        "value": "0.965545768",
        "cumulative": false
    },
    {
        "date": "2020-09-11T14:41:38Z",
        "value": "0.738879359",
        "cumulative": false
    },
    {
        "date": "2020-09-11T14:41:52Z",
        "value": "0.525505629",
        "cumulative": false
    },
    {
        "date": "2020-09-11T14:42:07Z",
        "value": "0.517241008",
        "cumulative": false
    },
    {
        "date": "2020-09-11T14:42:19Z",
        "value": "0.588772474",
        "cumulative": false
    },
    {
        "date": "2020-09-11T14:42:32Z",
        "value": "0.889943962",
        "cumulative": false
    },
    {
        "date": "2020-09-11T14:42:42Z",
        "value": "0.972337911",
        "cumulative": false
    },
    {
        "date": "2020-09-11T14:42:57Z",
        "value": "0.977766422",
        "cumulative": false
    },
    {
        "date": "2020-09-11T14:43:16Z",
        "value": "0.977433128",
        "cumulative": false
    },
    {
        "date": "2020-09-11T14:43:36Z",
        "value": "0.957281008",
        "cumulative": false
    },
    {
        "date": "2020-09-11T14:43:49Z",
        "value": "0.662473084",
        "cumulative": false
    },
    {
        "date": "2020-09-11T14:44:05Z",
        "value": "0.581315129",
        "cumulative": false
    },
    {
        "date": "2020-09-11T14:44:23Z",
        "value": "0.557048477",
        "cumulative": false
    },
    {
        "date": "2020-09-11T14:44:36Z",
        "value": "0.570470065",
        "cumulative": false
    },
    {
        "date": "2020-09-11T14:44:56Z",
        "value": "0.874958628",
        "cumulative": false
    },
    {
        "date": "2020-09-11T14:45:09Z",
        "value": "0.942387142",
        "cumulative": false
    },
    {
        "date": "2020-09-11T14:45:27Z",
        "value": "0.934705988",
        "cumulative": false
    },
    {
        "date": "2020-09-11T14:45:44Z",
        "value": "0.923855434",
        "cumulative": false
    },
    {
        "date": "2020-09-11T14:45:55Z",
        "value": "0.951004849",
        "cumulative": false
    },
    {
        "date": "2020-09-11T14:46:05Z",
        "value": "0.936399623",
        "cumulative": false
    },
    {
        "date": "2020-09-11T14:46:20Z",
        "value": "0.96445491",
        "cumulative": false
    },
    {
        "date": "2020-09-11T14:46:36Z",
        "value": "0.586791316",
        "cumulative": false
    },
    {
        "date": "2020-09-11T14:46:54Z",
        "value": "0.534548288",
        "cumulative": false
    },
    {
        "date": "2020-09-11T14:47:12Z",
        "value": "0.566663489",
        "cumulative": false
    },
    {
        "date": "2020-09-11T14:47:27Z",
        "value": "0.579903207",
        "cumulative": false
    },
    {
        "date": "2020-09-11T14:47:44Z",
        "value": "0.660096821",
        "cumulative": false
    },
    {
        "date": "2020-09-11T14:47:56Z",
        "value": "0.960572934",
        "cumulative": false
    },
    {
        "date": "2020-09-11T14:48:07Z",
        "value": "0.951663844",
        "cumulative": false
    },
    {
        "date": "2020-09-11T14:48:26Z",
        "value": "0.953984376",
        "cumulative": false
    },
    {
        "date": "2020-09-11T14:48:42Z",
        "value": "0.964537268",
        "cumulative": false
    },
    {
        "date": "2020-09-11T14:48:58Z",
        "value": "0.956207034",
        "cumulative": false
    },
    {
        "date": "2020-09-11T14:49:16Z",
        "value": "0.946453689",
        "cumulative": false
    },
    {
        "date": "2020-09-11T14:49:26Z",
        "value": "0.95457491",
        "cumulative": false
    },
    {
        "date": "2020-09-11T14:49:42Z",
        "value": "0.959322094",
        "cumulative": false
    },
    {
        "date": "2020-09-11T14:49:59Z",
        "value": "0.675210112",
        "cumulative": false
    },
    {
        "date": "2020-09-11T14:50:11Z",
        "value": "0.570257725",
        "cumulative": false
    },
    {
        "date": "2020-09-11T14:50:26Z",
        "value": "0.529140873",
        "cumulative": false
    },
    {
        "date": "2020-09-11T14:50:45Z",
        "value": "0.538580885",
        "cumulative": false
    },
    {
        "date": "2020-09-11T14:51:01Z",
        "value": "0.569055986",
        "cumulative": false
    },
    {
        "date": "2020-09-11T14:51:14Z",
        "value": "0.544766375",
        "cumulative": false
    },
    {
        "date": "2020-09-11T14:51:33Z",
        "value": "0.644316589",
        "cumulative": false
    },
    {
        "date": "2020-09-11T14:51:43Z",
        "value": "0.960764952",
        "cumulative": false
    },
    {
        "date": "2020-09-11T14:52:00Z",
        "value": "0.939708892",
        "cumulative": false
    },
    {
        "date": "2020-09-11T14:52:16Z",
        "value": "0.921647014",
        "cumulative": false
    },
    {
        "date": "2020-09-11T14:52:28Z",
        "value": "0.955853258",
        "cumulative": false
    },
    {
        "date": "2020-09-11T14:52:42Z",
        "value": "0.94426983",
        "cumulative": false
    },
    {
        "date": "2020-09-11T14:52:53Z",
        "value": "0.943477828",
        "cumulative": false
    },
    {
        "date": "2020-09-11T14:53:05Z",
        "value": "0.953170173",
        "cumulative": false
    },
    {
        "date": "2020-09-11T14:53:21Z",
        "value": "0.955439746",
        "cumulative": false
    },
    {
        "date": "2020-09-11T14:53:34Z",
        "value": "0.958894683",
        "cumulative": false
    },
    {
        "date": "2020-09-11T14:53:49Z",
        "value": "0.913142275",
        "cumulative": false
    },
    {
        "date": "2020-09-11T14:54:05Z",
        "value": "0.951865394",
        "cumulative": false
    },
    {
        "date": "2020-09-11T14:54:21Z",
        "value": "0.635179157",
        "cumulative": false
    },
    {
        "date": "2020-09-11T14:54:40Z",
        "value": "0.585859368",
        "cumulative": false
    },
    {
        "date": "2020-09-11T14:54:51Z",
        "value": "0.529375962",
        "cumulative": false
    },
    {
        "date": "2020-09-11T14:55:02Z",
        "value": "0.574597723",
        "cumulative": false
    },
    {
        "date": "2020-09-11T14:55:15Z",
        "value": "0.532492162",
        "cumulative": false
    },
    {
        "date": "2020-09-11T14:55:28Z",
        "value": "0.54794195",
        "cumulative": false
    },
    {
        "date": "2020-09-11T14:55:46Z",
        "value": "0.533171911",
        "cumulative": false
    },
    {
        "date": "2020-09-11T14:56:05Z",
        "value": "0.514782541",
        "cumulative": false
    },
    {
        "date": "2020-09-11T14:56:23Z",
        "value": "0.749532938",
        "cumulative": false
    },
    {
        "date": "2020-09-11T14:56:38Z",
        "value": "0.951626993",
        "cumulative": false
    },
    {
        "date": "2020-09-11T14:56:57Z",
        "value": "0.95085859",
        "cumulative": false
    },
    {
        "date": "2020-09-11T14:57:15Z",
        "value": "0.907625626",
        "cumulative": false
    },
    {
        "date": "2020-09-11T14:57:30Z",
        "value": "0.932729768",
        "cumulative": false
    },
    {
        "date": "2020-09-11T14:57:44Z",
        "value": "0.89747979",
        "cumulative": false
    },
    {
        "date": "2020-09-11T14:57:54Z",
        "value": "0.94435781",
        "cumulative": false
    },
    {
        "date": "2020-09-11T14:58:07Z",
        "value": "0.927384649",
        "cumulative": false
    },
    {
        "date": "2020-09-11T14:58:21Z",
        "value": "0.877081606",
        "cumulative": false
    },
    {
        "date": "2020-09-11T14:58:39Z",
        "value": "0.901774523",
        "cumulative": false
    },
    {
        "date": "2020-09-11T14:58:57Z",
        "value": "0.924835582",
        "cumulative": false
    },
    {
        "date": "2020-09-11T14:59:17Z",
        "value": "0.905770667",
        "cumulative": false
    },
    {
        "date": "2020-09-11T14:59:32Z",
        "value": "0.940368061",
        "cumulative": false
    },
    {
        "date": "2020-09-11T14:59:44Z",
        "value": "0.580767744",
        "cumulative": false
    },
    {
        "date": "2020-09-11T15:00:02Z",
        "value": "0.546697691",
        "cumulative": false
    },
    {
        "date": "2020-09-11T15:00:17Z",
        "value": "0.544070365",
        "cumulative": false
    },
    {
        "date": "2020-09-11T15:00:34Z",
        "value": "0.543826263",
        "cumulative": false
    },
    {
        "date": "2020-09-11T15:00:54Z",
        "value": "0.524436887",
        "cumulative": false
    },
    {
        "date": "2020-09-11T15:01:12Z",
        "value": "0.563449409",
        "cumulative": false
    },
    {
        "date": "2020-09-11T15:01:23Z",
        "value": "0.554781001",
        "cumulative": false
    },
    {
        "date": "2020-09-11T15:01:37Z",
        "value": "0.532129603",
        "cumulative": false
    },
    {
        "date": "2020-09-11T15:01:49Z",
        "value": "0.499036356",
        "cumulative": false
    },
    {
        "date": "2020-09-11T15:02:04Z",
        "value": "0.545421577",
        "cumulative": false
    },
    {
        "date": "2020-09-11T15:02:20Z",
        "value": "0.833085406",
        "cumulative": false
    },
    {
        "date": "2020-09-11T15:02:33Z",
        "value": "0.895503841",
        "cumulative": false
    },
    {
        "date": "2020-09-11T15:02:44Z",
        "value": "0.919928134",
        "cumulative": false
    },
    {
        "date": "2020-09-11T15:03:01Z",
        "value": "0.947096738",
        "cumulative": false
    },
    {
        "date": "2020-09-11T15:03:21Z",
        "value": "0.904132527",
        "cumulative": false
    },
    {
        "date": "2020-09-11T15:03:32Z",
        "value": "0.927217329",
        "cumulative": false
    },
    {
        "date": "2020-09-11T15:03:44Z",
        "value": "0.933995196",
        "cumulative": false
    },
    {
        "date": "2020-09-11T15:03:57Z",
        "value": "0.952466836",
        "cumulative": false
    },
    {
        "date": "2020-09-11T15:04:15Z",
        "value": "0.935390993",
        "cumulative": false
    },
    {
        "date": "2020-09-11T15:04:28Z",
        "value": "0.871779815",
        "cumulative": false
    },
    {
        "date": "2020-09-11T15:04:40Z",
        "value": "0.852266125",
        "cumulative": false
    },
    {
        "date": "2020-09-11T15:04:56Z",
        "value": "0.911590474",
        "cumulative": false
    },
    {
        "date": "2020-09-11T15:05:13Z",
        "value": "0.911984501",
        "cumulative": false
    },
    {
        "date": "2020-09-11T15:05:24Z",
        "value": "0.924654787",
        "cumulative": false
    },
    {
        "date": "2020-09-11T15:05:34Z",
        "value": "0.922920394",
        "cumulative": false
    },
    {
        "date": "2020-09-11T15:05:45Z",
        "value": "0.897919361",
        "cumulative": false
    },
    {
        "date": "2020-09-11T15:06:03Z",
        "value": "0.870221877",
        "cumulative": false
    },
    {
        "date": "2020-09-11T15:06:17Z",
        "value": "0.924003066",
        "cumulative": false
    },
    {
        "date": "2020-09-11T15:06:34Z",
        "value": "0.672859727",
        "cumulative": false
    },
    {
        "date": "2020-09-11T15:06:49Z",
        "value": "0.57005778",
        "cumulative": false
    },
    {
        "date": "2020-09-11T15:07:01Z",
        "value": "0.519288371",
        "cumulative": false
    },
    {
        "date": "2020-09-11T15:07:18Z",
        "value": "0.530771224",
        "cumulative": false
    },
    {
        "date": "2020-09-11T15:07:36Z",
        "value": "0.543938289",
        "cumulative": false
    },
    {
        "date": "2020-09-11T15:07:55Z",
        "value": "0.529648768",
        "cumulative": false
    },
    {
        "date": "2020-09-11T15:08:11Z",
        "value": "0.531951864",
        "cumulative": false
    },
    {
        "date": "2020-09-11T15:08:30Z",
        "value": "0.527901163",
        "cumulative": false
    },
    {
        "date": "2020-09-11T15:08:50Z",
        "value": "0.501043138",
        "cumulative": false
    },
    {
        "date": "2020-09-11T15:09:09Z",
        "value": "0.525743322",
        "cumulative": false
    },
    {
        "date": "2020-09-11T15:09:23Z",
        "value": "0.538604997",
        "cumulative": false
    },
    {
        "date": "2020-09-11T15:09:33Z",
        "value": "0.535898801",
        "cumulative": false
    },
    {
        "date": "2020-09-11T15:09:43Z",
        "value": "0.778682384",
        "cumulative": false
    },
    {
        "date": "2020-09-11T15:09:56Z",
        "value": "0.928584081",
        "cumulative": false
    },
    {
        "date": "2020-09-11T15:10:10Z",
        "value": "0.9521408",
        "cumulative": false
    },
    {
        "date": "2020-09-11T15:10:23Z",
        "value": "0.943798772",
        "cumulative": false
    },
    {
        "date": "2020-09-11T15:10:42Z",
        "value": "0.910678617",
        "cumulative": false
    },
    {
        "date": "2020-09-11T15:10:58Z",
        "value": "0.92271104",
        "cumulative": false
    },
    {
        "date": "2020-09-11T15:11:14Z",
        "value": "0.919177686",
        "cumulative": false
    },
    {
        "date": "2020-09-11T15:11:26Z",
        "value": "0.942014738",
        "cumulative": false
    },
    {
        "date": "2020-09-11T15:11:45Z",
        "value": "0.93921303",
        "cumulative": false
    },
    {
        "date": "2020-09-11T15:12:00Z",
        "value": "0.94265039",
        "cumulative": false
    },
    {
        "date": "2020-09-11T15:12:18Z",
        "value": "0.926510494",
        "cumulative": false
    },
    {
        "date": "2020-09-11T15:12:29Z",
        "value": "0.915097852",
        "cumulative": false
    },
    {
        "date": "2020-09-11T15:12:45Z",
        "value": "0.897421728",
        "cumulative": false
    },
    {
        "date": "2020-09-11T15:13:04Z",
        "value": "0.898913687",
        "cumulative": false
    },
    {
        "date": "2020-09-11T15:13:15Z",
        "value": "0.921620746",
        "cumulative": false
    },
    {
        "date": "2020-09-11T15:13:33Z",
        "value": "0.897276901",
        "cumulative": false
    },
    {
        "date": "2020-09-11T15:13:45Z",
        "value": "0.901995985",
        "cumulative": false
    },
    {
        "date": "2020-09-11T15:14:04Z",
        "value": "0.897417383",
        "cumulative": false
    },
    {
        "date": "2020-09-11T15:14:14Z",
        "value": "0.84505025",
        "cumulative": false
    },
    {
        "date": "2020-09-11T15:14:26Z",
        "value": "0.909284405",
        "cumulative": false
    },
    {
        "date": "2020-09-11T15:14:43Z",
        "value": "0.889552004",
        "cumulative": false
    },
    {
        "date": "2020-09-11T15:14:56Z",
        "value": "0.688100036",
        "cumulative": false
    },
    {
        "date": "2020-09-11T15:15:12Z",
        "value": "0.53719799",
        "cumulative": false
    },
    {
        "date": "2020-09-11T15:15:31Z",
        "value": "0.464802968",
        "cumulative": false
    },
    {
        "date": "2020-09-11T15:15:41Z",
        "value": "0.57319039",
        "cumulative": false
    },
    {
        "date": "2020-09-11T15:15:54Z",
        "value": "0.492444697",
        "cumulative": false
    },
    {
        "date": "2020-09-11T15:16:12Z",
        "value": "0.49228478",
        "cumulative": false
    },
    {
        "date": "2020-09-11T15:16:26Z",
        "value": "0.518403314",
        "cumulative": false
    },
    {
        "date": "2020-09-11T15:16:38Z",
        "value": "0.484161353",
        "cumulative": false
    },
    {
        "date": "2020-09-11T15:16:57Z",
        "value": "0.524659856",
        "cumulative": false
    },
    {
        "date": "2020-09-11T15:17:14Z",
        "value": "0.521601288",
        "cumulative": false
    },
    {
        "date": "2020-09-11T15:17:29Z",
        "value": "0.4819012",
        "cumulative": false
    },
    {
        "date": "2020-09-11T15:17:41Z",
        "value": "0.497695095",
        "cumulative": false
    },
    {
        "date": "2020-09-11T15:17:55Z",
        "value": "0.449346988",
        "cumulative": false
    },
    {
        "date": "2020-09-11T15:18:08Z",
        "value": "0.517139781",
        "cumulative": false
    },
    {
        "date": "2020-09-11T15:18:26Z",
        "value": "0.518572049",
        "cumulative": false
    },
    {
        "date": "2020-09-11T15:18:41Z",
        "value": "0.515870325",
        "cumulative": false
    },
    {
        "date": "2020-09-11T15:19:00Z",
        "value": "0.61682852",
        "cumulative": false
    },
    {
        "date": "2020-09-11T15:19:17Z",
        "value": "0.858688865",
        "cumulative": false
    },
    {
        "date": "2020-09-11T15:19:29Z",
        "value": "0.870973018",
        "cumulative": false
    },
    {
        "date": "2020-09-11T15:19:41Z",
        "value": "0.858410519",
        "cumulative": false
    },
    {
        "date": "2020-09-11T15:20:01Z",
        "value": "0.85947767",
        "cumulative": false
    },
    {
        "date": "2020-09-11T15:20:12Z",
        "value": "0.805342497",
        "cumulative": false
    },
    {
        "date": "2020-09-11T15:20:32Z",
        "value": "0.865745883",
        "cumulative": false
    },
    {
        "date": "2020-09-11T15:20:51Z",
        "value": "0.873603705",
        "cumulative": false
    },
    {
        "date": "2020-09-11T15:21:06Z",
        "value": "0.878919225",
        "cumulative": false
    },
    {
        "date": "2020-09-11T15:21:25Z",
        "value": "0.884467868",
        "cumulative": false
    },
    {
        "date": "2020-09-11T15:21:36Z",
        "value": "0.87777839",
        "cumulative": false
    },
    {
        "date": "2020-09-11T15:21:49Z",
        "value": "0.85774313",
        "cumulative": false
    },
    {
        "date": "2020-09-11T15:22:07Z",
        "value": "0.85443423",
        "cumulative": false
    },
    {
        "date": "2020-09-11T15:22:19Z",
        "value": "0.843949313",
        "cumulative": false
    },
    {
        "date": "2020-09-11T15:22:38Z",
        "value": "0.85921153",
        "cumulative": false
    },
    {
        "date": "2020-09-11T15:22:56Z",
        "value": "0.852499909",
        "cumulative": false
    },
    {
        "date": "2020-09-11T15:23:11Z",
        "value": "0.861684327",
        "cumulative": false
    },
    {
        "date": "2020-09-11T15:23:30Z",
        "value": "0.853419105",
        "cumulative": false
    },
    {
        "date": "2020-09-11T15:23:50Z",
        "value": "0.824035624",
        "cumulative": false
    },
    {
        "date": "2020-09-11T15:24:09Z",
        "value": "0.859053178",
        "cumulative": false
    },
    {
        "date": "2020-09-11T15:24:20Z",
        "value": "0.85565516",
        "cumulative": false
    },
    {
        "date": "2020-09-11T15:24:35Z",
        "value": "0.832362462",
        "cumulative": false
    },
    {
        "date": "2020-09-11T15:24:46Z",
        "value": "0.849403583",
        "cumulative": false
    },
    {
        "date": "2020-09-11T15:25:00Z",
        "value": "0.866305495",
        "cumulative": false
    },
    {
        "date": "2020-09-11T15:25:11Z",
        "value": "0.82114592",
        "cumulative": false
    },
    {
        "date": "2020-09-11T15:25:28Z",
        "value": "0.855076356",
        "cumulative": false
    },
    {
        "date": "2020-09-11T15:25:39Z",
        "value": "0.646886857",
        "cumulative": false
    },
    {
        "date": "2020-09-11T15:25:53Z",
        "value": "0.54073932",
        "cumulative": false
    },
    {
        "date": "2020-09-11T15:26:06Z",
        "value": "0.551035879",
        "cumulative": false
    },
    {
        "date": "2020-09-11T15:26:22Z",
        "value": "0.50523444",
        "cumulative": false
    },
    {
        "date": "2020-09-11T15:26:37Z",
        "value": "0.497598224",
        "cumulative": false
    },
    {
        "date": "2020-09-11T15:26:48Z",
        "value": "0.524868656",
        "cumulative": false
    },
    {
        "date": "2020-09-11T15:27:04Z",
        "value": "0.507910992",
        "cumulative": false
    },
    {
        "date": "2020-09-11T15:27:15Z",
        "value": "0.516648459",
        "cumulative": false
    },
    {
        "date": "2020-09-11T15:27:29Z",
        "value": "0.478800376",
        "cumulative": false
    },
    {
        "date": "2020-09-11T15:27:48Z",
        "value": "0.478497574",
        "cumulative": false
    },
    {
        "date": "2020-09-11T15:28:08Z",
        "value": "0.492573302",
        "cumulative": false
    },
    {
        "date": "2020-09-11T15:28:18Z",
        "value": "0.516466528",
        "cumulative": false
    },
    {
        "date": "2020-09-11T15:28:33Z",
        "value": "0.511030455",
        "cumulative": false
    },
    {
        "date": "2020-09-11T15:28:51Z",
        "value": "0.519746013",
        "cumulative": false
    },
    {
        "date": "2020-09-11T15:29:05Z",
        "value": "0.475424813",
        "cumulative": false
    },
    {
        "date": "2020-09-11T15:29:18Z",
        "value": "0.537132849",
        "cumulative": false
    },
    {
        "date": "2020-09-11T15:29:37Z",
        "value": "0.508510632",
        "cumulative": false
    },
    {
        "date": "2020-09-11T15:29:55Z",
        "value": "0.516641068",
        "cumulative": false
    },
    {
        "date": "2020-09-11T15:30:09Z",
        "value": "0.487235626",
        "cumulative": false
    },
    {
        "date": "2020-09-11T15:30:20Z",
        "value": "0.511924943",
        "cumulative": false
    },
    {
        "date": "2020-09-11T15:30:35Z",
        "value": "0.531955208",
        "cumulative": false
    },
    {
        "date": "2020-09-11T15:30:54Z",
        "value": "0.727550807",
        "cumulative": false
    },
    {
        "date": "2020-09-11T15:31:08Z",
        "value": "0.871481613",
        "cumulative": false
    },
    {
        "date": "2020-09-11T15:31:20Z",
        "value": "0.882895651",
        "cumulative": false
    },
    {
        "date": "2020-09-11T15:31:36Z",
        "value": "0.890846354",
        "cumulative": false
    },
    {
        "date": "2020-09-11T15:31:52Z",
        "value": "0.87324322",
        "cumulative": false
    },
    {
        "date": "2020-09-11T15:32:03Z",
        "value": "0.842981968",
        "cumulative": false
    },
    {
        "date": "2020-09-11T15:32:14Z",
        "value": "0.902295603",
        "cumulative": false
    },
    {
        "date": "2020-09-11T15:32:31Z",
        "value": "0.877622693",
        "cumulative": false
    },
    {
        "date": "2020-09-11T15:32:42Z",
        "value": "0.876924152",
        "cumulative": false
    },
    {
        "date": "2020-09-11T15:32:56Z",
        "value": "0.880032118",
        "cumulative": false
    },
    {
        "date": "2020-09-11T15:33:10Z",
        "value": "0.877524362",
        "cumulative": false
    },
    {
        "date": "2020-09-11T15:33:27Z",
        "value": "0.878550671",
        "cumulative": false
    },
    {
        "date": "2020-09-11T15:33:40Z",
        "value": "0.878063088",
        "cumulative": false
    },
    {
        "date": "2020-09-11T15:33:54Z",
        "value": "0.881803436",
        "cumulative": false
    },
    {
        "date": "2020-09-11T15:34:08Z",
        "value": "0.879854298",
        "cumulative": false
    },
    {
        "date": "2020-09-11T15:34:28Z",
        "value": "0.857845002",
        "cumulative": false
    },
    {
        "date": "2020-09-11T15:34:43Z",
        "value": "0.866460419",
        "cumulative": false
    },
    {
        "date": "2020-09-11T15:34:56Z",
        "value": "0.874545479",
        "cumulative": false
    },
    {
        "date": "2020-09-11T15:35:07Z",
        "value": "0.861886293",
        "cumulative": false
    },
    {
        "date": "2020-09-11T15:35:20Z",
        "value": "0.873668942",
        "cumulative": false
    },
    {
        "date": "2020-09-11T15:35:38Z",
        "value": "0.880467607",
        "cumulative": false
    },
    {
        "date": "2020-09-11T15:35:48Z",
        "value": "0.858826727",
        "cumulative": false
    },
    {
        "date": "2020-09-11T15:36:01Z",
        "value": "0.878785237",
        "cumulative": false
    },
    {
        "date": "2020-09-11T15:36:16Z",
        "value": "0.852978494",
        "cumulative": false
    },
    {
        "date": "2020-09-11T15:36:34Z",
        "value": "0.833856169",
        "cumulative": false
    },
    {
        "date": "2020-09-11T15:36:48Z",
        "value": "0.881298572",
        "cumulative": false
    },
    {
        "date": "2020-09-11T15:37:04Z",
        "value": "0.884649992",
        "cumulative": false
    },
    {
        "date": "2020-09-11T15:37:20Z",
        "value": "0.895276347",
        "cumulative": false
    },
    {
        "date": "2020-09-11T15:37:40Z",
        "value": "0.873081859",
        "cumulative": false
    },
    {
        "date": "2020-09-11T15:37:51Z",
        "value": "0.827194955",
        "cumulative": false
    },
    {
        "date": "2020-09-11T15:38:08Z",
        "value": "0.839041239",
        "cumulative": false
    },
    {
        "date": "2020-09-11T15:38:25Z",
        "value": "0.829796576",
        "cumulative": false
    },
    {
        "date": "2020-09-11T15:38:42Z",
        "value": "0.864093435",
        "cumulative": false
    },
    {
        "date": "2020-09-11T15:39:01Z",
        "value": "0.707205434",
        "cumulative": false
    }
]