[
    {
        "date": "2020-09-11T14:32:26Z",
        "value": "2.61328125",
        "cumulative": false
    },
    {
        "date": "2020-09-11T14:32:46Z",
        "value": "111.98828125",
        "cumulative": false
    },
    {
        "date": "2020-09-11T14:33:01Z",
        "value": "1052.5",
        "cumulative": false
    },
    {
        "date": "2020-09-11T14:33:19Z",
        "value": "1052.84765625",
        "cumulative": false
    },
    {
        "date": "2020-09-11T14:33:29Z",
        "value": "1055.9296875",
        "cumulative": false
    },
    {
        "date": "2020-09-11T14:33:47Z",
        "value": "1069.08203125",
        "cumulative": false
    },
    {
        "date": "2020-09-11T14:34:03Z",
        "value": "1077.859375",
        "cumulative": false
    },
    {
        "date": "2020-09-11T14:34:22Z",
        "value": "1090.16015625",
        "cumulative": false
    },
    {
        "date": "2020-09-11T14:34:34Z",
        "value": "1099.63671875",
        "cumulative": false
    },
    {
        "date": "2020-09-11T14:34:52Z",
        "value": "1111.55859375",
        "cumulative": false
    },
    {
        "date": "2020-09-11T14:35:05Z",
        "value": "1114.4140625",
        "cumulative": false
    },
    {
        "date": "2020-09-11T14:35:16Z",
        "value": "1126.6171875",
        "cumulative": false
    },
    {
        "date": "2020-09-11T14:35:29Z",
        "value": "1130.23046875",
        "cumulative": false
    },
    {
        "date": "2020-09-11T14:35:41Z",
        "value": "1145.6328125",
        "cumulative": false
    },
    {
        "date": "2020-09-11T14:35:58Z",
        "value": "1150.203125",
        "cumulative": false
    },
    {
        "date": "2020-09-11T14:36:13Z",
        "value": "1168.68359375",
        "cumulative": false
    },
    {
        "date": "2020-09-11T14:36:23Z",
        "value": "1174.4375",
        "cumulative": false
    },
    {
        "date": "2020-09-11T14:36:36Z",
        "value": "1174.4375",
        "cumulative": false
    },
    {
        "date": "2020-09-11T14:36:47Z",
        "value": "1216.92578125",
        "cumulative": false
    },
    {
        "date": "2020-09-11T14:37:06Z",
        "value": "1216.92578125",
        "cumulative": false
    },
    {
        "date": "2020-09-11T14:37:24Z",
        "value": "1216.92578125",
        "cumulative": false
    },
    {
        "date": "2020-09-11T14:37:34Z",
        "value": "1281.9140625",
        "cumulative": false
    },
    {
        "date": "2020-09-11T14:37:49Z",
        "value": "1281.9140625",
        "cumulative": false
    },
    {
        "date": "2020-09-11T14:38:04Z",
        "value": "1281.9140625",
        "cumulative": false
    },
    {
        "date": "2020-09-11T14:38:18Z",
        "value": "1281.9140625",
        "cumulative": false
    },
    {
        "date": "2020-09-11T14:38:29Z",
        "value": "1281.9140625",
        "cumulative": false
    },
    {
        "date": "2020-09-11T14:38:43Z",
        "value": "1319.13671875",
        "cumulative": false
    },
    {
        "date": "2020-09-11T14:38:56Z",
        "value": "1319.13671875",
        "cumulative": false
    },
    {
        "date": "2020-09-11T14:39:07Z",
        "value": "1319.13671875",
        "cumulative": false
    },
    {
        "date": "2020-09-11T14:39:17Z",
        "value": "1319.13671875",
        "cumulative": false
    },
    {
        "date": "2020-09-11T14:39:31Z",
        "value": "1319.13671875",
        "cumulative": false
    },
    {
        "date": "2020-09-11T14:39:49Z",
        "value": "1319.13671875",
        "cumulative": false
    },
    {
        "date": "2020-09-11T14:39:59Z",
        "value": "1366.15234375",
        "cumulative": false
    },
    {
        "date": "2020-09-11T14:40:11Z",
        "value": "1366.1640625",
        "cumulative": false
    },
    {
        "date": "2020-09-11T14:40:21Z",
        "value": "1366.15234375",
        "cumulative": false
    },
    {
        "date": "2020-09-11T14:40:34Z",
        "value": "1366.1796875",
        "cumulative": false
    },
    {
        "date": "2020-09-11T14:40:53Z",
        "value": "1366.15625",
        "cumulative": false
    },
    {
        "date": "2020-09-11T14:41:09Z",
        "value": "1392.40234375",
        "cumulative": false
    },
    {
        "date": "2020-09-11T14:41:21Z",
        "value": "1366.15234375",
        "cumulative": false
    },
    {
        "date": "2020-09-11T14:41:36Z",
        "value": "1425.54296875",
        "cumulative": false
    },
    {
        "date": "2020-09-11T14:41:56Z",
        "value": "1425.55859375",
        "cumulative": false
    },
    {
        "date": "2020-09-11T14:42:15Z",
        "value": "1425.54296875",
        "cumulative": false
    },
    {
        "date": "2020-09-11T14:42:25Z",
        "value": "1425.66796875",
        "cumulative": false
    },
    {
        "date": "2020-09-11T14:42:40Z",
        "value": "1447.734375",
        "cumulative": false
    },
    {
        "date": "2020-09-11T14:42:53Z",
        "value": "1425.734375",
        "cumulative": false
    },
    {
        "date": "2020-09-11T14:43:06Z",
        "value": "1425.66796875",
        "cumulative": false
    },
    {
        "date": "2020-09-11T14:43:23Z",
        "value": "1425.66796875",
        "cumulative": false
    },
    {
        "date": "2020-09-11T14:43:40Z",
        "value": "1551.3203125",
        "cumulative": false
    },
    {
        "date": "2020-09-11T14:43:53Z",
        "value": "1500.5703125",
        "cumulative": false
    },
    {
        "date": "2020-09-11T14:44:04Z",
        "value": "1511.21875",
        "cumulative": false
    },
    {
        "date": "2020-09-11T14:44:18Z",
        "value": "1553.84375",
        "cumulative": false
    },
    {
        "date": "2020-09-11T14:44:31Z",
        "value": "1500.5703125",
        "cumulative": false
    },
    {
        "date": "2020-09-11T14:44:48Z",
        "value": "1500.69921875",
        "cumulative": false
    },
    {
        "date": "2020-09-11T14:45:06Z",
        "value": "1500.61328125",
        "cumulative": false
    },
    {
        "date": "2020-09-11T14:45:24Z",
        "value": "1538.04296875",
        "cumulative": false
    },
    {
        "date": "2020-09-11T14:45:36Z",
        "value": "1500.57421875",
        "cumulative": false
    },
    {
        "date": "2020-09-11T14:45:47Z",
        "value": "1500.59765625",
        "cumulative": false
    },
    {
        "date": "2020-09-11T14:46:07Z",
        "value": "1500.609375",
        "cumulative": false
    },
    {
        "date": "2020-09-11T14:46:23Z",
        "value": "1595.44921875",
        "cumulative": false
    },
    {
        "date": "2020-09-11T14:46:34Z",
        "value": "1595.23828125",
        "cumulative": false
    },
    {
        "date": "2020-09-11T14:46:53Z",
        "value": "1595.265625",
        "cumulative": false
    },
    {
        "date": "2020-09-11T14:47:10Z",
        "value": "1595.2109375",
        "cumulative": false
    },
    {
        "date": "2020-09-11T14:47:25Z",
        "value": "1609.80859375",
        "cumulative": false
    },
    {
        "date": "2020-09-11T14:47:40Z",
        "value": "1595.18359375",
        "cumulative": false
    },
    {
        "date": "2020-09-11T14:47:59Z",
        "value": "1595.25",
        "cumulative": false
    },
    {
        "date": "2020-09-11T14:48:18Z",
        "value": "1595.2734375",
        "cumulative": false
    },
    {
        "date": "2020-09-11T14:48:29Z",
        "value": "1595.2890625",
        "cumulative": false
    },
    {
        "date": "2020-09-11T14:48:46Z",
        "value": "1595.18359375",
        "cumulative": false
    },
    {
        "date": "2020-09-11T14:48:59Z",
        "value": "1707.93359375",
        "cumulative": false
    },
    {
        "date": "2020-09-11T14:49:12Z",
        "value": "1697.68359375",
        "cumulative": false
    },
    {
        "date": "2020-09-11T14:49:24Z",
        "value": "1595.18359375",
        "cumulative": false
    },
    {
        "date": "2020-09-11T14:49:42Z",
        "value": "1734.68359375",
        "cumulative": false
    },
    {
        "date": "2020-09-11T14:50:01Z",
        "value": "1714.609375",
        "cumulative": false
    },
    {
        "date": "2020-09-11T14:50:21Z",
        "value": "1714.609375",
        "cumulative": false
    },
    {
        "date": "2020-09-11T14:50:40Z",
        "value": "1724.734375",
        "cumulative": false
    },
    {
        "date": "2020-09-11T14:50:59Z",
        "value": "1752.859375",
        "cumulative": false
    },
    {
        "date": "2020-09-11T14:51:11Z",
        "value": "1714.61328125",
        "cumulative": false
    },
    {
        "date": "2020-09-11T14:51:27Z",
        "value": "1813.484375",
        "cumulative": false
    },
    {
        "date": "2020-09-11T14:51:44Z",
        "value": "1714.85546875",
        "cumulative": false
    },
    {
        "date": "2020-09-11T14:52:02Z",
        "value": "1714.609375",
        "cumulative": false
    },
    {
        "date": "2020-09-11T14:52:15Z",
        "value": "1744.296875",
        "cumulative": false
    },
    {
        "date": "2020-09-11T14:52:31Z",
        "value": "1714.62890625",
        "cumulative": false
    },
    {
        "date": "2020-09-11T14:52:44Z",
        "value": "1714.65625",
        "cumulative": false
    },
    {
        "date": "2020-09-11T14:52:57Z",
        "value": "1714.609375",
        "cumulative": false
    },
    {
        "date": "2020-09-11T14:53:13Z",
        "value": "1714.67578125",
        "cumulative": false
    },
    {
        "date": "2020-09-11T14:53:33Z",
        "value": "1714.66796875",
        "cumulative": false
    },
    {
        "date": "2020-09-11T14:53:52Z",
        "value": "1751.984375",
        "cumulative": false
    },
    {
        "date": "2020-09-11T14:54:09Z",
        "value": "1714.76171875",
        "cumulative": false
    },
    {
        "date": "2020-09-11T14:54:22Z",
        "value": "2005.34765625",
        "cumulative": false
    },
    {
        "date": "2020-09-11T14:54:32Z",
        "value": "1865.34765625",
        "cumulative": false
    },
    {
        "date": "2020-09-11T14:54:51Z",
        "value": "1892.44140625",
        "cumulative": false
    },
    {
        "date": "2020-09-11T14:55:06Z",
        "value": "1865.34765625",
        "cumulative": false
    },
    {
        "date": "2020-09-11T14:55:21Z",
        "value": "1865.44140625",
        "cumulative": false
    },
    {
        "date": "2020-09-11T14:55:33Z",
        "value": "1865.34765625",
        "cumulative": false
    },
    {
        "date": "2020-09-11T14:55:50Z",
        "value": "2011.34765625",
        "cumulative": false
    },
    {
        "date": "2020-09-11T14:56:01Z",
        "value": "1865.44140625",
        "cumulative": false
    },
    {
        "date": "2020-09-11T14:56:12Z",
        "value": "1949.22265625",
        "cumulative": false
    },
    {
        "date": "2020-09-11T14:56:27Z",
        "value": "1865.37890625",
        "cumulative": false
    },
    {
        "date": "2020-09-11T14:56:47Z",
        "value": "1865.51953125",
        "cumulative": false
    },
    {
        "date": "2020-09-11T14:57:02Z",
        "value": "1942.72265625",
        "cumulative": false
    },
    {
        "date": "2020-09-11T14:57:17Z",
        "value": "2010.11328125",
        "cumulative": false
    },
    {
        "date": "2020-09-11T14:57:28Z",
        "value": "1865.34765625",
        "cumulative": false
    },
    {
        "date": "2020-09-11T14:57:45Z",
        "value": "1865.34765625",
        "cumulative": false
    },
    {
        "date": "2020-09-11T14:58:02Z",
        "value": "1865.34765625",
        "cumulative": false
    },
    {
        "date": "2020-09-11T14:58:18Z",
        "value": "1865.51953125",
        "cumulative": false
    },
    {
        "date": "2020-09-11T14:58:34Z",
        "value": "1865.4921875",
        "cumulative": false
    },
    {
        "date": "2020-09-11T14:58:49Z",
        "value": "1865.34765625",
        "cumulative": false
    },
    {
        "date": "2020-09-11T14:59:02Z",
        "value": "1865.46875",
        "cumulative": false
    },
    {
        "date": "2020-09-11T14:59:14Z",
        "value": "1865.3828125",
        "cumulative": false
    },
    {
        "date": "2020-09-11T14:59:24Z",
        "value": "1865.34765625",
        "cumulative": false
    },
    {
        "date": "2020-09-11T14:59:38Z",
        "value": "2133.80078125",
        "cumulative": false
    },
    {
        "date": "2020-09-11T14:59:53Z",
        "value": "2055.67578125",
        "cumulative": false
    },
    {
        "date": "2020-09-11T15:00:07Z",
        "value": "2055.67578125",
        "cumulative": false
    },
    {
        "date": "2020-09-11T15:00:19Z",
        "value": "2055.67578125",
        "cumulative": false
    },
    {
        "date": "2020-09-11T15:00:34Z",
        "value": "2055.67578125",
        "cumulative": false
    },
    {
        "date": "2020-09-11T15:00:51Z",
        "value": "2055.67578125",
        "cumulative": false
    },
    {
        "date": "2020-09-11T15:01:09Z",
        "value": "2055.67578125",
        "cumulative": false
    },
    {
        "date": "2020-09-11T15:01:27Z",
        "value": "2055.67578125",
        "cumulative": false
    },
    {
        "date": "2020-09-11T15:01:43Z",
        "value": "2064.80078125",
        "cumulative": false
    },
    {
        "date": "2020-09-11T15:01:57Z",
        "value": "2055.67578125",
        "cumulative": false
    },
    {
        "date": "2020-09-11T15:02:14Z",
        "value": "2055.6796875",
        "cumulative": false
    },
    {
        "date": "2020-09-11T15:02:28Z",
        "value": "2055.6796875",
        "cumulative": false
    },
    {
        "date": "2020-09-11T15:02:40Z",
        "value": "2055.81640625",
        "cumulative": false
    },
    {
        "date": "2020-09-11T15:02:58Z",
        "value": "2055.6796875",
        "cumulative": false
    },
    {
        "date": "2020-09-11T15:03:17Z",
        "value": "2217.09375",
        "cumulative": false
    },
    {
        "date": "2020-09-11T15:03:33Z",
        "value": "2055.6796875",
        "cumulative": false
    },
    {
        "date": "2020-09-11T15:03:46Z",
        "value": "2055.6796875",
        "cumulative": false
    },
    {
        "date": "2020-09-11T15:04:04Z",
        "value": "2055.75",
        "cumulative": false
    },
    {
        "date": "2020-09-11T15:04:14Z",
        "value": "2055.75",
        "cumulative": false
    },
    {
        "date": "2020-09-11T15:04:29Z",
        "value": "2055.6796875",
        "cumulative": false
    },
    {
        "date": "2020-09-11T15:04:39Z",
        "value": "2055.6796875",
        "cumulative": false
    },
    {
        "date": "2020-09-11T15:04:57Z",
        "value": "2055.76171875",
        "cumulative": false
    },
    {
        "date": "2020-09-11T15:05:16Z",
        "value": "2055.765625",
        "cumulative": false
    },
    {
        "date": "2020-09-11T15:05:34Z",
        "value": "2055.6796875",
        "cumulative": false
    },
    {
        "date": "2020-09-11T15:05:50Z",
        "value": "2055.6796875",
        "cumulative": false
    },
    {
        "date": "2020-09-11T15:06:08Z",
        "value": "2055.69140625",
        "cumulative": false
    },
    {
        "date": "2020-09-11T15:06:22Z",
        "value": "2166.3046875",
        "cumulative": false
    },
    {
        "date": "2020-09-11T15:06:39Z",
        "value": "2529.0234375",
        "cumulative": false
    },
    {
        "date": "2020-09-11T15:06:50Z",
        "value": "2462.3984375",
        "cumulative": false
    },
    {
        "date": "2020-09-11T15:07:06Z",
        "value": "2431.6484375",
        "cumulative": false
    },
    {
        "date": "2020-09-11T15:07:24Z",
        "value": "2296.0234375",
        "cumulative": false
    },
    {
        "date": "2020-09-11T15:07:37Z",
        "value": "2384.7734375",
        "cumulative": false
    },
    {
        "date": "2020-09-11T15:07:53Z",
        "value": "2305.0234375",
        "cumulative": false
    },
    {
        "date": "2020-09-11T15:08:12Z",
        "value": "2296.0234375",
        "cumulative": false
    },
    {
        "date": "2020-09-11T15:08:23Z",
        "value": "2296.0234375",
        "cumulative": false
    },
    {
        "date": "2020-09-11T15:08:38Z",
        "value": "2296.13671875",
        "cumulative": false
    },
    {
        "date": "2020-09-11T15:08:50Z",
        "value": "2296.0234375",
        "cumulative": false
    },
    {
        "date": "2020-09-11T15:09:05Z",
        "value": "2296.13671875",
        "cumulative": false
    },
    {
        "date": "2020-09-11T15:09:19Z",
        "value": "2528.1484375",
        "cumulative": false
    },
    {
        "date": "2020-09-11T15:09:29Z",
        "value": "2296.13671875",
        "cumulative": false
    },
    {
        "date": "2020-09-11T15:09:40Z",
        "value": "2296.1328125",
        "cumulative": false
    },
    {
        "date": "2020-09-11T15:09:56Z",
        "value": "2296.0234375",
        "cumulative": false
    },
    {
        "date": "2020-09-11T15:10:15Z",
        "value": "2296.0234375",
        "cumulative": false
    },
    {
        "date": "2020-09-11T15:10:27Z",
        "value": "2296.0234375",
        "cumulative": false
    },
    {
        "date": "2020-09-11T15:10:45Z",
        "value": "2296.1328125",
        "cumulative": false
    },
    {
        "date": "2020-09-11T15:11:01Z",
        "value": "2635.2734375",
        "cumulative": false
    },
    {
        "date": "2020-09-11T15:11:11Z",
        "value": "2296.03515625",
        "cumulative": false
    },
    {
        "date": "2020-09-11T15:11:23Z",
        "value": "2296.08203125",
        "cumulative": false
    },
    {
        "date": "2020-09-11T15:11:38Z",
        "value": "2296.0859375",
        "cumulative": false
    },
    {
        "date": "2020-09-11T15:11:51Z",
        "value": "2296.12890625",
        "cumulative": false
    },
    {
        "date": "2020-09-11T15:12:07Z",
        "value": "2296.0234375",
        "cumulative": false
    },
    {
        "date": "2020-09-11T15:12:25Z",
        "value": "2296.0234375",
        "cumulative": false
    },
    {
        "date": "2020-09-11T15:12:38Z",
        "value": "2296.13671875",
        "cumulative": false
    },
    {
        "date": "2020-09-11T15:12:55Z",
        "value": "2296.02734375",
        "cumulative": false
    },
    {
        "date": "2020-09-11T15:13:05Z",
        "value": "2296.02734375",
        "cumulative": false
    },
    {
        "date": "2020-09-11T15:13:21Z",
        "value": "2519.0234375",
        "cumulative": false
    },
    {
        "date": "2020-09-11T15:13:36Z",
        "value": "2296.02734375",
        "cumulative": false
    },
    {
        "date": "2020-09-11T15:13:49Z",
        "value": "2296.02734375",
        "cumulative": false
    },
    {
        "date": "2020-09-11T15:14:05Z",
        "value": "2366.15234375",
        "cumulative": false
    },
    {
        "date": "2020-09-11T15:14:19Z",
        "value": "2296.02734375",
        "cumulative": false
    },
    {
        "date": "2020-09-11T15:14:37Z",
        "value": "2616.15234375",
        "cumulative": false
    },
    {
        "date": "2020-09-11T15:14:54Z",
        "value": "2599.43359375",
        "cumulative": false
    },
    {
        "date": "2020-09-11T15:15:09Z",
        "value": "2599.43359375",
        "cumulative": false
    },
    {
        "date": "2020-09-11T15:15:25Z",
        "value": "2599.45703125",
        "cumulative": false
    },
    {
        "date": "2020-09-11T15:15:40Z",
        "value": "2599.43359375",
        "cumulative": false
    },
    {
        "date": "2020-09-11T15:15:54Z",
        "value": "2599.43359375",
        "cumulative": false
    },
    {
        "date": "2020-09-11T15:16:07Z",
        "value": "2599.45703125",
        "cumulative": false
    },
    {
        "date": "2020-09-11T15:16:17Z",
        "value": "2599.43359375",
        "cumulative": false
    },
    {
        "date": "2020-09-11T15:16:30Z",
        "value": "2742.93359375",
        "cumulative": false
    },
    {
        "date": "2020-09-11T15:16:46Z",
        "value": "2599.43359375",
        "cumulative": false
    },
    {
        "date": "2020-09-11T15:16:59Z",
        "value": "2599.43359375",
        "cumulative": false
    },
    {
        "date": "2020-09-11T15:17:14Z",
        "value": "2599.43359375",
        "cumulative": false
    },
    {
        "date": "2020-09-11T15:17:26Z",
        "value": "2740.93359375",
        "cumulative": false
    },
    {
        "date": "2020-09-11T15:17:42Z",
        "value": "2599.43359375",
        "cumulative": false
    },
    {
        "date": "2020-09-11T15:17:59Z",
        "value": "2599.43359375",
        "cumulative": false
    },
    {
        "date": "2020-09-11T15:18:16Z",
        "value": "2599.43359375",
        "cumulative": false
    },
    {
        "date": "2020-09-11T15:18:27Z",
        "value": "2599.43359375",
        "cumulative": false
    },
    {
        "date": "2020-09-11T15:18:44Z",
        "value": "2599.43359375",
        "cumulative": false
    },
    {
        "date": "2020-09-11T15:18:58Z",
        "value": "2622.8046875",
        "cumulative": false
    },
    {
        "date": "2020-09-11T15:19:12Z",
        "value": "2599.453125",
        "cumulative": false
    },
    {
        "date": "2020-09-11T15:19:30Z",
        "value": "3036.8046875",
        "cumulative": false
    },
    {
        "date": "2020-09-11T15:19:49Z",
        "value": "2599.4296875",
        "cumulative": false
    },
    {
        "date": "2020-09-11T15:20:08Z",
        "value": "2599.46875",
        "cumulative": false
    },
    {
        "date": "2020-09-11T15:20:25Z",
        "value": "2599.4296875",
        "cumulative": false
    },
    {
        "date": "2020-09-11T15:20:44Z",
        "value": "2599.4296875",
        "cumulative": false
    },
    {
        "date": "2020-09-11T15:20:59Z",
        "value": "2599.609375",
        "cumulative": false
    },
    {
        "date": "2020-09-11T15:21:19Z",
        "value": "2599.5625",
        "cumulative": false
    },
    {
        "date": "2020-09-11T15:21:33Z",
        "value": "2759.3046875",
        "cumulative": false
    },
    {
        "date": "2020-09-11T15:21:49Z",
        "value": "2599.4375",
        "cumulative": false
    },
    {
        "date": "2020-09-11T15:22:00Z",
        "value": "2599.4296875",
        "cumulative": false
    },
    {
        "date": "2020-09-11T15:22:13Z",
        "value": "2599.4296875",
        "cumulative": false
    },
    {
        "date": "2020-09-11T15:22:31Z",
        "value": "2599.4296875",
        "cumulative": false
    },
    {
        "date": "2020-09-11T15:22:47Z",
        "value": "2599.4296875",
        "cumulative": false
    },
    {
        "date": "2020-09-11T15:23:00Z",
        "value": "2599.4296875",
        "cumulative": false
    },
    {
        "date": "2020-09-11T15:23:13Z",
        "value": "2769.8203125",
        "cumulative": false
    },
    {
        "date": "2020-09-11T15:23:32Z",
        "value": "2599.4375",
        "cumulative": false
    },
    {
        "date": "2020-09-11T15:23:47Z",
        "value": "2599.4296875",
        "cumulative": false
    },
    {
        "date": "2020-09-11T15:23:59Z",
        "value": "2599.4296875",
        "cumulative": false
    },
    {
        "date": "2020-09-11T15:24:16Z",
        "value": "2599.4296875",
        "cumulative": false
    },
    {
        "date": "2020-09-11T15:24:35Z",
        "value": "2599.4296875",
        "cumulative": false
    },
    {
        "date": "2020-09-11T15:24:52Z",
        "value": "2599.4296875",
        "cumulative": false
    },
    {
        "date": "2020-09-11T15:25:04Z",
        "value": "2599.46484375",
        "cumulative": false
    },
    {
        "date": "2020-09-11T15:25:18Z",
        "value": "2599.60546875",
        "cumulative": false
    },
    {
        "date": "2020-09-11T15:25:33Z",
        "value": "2723.0546875",
        "cumulative": false
    },
    {
        "date": "2020-09-11T15:25:53Z",
        "value": "2982.52734375",
        "cumulative": false
    },
    {
        "date": "2020-09-11T15:26:10Z",
        "value": "3364.77734375",
        "cumulative": false
    },
    {
        "date": "2020-09-11T15:26:22Z",
        "value": "3325.77734375",
        "cumulative": false
    },
    {
        "date": "2020-09-11T15:26:40Z",
        "value": "2982.52734375",
        "cumulative": false
    },
    {
        "date": "2020-09-11T15:26:59Z",
        "value": "2982.52734375",
        "cumulative": false
    },
    {
        "date": "2020-09-11T15:27:13Z",
        "value": "2982.55859375",
        "cumulative": false
    },
    {
        "date": "2020-09-11T15:27:24Z",
        "value": "2982.52734375",
        "cumulative": false
    },
    {
        "date": "2020-09-11T15:27:34Z",
        "value": "3260.02734375",
        "cumulative": false
    },
    {
        "date": "2020-09-11T15:27:53Z",
        "value": "2982.52734375",
        "cumulative": false
    },
    {
        "date": "2020-09-11T15:28:13Z",
        "value": "3258.65234375",
        "cumulative": false
    },
    {
        "date": "2020-09-11T15:28:27Z",
        "value": "2982.52734375",
        "cumulative": false
    },
    {
        "date": "2020-09-11T15:28:47Z",
        "value": "2982.52734375",
        "cumulative": false
    },
    {
        "date": "2020-09-11T15:29:01Z",
        "value": "2982.52734375",
        "cumulative": false
    },
    {
        "date": "2020-09-11T15:29:13Z",
        "value": "2982.52734375",
        "cumulative": false
    },
    {
        "date": "2020-09-11T15:29:24Z",
        "value": "2982.55859375",
        "cumulative": false
    },
    {
        "date": "2020-09-11T15:29:41Z",
        "value": "3019.15234375",
        "cumulative": false
    },
    {
        "date": "2020-09-11T15:30:01Z",
        "value": "3103.02734375",
        "cumulative": false
    },
    {
        "date": "2020-09-11T15:30:16Z",
        "value": "3051.52734375",
        "cumulative": false
    },
    {
        "date": "2020-09-11T15:30:31Z",
        "value": "3314.40234375",
        "cumulative": false
    },
    {
        "date": "2020-09-11T15:30:42Z",
        "value": "2982.52734375",
        "cumulative": false
    },
    {
        "date": "2020-09-11T15:30:53Z",
        "value": "2982.52734375",
        "cumulative": false
    },
    {
        "date": "2020-09-11T15:31:12Z",
        "value": "2982.52734375",
        "cumulative": false
    },
    {
        "date": "2020-09-11T15:31:25Z",
        "value": "2982.52734375",
        "cumulative": false
    },
    {
        "date": "2020-09-11T15:31:43Z",
        "value": "3524.02734375",
        "cumulative": false
    },
    {
        "date": "2020-09-11T15:31:58Z",
        "value": "3545.65234375",
        "cumulative": false
    },
    {
        "date": "2020-09-11T15:32:14Z",
        "value": "2982.52734375",
        "cumulative": false
    },
    {
        "date": "2020-09-11T15:32:26Z",
        "value": "2982.52734375",
        "cumulative": false
    },
    {
        "date": "2020-09-11T15:32:43Z",
        "value": "2982.52734375",
        "cumulative": false
    },
    {
        "date": "2020-09-11T15:32:58Z",
        "value": "2982.52734375",
        "cumulative": false
    },
    {
        "date": "2020-09-11T15:33:13Z",
        "value": "2982.52734375",
        "cumulative": false
    },
    {
        "date": "2020-09-11T15:33:27Z",
        "value": "2982.5703125",
        "cumulative": false
    },
    {
        "date": "2020-09-11T15:33:45Z",
        "value": "2982.52734375",
        "cumulative": false
    },
    {
        "date": "2020-09-11T15:33:57Z",
        "value": "2982.52734375",
        "cumulative": false
    },
    {
        "date": "2020-09-11T15:34:16Z",
        "value": "2982.64453125",
        "cumulative": false
    },
    {
        "date": "2020-09-11T15:34:27Z",
        "value": "2982.52734375",
        "cumulative": false
    },
    {
        "date": "2020-09-11T15:34:38Z",
        "value": "2982.5703125",
        "cumulative": false
    },
    {
        "date": "2020-09-11T15:34:51Z",
        "value": "3547.90234375",
        "cumulative": false
    },
    {
        "date": "2020-09-11T15:35:10Z",
        "value": "3216.77734375",
        "cumulative": false
    },
    {
        "date": "2020-09-11T15:35:26Z",
        "value": "2982.52734375",
        "cumulative": false
    },
    {
        "date": "2020-09-11T15:35:38Z",
        "value": "2982.52734375",
        "cumulative": false
    },
    {
        "date": "2020-09-11T15:35:55Z",
        "value": "2982.52734375",
        "cumulative": false
    },
    {
        "date": "2020-09-11T15:36:15Z",
        "value": "2982.52734375",
        "cumulative": false
    },
    {
        "date": "2020-09-11T15:36:26Z",
        "value": "2982.52734375",
        "cumulative": false
    },
    {
        "date": "2020-09-11T15:36:41Z",
        "value": "2982.5703125",
        "cumulative": false
    },
    {
        "date": "2020-09-11T15:36:57Z",
        "value": "2982.5703125",
        "cumulative": false
    },
    {
        "date": "2020-09-11T15:37:11Z",
        "value": "2982.52734375",
        "cumulative": false
    },
    {
        "date": "2020-09-11T15:37:26Z",
        "value": "2982.52734375",
        "cumulative": false
    },
    {
        "date": "2020-09-11T15:37:38Z",
        "value": "3340.65234375",
        "cumulative": false
    },
    {
        "date": "2020-09-11T15:37:54Z",
        "value": "3409.40234375",
        "cumulative": false
    },
    {
        "date": "2020-09-11T15:38:08Z",
        "value": "3366.52734375",
        "cumulative": false
    },
    {
        "date": "2020-09-11T15:38:23Z",
        "value": "2982.52734375",
        "cumulative": false
    },
    {
        "date": "2020-09-11T15:38:37Z",
        "value": "2982.52734375",
        "cumulative": false
    },
    {
        "date": "2020-09-11T15:38:55Z",
        "value": "2982.52734375",
        "cumulative": false
    },
    {
        "date": "2020-09-11T15:39:08Z",
        "value": "2967.58984375",
        "cumulative": false
    }
]