[
    {
        "date": "2020-09-11T14:32:37Z",
        "value": "4.00543212890625e-05",
        "cumulative": true
    },
    {
        "date": "2020-09-11T14:32:57Z",
        "value": "17.168981552124023",
        "cumulative": true
    },
    {
        "date": "2020-09-11T14:33:13Z",
        "value": "94.87784004211426",
        "cumulative": true
    },
    {
        "date": "2020-09-11T14:33:26Z",
        "value": "628.3813905715942",
        "cumulative": true
    },
    {
        "date": "2020-09-11T14:33:44Z",
        "value": "2425.6914319992065",
        "cumulative": true
    },
    {
        "date": "2020-09-11T14:34:04Z",
        "value": "4543.156541824341",
        "cumulative": true
    },
    {
        "date": "2020-09-11T14:34:15Z",
        "value": "5766.394758224487",
        "cumulative": true
    },
    {
        "date": "2020-09-11T14:34:35Z",
        "value": "8304.817224502563",
        "cumulative": true
    },
    {
        "date": "2020-09-11T14:34:54Z",
        "value": "10960.362928390503",
        "cumulative": true
    },
    {
        "date": "2020-09-11T14:35:07Z",
        "value": "11890.53148651123",
        "cumulative": true
    },
    {
        "date": "2020-09-11T14:35:19Z",
        "value": "14001.102969169617",
        "cumulative": true
    },
    {
        "date": "2020-09-11T14:35:34Z",
        "value": "15229.110410690308",
        "cumulative": true
    },
    {
        "date": "2020-09-11T14:35:45Z",
        "value": "17547.930062294006",
        "cumulative": true
    },
    {
        "date": "2020-09-11T14:35:55Z",
        "value": "18228.765025138855",
        "cumulative": true
    },
    {
        "date": "2020-09-11T14:36:06Z",
        "value": "19590.4893283844",
        "cumulative": true
    },
    {
        "date": "2020-09-11T14:36:20Z",
        "value": "22147.06211566925",
        "cumulative": true
    },
    {
        "date": "2020-09-11T14:36:31Z",
        "value": "22984.10840511322",
        "cumulative": true
    },
    {
        "date": "2020-09-11T14:36:51Z",
        "value": "25825.054292678833",
        "cumulative": true
    },
    {
        "date": "2020-09-11T14:37:10Z",
        "value": "28501.294548034668",
        "cumulative": true
    },
    {
        "date": "2020-09-11T14:37:23Z",
        "value": "29362.51582145691",
        "cumulative": true
    },
    {
        "date": "2020-09-11T14:37:37Z",
        "value": "31744.40747833252",
        "cumulative": true
    },
    {
        "date": "2020-09-11T14:37:56Z",
        "value": "35243.56605052948",
        "cumulative": true
    },
    {
        "date": "2020-09-11T14:38:07Z",
        "value": "36057.09051990509",
        "cumulative": true
    },
    {
        "date": "2020-09-11T14:38:27Z",
        "value": "37401.88948917389",
        "cumulative": true
    },
    {
        "date": "2020-09-11T14:38:43Z",
        "value": "40480.770164489746",
        "cumulative": true
    },
    {
        "date": "2020-09-11T14:38:57Z",
        "value": "43221.485010147095",
        "cumulative": true
    },
    {
        "date": "2020-09-11T14:39:07Z",
        "value": "44597.230529785156",
        "cumulative": true
    },
    {
        "date": "2020-09-11T14:39:25Z",
        "value": "45806.72579193115",
        "cumulative": true
    },
    {
        "date": "2020-09-11T14:39:40Z",
        "value": "46845.430223464966",
        "cumulative": true
    },
    {
        "date": "2020-09-11T14:39:58Z",
        "value": "49263.88380432129",
        "cumulative": true
    },
    {
        "date": "2020-09-11T14:40:15Z",
        "value": "53134.19186592102",
        "cumulative": true
    },
    {
        "date": "2020-09-11T14:40:28Z",
        "value": "55743.42012882233",
        "cumulative": true
    },
    {
        "date": "2020-09-11T14:40:48Z",
        "value": "57078.908829689026",
        "cumulative": true
    },
    {
        "date": "2020-09-11T14:41:03Z",
        "value": "58102.26664829254",
        "cumulative": true
    },
    {
        "date": "2020-09-11T14:41:18Z",
        "value": "59121.537247657776",
        "cumulative": true
    },
    {
        "date": "2020-09-11T14:41:34Z",
        "value": "60736.5601940155",
        "cumulative": true
    },
    {
        "date": "2020-09-11T14:41:48Z",
        "value": "63622.48537635803",
        "cumulative": true
    },
    {
        "date": "2020-09-11T14:42:01Z",
        "value": "66211.69004631042",
        "cumulative": true
    },
    {
        "date": "2020-09-11T14:42:17Z",
        "value": "69579.40977859497",
        "cumulative": true
    },
    {
        "date": "2020-09-11T14:42:31Z",
        "value": "71054.00418949127",
        "cumulative": true
    },
    {
        "date": "2020-09-11T14:42:50Z",
        "value": "72312.20666980743",
        "cumulative": true
    },
    {
        "date": "2020-09-11T14:43:03Z",
        "value": "73192.80781841278",
        "cumulative": true
    },
    {
        "date": "2020-09-11T14:43:21Z",
        "value": "74445.0704946518",
        "cumulative": true
    },
    {
        "date": "2020-09-11T14:43:33Z",
        "value": "75223.025765419",
        "cumulative": true
    },
    {
        "date": "2020-09-11T14:43:48Z",
        "value": "77578.62162017822",
        "cumulative": true
    },
    {
        "date": "2020-09-11T14:43:59Z",
        "value": "79913.28714561462",
        "cumulative": true
    },
    {
        "date": "2020-09-11T14:44:10Z",
        "value": "82458.3360118866",
        "cumulative": true
    },
    {
        "date": "2020-09-11T14:44:30Z",
        "value": "86662.23897361755",
        "cumulative": true
    },
    {
        "date": "2020-09-11T14:44:47Z",
        "value": "89248.63400650024",
        "cumulative": true
    },
    {
        "date": "2020-09-11T14:45:03Z",
        "value": "90304.34160041809",
        "cumulative": true
    },
    {
        "date": "2020-09-11T14:45:23Z",
        "value": "91585.00106048584",
        "cumulative": true
    },
    {
        "date": "2020-09-11T14:45:41Z",
        "value": "92745.16061210632",
        "cumulative": true
    },
    {
        "date": "2020-09-11T14:45:53Z",
        "value": "93519.25206565857",
        "cumulative": true
    },
    {
        "date": "2020-09-11T14:46:05Z",
        "value": "94297.21537017822",
        "cumulative": true
    },
    {
        "date": "2020-09-11T14:46:24Z",
        "value": "96085.04353618622",
        "cumulative": true
    },
    {
        "date": "2020-09-11T14:46:42Z",
        "value": "99779.35622310638",
        "cumulative": true
    },
    {
        "date": "2020-09-11T14:47:02Z",
        "value": "103793.845952034",
        "cumulative": true
    },
    {
        "date": "2020-09-11T14:47:14Z",
        "value": "106476.19502544403",
        "cumulative": true
    },
    {
        "date": "2020-09-11T14:47:27Z",
        "value": "109261.35085391998",
        "cumulative": true
    },
    {
        "date": "2020-09-11T14:47:44Z",
        "value": "112417.31913375854",
        "cumulative": true
    },
    {
        "date": "2020-09-11T14:48:04Z",
        "value": "113706.77186584473",
        "cumulative": true
    },
    {
        "date": "2020-09-11T14:48:20Z",
        "value": "114749.21340370178",
        "cumulative": true
    },
    {
        "date": "2020-09-11T14:48:34Z",
        "value": "115663.90965652466",
        "cumulative": true
    },
    {
        "date": "2020-09-11T14:48:51Z",
        "value": "116817.92907333374",
        "cumulative": true
    },
    {
        "date": "2020-09-11T14:49:05Z",
        "value": "117732.13744735718",
        "cumulative": true
    },
    {
        "date": "2020-09-11T14:49:20Z",
        "value": "118648.85504722595",
        "cumulative": true
    },
    {
        "date": "2020-09-11T14:49:34Z",
        "value": "119643.35058403015",
        "cumulative": true
    },
    {
        "date": "2020-09-11T14:49:48Z",
        "value": "120684.82632160187",
        "cumulative": true
    },
    {
        "date": "2020-09-11T14:50:04Z",
        "value": "124249.27513408661",
        "cumulative": true
    },
    {
        "date": "2020-09-11T14:50:19Z",
        "value": "127256.73028850555",
        "cumulative": true
    },
    {
        "date": "2020-09-11T14:50:38Z",
        "value": "131160.48919391632",
        "cumulative": true
    },
    {
        "date": "2020-09-11T14:50:50Z",
        "value": "133662.1893644333",
        "cumulative": true
    },
    {
        "date": "2020-09-11T14:51:04Z",
        "value": "136715.24606990814",
        "cumulative": true
    },
    {
        "date": "2020-09-11T14:51:15Z",
        "value": "138847.38465595245",
        "cumulative": true
    },
    {
        "date": "2020-09-11T14:51:29Z",
        "value": "141657.31399536133",
        "cumulative": true
    },
    {
        "date": "2020-09-11T14:51:40Z",
        "value": "142401.7229423523",
        "cumulative": true
    },
    {
        "date": "2020-09-11T14:51:54Z",
        "value": "143257.72265815735",
        "cumulative": true
    },
    {
        "date": "2020-09-11T14:52:06Z",
        "value": "144097.5921382904",
        "cumulative": true
    },
    {
        "date": "2020-09-11T14:52:18Z",
        "value": "144850.4080467224",
        "cumulative": true
    },
    {
        "date": "2020-09-11T14:52:36Z",
        "value": "146067.83155059814",
        "cumulative": true
    },
    {
        "date": "2020-09-11T14:52:50Z",
        "value": "146948.23322677612",
        "cumulative": true
    },
    {
        "date": "2020-09-11T14:53:06Z",
        "value": "147992.21865844727",
        "cumulative": true
    },
    {
        "date": "2020-09-11T14:53:19Z",
        "value": "148836.26199913025",
        "cumulative": true
    },
    {
        "date": "2020-09-11T14:53:35Z",
        "value": "149955.33986473083",
        "cumulative": true
    },
    {
        "date": "2020-09-11T14:53:55Z",
        "value": "151216.67586517334",
        "cumulative": true
    },
    {
        "date": "2020-09-11T14:54:14Z",
        "value": "153189.71016407013",
        "cumulative": true
    },
    {
        "date": "2020-09-11T14:54:30Z",
        "value": "156544.1391801834",
        "cumulative": true
    },
    {
        "date": "2020-09-11T14:54:41Z",
        "value": "159114.72615528107",
        "cumulative": true
    },
    {
        "date": "2020-09-11T14:54:56Z",
        "value": "162379.74862957",
        "cumulative": true
    },
    {
        "date": "2020-09-11T14:55:15Z",
        "value": "166592.5054693222",
        "cumulative": true
    },
    {
        "date": "2020-09-11T14:55:30Z",
        "value": "169538.6551618576",
        "cumulative": true
    },
    {
        "date": "2020-09-11T14:55:46Z",
        "value": "173020.1415014267",
        "cumulative": true
    },
    {
        "date": "2020-09-11T14:56:00Z",
        "value": "175958.08078289032",
        "cumulative": true
    },
    {
        "date": "2020-09-11T14:56:18Z",
        "value": "179100.02391052246",
        "cumulative": true
    },
    {
        "date": "2020-09-11T14:56:37Z",
        "value": "180365.7624759674",
        "cumulative": true
    },
    {
        "date": "2020-09-11T14:56:50Z",
        "value": "181200.5359325409",
        "cumulative": true
    },
    {
        "date": "2020-09-11T14:57:04Z",
        "value": "182166.1999206543",
        "cumulative": true
    },
    {
        "date": "2020-09-11T14:57:16Z",
        "value": "182891.31294441223",
        "cumulative": true
    },
    {
        "date": "2020-09-11T14:57:34Z",
        "value": "184088.1673965454",
        "cumulative": true
    },
    {
        "date": "2020-09-11T14:57:50Z",
        "value": "185138.62191200256",
        "cumulative": true
    },
    {
        "date": "2020-09-11T14:58:00Z",
        "value": "185845.74453735352",
        "cumulative": true
    },
    {
        "date": "2020-09-11T14:58:14Z",
        "value": "186798.1481399536",
        "cumulative": true
    },
    {
        "date": "2020-09-11T14:58:25Z",
        "value": "187505.27287864685",
        "cumulative": true
    },
    {
        "date": "2020-09-11T14:58:40Z",
        "value": "188459.13370513916",
        "cumulative": true
    },
    {
        "date": "2020-09-11T14:58:50Z",
        "value": "189132.76845169067",
        "cumulative": true
    },
    {
        "date": "2020-09-11T14:59:09Z",
        "value": "190428.83570671082",
        "cumulative": true
    },
    {
        "date": "2020-09-11T14:59:28Z",
        "value": "191686.89210128784",
        "cumulative": true
    },
    {
        "date": "2020-09-11T14:59:41Z",
        "value": "193500.3616552353",
        "cumulative": true
    },
    {
        "date": "2020-09-11T14:59:51Z",
        "value": "195729.78842067719",
        "cumulative": true
    },
    {
        "date": "2020-09-11T15:00:05Z",
        "value": "198890.8809041977",
        "cumulative": true
    },
    {
        "date": "2020-09-11T15:00:17Z",
        "value": "201454.6439886093",
        "cumulative": true
    },
    {
        "date": "2020-09-11T15:00:31Z",
        "value": "204554.22956943512",
        "cumulative": true
    },
    {
        "date": "2020-09-11T15:00:43Z",
        "value": "207113.8198709488",
        "cumulative": true
    },
    {
        "date": "2020-09-11T15:00:53Z",
        "value": "209358.26367855072",
        "cumulative": true
    },
    {
        "date": "2020-09-11T15:01:11Z",
        "value": "213407.11209583282",
        "cumulative": true
    },
    {
        "date": "2020-09-11T15:01:22Z",
        "value": "215987.17843151093",
        "cumulative": true
    },
    {
        "date": "2020-09-11T15:01:34Z",
        "value": "218470.86510181427",
        "cumulative": true
    },
    {
        "date": "2020-09-11T15:01:47Z",
        "value": "221227.9618883133",
        "cumulative": true
    },
    {
        "date": "2020-09-11T15:01:59Z",
        "value": "223776.91663646698",
        "cumulative": true
    },
    {
        "date": "2020-09-11T15:02:10Z",
        "value": "225979.13257217407",
        "cumulative": true
    },
    {
        "date": "2020-09-11T15:02:22Z",
        "value": "226770.66359329224",
        "cumulative": true
    },
    {
        "date": "2020-09-11T15:02:41Z",
        "value": "228098.97912216187",
        "cumulative": true
    },
    {
        "date": "2020-09-11T15:03:00Z",
        "value": "229307.09889411926",
        "cumulative": true
    },
    {
        "date": "2020-09-11T15:03:15Z",
        "value": "230295.82727622986",
        "cumulative": true
    },
    {
        "date": "2020-09-11T15:03:25Z",
        "value": "230975.60153198242",
        "cumulative": true
    },
    {
        "date": "2020-09-11T15:03:39Z",
        "value": "231949.1890258789",
        "cumulative": true
    },
    {
        "date": "2020-09-11T15:03:59Z",
        "value": "233289.02550125122",
        "cumulative": true
    },
    {
        "date": "2020-09-11T15:04:11Z",
        "value": "234125.6448879242",
        "cumulative": true
    },
    {
        "date": "2020-09-11T15:04:24Z",
        "value": "234963.10870742798",
        "cumulative": true
    },
    {
        "date": "2020-09-11T15:04:37Z",
        "value": "235717.394323349",
        "cumulative": true
    },
    {
        "date": "2020-09-11T15:04:53Z",
        "value": "236800.77720451355",
        "cumulative": true
    },
    {
        "date": "2020-09-11T15:05:08Z",
        "value": "237760.12986946106",
        "cumulative": true
    },
    {
        "date": "2020-09-11T15:05:22Z",
        "value": "238709.11685943604",
        "cumulative": true
    },
    {
        "date": "2020-09-11T15:05:35Z",
        "value": "239601.21973991394",
        "cumulative": true
    },
    {
        "date": "2020-09-11T15:05:46Z",
        "value": "240313.93305397034",
        "cumulative": true
    },
    {
        "date": "2020-09-11T15:05:59Z",
        "value": "241059.6495475769",
        "cumulative": true
    },
    {
        "date": "2020-09-11T15:06:13Z",
        "value": "242055.22295570374",
        "cumulative": true
    },
    {
        "date": "2020-09-11T15:06:28Z",
        "value": "244008.10856056213",
        "cumulative": true
    },
    {
        "date": "2020-09-11T15:06:42Z",
        "value": "247092.36820793152",
        "cumulative": true
    },
    {
        "date": "2020-09-11T15:06:53Z",
        "value": "249827.10992622375",
        "cumulative": true
    },
    {
        "date": "2020-09-11T15:07:08Z",
        "value": "252894.67506217957",
        "cumulative": true
    },
    {
        "date": "2020-09-11T15:07:20Z",
        "value": "255458.26460456848",
        "cumulative": true
    },
    {
        "date": "2020-09-11T15:07:38Z",
        "value": "259515.15720558167",
        "cumulative": true
    },
    {
        "date": "2020-09-11T15:07:52Z",
        "value": "262373.23693084717",
        "cumulative": true
    },
    {
        "date": "2020-09-11T15:08:06Z",
        "value": "265647.2372074127",
        "cumulative": true
    },
    {
        "date": "2020-09-11T15:08:21Z",
        "value": "268892.99283981323",
        "cumulative": true
    },
    {
        "date": "2020-09-11T15:08:39Z",
        "value": "272603.7663631439",
        "cumulative": true
    },
    {
        "date": "2020-09-11T15:08:55Z",
        "value": "276132.53926849365",
        "cumulative": true
    },
    {
        "date": "2020-09-11T15:09:08Z",
        "value": "278919.8831310272",
        "cumulative": true
    },
    {
        "date": "2020-09-11T15:09:18Z",
        "value": "281260.38952445984",
        "cumulative": true
    },
    {
        "date": "2020-09-11T15:09:29Z",
        "value": "283627.58658218384",
        "cumulative": true
    },
    {
        "date": "2020-09-11T15:09:43Z",
        "value": "285763.1742181778",
        "cumulative": true
    },
    {
        "date": "2020-09-11T15:10:01Z",
        "value": "286935.39021778107",
        "cumulative": true
    },
    {
        "date": "2020-09-11T15:10:14Z",
        "value": "287893.32045841217",
        "cumulative": true
    },
    {
        "date": "2020-09-11T15:10:31Z",
        "value": "289025.7471113205",
        "cumulative": true
    },
    {
        "date": "2020-09-11T15:10:50Z",
        "value": "290299.55871105194",
        "cumulative": true
    },
    {
        "date": "2020-09-11T15:11:03Z",
        "value": "291259.2458868027",
        "cumulative": true
    },
    {
        "date": "2020-09-11T15:11:23Z",
        "value": "292543.4523572922",
        "cumulative": true
    },
    {
        "date": "2020-09-11T15:11:33Z",
        "value": "293225.65483379364",
        "cumulative": true
    },
    {
        "date": "2020-09-11T15:11:49Z",
        "value": "294308.29169368744",
        "cumulative": true
    },
    {
        "date": "2020-09-11T15:12:00Z",
        "value": "295095.3699235916",
        "cumulative": true
    },
    {
        "date": "2020-09-11T15:12:12Z",
        "value": "295914.9748811722",
        "cumulative": true
    },
    {
        "date": "2020-09-11T15:12:28Z",
        "value": "297002.13214588165",
        "cumulative": true
    },
    {
        "date": "2020-09-11T15:12:48Z",
        "value": "298278.7099981308",
        "cumulative": true
    },
    {
        "date": "2020-09-11T15:13:06Z",
        "value": "299507.5559473038",
        "cumulative": true
    },
    {
        "date": "2020-09-11T15:13:21Z",
        "value": "300563.80655002594",
        "cumulative": true
    },
    {
        "date": "2020-09-11T15:13:39Z",
        "value": "301702.5610742569",
        "cumulative": true
    },
    {
        "date": "2020-09-11T15:13:50Z",
        "value": "302467.0054502487",
        "cumulative": true
    },
    {
        "date": "2020-09-11T15:14:03Z",
        "value": "303328.48441791534",
        "cumulative": true
    },
    {
        "date": "2020-09-11T15:14:13Z",
        "value": "304016.4509630203",
        "cumulative": true
    },
    {
        "date": "2020-09-11T15:14:27Z",
        "value": "305007.2444829941",
        "cumulative": true
    },
    {
        "date": "2020-09-11T15:14:42Z",
        "value": "305947.57426166534",
        "cumulative": true
    },
    {
        "date": "2020-09-11T15:14:52Z",
        "value": "307024.5863876343",
        "cumulative": true
    },
    {
        "date": "2020-09-11T15:15:02Z",
        "value": "309174.5370025635",
        "cumulative": true
    },
    {
        "date": "2020-09-11T15:15:21Z",
        "value": "313368.97832107544",
        "cumulative": true
    },
    {
        "date": "2020-09-11T15:15:35Z",
        "value": "316546.87594795227",
        "cumulative": true
    },
    {
        "date": "2020-09-11T15:15:47Z",
        "value": "318965.56576538086",
        "cumulative": true
    },
    {
        "date": "2020-09-11T15:16:01Z",
        "value": "322125.20300483704",
        "cumulative": true
    },
    {
        "date": "2020-09-11T15:16:15Z",
        "value": "325137.7019023895",
        "cumulative": true
    },
    {
        "date": "2020-09-11T15:16:26Z",
        "value": "327803.15629959106",
        "cumulative": true
    },
    {
        "date": "2020-09-11T15:16:41Z",
        "value": "330856.2415370941",
        "cumulative": true
    },
    {
        "date": "2020-09-11T15:16:54Z",
        "value": "333719.43855667114",
        "cumulative": true
    },
    {
        "date": "2020-09-11T15:17:11Z",
        "value": "337738.0722732544",
        "cumulative": true
    },
    {
        "date": "2020-09-11T15:17:26Z",
        "value": "340965.65583229065",
        "cumulative": true
    },
    {
        "date": "2020-09-11T15:17:40Z",
        "value": "344137.1737937927",
        "cumulative": true
    },
    {
        "date": "2020-09-11T15:18:00Z",
        "value": "347978.0326728821",
        "cumulative": true
    },
    {
        "date": "2020-09-11T15:18:12Z",
        "value": "350895.23300743103",
        "cumulative": true
    },
    {
        "date": "2020-09-11T15:18:27Z",
        "value": "354327.08990097046",
        "cumulative": true
    },
    {
        "date": "2020-09-11T15:18:44Z",
        "value": "358139.0354385376",
        "cumulative": true
    },
    {
        "date": "2020-09-11T15:19:01Z",
        "value": "360748.79925632477",
        "cumulative": true
    },
    {
        "date": "2020-09-11T15:19:15Z",
        "value": "361712.66226673126",
        "cumulative": true
    },
    {
        "date": "2020-09-11T15:19:34Z",
        "value": "363032.1320848465",
        "cumulative": true
    },
    {
        "date": "2020-09-11T15:19:49Z",
        "value": "363947.7604703903",
        "cumulative": true
    },
    {
        "date": "2020-09-11T15:20:01Z",
        "value": "364842.9737215042",
        "cumulative": true
    },
    {
        "date": "2020-09-11T15:20:17Z",
        "value": "365814.88137340546",
        "cumulative": true
    },
    {
        "date": "2020-09-11T15:20:28Z",
        "value": "366567.74430179596",
        "cumulative": true
    },
    {
        "date": "2020-09-11T15:20:45Z",
        "value": "367699.49042606354",
        "cumulative": true
    },
    {
        "date": "2020-09-11T15:20:57Z",
        "value": "368552.98041820526",
        "cumulative": true
    },
    {
        "date": "2020-09-11T15:21:10Z",
        "value": "369450.7912569046",
        "cumulative": true
    },
    {
        "date": "2020-09-11T15:21:26Z",
        "value": "370560.28743457794",
        "cumulative": true
    },
    {
        "date": "2020-09-11T15:21:38Z",
        "value": "371351.8898630142",
        "cumulative": true
    },
    {
        "date": "2020-09-11T15:21:54Z",
        "value": "372417.79927539825",
        "cumulative": true
    },
    {
        "date": "2020-09-11T15:22:04Z",
        "value": "373153.26726055145",
        "cumulative": true
    },
    {
        "date": "2020-09-11T15:22:19Z",
        "value": "374048.9381132126",
        "cumulative": true
    },
    {
        "date": "2020-09-11T15:22:38Z",
        "value": "375356.6250009537",
        "cumulative": true
    },
    {
        "date": "2020-09-11T15:22:56Z",
        "value": "376522.502661705",
        "cumulative": true
    },
    {
        "date": "2020-09-11T15:23:12Z",
        "value": "377574.5257730484",
        "cumulative": true
    },
    {
        "date": "2020-09-11T15:23:23Z",
        "value": "378283.8932466507",
        "cumulative": true
    },
    {
        "date": "2020-09-11T15:23:38Z",
        "value": "379322.9941549301",
        "cumulative": true
    },
    {
        "date": "2020-09-11T15:23:55Z",
        "value": "380417.3685865402",
        "cumulative": true
    },
    {
        "date": "2020-09-11T15:24:05Z",
        "value": "381121.96275806427",
        "cumulative": true
    },
    {
        "date": "2020-09-11T15:24:16Z",
        "value": "381825.20923900604",
        "cumulative": true
    },
    {
        "date": "2020-09-11T15:24:31Z",
        "value": "382837.34344387054",
        "cumulative": true
    },
    {
        "date": "2020-09-11T15:24:46Z",
        "value": "383858.1506681442",
        "cumulative": true
    },
    {
        "date": "2020-09-11T15:25:03Z",
        "value": "384991.77164554596",
        "cumulative": true
    },
    {
        "date": "2020-09-11T15:25:19Z",
        "value": "386058.67706394196",
        "cumulative": true
    },
    {
        "date": "2020-09-11T15:25:38Z",
        "value": "387945.724234581",
        "cumulative": true
    },
    {
        "date": "2020-09-11T15:25:52Z",
        "value": "391310.60632038116",
        "cumulative": true
    },
    {
        "date": "2020-09-11T15:26:08Z",
        "value": "395020.05532360077",
        "cumulative": true
    },
    {
        "date": "2020-09-11T15:26:26Z",
        "value": "398698.6028852463",
        "cumulative": true
    },
    {
        "date": "2020-09-11T15:26:44Z",
        "value": "402770.27358341217",
        "cumulative": true
    },
    {
        "date": "2020-09-11T15:26:59Z",
        "value": "406098.05327129364",
        "cumulative": true
    },
    {
        "date": "2020-09-11T15:27:12Z",
        "value": "408850.9896707535",
        "cumulative": true
    },
    {
        "date": "2020-09-11T15:27:32Z",
        "value": "413068.6154794693",
        "cumulative": true
    },
    {
        "date": "2020-09-11T15:27:42Z",
        "value": "415316.86943149567",
        "cumulative": true
    },
    {
        "date": "2020-09-11T15:27:56Z",
        "value": "418329.0066385269",
        "cumulative": true
    },
    {
        "date": "2020-09-11T15:28:15Z",
        "value": "422429.74068546295",
        "cumulative": true
    },
    {
        "date": "2020-09-11T15:28:33Z",
        "value": "426397.9401254654",
        "cumulative": true
    },
    {
        "date": "2020-09-11T15:28:50Z",
        "value": "430022.4909276962",
        "cumulative": true
    },
    {
        "date": "2020-09-11T15:29:10Z",
        "value": "434455.20637607574",
        "cumulative": true
    },
    {
        "date": "2020-09-11T15:29:26Z",
        "value": "437971.16166973114",
        "cumulative": true
    },
    {
        "date": "2020-09-11T15:29:44Z",
        "value": "441848.8055295944",
        "cumulative": true
    },
    {
        "date": "2020-09-11T15:30:02Z",
        "value": "445937.55589580536",
        "cumulative": true
    },
    {
        "date": "2020-09-11T15:30:19Z",
        "value": "449532.1644296646",
        "cumulative": true
    },
    {
        "date": "2020-09-11T15:30:29Z",
        "value": "451720.037106514",
        "cumulative": true
    },
    {
        "date": "2020-09-11T15:30:39Z",
        "value": "454166.1842737198",
        "cumulative": true
    },
    {
        "date": "2020-09-11T15:30:55Z",
        "value": "455812.11367225647",
        "cumulative": true
    },
    {
        "date": "2020-09-11T15:31:06Z",
        "value": "456523.88692855835",
        "cumulative": true
    },
    {
        "date": "2020-09-11T15:31:21Z",
        "value": "457544.51486587524",
        "cumulative": true
    },
    {
        "date": "2020-09-11T15:31:33Z",
        "value": "458471.82505607605",
        "cumulative": true
    },
    {
        "date": "2020-09-11T15:31:50Z",
        "value": "459589.17010879517",
        "cumulative": true
    },
    {
        "date": "2020-09-11T15:32:07Z",
        "value": "460829.02150535583",
        "cumulative": true
    },
    {
        "date": "2020-09-11T15:32:18Z",
        "value": "461532.1156864166",
        "cumulative": true
    },
    {
        "date": "2020-09-11T15:32:33Z",
        "value": "462557.4762649536",
        "cumulative": true
    },
    {
        "date": "2020-09-11T15:32:48Z",
        "value": "463600.45193481445",
        "cumulative": true
    },
    {
        "date": "2020-09-11T15:33:08Z",
        "value": "464965.40158462524",
        "cumulative": true
    },
    {
        "date": "2020-09-11T15:33:27Z",
        "value": "466230.60636520386",
        "cumulative": true
    },
    {
        "date": "2020-09-11T15:33:42Z",
        "value": "467276.84318351746",
        "cumulative": true
    },
    {
        "date": "2020-09-11T15:33:57Z",
        "value": "468277.635219574",
        "cumulative": true
    },
    {
        "date": "2020-09-11T15:34:15Z",
        "value": "469596.58777809143",
        "cumulative": true
    },
    {
        "date": "2020-09-11T15:34:25Z",
        "value": "470271.302696228",
        "cumulative": true
    },
    {
        "date": "2020-09-11T15:34:45Z",
        "value": "471622.5889816284",
        "cumulative": true
    },
    {
        "date": "2020-09-11T15:34:56Z",
        "value": "472297.3588581085",
        "cumulative": true
    },
    {
        "date": "2020-09-11T15:35:06Z",
        "value": "472980.6358604431",
        "cumulative": true
    },
    {
        "date": "2020-09-11T15:35:25Z",
        "value": "474325.76297569275",
        "cumulative": true
    },
    {
        "date": "2020-09-11T15:35:41Z",
        "value": "475348.90738105774",
        "cumulative": true
    },
    {
        "date": "2020-09-11T15:35:55Z",
        "value": "476362.93015670776",
        "cumulative": true
    },
    {
        "date": "2020-09-11T15:36:11Z",
        "value": "477416.31086730957",
        "cumulative": true
    },
    {
        "date": "2020-09-11T15:36:22Z",
        "value": "478140.36350250244",
        "cumulative": true
    },
    {
        "date": "2020-09-11T15:36:33Z",
        "value": "478844.77168655396",
        "cumulative": true
    },
    {
        "date": "2020-09-11T15:36:45Z",
        "value": "479717.61887168884",
        "cumulative": true
    },
    {
        "date": "2020-09-11T15:37:00Z",
        "value": "480766.4030227661",
        "cumulative": true
    },
    {
        "date": "2020-09-11T15:37:12Z",
        "value": "481568.94497680664",
        "cumulative": true
    },
    {
        "date": "2020-09-11T15:37:27Z",
        "value": "482751.1652469635",
        "cumulative": true
    },
    {
        "date": "2020-09-11T15:37:41Z",
        "value": "483533.19275665283",
        "cumulative": true
    },
    {
        "date": "2020-09-11T15:37:55Z",
        "value": "484479.88677597046",
        "cumulative": true
    },
    {
        "date": "2020-09-11T15:38:12Z",
        "value": "485611.98836898804",
        "cumulative": true
    },
    {
        "date": "2020-09-11T15:38:23Z",
        "value": "486453.0139904022",
        "cumulative": true
    },
    {
        "date": "2020-09-11T15:38:40Z",
        "value": "487504.57873535156",
        "cumulative": true
    },
    {
        "date": "2020-09-11T15:38:57Z",
        "value": "488661.41792678833",
        "cumulative": true
    }
]