[
    {
        "date": "2020-09-11T14:32:44Z",
        "value": "2.8203125",
        "cumulative": false
    },
    {
        "date": "2020-09-11T14:33:02Z",
        "value": "1055.44140625",
        "cumulative": false
    },
    {
        "date": "2020-09-11T14:33:19Z",
        "value": "1055.6484375",
        "cumulative": false
    },
    {
        "date": "2020-09-11T14:33:33Z",
        "value": "1061.87109375",
        "cumulative": false
    },
    {
        "date": "2020-09-11T14:33:51Z",
        "value": "1074.33203125",
        "cumulative": false
    },
    {
        "date": "2020-09-11T14:34:01Z",
        "value": "1078.875",
        "cumulative": false
    },
    {
        "date": "2020-09-11T14:34:20Z",
        "value": "1091.90234375",
        "cumulative": false
    },
    {
        "date": "2020-09-11T14:34:36Z",
        "value": "1102.43359375",
        "cumulative": false
    },
    {
        "date": "2020-09-11T14:34:53Z",
        "value": "1114.35546875",
        "cumulative": false
    },
    {
        "date": "2020-09-11T14:35:03Z",
        "value": "1117.2109375",
        "cumulative": false
    },
    {
        "date": "2020-09-11T14:35:15Z",
        "value": "1129.4140625",
        "cumulative": false
    },
    {
        "date": "2020-09-11T14:35:34Z",
        "value": "1148.42578125",
        "cumulative": false
    },
    {
        "date": "2020-09-11T14:35:48Z",
        "value": "1152.9921875",
        "cumulative": false
    },
    {
        "date": "2020-09-11T14:36:05Z",
        "value": "1186.453125",
        "cumulative": false
    },
    {
        "date": "2020-09-11T14:36:17Z",
        "value": "1186.453125",
        "cumulative": false
    },
    {
        "date": "2020-09-11T14:36:29Z",
        "value": "1186.453125",
        "cumulative": false
    },
    {
        "date": "2020-09-11T14:36:45Z",
        "value": "1238.16796875",
        "cumulative": false
    },
    {
        "date": "2020-09-11T14:36:58Z",
        "value": "1238.16796875",
        "cumulative": false
    },
    {
        "date": "2020-09-11T14:37:09Z",
        "value": "1238.16796875",
        "cumulative": false
    },
    {
        "date": "2020-09-11T14:37:28Z",
        "value": "1238.16796875",
        "cumulative": false
    },
    {
        "date": "2020-09-11T14:37:39Z",
        "value": "1303.15625",
        "cumulative": false
    },
    {
        "date": "2020-09-11T14:37:52Z",
        "value": "1303.15625",
        "cumulative": false
    },
    {
        "date": "2020-09-11T14:38:11Z",
        "value": "1303.15625",
        "cumulative": false
    },
    {
        "date": "2020-09-11T14:38:25Z",
        "value": "1303.15625",
        "cumulative": false
    },
    {
        "date": "2020-09-11T14:38:37Z",
        "value": "1340.484375",
        "cumulative": false
    },
    {
        "date": "2020-09-11T14:38:48Z",
        "value": "1340.52734375",
        "cumulative": false
    },
    {
        "date": "2020-09-11T14:39:06Z",
        "value": "1340.484375",
        "cumulative": false
    },
    {
        "date": "2020-09-11T14:39:25Z",
        "value": "1340.484375",
        "cumulative": false
    },
    {
        "date": "2020-09-11T14:39:43Z",
        "value": "1340.4765625",
        "cumulative": false
    },
    {
        "date": "2020-09-11T14:39:56Z",
        "value": "1387.375",
        "cumulative": false
    },
    {
        "date": "2020-09-11T14:40:12Z",
        "value": "1387.375",
        "cumulative": false
    },
    {
        "date": "2020-09-11T14:40:31Z",
        "value": "1387.37890625",
        "cumulative": false
    },
    {
        "date": "2020-09-11T14:40:43Z",
        "value": "1387.37890625",
        "cumulative": false
    },
    {
        "date": "2020-09-11T14:40:57Z",
        "value": "1387.37890625",
        "cumulative": false
    },
    {
        "date": "2020-09-11T14:41:17Z",
        "value": "1387.37890625",
        "cumulative": false
    },
    {
        "date": "2020-09-11T14:41:31Z",
        "value": "1446.703125",
        "cumulative": false
    },
    {
        "date": "2020-09-11T14:41:43Z",
        "value": "1446.76953125",
        "cumulative": false
    },
    {
        "date": "2020-09-11T14:42:01Z",
        "value": "1446.703125",
        "cumulative": false
    },
    {
        "date": "2020-09-11T14:42:19Z",
        "value": "1446.71875",
        "cumulative": false
    },
    {
        "date": "2020-09-11T14:42:35Z",
        "value": "1473.76953125",
        "cumulative": false
    },
    {
        "date": "2020-09-11T14:42:51Z",
        "value": "1506.14453125",
        "cumulative": false
    },
    {
        "date": "2020-09-11T14:43:02Z",
        "value": "1446.9609375",
        "cumulative": false
    },
    {
        "date": "2020-09-11T14:43:17Z",
        "value": "1456.51953125",
        "cumulative": false
    },
    {
        "date": "2020-09-11T14:43:37Z",
        "value": "1446.9609375",
        "cumulative": false
    },
    {
        "date": "2020-09-11T14:43:55Z",
        "value": "1521.8203125",
        "cumulative": false
    },
    {
        "date": "2020-09-11T14:44:07Z",
        "value": "1521.8203125",
        "cumulative": false
    },
    {
        "date": "2020-09-11T14:44:19Z",
        "value": "1521.8203125",
        "cumulative": false
    },
    {
        "date": "2020-09-11T14:44:35Z",
        "value": "1521.796875",
        "cumulative": false
    },
    {
        "date": "2020-09-11T14:44:51Z",
        "value": "1521.91015625",
        "cumulative": false
    },
    {
        "date": "2020-09-11T14:45:10Z",
        "value": "1559.96875",
        "cumulative": false
    },
    {
        "date": "2020-09-11T14:45:20Z",
        "value": "1549.328125",
        "cumulative": false
    },
    {
        "date": "2020-09-11T14:45:38Z",
        "value": "1521.97265625",
        "cumulative": false
    },
    {
        "date": "2020-09-11T14:45:52Z",
        "value": "1521.97265625",
        "cumulative": false
    },
    {
        "date": "2020-09-11T14:46:06Z",
        "value": "1521.796875",
        "cumulative": false
    },
    {
        "date": "2020-09-11T14:46:20Z",
        "value": "1521.796875",
        "cumulative": false
    },
    {
        "date": "2020-09-11T14:46:36Z",
        "value": "1616.37109375",
        "cumulative": false
    },
    {
        "date": "2020-09-11T14:46:50Z",
        "value": "1616.3984375",
        "cumulative": false
    },
    {
        "date": "2020-09-11T14:47:00Z",
        "value": "1616.453125",
        "cumulative": false
    },
    {
        "date": "2020-09-11T14:47:16Z",
        "value": "1635.99609375",
        "cumulative": false
    },
    {
        "date": "2020-09-11T14:47:27Z",
        "value": "1616.37109375",
        "cumulative": false
    },
    {
        "date": "2020-09-11T14:47:43Z",
        "value": "1616.42578125",
        "cumulative": false
    },
    {
        "date": "2020-09-11T14:47:57Z",
        "value": "1616.37109375",
        "cumulative": false
    },
    {
        "date": "2020-09-11T14:48:12Z",
        "value": "1616.37109375",
        "cumulative": false
    },
    {
        "date": "2020-09-11T14:48:23Z",
        "value": "1616.4765625",
        "cumulative": false
    },
    {
        "date": "2020-09-11T14:48:40Z",
        "value": "1616.37109375",
        "cumulative": false
    },
    {
        "date": "2020-09-11T14:48:57Z",
        "value": "1616.37109375",
        "cumulative": false
    },
    {
        "date": "2020-09-11T14:49:10Z",
        "value": "1616.37109375",
        "cumulative": false
    },
    {
        "date": "2020-09-11T14:49:29Z",
        "value": "1616.47265625",
        "cumulative": false
    },
    {
        "date": "2020-09-11T14:49:43Z",
        "value": "1616.47265625",
        "cumulative": false
    },
    {
        "date": "2020-09-11T14:49:54Z",
        "value": "1747.44140625",
        "cumulative": false
    },
    {
        "date": "2020-09-11T14:50:05Z",
        "value": "1735.81640625",
        "cumulative": false
    },
    {
        "date": "2020-09-11T14:50:25Z",
        "value": "1735.82421875",
        "cumulative": false
    },
    {
        "date": "2020-09-11T14:50:37Z",
        "value": "1735.8203125",
        "cumulative": false
    },
    {
        "date": "2020-09-11T14:50:54Z",
        "value": "1735.81640625",
        "cumulative": false
    },
    {
        "date": "2020-09-11T14:51:11Z",
        "value": "1735.81640625",
        "cumulative": false
    },
    {
        "date": "2020-09-11T14:51:30Z",
        "value": "1735.81640625",
        "cumulative": false
    },
    {
        "date": "2020-09-11T14:51:46Z",
        "value": "1795.5546875",
        "cumulative": false
    },
    {
        "date": "2020-09-11T14:52:00Z",
        "value": "1910.06640625",
        "cumulative": false
    },
    {
        "date": "2020-09-11T14:52:13Z",
        "value": "1735.81640625",
        "cumulative": false
    },
    {
        "date": "2020-09-11T14:52:26Z",
        "value": "1735.92578125",
        "cumulative": false
    },
    {
        "date": "2020-09-11T14:52:44Z",
        "value": "1735.81640625",
        "cumulative": false
    },
    {
        "date": "2020-09-11T14:52:55Z",
        "value": "1735.81640625",
        "cumulative": false
    },
    {
        "date": "2020-09-11T14:53:10Z",
        "value": "1735.8828125",
        "cumulative": false
    },
    {
        "date": "2020-09-11T14:53:28Z",
        "value": "1735.81640625",
        "cumulative": false
    },
    {
        "date": "2020-09-11T14:53:41Z",
        "value": "1735.8828125",
        "cumulative": false
    },
    {
        "date": "2020-09-11T14:53:55Z",
        "value": "1735.81640625",
        "cumulative": false
    },
    {
        "date": "2020-09-11T14:54:13Z",
        "value": "2015.4609375",
        "cumulative": false
    },
    {
        "date": "2020-09-11T14:54:25Z",
        "value": "1997.2109375",
        "cumulative": false
    },
    {
        "date": "2020-09-11T14:54:38Z",
        "value": "1886.6796875",
        "cumulative": false
    },
    {
        "date": "2020-09-11T14:54:55Z",
        "value": "1886.5859375",
        "cumulative": false
    },
    {
        "date": "2020-09-11T14:55:08Z",
        "value": "1886.6796875",
        "cumulative": false
    },
    {
        "date": "2020-09-11T14:55:27Z",
        "value": "1993.7109375",
        "cumulative": false
    },
    {
        "date": "2020-09-11T14:55:41Z",
        "value": "1886.5859375",
        "cumulative": false
    },
    {
        "date": "2020-09-11T14:55:58Z",
        "value": "1886.5859375",
        "cumulative": false
    },
    {
        "date": "2020-09-11T14:56:11Z",
        "value": "1886.6796875",
        "cumulative": false
    },
    {
        "date": "2020-09-11T14:56:27Z",
        "value": "2105.3359375",
        "cumulative": false
    },
    {
        "date": "2020-09-11T14:56:43Z",
        "value": "1886.5859375",
        "cumulative": false
    },
    {
        "date": "2020-09-11T14:56:55Z",
        "value": "1886.6015625",
        "cumulative": false
    },
    {
        "date": "2020-09-11T14:57:05Z",
        "value": "1886.6015625",
        "cumulative": false
    },
    {
        "date": "2020-09-11T14:57:21Z",
        "value": "1886.5859375",
        "cumulative": false
    },
    {
        "date": "2020-09-11T14:57:35Z",
        "value": "1886.5859375",
        "cumulative": false
    },
    {
        "date": "2020-09-11T14:57:45Z",
        "value": "2079.9609375",
        "cumulative": false
    },
    {
        "date": "2020-09-11T14:58:01Z",
        "value": "2000.8359375",
        "cumulative": false
    },
    {
        "date": "2020-09-11T14:58:11Z",
        "value": "1961.8046875",
        "cumulative": false
    },
    {
        "date": "2020-09-11T14:58:28Z",
        "value": "1993.4609375",
        "cumulative": false
    },
    {
        "date": "2020-09-11T14:58:43Z",
        "value": "1946.8359375",
        "cumulative": false
    },
    {
        "date": "2020-09-11T14:58:53Z",
        "value": "2098.9609375",
        "cumulative": false
    },
    {
        "date": "2020-09-11T14:59:03Z",
        "value": "1886.5859375",
        "cumulative": false
    },
    {
        "date": "2020-09-11T14:59:21Z",
        "value": "2062.7109375",
        "cumulative": false
    },
    {
        "date": "2020-09-11T14:59:33Z",
        "value": "1886.6015625",
        "cumulative": false
    },
    {
        "date": "2020-09-11T14:59:52Z",
        "value": "2077.0078125",
        "cumulative": false
    },
    {
        "date": "2020-09-11T15:00:02Z",
        "value": "2250.65234375",
        "cumulative": false
    },
    {
        "date": "2020-09-11T15:00:19Z",
        "value": "2076.90234375",
        "cumulative": false
    },
    {
        "date": "2020-09-11T15:00:31Z",
        "value": "2107.65234375",
        "cumulative": false
    },
    {
        "date": "2020-09-11T15:00:44Z",
        "value": "2166.15234375",
        "cumulative": false
    },
    {
        "date": "2020-09-11T15:00:56Z",
        "value": "2076.9453125",
        "cumulative": false
    },
    {
        "date": "2020-09-11T15:01:07Z",
        "value": "2077.0078125",
        "cumulative": false
    },
    {
        "date": "2020-09-11T15:01:27Z",
        "value": "2076.90234375",
        "cumulative": false
    },
    {
        "date": "2020-09-11T15:01:38Z",
        "value": "2076.90234375",
        "cumulative": false
    },
    {
        "date": "2020-09-11T15:01:53Z",
        "value": "2266.90234375",
        "cumulative": false
    },
    {
        "date": "2020-09-11T15:02:06Z",
        "value": "2076.90234375",
        "cumulative": false
    },
    {
        "date": "2020-09-11T15:02:22Z",
        "value": "2076.94140625",
        "cumulative": false
    },
    {
        "date": "2020-09-11T15:02:34Z",
        "value": "2076.94140625",
        "cumulative": false
    },
    {
        "date": "2020-09-11T15:02:48Z",
        "value": "2076.91015625",
        "cumulative": false
    },
    {
        "date": "2020-09-11T15:03:04Z",
        "value": "2076.91015625",
        "cumulative": false
    },
    {
        "date": "2020-09-11T15:03:19Z",
        "value": "2330.53515625",
        "cumulative": false
    },
    {
        "date": "2020-09-11T15:03:31Z",
        "value": "2076.91015625",
        "cumulative": false
    },
    {
        "date": "2020-09-11T15:03:49Z",
        "value": "2076.94140625",
        "cumulative": false
    },
    {
        "date": "2020-09-11T15:04:08Z",
        "value": "2076.91015625",
        "cumulative": false
    },
    {
        "date": "2020-09-11T15:04:21Z",
        "value": "2076.91015625",
        "cumulative": false
    },
    {
        "date": "2020-09-11T15:04:34Z",
        "value": "2076.91015625",
        "cumulative": false
    },
    {
        "date": "2020-09-11T15:04:49Z",
        "value": "2076.94140625",
        "cumulative": false
    },
    {
        "date": "2020-09-11T15:05:02Z",
        "value": "2076.91015625",
        "cumulative": false
    },
    {
        "date": "2020-09-11T15:05:12Z",
        "value": "2076.91015625",
        "cumulative": false
    },
    {
        "date": "2020-09-11T15:05:24Z",
        "value": "2076.91015625",
        "cumulative": false
    },
    {
        "date": "2020-09-11T15:05:41Z",
        "value": "2076.94140625",
        "cumulative": false
    },
    {
        "date": "2020-09-11T15:05:53Z",
        "value": "2076.91015625",
        "cumulative": false
    },
    {
        "date": "2020-09-11T15:06:06Z",
        "value": "2076.91015625",
        "cumulative": false
    },
    {
        "date": "2020-09-11T15:06:23Z",
        "value": "2317.375",
        "cumulative": false
    },
    {
        "date": "2020-09-11T15:06:38Z",
        "value": "2553.3828125",
        "cumulative": false
    },
    {
        "date": "2020-09-11T15:06:53Z",
        "value": "2317.37109375",
        "cumulative": false
    },
    {
        "date": "2020-09-11T15:07:07Z",
        "value": "2317.2578125",
        "cumulative": false
    },
    {
        "date": "2020-09-11T15:07:18Z",
        "value": "2557.1328125",
        "cumulative": false
    },
    {
        "date": "2020-09-11T15:07:34Z",
        "value": "2557.1328125",
        "cumulative": false
    },
    {
        "date": "2020-09-11T15:07:44Z",
        "value": "2317.2578125",
        "cumulative": false
    },
    {
        "date": "2020-09-11T15:07:58Z",
        "value": "2317.2578125",
        "cumulative": false
    },
    {
        "date": "2020-09-11T15:08:16Z",
        "value": "2317.2578125",
        "cumulative": false
    },
    {
        "date": "2020-09-11T15:08:32Z",
        "value": "2496.2578125",
        "cumulative": false
    },
    {
        "date": "2020-09-11T15:08:43Z",
        "value": "2317.2578125",
        "cumulative": false
    },
    {
        "date": "2020-09-11T15:08:57Z",
        "value": "2317.2578125",
        "cumulative": false
    },
    {
        "date": "2020-09-11T15:09:09Z",
        "value": "2317.2578125",
        "cumulative": false
    },
    {
        "date": "2020-09-11T15:09:22Z",
        "value": "2317.2578125",
        "cumulative": false
    },
    {
        "date": "2020-09-11T15:09:38Z",
        "value": "2317.2578125",
        "cumulative": false
    },
    {
        "date": "2020-09-11T15:09:54Z",
        "value": "2317.2578125",
        "cumulative": false
    },
    {
        "date": "2020-09-11T15:10:11Z",
        "value": "2317.2578125",
        "cumulative": false
    },
    {
        "date": "2020-09-11T15:10:25Z",
        "value": "2317.2578125",
        "cumulative": false
    },
    {
        "date": "2020-09-11T15:10:37Z",
        "value": "2317.2578125",
        "cumulative": false
    },
    {
        "date": "2020-09-11T15:10:54Z",
        "value": "2534.0078125",
        "cumulative": false
    },
    {
        "date": "2020-09-11T15:11:08Z",
        "value": "2317.2578125",
        "cumulative": false
    },
    {
        "date": "2020-09-11T15:11:23Z",
        "value": "2317.2578125",
        "cumulative": false
    },
    {
        "date": "2020-09-11T15:11:40Z",
        "value": "2385.5078125",
        "cumulative": false
    },
    {
        "date": "2020-09-11T15:11:51Z",
        "value": "2317.2578125",
        "cumulative": false
    },
    {
        "date": "2020-09-11T15:12:07Z",
        "value": "2317.2578125",
        "cumulative": false
    },
    {
        "date": "2020-09-11T15:12:23Z",
        "value": "2317.2578125",
        "cumulative": false
    },
    {
        "date": "2020-09-11T15:12:43Z",
        "value": "2317.2578125",
        "cumulative": false
    },
    {
        "date": "2020-09-11T15:12:59Z",
        "value": "2367.6328125",
        "cumulative": false
    },
    {
        "date": "2020-09-11T15:13:10Z",
        "value": "2317.2578125",
        "cumulative": false
    },
    {
        "date": "2020-09-11T15:13:29Z",
        "value": "2317.2578125",
        "cumulative": false
    },
    {
        "date": "2020-09-11T15:13:47Z",
        "value": "2317.2578125",
        "cumulative": false
    },
    {
        "date": "2020-09-11T15:14:07Z",
        "value": "2317.2578125",
        "cumulative": false
    },
    {
        "date": "2020-09-11T15:14:19Z",
        "value": "2317.36328125",
        "cumulative": false
    },
    {
        "date": "2020-09-11T15:14:34Z",
        "value": "2637.8828125",
        "cumulative": false
    },
    {
        "date": "2020-09-11T15:14:49Z",
        "value": "2418.65625",
        "cumulative": false
    },
    {
        "date": "2020-09-11T15:15:08Z",
        "value": "2620.67578125",
        "cumulative": false
    },
    {
        "date": "2020-09-11T15:15:21Z",
        "value": "2620.67578125",
        "cumulative": false
    },
    {
        "date": "2020-09-11T15:15:33Z",
        "value": "2620.67578125",
        "cumulative": false
    },
    {
        "date": "2020-09-11T15:15:49Z",
        "value": "2916.30078125",
        "cumulative": false
    },
    {
        "date": "2020-09-11T15:16:07Z",
        "value": "2620.69921875",
        "cumulative": false
    },
    {
        "date": "2020-09-11T15:16:22Z",
        "value": "2620.67578125",
        "cumulative": false
    },
    {
        "date": "2020-09-11T15:16:36Z",
        "value": "2620.67578125",
        "cumulative": false
    },
    {
        "date": "2020-09-11T15:16:49Z",
        "value": "2707.55078125",
        "cumulative": false
    },
    {
        "date": "2020-09-11T15:17:07Z",
        "value": "2620.67578125",
        "cumulative": false
    },
    {
        "date": "2020-09-11T15:17:23Z",
        "value": "2866.42578125",
        "cumulative": false
    },
    {
        "date": "2020-09-11T15:17:40Z",
        "value": "2620.67578125",
        "cumulative": false
    },
    {
        "date": "2020-09-11T15:17:55Z",
        "value": "2921.80078125",
        "cumulative": false
    },
    {
        "date": "2020-09-11T15:18:05Z",
        "value": "2620.67578125",
        "cumulative": false
    },
    {
        "date": "2020-09-11T15:18:21Z",
        "value": "2620.67578125",
        "cumulative": false
    },
    {
        "date": "2020-09-11T15:18:37Z",
        "value": "2620.67578125",
        "cumulative": false
    },
    {
        "date": "2020-09-11T15:18:57Z",
        "value": "2620.67578125",
        "cumulative": false
    },
    {
        "date": "2020-09-11T15:19:08Z",
        "value": "2620.67578125",
        "cumulative": false
    },
    {
        "date": "2020-09-11T15:19:22Z",
        "value": "2772.92578125",
        "cumulative": false
    },
    {
        "date": "2020-09-11T15:19:40Z",
        "value": "2620.7109375",
        "cumulative": false
    },
    {
        "date": "2020-09-11T15:19:57Z",
        "value": "2620.67578125",
        "cumulative": false
    },
    {
        "date": "2020-09-11T15:20:08Z",
        "value": "2620.67578125",
        "cumulative": false
    },
    {
        "date": "2020-09-11T15:20:23Z",
        "value": "3031.42578125",
        "cumulative": false
    },
    {
        "date": "2020-09-11T15:20:39Z",
        "value": "2620.67578125",
        "cumulative": false
    },
    {
        "date": "2020-09-11T15:20:50Z",
        "value": "2840.17578125",
        "cumulative": false
    },
    {
        "date": "2020-09-11T15:21:01Z",
        "value": "2776.55078125",
        "cumulative": false
    },
    {
        "date": "2020-09-11T15:21:21Z",
        "value": "2881.42578125",
        "cumulative": false
    },
    {
        "date": "2020-09-11T15:21:32Z",
        "value": "2620.67578125",
        "cumulative": false
    },
    {
        "date": "2020-09-11T15:21:50Z",
        "value": "2620.74609375",
        "cumulative": false
    },
    {
        "date": "2020-09-11T15:22:04Z",
        "value": "2620.67578125",
        "cumulative": false
    },
    {
        "date": "2020-09-11T15:22:23Z",
        "value": "2620.67578125",
        "cumulative": false
    },
    {
        "date": "2020-09-11T15:22:37Z",
        "value": "2655.05078125",
        "cumulative": false
    },
    {
        "date": "2020-09-11T15:22:50Z",
        "value": "3026.17578125",
        "cumulative": false
    },
    {
        "date": "2020-09-11T15:23:00Z",
        "value": "2620.67578125",
        "cumulative": false
    },
    {
        "date": "2020-09-11T15:23:16Z",
        "value": "2620.67578125",
        "cumulative": false
    },
    {
        "date": "2020-09-11T15:23:26Z",
        "value": "2620.7109375",
        "cumulative": false
    },
    {
        "date": "2020-09-11T15:23:39Z",
        "value": "2620.67578125",
        "cumulative": false
    },
    {
        "date": "2020-09-11T15:23:50Z",
        "value": "3035.30078125",
        "cumulative": false
    },
    {
        "date": "2020-09-11T15:24:07Z",
        "value": "2620.67578125",
        "cumulative": false
    },
    {
        "date": "2020-09-11T15:24:24Z",
        "value": "2620.67578125",
        "cumulative": false
    },
    {
        "date": "2020-09-11T15:24:43Z",
        "value": "2620.67578125",
        "cumulative": false
    },
    {
        "date": "2020-09-11T15:24:57Z",
        "value": "2822.30078125",
        "cumulative": false
    },
    {
        "date": "2020-09-11T15:25:08Z",
        "value": "2620.67578125",
        "cumulative": false
    },
    {
        "date": "2020-09-11T15:25:25Z",
        "value": "2620.67578125",
        "cumulative": false
    },
    {
        "date": "2020-09-11T15:25:40Z",
        "value": "3003.828125",
        "cumulative": false
    },
    {
        "date": "2020-09-11T15:26:00Z",
        "value": "3003.796875",
        "cumulative": false
    },
    {
        "date": "2020-09-11T15:26:19Z",
        "value": "3304.921875",
        "cumulative": false
    },
    {
        "date": "2020-09-11T15:26:37Z",
        "value": "3003.796875",
        "cumulative": false
    },
    {
        "date": "2020-09-11T15:26:50Z",
        "value": "3332.796875",
        "cumulative": false
    },
    {
        "date": "2020-09-11T15:27:03Z",
        "value": "3003.796875",
        "cumulative": false
    },
    {
        "date": "2020-09-11T15:27:22Z",
        "value": "3003.796875",
        "cumulative": false
    },
    {
        "date": "2020-09-11T15:27:40Z",
        "value": "3181.921875",
        "cumulative": false
    },
    {
        "date": "2020-09-11T15:27:55Z",
        "value": "3003.828125",
        "cumulative": false
    },
    {
        "date": "2020-09-11T15:28:07Z",
        "value": "3003.796875",
        "cumulative": false
    },
    {
        "date": "2020-09-11T15:28:20Z",
        "value": "3003.796875",
        "cumulative": false
    },
    {
        "date": "2020-09-11T15:28:38Z",
        "value": "3003.828125",
        "cumulative": false
    },
    {
        "date": "2020-09-11T15:28:48Z",
        "value": "3003.796875",
        "cumulative": false
    },
    {
        "date": "2020-09-11T15:28:58Z",
        "value": "3003.796875",
        "cumulative": false
    },
    {
        "date": "2020-09-11T15:29:15Z",
        "value": "3003.796875",
        "cumulative": false
    },
    {
        "date": "2020-09-11T15:29:29Z",
        "value": "3125.296875",
        "cumulative": false
    },
    {
        "date": "2020-09-11T15:29:47Z",
        "value": "3003.796875",
        "cumulative": false
    },
    {
        "date": "2020-09-11T15:30:04Z",
        "value": "3003.796875",
        "cumulative": false
    },
    {
        "date": "2020-09-11T15:30:17Z",
        "value": "3003.796875",
        "cumulative": false
    },
    {
        "date": "2020-09-11T15:30:32Z",
        "value": "3386.046875",
        "cumulative": false
    },
    {
        "date": "2020-09-11T15:30:48Z",
        "value": "3290.00390625",
        "cumulative": false
    },
    {
        "date": "2020-09-11T15:30:59Z",
        "value": "3326.171875",
        "cumulative": false
    },
    {
        "date": "2020-09-11T15:31:09Z",
        "value": "3003.8984375",
        "cumulative": false
    },
    {
        "date": "2020-09-11T15:31:21Z",
        "value": "3003.90234375",
        "cumulative": false
    },
    {
        "date": "2020-09-11T15:31:39Z",
        "value": "3003.796875",
        "cumulative": false
    },
    {
        "date": "2020-09-11T15:31:54Z",
        "value": "3003.796875",
        "cumulative": false
    },
    {
        "date": "2020-09-11T15:32:12Z",
        "value": "3328.671875",
        "cumulative": false
    },
    {
        "date": "2020-09-11T15:32:31Z",
        "value": "3003.796875",
        "cumulative": false
    },
    {
        "date": "2020-09-11T15:32:50Z",
        "value": "3003.796875",
        "cumulative": false
    },
    {
        "date": "2020-09-11T15:33:00Z",
        "value": "3041.046875",
        "cumulative": false
    },
    {
        "date": "2020-09-11T15:33:19Z",
        "value": "3003.90234375",
        "cumulative": false
    },
    {
        "date": "2020-09-11T15:33:33Z",
        "value": "3003.796875",
        "cumulative": false
    },
    {
        "date": "2020-09-11T15:33:52Z",
        "value": "3003.8828125",
        "cumulative": false
    },
    {
        "date": "2020-09-11T15:34:11Z",
        "value": "3195.01171875",
        "cumulative": false
    },
    {
        "date": "2020-09-11T15:34:31Z",
        "value": "3381.671875",
        "cumulative": false
    },
    {
        "date": "2020-09-11T15:34:49Z",
        "value": "3003.796875",
        "cumulative": false
    },
    {
        "date": "2020-09-11T15:35:06Z",
        "value": "3003.9140625",
        "cumulative": false
    },
    {
        "date": "2020-09-11T15:35:25Z",
        "value": "3576.921875",
        "cumulative": false
    },
    {
        "date": "2020-09-11T15:35:43Z",
        "value": "3003.796875",
        "cumulative": false
    },
    {
        "date": "2020-09-11T15:35:54Z",
        "value": "3003.86328125",
        "cumulative": false
    },
    {
        "date": "2020-09-11T15:36:06Z",
        "value": "3003.796875",
        "cumulative": false
    },
    {
        "date": "2020-09-11T15:36:19Z",
        "value": "3416.671875",
        "cumulative": false
    },
    {
        "date": "2020-09-11T15:36:30Z",
        "value": "3003.796875",
        "cumulative": false
    },
    {
        "date": "2020-09-11T15:36:45Z",
        "value": "3003.796875",
        "cumulative": false
    },
    {
        "date": "2020-09-11T15:36:59Z",
        "value": "3409.921875",
        "cumulative": false
    },
    {
        "date": "2020-09-11T15:37:15Z",
        "value": "3003.796875",
        "cumulative": false
    },
    {
        "date": "2020-09-11T15:37:25Z",
        "value": "3003.796875",
        "cumulative": false
    },
    {
        "date": "2020-09-11T15:37:41Z",
        "value": "3003.796875",
        "cumulative": false
    },
    {
        "date": "2020-09-11T15:37:59Z",
        "value": "3003.83984375",
        "cumulative": false
    },
    {
        "date": "2020-09-11T15:38:16Z",
        "value": "3003.796875",
        "cumulative": false
    },
    {
        "date": "2020-09-11T15:38:31Z",
        "value": "3003.796875",
        "cumulative": false
    },
    {
        "date": "2020-09-11T15:38:49Z",
        "value": "3523.921875",
        "cumulative": false
    },
    {
        "date": "2020-09-11T15:39:05Z",
        "value": "3003.796875",
        "cumulative": false
    }
]