[
    {
        "date": "2020-09-11T14:32:33Z",
        "value": "0.0009593963623046875",
        "cumulative": true
    },
    {
        "date": "2020-09-11T14:32:54Z",
        "value": "9.319758415222168",
        "cumulative": true
    },
    {
        "date": "2020-09-11T14:33:10Z",
        "value": "63.49843883514404",
        "cumulative": true
    },
    {
        "date": "2020-09-11T14:33:27Z",
        "value": "740.1962308883667",
        "cumulative": true
    },
    {
        "date": "2020-09-11T14:33:44Z",
        "value": "2365.223629951477",
        "cumulative": true
    },
    {
        "date": "2020-09-11T14:33:54Z",
        "value": "3540.3347930908203",
        "cumulative": true
    },
    {
        "date": "2020-09-11T14:34:10Z",
        "value": "5399.5228271484375",
        "cumulative": true
    },
    {
        "date": "2020-09-11T14:34:21Z",
        "value": "6622.208312988281",
        "cumulative": true
    },
    {
        "date": "2020-09-11T14:34:34Z",
        "value": "8208.1636095047",
        "cumulative": true
    },
    {
        "date": "2020-09-11T14:34:48Z",
        "value": "9609.971739768982",
        "cumulative": true
    },
    {
        "date": "2020-09-11T14:35:02Z",
        "value": "11480.096694946289",
        "cumulative": true
    },
    {
        "date": "2020-09-11T14:35:13Z",
        "value": "13130.031497001648",
        "cumulative": true
    },
    {
        "date": "2020-09-11T14:35:28Z",
        "value": "14525.925951004028",
        "cumulative": true
    },
    {
        "date": "2020-09-11T14:35:41Z",
        "value": "16963.39844608307",
        "cumulative": true
    },
    {
        "date": "2020-09-11T14:35:56Z",
        "value": "18230.174165725708",
        "cumulative": true
    },
    {
        "date": "2020-09-11T14:36:09Z",
        "value": "20015.536224365234",
        "cumulative": true
    },
    {
        "date": "2020-09-11T14:36:21Z",
        "value": "22181.12447834015",
        "cumulative": true
    },
    {
        "date": "2020-09-11T14:36:33Z",
        "value": "23042.581923484802",
        "cumulative": true
    },
    {
        "date": "2020-09-11T14:36:52Z",
        "value": "26093.224264144897",
        "cumulative": true
    },
    {
        "date": "2020-09-11T14:37:08Z",
        "value": "28316.19530773163",
        "cumulative": true
    },
    {
        "date": "2020-09-11T14:37:21Z",
        "value": "29140.06536769867",
        "cumulative": true
    },
    {
        "date": "2020-09-11T14:37:39Z",
        "value": "32092.2809009552",
        "cumulative": true
    },
    {
        "date": "2020-09-11T14:37:53Z",
        "value": "34962.00594806671",
        "cumulative": true
    },
    {
        "date": "2020-09-11T14:38:05Z",
        "value": "35765.166460990906",
        "cumulative": true
    },
    {
        "date": "2020-09-11T14:38:19Z",
        "value": "36740.048604011536",
        "cumulative": true
    },
    {
        "date": "2020-09-11T14:38:36Z",
        "value": "38789.6856508255",
        "cumulative": true
    },
    {
        "date": "2020-09-11T14:38:54Z",
        "value": "42723.28576374054",
        "cumulative": true
    },
    {
        "date": "2020-09-11T14:39:14Z",
        "value": "44977.81238937378",
        "cumulative": true
    },
    {
        "date": "2020-09-11T14:39:28Z",
        "value": "45874.787733078",
        "cumulative": true
    },
    {
        "date": "2020-09-11T14:39:40Z",
        "value": "46723.51937294006",
        "cumulative": true
    },
    {
        "date": "2020-09-11T14:39:51Z",
        "value": "47783.80595493317",
        "cumulative": true
    },
    {
        "date": "2020-09-11T14:40:11Z",
        "value": "52162.787358284",
        "cumulative": true
    },
    {
        "date": "2020-09-11T14:40:28Z",
        "value": "55638.40103149414",
        "cumulative": true
    },
    {
        "date": "2020-09-11T14:40:41Z",
        "value": "56513.853925704956",
        "cumulative": true
    },
    {
        "date": "2020-09-11T14:40:51Z",
        "value": "57204.621101379395",
        "cumulative": true
    },
    {
        "date": "2020-09-11T14:41:10Z",
        "value": "58459.62364196777",
        "cumulative": true
    },
    {
        "date": "2020-09-11T14:41:29Z",
        "value": "59814.80539226532",
        "cumulative": true
    },
    {
        "date": "2020-09-11T14:41:46Z",
        "value": "63041.4459104538",
        "cumulative": true
    },
    {
        "date": "2020-09-11T14:42:04Z",
        "value": "66563.39712619781",
        "cumulative": true
    },
    {
        "date": "2020-09-11T14:42:17Z",
        "value": "69402.3854970932",
        "cumulative": true
    },
    {
        "date": "2020-09-11T14:42:31Z",
        "value": "70876.80211925507",
        "cumulative": true
    },
    {
        "date": "2020-09-11T14:42:50Z",
        "value": "72188.38514614105",
        "cumulative": true
    },
    {
        "date": "2020-09-11T14:43:09Z",
        "value": "73494.8797044754",
        "cumulative": true
    },
    {
        "date": "2020-09-11T14:43:22Z",
        "value": "74331.55839252472",
        "cumulative": true
    },
    {
        "date": "2020-09-11T14:43:39Z",
        "value": "75446.8464679718",
        "cumulative": true
    },
    {
        "date": "2020-09-11T14:43:58Z",
        "value": "79669.9259815216",
        "cumulative": true
    },
    {
        "date": "2020-09-11T14:44:14Z",
        "value": "83238.96780776978",
        "cumulative": true
    },
    {
        "date": "2020-09-11T14:44:30Z",
        "value": "86570.49184417725",
        "cumulative": true
    },
    {
        "date": "2020-09-11T14:44:43Z",
        "value": "88839.60910701752",
        "cumulative": true
    },
    {
        "date": "2020-09-11T14:45:02Z",
        "value": "90096.85252857208",
        "cumulative": true
    },
    {
        "date": "2020-09-11T14:45:14Z",
        "value": "90904.6851015091",
        "cumulative": true
    },
    {
        "date": "2020-09-11T14:45:26Z",
        "value": "91649.30283260345",
        "cumulative": true
    },
    {
        "date": "2020-09-11T14:45:42Z",
        "value": "92633.51554012299",
        "cumulative": true
    },
    {
        "date": "2020-09-11T14:45:52Z",
        "value": "93318.76402950287",
        "cumulative": true
    },
    {
        "date": "2020-09-11T14:46:03Z",
        "value": "94016.617354393",
        "cumulative": true
    },
    {
        "date": "2020-09-11T14:46:16Z",
        "value": "94872.45828914642",
        "cumulative": true
    },
    {
        "date": "2020-09-11T14:46:28Z",
        "value": "96731.17797660828",
        "cumulative": true
    },
    {
        "date": "2020-09-11T14:46:42Z",
        "value": "99652.08321762085",
        "cumulative": true
    },
    {
        "date": "2020-09-11T14:46:55Z",
        "value": "102112.10055923462",
        "cumulative": true
    },
    {
        "date": "2020-09-11T14:47:06Z",
        "value": "104627.40962028503",
        "cumulative": true
    },
    {
        "date": "2020-09-11T14:47:23Z",
        "value": "108306.80276489258",
        "cumulative": true
    },
    {
        "date": "2020-09-11T14:47:39Z",
        "value": "111648.24807357788",
        "cumulative": true
    },
    {
        "date": "2020-09-11T14:47:49Z",
        "value": "112563.67068386078",
        "cumulative": true
    },
    {
        "date": "2020-09-11T14:48:03Z",
        "value": "113430.36238002777",
        "cumulative": true
    },
    {
        "date": "2020-09-11T14:48:16Z",
        "value": "114307.9718580246",
        "cumulative": true
    },
    {
        "date": "2020-09-11T14:48:30Z",
        "value": "115220.4415102005",
        "cumulative": true
    },
    {
        "date": "2020-09-11T14:48:41Z",
        "value": "115966.68875789642",
        "cumulative": true
    },
    {
        "date": "2020-09-11T14:48:57Z",
        "value": "116968.03479862213",
        "cumulative": true
    },
    {
        "date": "2020-09-11T14:49:08Z",
        "value": "117713.50942516327",
        "cumulative": true
    },
    {
        "date": "2020-09-11T14:49:21Z",
        "value": "118567.37873363495",
        "cumulative": true
    },
    {
        "date": "2020-09-11T14:49:33Z",
        "value": "119322.47500896454",
        "cumulative": true
    },
    {
        "date": "2020-09-11T14:49:47Z",
        "value": "120269.51492023468",
        "cumulative": true
    },
    {
        "date": "2020-09-11T14:50:01Z",
        "value": "123220.4347076416",
        "cumulative": true
    },
    {
        "date": "2020-09-11T14:50:19Z",
        "value": "127027.52130126953",
        "cumulative": true
    },
    {
        "date": "2020-09-11T14:50:34Z",
        "value": "130209.06455993652",
        "cumulative": true
    },
    {
        "date": "2020-09-11T14:50:53Z",
        "value": "133863.52598190308",
        "cumulative": true
    },
    {
        "date": "2020-09-11T14:51:13Z",
        "value": "138182.9618988037",
        "cumulative": true
    },
    {
        "date": "2020-09-11T14:51:28Z",
        "value": "141189.44687271118",
        "cumulative": true
    },
    {
        "date": "2020-09-11T14:51:44Z",
        "value": "142398.23624706268",
        "cumulative": true
    },
    {
        "date": "2020-09-11T14:51:55Z",
        "value": "143108.80636119843",
        "cumulative": true
    },
    {
        "date": "2020-09-11T14:52:08Z",
        "value": "143922.13402080536",
        "cumulative": true
    },
    {
        "date": "2020-09-11T14:52:19Z",
        "value": "144666.06189250946",
        "cumulative": true
    },
    {
        "date": "2020-09-11T14:52:33Z",
        "value": "145611.9820947647",
        "cumulative": true
    },
    {
        "date": "2020-09-11T14:52:52Z",
        "value": "146856.61498737335",
        "cumulative": true
    },
    {
        "date": "2020-09-11T14:53:04Z",
        "value": "147590.05343532562",
        "cumulative": true
    },
    {
        "date": "2020-09-11T14:53:15Z",
        "value": "148330.65369319916",
        "cumulative": true
    },
    {
        "date": "2020-09-11T14:53:25Z",
        "value": "148993.8688840866",
        "cumulative": true
    },
    {
        "date": "2020-09-11T14:53:37Z",
        "value": "149807.08797740936",
        "cumulative": true
    },
    {
        "date": "2020-09-11T14:53:52Z",
        "value": "150750.98631763458",
        "cumulative": true
    },
    {
        "date": "2020-09-11T14:54:08Z",
        "value": "151800.6088590622",
        "cumulative": true
    },
    {
        "date": "2020-09-11T14:54:24Z",
        "value": "154827.24968147278",
        "cumulative": true
    },
    {
        "date": "2020-09-11T14:54:36Z",
        "value": "157711.1580505371",
        "cumulative": true
    },
    {
        "date": "2020-09-11T14:54:46Z",
        "value": "159822.14471817017",
        "cumulative": true
    },
    {
        "date": "2020-09-11T14:55:03Z",
        "value": "163629.53399085999",
        "cumulative": true
    },
    {
        "date": "2020-09-11T14:55:15Z",
        "value": "166232.20675849915",
        "cumulative": true
    },
    {
        "date": "2020-09-11T14:55:34Z",
        "value": "170087.11332511902",
        "cumulative": true
    },
    {
        "date": "2020-09-11T14:55:46Z",
        "value": "172801.23461341858",
        "cumulative": true
    },
    {
        "date": "2020-09-11T14:56:00Z",
        "value": "175725.21816253662",
        "cumulative": true
    },
    {
        "date": "2020-09-11T14:56:15Z",
        "value": "178581.5972700119",
        "cumulative": true
    },
    {
        "date": "2020-09-11T14:56:30Z",
        "value": "179551.18031406403",
        "cumulative": true
    },
    {
        "date": "2020-09-11T14:56:44Z",
        "value": "180553.54268169403",
        "cumulative": true
    },
    {
        "date": "2020-09-11T14:57:00Z",
        "value": "181608.2199087143",
        "cumulative": true
    },
    {
        "date": "2020-09-11T14:57:16Z",
        "value": "182561.92697048187",
        "cumulative": true
    },
    {
        "date": "2020-09-11T14:57:34Z",
        "value": "183839.0539751053",
        "cumulative": true
    },
    {
        "date": "2020-09-11T14:57:48Z",
        "value": "184680.16370677948",
        "cumulative": true
    },
    {
        "date": "2020-09-11T14:58:02Z",
        "value": "185629.60249614716",
        "cumulative": true
    },
    {
        "date": "2020-09-11T14:58:16Z",
        "value": "186544.9499387741",
        "cumulative": true
    },
    {
        "date": "2020-09-11T14:58:34Z",
        "value": "187716.25543308258",
        "cumulative": true
    },
    {
        "date": "2020-09-11T14:58:48Z",
        "value": "188648.92492198944",
        "cumulative": true
    },
    {
        "date": "2020-09-11T14:59:06Z",
        "value": "189868.79951953888",
        "cumulative": true
    },
    {
        "date": "2020-09-11T14:59:22Z",
        "value": "190928.6394701004",
        "cumulative": true
    },
    {
        "date": "2020-09-11T14:59:37Z",
        "value": "192223.16946411133",
        "cumulative": true
    },
    {
        "date": "2020-09-11T14:59:55Z",
        "value": "196190.02180671692",
        "cumulative": true
    },
    {
        "date": "2020-09-11T15:00:09Z",
        "value": "199232.2201309204",
        "cumulative": true
    },
    {
        "date": "2020-09-11T15:00:22Z",
        "value": "202124.41987991333",
        "cumulative": true
    },
    {
        "date": "2020-09-11T15:00:36Z",
        "value": "205277.52919960022",
        "cumulative": true
    },
    {
        "date": "2020-09-11T15:00:53Z",
        "value": "209001.36456489563",
        "cumulative": true
    },
    {
        "date": "2020-09-11T15:01:10Z",
        "value": "212790.59854888916",
        "cumulative": true
    },
    {
        "date": "2020-09-11T15:01:24Z",
        "value": "215869.8828639984",
        "cumulative": true
    },
    {
        "date": "2020-09-11T15:01:37Z",
        "value": "218899.76768112183",
        "cumulative": true
    },
    {
        "date": "2020-09-11T15:01:48Z",
        "value": "221067.91961669922",
        "cumulative": true
    },
    {
        "date": "2020-09-11T15:02:08Z",
        "value": "225335.53420066833",
        "cumulative": true
    },
    {
        "date": "2020-09-11T15:02:20Z",
        "value": "226258.37385845184",
        "cumulative": true
    },
    {
        "date": "2020-09-11T15:02:36Z",
        "value": "227364.1534318924",
        "cumulative": true
    },
    {
        "date": "2020-09-11T15:02:47Z",
        "value": "228037.53542232513",
        "cumulative": true
    },
    {
        "date": "2020-09-11T15:03:02Z",
        "value": "229062.20623874664",
        "cumulative": true
    },
    {
        "date": "2020-09-11T15:03:16Z",
        "value": "229972.7444677353",
        "cumulative": true
    },
    {
        "date": "2020-09-11T15:03:30Z",
        "value": "230917.81124401093",
        "cumulative": true
    },
    {
        "date": "2020-09-11T15:03:47Z",
        "value": "232076.22100543976",
        "cumulative": true
    },
    {
        "date": "2020-09-11T15:04:03Z",
        "value": "233128.21381092072",
        "cumulative": true
    },
    {
        "date": "2020-09-11T15:04:22Z",
        "value": "234409.05051136017",
        "cumulative": true
    },
    {
        "date": "2020-09-11T15:04:37Z",
        "value": "235295.06500530243",
        "cumulative": true
    },
    {
        "date": "2020-09-11T15:04:57Z",
        "value": "236591.54270648956",
        "cumulative": true
    },
    {
        "date": "2020-09-11T15:05:13Z",
        "value": "237735.71835041046",
        "cumulative": true
    },
    {
        "date": "2020-09-11T15:05:25Z",
        "value": "238571.21639156342",
        "cumulative": true
    },
    {
        "date": "2020-09-11T15:05:42Z",
        "value": "239631.54900836945",
        "cumulative": true
    },
    {
        "date": "2020-09-11T15:05:55Z",
        "value": "240416.03435230255",
        "cumulative": true
    },
    {
        "date": "2020-09-11T15:06:10Z",
        "value": "241441.24265003204",
        "cumulative": true
    },
    {
        "date": "2020-09-11T15:06:24Z",
        "value": "242611.3782119751",
        "cumulative": true
    },
    {
        "date": "2020-09-11T15:06:35Z",
        "value": "245225.13320541382",
        "cumulative": true
    },
    {
        "date": "2020-09-11T15:06:47Z",
        "value": "247877.9544696808",
        "cumulative": true
    },
    {
        "date": "2020-09-11T15:06:59Z",
        "value": "250536.48895645142",
        "cumulative": true
    },
    {
        "date": "2020-09-11T15:07:10Z",
        "value": "252878.06369781494",
        "cumulative": true
    },
    {
        "date": "2020-09-11T15:07:25Z",
        "value": "256280.977519989",
        "cumulative": true
    },
    {
        "date": "2020-09-11T15:07:37Z",
        "value": "258828.14812088013",
        "cumulative": true
    },
    {
        "date": "2020-09-11T15:07:51Z",
        "value": "261713.7015247345",
        "cumulative": true
    },
    {
        "date": "2020-09-11T15:08:07Z",
        "value": "265207.05754470825",
        "cumulative": true
    },
    {
        "date": "2020-09-11T15:08:22Z",
        "value": "268622.8657722473",
        "cumulative": true
    },
    {
        "date": "2020-09-11T15:08:40Z",
        "value": "272315.48743247986",
        "cumulative": true
    },
    {
        "date": "2020-09-11T15:08:50Z",
        "value": "274564.9986362457",
        "cumulative": true
    },
    {
        "date": "2020-09-11T15:09:09Z",
        "value": "278725.71185302734",
        "cumulative": true
    },
    {
        "date": "2020-09-11T15:09:22Z",
        "value": "281572.6100215912",
        "cumulative": true
    },
    {
        "date": "2020-09-11T15:09:32Z",
        "value": "283848.6210632324",
        "cumulative": true
    },
    {
        "date": "2020-09-11T15:09:48Z",
        "value": "285536.0506334305",
        "cumulative": true
    },
    {
        "date": "2020-09-11T15:10:00Z",
        "value": "286356.4059648514",
        "cumulative": true
    },
    {
        "date": "2020-09-11T15:10:17Z",
        "value": "287545.36848163605",
        "cumulative": true
    },
    {
        "date": "2020-09-11T15:10:33Z",
        "value": "288605.1373682022",
        "cumulative": true
    },
    {
        "date": "2020-09-11T15:10:44Z",
        "value": "289333.07759571075",
        "cumulative": true
    },
    {
        "date": "2020-09-11T15:10:58Z",
        "value": "290318.7693128586",
        "cumulative": true
    },
    {
        "date": "2020-09-11T15:11:12Z",
        "value": "291306.05507946014",
        "cumulative": true
    },
    {
        "date": "2020-09-11T15:11:31Z",
        "value": "292614.3056116104",
        "cumulative": true
    },
    {
        "date": "2020-09-11T15:11:49Z",
        "value": "293745.1141233444",
        "cumulative": true
    },
    {
        "date": "2020-09-11T15:12:08Z",
        "value": "295047.6394395828",
        "cumulative": true
    },
    {
        "date": "2020-09-11T15:12:22Z",
        "value": "296044.72727680206",
        "cumulative": true
    },
    {
        "date": "2020-09-11T15:12:36Z",
        "value": "296911.59553813934",
        "cumulative": true
    },
    {
        "date": "2020-09-11T15:12:49Z",
        "value": "297872.98877620697",
        "cumulative": true
    },
    {
        "date": "2020-09-11T15:13:07Z",
        "value": "298992.75189113617",
        "cumulative": true
    },
    {
        "date": "2020-09-11T15:13:18Z",
        "value": "299799.29663944244",
        "cumulative": true
    },
    {
        "date": "2020-09-11T15:13:29Z",
        "value": "300503.96464061737",
        "cumulative": true
    },
    {
        "date": "2020-09-11T15:13:45Z",
        "value": "301573.80333423615",
        "cumulative": true
    },
    {
        "date": "2020-09-11T15:13:58Z",
        "value": "302436.92281627655",
        "cumulative": true
    },
    {
        "date": "2020-09-11T15:14:16Z",
        "value": "303642.9475927353",
        "cumulative": true
    },
    {
        "date": "2020-09-11T15:14:26Z",
        "value": "304320.5921506882",
        "cumulative": true
    },
    {
        "date": "2020-09-11T15:14:46Z",
        "value": "305719.3065710068",
        "cumulative": true
    },
    {
        "date": "2020-09-11T15:15:00Z",
        "value": "308108.25406837463",
        "cumulative": true
    },
    {
        "date": "2020-09-11T15:15:19Z",
        "value": "312387.55006980896",
        "cumulative": true
    },
    {
        "date": "2020-09-11T15:15:35Z",
        "value": "315718.2219772339",
        "cumulative": true
    },
    {
        "date": "2020-09-11T15:15:48Z",
        "value": "318838.73206329346",
        "cumulative": true
    },
    {
        "date": "2020-09-11T15:16:07Z",
        "value": "322614.1901283264",
        "cumulative": true
    },
    {
        "date": "2020-09-11T15:16:25Z",
        "value": "326913.13516807556",
        "cumulative": true
    },
    {
        "date": "2020-09-11T15:16:40Z",
        "value": "330144.6732826233",
        "cumulative": true
    },
    {
        "date": "2020-09-11T15:16:59Z",
        "value": "334442.8869457245",
        "cumulative": true
    },
    {
        "date": "2020-09-11T15:17:17Z",
        "value": "338454.2500305176",
        "cumulative": true
    },
    {
        "date": "2020-09-11T15:17:27Z",
        "value": "340584.1834011078",
        "cumulative": true
    },
    {
        "date": "2020-09-11T15:17:44Z",
        "value": "344151.47328186035",
        "cumulative": true
    },
    {
        "date": "2020-09-11T15:18:04Z",
        "value": "348428.3251056671",
        "cumulative": true
    },
    {
        "date": "2020-09-11T15:18:22Z",
        "value": "352725.25942230225",
        "cumulative": true
    },
    {
        "date": "2020-09-11T15:18:34Z",
        "value": "355311.12707710266",
        "cumulative": true
    },
    {
        "date": "2020-09-11T15:18:53Z",
        "value": "359446.4777183533",
        "cumulative": true
    },
    {
        "date": "2020-09-11T15:19:10Z",
        "value": "360795.42472171783",
        "cumulative": true
    },
    {
        "date": "2020-09-11T15:19:28Z",
        "value": "361957.0171175003",
        "cumulative": true
    },
    {
        "date": "2020-09-11T15:19:41Z",
        "value": "362773.4843187332",
        "cumulative": true
    },
    {
        "date": "2020-09-11T15:20:00Z",
        "value": "364103.87086582184",
        "cumulative": true
    },
    {
        "date": "2020-09-11T15:20:16Z",
        "value": "365106.1686449051",
        "cumulative": true
    },
    {
        "date": "2020-09-11T15:20:31Z",
        "value": "366143.3924512863",
        "cumulative": true
    },
    {
        "date": "2020-09-11T15:20:44Z",
        "value": "367033.40728855133",
        "cumulative": true
    },
    {
        "date": "2020-09-11T15:20:59Z",
        "value": "368066.26670360565",
        "cumulative": true
    },
    {
        "date": "2020-09-11T15:21:11Z",
        "value": "368848.00762844086",
        "cumulative": true
    },
    {
        "date": "2020-09-11T15:21:30Z",
        "value": "370176.06148052216",
        "cumulative": true
    },
    {
        "date": "2020-09-11T15:21:49Z",
        "value": "371487.3285474777",
        "cumulative": true
    },
    {
        "date": "2020-09-11T15:22:08Z",
        "value": "372675.4034833908",
        "cumulative": true
    },
    {
        "date": "2020-09-11T15:22:28Z",
        "value": "374007.8545370102",
        "cumulative": true
    },
    {
        "date": "2020-09-11T15:22:43Z",
        "value": "375007.9898519516",
        "cumulative": true
    },
    {
        "date": "2020-09-11T15:22:55Z",
        "value": "375840.7851037979",
        "cumulative": true
    },
    {
        "date": "2020-09-11T15:23:09Z",
        "value": "376828.2441072464",
        "cumulative": true
    },
    {
        "date": "2020-09-11T15:23:19Z",
        "value": "377428.2435178757",
        "cumulative": true
    },
    {
        "date": "2020-09-11T15:23:37Z",
        "value": "378695.3675470352",
        "cumulative": true
    },
    {
        "date": "2020-09-11T15:23:51Z",
        "value": "379536.82781505585",
        "cumulative": true
    },
    {
        "date": "2020-09-11T15:24:01Z",
        "value": "380296.8502893448",
        "cumulative": true
    },
    {
        "date": "2020-09-11T15:24:19Z",
        "value": "381443.1726388931",
        "cumulative": true
    },
    {
        "date": "2020-09-11T15:24:31Z",
        "value": "382187.608962059",
        "cumulative": true
    },
    {
        "date": "2020-09-11T15:24:43Z",
        "value": "383033.10166454315",
        "cumulative": true
    },
    {
        "date": "2020-09-11T15:24:58Z",
        "value": "384072.0224790573",
        "cumulative": true
    },
    {
        "date": "2020-09-11T15:25:15Z",
        "value": "385151.4321870804",
        "cumulative": true
    },
    {
        "date": "2020-09-11T15:25:30Z",
        "value": "386169.04439258575",
        "cumulative": true
    },
    {
        "date": "2020-09-11T15:25:50Z",
        "value": "390186.1557788849",
        "cumulative": true
    },
    {
        "date": "2020-09-11T15:26:01Z",
        "value": "392559.46412467957",
        "cumulative": true
    },
    {
        "date": "2020-09-11T15:26:19Z",
        "value": "396653.3248825073",
        "cumulative": true
    },
    {
        "date": "2020-09-11T15:26:33Z",
        "value": "399892.74495124817",
        "cumulative": true
    },
    {
        "date": "2020-09-11T15:26:53Z",
        "value": "404035.27261543274",
        "cumulative": true
    },
    {
        "date": "2020-09-11T15:27:05Z",
        "value": "406804.6818447113",
        "cumulative": true
    },
    {
        "date": "2020-09-11T15:27:25Z",
        "value": "410877.17364501953",
        "cumulative": true
    },
    {
        "date": "2020-09-11T15:27:36Z",
        "value": "413402.47515678406",
        "cumulative": true
    },
    {
        "date": "2020-09-11T15:27:55Z",
        "value": "417214.5911693573",
        "cumulative": true
    },
    {
        "date": "2020-09-11T15:28:14Z",
        "value": "421336.18590927124",
        "cumulative": true
    },
    {
        "date": "2020-09-11T15:28:31Z",
        "value": "425117.96941947937",
        "cumulative": true
    },
    {
        "date": "2020-09-11T15:28:47Z",
        "value": "428603.38203048706",
        "cumulative": true
    },
    {
        "date": "2020-09-11T15:28:59Z",
        "value": "431303.2139492035",
        "cumulative": true
    },
    {
        "date": "2020-09-11T15:29:15Z",
        "value": "434642.12408065796",
        "cumulative": true
    },
    {
        "date": "2020-09-11T15:29:30Z",
        "value": "438035.9839935303",
        "cumulative": true
    },
    {
        "date": "2020-09-11T15:29:46Z",
        "value": "441741.64858055115",
        "cumulative": true
    },
    {
        "date": "2020-09-11T15:30:05Z",
        "value": "445960.3221874237",
        "cumulative": true
    },
    {
        "date": "2020-09-11T15:30:18Z",
        "value": "448685.8463821411",
        "cumulative": true
    },
    {
        "date": "2020-09-11T15:30:36Z",
        "value": "452572.16342163086",
        "cumulative": true
    },
    {
        "date": "2020-09-11T15:30:46Z",
        "value": "454421.65632629395",
        "cumulative": true
    },
    {
        "date": "2020-09-11T15:31:02Z",
        "value": "455494.54024124146",
        "cumulative": true
    },
    {
        "date": "2020-09-11T15:31:22Z",
        "value": "456841.6425380707",
        "cumulative": true
    },
    {
        "date": "2020-09-11T15:31:35Z",
        "value": "457804.38606643677",
        "cumulative": true
    },
    {
        "date": "2020-09-11T15:31:51Z",
        "value": "458881.3247413635",
        "cumulative": true
    },
    {
        "date": "2020-09-11T15:32:02Z",
        "value": "459730.8179740906",
        "cumulative": true
    },
    {
        "date": "2020-09-11T15:32:17Z",
        "value": "460739.6982383728",
        "cumulative": true
    },
    {
        "date": "2020-09-11T15:32:36Z",
        "value": "461961.81961631775",
        "cumulative": true
    },
    {
        "date": "2020-09-11T15:32:54Z",
        "value": "463218.8656826019",
        "cumulative": true
    },
    {
        "date": "2020-09-11T15:33:13Z",
        "value": "464512.0152130127",
        "cumulative": true
    },
    {
        "date": "2020-09-11T15:33:25Z",
        "value": "465294.3340358734",
        "cumulative": true
    },
    {
        "date": "2020-09-11T15:33:44Z",
        "value": "466621.38860702515",
        "cumulative": true
    },
    {
        "date": "2020-09-11T15:34:02Z",
        "value": "467877.59757232666",
        "cumulative": true
    },
    {
        "date": "2020-09-11T15:34:13Z",
        "value": "468607.82507896423",
        "cumulative": true
    },
    {
        "date": "2020-09-11T15:34:32Z",
        "value": "469909.4174785614",
        "cumulative": true
    },
    {
        "date": "2020-09-11T15:34:43Z",
        "value": "470611.1535549164",
        "cumulative": true
    },
    {
        "date": "2020-09-11T15:34:59Z",
        "value": "471816.5097141266",
        "cumulative": true
    },
    {
        "date": "2020-09-11T15:35:17Z",
        "value": "472971.7705459595",
        "cumulative": true
    },
    {
        "date": "2020-09-11T15:35:34Z",
        "value": "474232.1263847351",
        "cumulative": true
    },
    {
        "date": "2020-09-11T15:35:50Z",
        "value": "475262.68147468567",
        "cumulative": true
    },
    {
        "date": "2020-09-11T15:36:10Z",
        "value": "476593.3876800537",
        "cumulative": true
    },
    {
        "date": "2020-09-11T15:36:29Z",
        "value": "477945.617855072",
        "cumulative": true
    },
    {
        "date": "2020-09-11T15:36:44Z",
        "value": "478958.843252182",
        "cumulative": true
    },
    {
        "date": "2020-09-11T15:36:56Z",
        "value": "479705.0925140381",
        "cumulative": true
    },
    {
        "date": "2020-09-11T15:37:06Z",
        "value": "480405.99673461914",
        "cumulative": true
    },
    {
        "date": "2020-09-11T15:37:19Z",
        "value": "481353.15546035767",
        "cumulative": true
    },
    {
        "date": "2020-09-11T15:37:37Z",
        "value": "482628.1229057312",
        "cumulative": true
    },
    {
        "date": "2020-09-11T15:37:54Z",
        "value": "483681.0721130371",
        "cumulative": true
    },
    {
        "date": "2020-09-11T15:38:14Z",
        "value": "485027.02951812744",
        "cumulative": true
    },
    {
        "date": "2020-09-11T15:38:30Z",
        "value": "486090.95013046265",
        "cumulative": true
    },
    {
        "date": "2020-09-11T15:38:43Z",
        "value": "487051.4333515167",
        "cumulative": true
    },
    {
        "date": "2020-09-11T15:38:56Z",
        "value": "487821.74346351624",
        "cumulative": true
    }
]