[
    {
        "date": "2020-09-11T14:32:36Z",
        "value": "0.0009593963623046875",
        "cumulative": true
    },
    {
        "date": "2020-09-11T14:32:51Z",
        "value": "1.7861967086791992",
        "cumulative": true
    },
    {
        "date": "2020-09-11T14:33:10Z",
        "value": "64.9501781463623",
        "cumulative": true
    },
    {
        "date": "2020-09-11T14:33:22Z",
        "value": "351.2430667877197",
        "cumulative": true
    },
    {
        "date": "2020-09-11T14:33:37Z",
        "value": "1758.4062242507935",
        "cumulative": true
    },
    {
        "date": "2020-09-11T14:33:57Z",
        "value": "3695.1496238708496",
        "cumulative": true
    },
    {
        "date": "2020-09-11T14:34:11Z",
        "value": "5485.640321731567",
        "cumulative": true
    },
    {
        "date": "2020-09-11T14:34:24Z",
        "value": "6977.545150756836",
        "cumulative": true
    },
    {
        "date": "2020-09-11T14:34:36Z",
        "value": "8450.845474243164",
        "cumulative": true
    },
    {
        "date": "2020-09-11T14:34:47Z",
        "value": "9425.297486305237",
        "cumulative": true
    },
    {
        "date": "2020-09-11T14:34:59Z",
        "value": "11292.827451705933",
        "cumulative": true
    },
    {
        "date": "2020-09-11T14:35:11Z",
        "value": "12756.00924873352",
        "cumulative": true
    },
    {
        "date": "2020-09-11T14:35:30Z",
        "value": "14689.82161617279",
        "cumulative": true
    },
    {
        "date": "2020-09-11T14:35:42Z",
        "value": "17309.654321670532",
        "cumulative": true
    },
    {
        "date": "2020-09-11T14:35:57Z",
        "value": "18310.780478477478",
        "cumulative": true
    },
    {
        "date": "2020-09-11T14:36:11Z",
        "value": "20496.174983024597",
        "cumulative": true
    },
    {
        "date": "2020-09-11T14:36:24Z",
        "value": "22456.701751708984",
        "cumulative": true
    },
    {
        "date": "2020-09-11T14:36:37Z",
        "value": "23355.83847427368",
        "cumulative": true
    },
    {
        "date": "2020-09-11T14:36:57Z",
        "value": "27255.800051689148",
        "cumulative": true
    },
    {
        "date": "2020-09-11T14:37:12Z",
        "value": "28577.279287338257",
        "cumulative": true
    },
    {
        "date": "2020-09-11T14:37:31Z",
        "value": "30250.593359947205",
        "cumulative": true
    },
    {
        "date": "2020-09-11T14:37:42Z",
        "value": "32827.4325094223",
        "cumulative": true
    },
    {
        "date": "2020-09-11T14:37:59Z",
        "value": "35390.98180294037",
        "cumulative": true
    },
    {
        "date": "2020-09-11T14:38:10Z",
        "value": "36176.419461250305",
        "cumulative": true
    },
    {
        "date": "2020-09-11T14:38:27Z",
        "value": "37342.908104896545",
        "cumulative": true
    },
    {
        "date": "2020-09-11T14:38:43Z",
        "value": "40232.31149196625",
        "cumulative": true
    },
    {
        "date": "2020-09-11T14:38:53Z",
        "value": "42433.67054462433",
        "cumulative": true
    },
    {
        "date": "2020-09-11T14:39:11Z",
        "value": "44786.84542179108",
        "cumulative": true
    },
    {
        "date": "2020-09-11T14:39:21Z",
        "value": "45467.134236335754",
        "cumulative": true
    },
    {
        "date": "2020-09-11T14:39:33Z",
        "value": "46252.28753757477",
        "cumulative": true
    },
    {
        "date": "2020-09-11T14:39:49Z",
        "value": "47326.745268821716",
        "cumulative": true
    },
    {
        "date": "2020-09-11T14:40:05Z",
        "value": "50947.74096298218",
        "cumulative": true
    },
    {
        "date": "2020-09-11T14:40:23Z",
        "value": "54805.677406311035",
        "cumulative": true
    },
    {
        "date": "2020-09-11T14:40:36Z",
        "value": "56202.039056777954",
        "cumulative": true
    },
    {
        "date": "2020-09-11T14:40:54Z",
        "value": "57389.09667015076",
        "cumulative": true
    },
    {
        "date": "2020-09-11T14:41:06Z",
        "value": "58248.253034591675",
        "cumulative": true
    },
    {
        "date": "2020-09-11T14:41:25Z",
        "value": "59477.08458900452",
        "cumulative": true
    },
    {
        "date": "2020-09-11T14:41:40Z",
        "value": "61927.710923194885",
        "cumulative": true
    },
    {
        "date": "2020-09-11T14:41:54Z",
        "value": "64747.48598766327",
        "cumulative": true
    },
    {
        "date": "2020-09-11T14:42:09Z",
        "value": "67710.74461078644",
        "cumulative": true
    },
    {
        "date": "2020-09-11T14:42:23Z",
        "value": "70416.56359672546",
        "cumulative": true
    },
    {
        "date": "2020-09-11T14:42:42Z",
        "value": "71667.10423851013",
        "cumulative": true
    },
    {
        "date": "2020-09-11T14:42:58Z",
        "value": "72717.21084022522",
        "cumulative": true
    },
    {
        "date": "2020-09-11T14:43:17Z",
        "value": "74036.53100585938",
        "cumulative": true
    },
    {
        "date": "2020-09-11T14:43:33Z",
        "value": "75113.41925430298",
        "cumulative": true
    },
    {
        "date": "2020-09-11T14:43:53Z",
        "value": "78580.48141765594",
        "cumulative": true
    },
    {
        "date": "2020-09-11T14:44:11Z",
        "value": "82516.84848117828",
        "cumulative": true
    },
    {
        "date": "2020-09-11T14:44:29Z",
        "value": "86354.30360507965",
        "cumulative": true
    },
    {
        "date": "2020-09-11T14:44:47Z",
        "value": "89119.20488452911",
        "cumulative": true
    },
    {
        "date": "2020-09-11T14:45:06Z",
        "value": "90320.52102565765",
        "cumulative": true
    },
    {
        "date": "2020-09-11T14:45:22Z",
        "value": "91407.80653095245",
        "cumulative": true
    },
    {
        "date": "2020-09-11T14:45:42Z",
        "value": "92664.62330532074",
        "cumulative": true
    },
    {
        "date": "2020-09-11T14:46:01Z",
        "value": "93901.93533039093",
        "cumulative": true
    },
    {
        "date": "2020-09-11T14:46:15Z",
        "value": "94851.09260082245",
        "cumulative": true
    },
    {
        "date": "2020-09-11T14:46:27Z",
        "value": "96461.67116355896",
        "cumulative": true
    },
    {
        "date": "2020-09-11T14:46:37Z",
        "value": "98463.73249053955",
        "cumulative": true
    },
    {
        "date": "2020-09-11T14:46:47Z",
        "value": "100632.09112930298",
        "cumulative": true
    },
    {
        "date": "2020-09-11T14:47:04Z",
        "value": "104094.83399391174",
        "cumulative": true
    },
    {
        "date": "2020-09-11T14:47:15Z",
        "value": "106514.67910957336",
        "cumulative": true
    },
    {
        "date": "2020-09-11T14:47:30Z",
        "value": "109826.6480102539",
        "cumulative": true
    },
    {
        "date": "2020-09-11T14:47:45Z",
        "value": "112276.88545322418",
        "cumulative": true
    },
    {
        "date": "2020-09-11T14:47:58Z",
        "value": "113157.83302593231",
        "cumulative": true
    },
    {
        "date": "2020-09-11T14:48:16Z",
        "value": "114331.09672832489",
        "cumulative": true
    },
    {
        "date": "2020-09-11T14:48:33Z",
        "value": "115487.09460735321",
        "cumulative": true
    },
    {
        "date": "2020-09-11T14:48:50Z",
        "value": "116570.34811115265",
        "cumulative": true
    },
    {
        "date": "2020-09-11T14:49:02Z",
        "value": "117317.49359989166",
        "cumulative": true
    },
    {
        "date": "2020-09-11T14:49:15Z",
        "value": "118146.88753223419",
        "cumulative": true
    },
    {
        "date": "2020-09-11T14:49:33Z",
        "value": "119348.84836101532",
        "cumulative": true
    },
    {
        "date": "2020-09-11T14:49:46Z",
        "value": "120225.61685848236",
        "cumulative": true
    },
    {
        "date": "2020-09-11T14:50:04Z",
        "value": "124108.50403022766",
        "cumulative": true
    },
    {
        "date": "2020-09-11T14:50:15Z",
        "value": "126230.33378219604",
        "cumulative": true
    },
    {
        "date": "2020-09-11T14:50:27Z",
        "value": "128750.70438575745",
        "cumulative": true
    },
    {
        "date": "2020-09-11T14:50:40Z",
        "value": "131288.61603736877",
        "cumulative": true
    },
    {
        "date": "2020-09-11T14:50:55Z",
        "value": "134325.4795074463",
        "cumulative": true
    },
    {
        "date": "2020-09-11T14:51:11Z",
        "value": "137827.30316352844",
        "cumulative": true
    },
    {
        "date": "2020-09-11T14:51:22Z",
        "value": "140106.54868125916",
        "cumulative": true
    },
    {
        "date": "2020-09-11T14:51:39Z",
        "value": "142084.18771266937",
        "cumulative": true
    },
    {
        "date": "2020-09-11T14:51:55Z",
        "value": "143103.27048778534",
        "cumulative": true
    },
    {
        "date": "2020-09-11T14:52:14Z",
        "value": "144293.52948474884",
        "cumulative": true
    },
    {
        "date": "2020-09-11T14:52:30Z",
        "value": "145419.83984279633",
        "cumulative": true
    },
    {
        "date": "2020-09-11T14:52:47Z",
        "value": "146460.30265331268",
        "cumulative": true
    },
    {
        "date": "2020-09-11T14:53:03Z",
        "value": "147601.40933704376",
        "cumulative": true
    },
    {
        "date": "2020-09-11T14:53:23Z",
        "value": "148872.74924373627",
        "cumulative": true
    },
    {
        "date": "2020-09-11T14:53:37Z",
        "value": "149807.33623027802",
        "cumulative": true
    },
    {
        "date": "2020-09-11T14:53:49Z",
        "value": "150544.8627614975",
        "cumulative": true
    },
    {
        "date": "2020-09-11T14:54:03Z",
        "value": "151488.42215251923",
        "cumulative": true
    },
    {
        "date": "2020-09-11T14:54:18Z",
        "value": "153569.7227153778",
        "cumulative": true
    },
    {
        "date": "2020-09-11T14:54:34Z",
        "value": "157345.99324035645",
        "cumulative": true
    },
    {
        "date": "2020-09-11T14:54:53Z",
        "value": "161308.87406730652",
        "cumulative": true
    },
    {
        "date": "2020-09-11T14:55:09Z",
        "value": "164706.04949378967",
        "cumulative": true
    },
    {
        "date": "2020-09-11T14:55:23Z",
        "value": "167802.1242351532",
        "cumulative": true
    },
    {
        "date": "2020-09-11T14:55:37Z",
        "value": "170653.8458328247",
        "cumulative": true
    },
    {
        "date": "2020-09-11T14:55:51Z",
        "value": "173766.70180511475",
        "cumulative": true
    },
    {
        "date": "2020-09-11T14:56:07Z",
        "value": "176913.95273017883",
        "cumulative": true
    },
    {
        "date": "2020-09-11T14:56:22Z",
        "value": "179101.06790828705",
        "cumulative": true
    },
    {
        "date": "2020-09-11T14:56:35Z",
        "value": "179934.28039836884",
        "cumulative": true
    },
    {
        "date": "2020-09-11T14:56:48Z",
        "value": "180758.97551250458",
        "cumulative": true
    },
    {
        "date": "2020-09-11T14:57:06Z",
        "value": "182016.30073451996",
        "cumulative": true
    },
    {
        "date": "2020-09-11T14:57:19Z",
        "value": "182810.7249803543",
        "cumulative": true
    },
    {
        "date": "2020-09-11T14:57:31Z",
        "value": "183605.12427043915",
        "cumulative": true
    },
    {
        "date": "2020-09-11T14:57:48Z",
        "value": "184686.70277881622",
        "cumulative": true
    },
    {
        "date": "2020-09-11T14:57:59Z",
        "value": "185394.01143360138",
        "cumulative": true
    },
    {
        "date": "2020-09-11T14:58:15Z",
        "value": "186519.73869609833",
        "cumulative": true
    },
    {
        "date": "2020-09-11T14:58:33Z",
        "value": "187631.65079593658",
        "cumulative": true
    },
    {
        "date": "2020-09-11T14:58:48Z",
        "value": "188673.0423116684",
        "cumulative": true
    },
    {
        "date": "2020-09-11T14:59:08Z",
        "value": "190000.26004123688",
        "cumulative": true
    },
    {
        "date": "2020-09-11T14:59:24Z",
        "value": "191083.24895000458",
        "cumulative": true
    },
    {
        "date": "2020-09-11T14:59:38Z",
        "value": "192477.76388931274",
        "cumulative": true
    },
    {
        "date": "2020-09-11T14:59:54Z",
        "value": "195956.00664901733",
        "cumulative": true
    },
    {
        "date": "2020-09-11T15:00:08Z",
        "value": "199040.95189094543",
        "cumulative": true
    },
    {
        "date": "2020-09-11T15:00:25Z",
        "value": "202678.3483695984",
        "cumulative": true
    },
    {
        "date": "2020-09-11T15:00:37Z",
        "value": "205321.7213859558",
        "cumulative": true
    },
    {
        "date": "2020-09-11T15:00:56Z",
        "value": "209543.8785610199",
        "cumulative": true
    },
    {
        "date": "2020-09-11T15:01:13Z",
        "value": "213351.31287574768",
        "cumulative": true
    },
    {
        "date": "2020-09-11T15:01:32Z",
        "value": "217526.1702861786",
        "cumulative": true
    },
    {
        "date": "2020-09-11T15:01:50Z",
        "value": "221410.98927497864",
        "cumulative": true
    },
    {
        "date": "2020-09-11T15:02:01Z",
        "value": "223764.26196670532",
        "cumulative": true
    },
    {
        "date": "2020-09-11T15:02:17Z",
        "value": "225964.0991754532",
        "cumulative": true
    },
    {
        "date": "2020-09-11T15:02:32Z",
        "value": "226998.73423862457",
        "cumulative": true
    },
    {
        "date": "2020-09-11T15:02:52Z",
        "value": "228325.54151248932",
        "cumulative": true
    },
    {
        "date": "2020-09-11T15:03:09Z",
        "value": "229462.1550989151",
        "cumulative": true
    },
    {
        "date": "2020-09-11T15:03:23Z",
        "value": "230323.40612125397",
        "cumulative": true
    },
    {
        "date": "2020-09-11T15:03:41Z",
        "value": "231630.6623029709",
        "cumulative": true
    },
    {
        "date": "2020-09-11T15:03:54Z",
        "value": "232469.09080410004",
        "cumulative": true
    },
    {
        "date": "2020-09-11T15:04:05Z",
        "value": "233162.01382923126",
        "cumulative": true
    },
    {
        "date": "2020-09-11T15:04:24Z",
        "value": "234477.85319805145",
        "cumulative": true
    },
    {
        "date": "2020-09-11T15:04:37Z",
        "value": "235230.15713596344",
        "cumulative": true
    },
    {
        "date": "2020-09-11T15:04:49Z",
        "value": "236006.35882472992",
        "cumulative": true
    },
    {
        "date": "2020-09-11T15:05:02Z",
        "value": "236875.3896188736",
        "cumulative": true
    },
    {
        "date": "2020-09-11T15:05:16Z",
        "value": "237821.93325901031",
        "cumulative": true
    },
    {
        "date": "2020-09-11T15:05:34Z",
        "value": "238998.08957386017",
        "cumulative": true
    },
    {
        "date": "2020-09-11T15:05:52Z",
        "value": "240184.2870721817",
        "cumulative": true
    },
    {
        "date": "2020-09-11T15:06:09Z",
        "value": "241252.82176494598",
        "cumulative": true
    },
    {
        "date": "2020-09-11T15:06:24Z",
        "value": "242561.25853347778",
        "cumulative": true
    },
    {
        "date": "2020-09-11T15:06:39Z",
        "value": "246000.88296318054",
        "cumulative": true
    },
    {
        "date": "2020-09-11T15:06:55Z",
        "value": "249626.97024726868",
        "cumulative": true
    },
    {
        "date": "2020-09-11T15:07:05Z",
        "value": "251950.88843917847",
        "cumulative": true
    },
    {
        "date": "2020-09-11T15:07:17Z",
        "value": "254256.82548713684",
        "cumulative": true
    },
    {
        "date": "2020-09-11T15:07:36Z",
        "value": "258326.76951026917",
        "cumulative": true
    },
    {
        "date": "2020-09-11T15:07:50Z",
        "value": "261452.4749774933",
        "cumulative": true
    },
    {
        "date": "2020-09-11T15:08:07Z",
        "value": "265367.32769203186",
        "cumulative": true
    },
    {
        "date": "2020-09-11T15:08:21Z",
        "value": "268394.89494132996",
        "cumulative": true
    },
    {
        "date": "2020-09-11T15:08:40Z",
        "value": "272346.04805755615",
        "cumulative": true
    },
    {
        "date": "2020-09-11T15:08:56Z",
        "value": "275658.8460254669",
        "cumulative": true
    },
    {
        "date": "2020-09-11T15:09:12Z",
        "value": "279194.1459598541",
        "cumulative": true
    },
    {
        "date": "2020-09-11T15:09:27Z",
        "value": "282564.05799484253",
        "cumulative": true
    },
    {
        "date": "2020-09-11T15:09:39Z",
        "value": "284766.362578392",
        "cumulative": true
    },
    {
        "date": "2020-09-11T15:09:56Z",
        "value": "285984.59599781036",
        "cumulative": true
    },
    {
        "date": "2020-09-11T15:10:07Z",
        "value": "286787.1212301254",
        "cumulative": true
    },
    {
        "date": "2020-09-11T15:10:18Z",
        "value": "287512.3219614029",
        "cumulative": true
    },
    {
        "date": "2020-09-11T15:10:29Z",
        "value": "288265.9038915634",
        "cumulative": true
    },
    {
        "date": "2020-09-11T15:10:43Z",
        "value": "289165.83245944977",
        "cumulative": true
    },
    {
        "date": "2020-09-11T15:11:02Z",
        "value": "290443.0075311661",
        "cumulative": true
    },
    {
        "date": "2020-09-11T15:11:15Z",
        "value": "291344.317984581",
        "cumulative": true
    },
    {
        "date": "2020-09-11T15:11:34Z",
        "value": "292707.1368227005",
        "cumulative": true
    },
    {
        "date": "2020-09-11T15:11:46Z",
        "value": "293416.4942045212",
        "cumulative": true
    },
    {
        "date": "2020-09-11T15:12:05Z",
        "value": "294818.05421733856",
        "cumulative": true
    },
    {
        "date": "2020-09-11T15:12:24Z",
        "value": "296085.98783397675",
        "cumulative": true
    },
    {
        "date": "2020-09-11T15:12:38Z",
        "value": "296970.8500318527",
        "cumulative": true
    },
    {
        "date": "2020-09-11T15:12:52Z",
        "value": "297872.78730869293",
        "cumulative": true
    },
    {
        "date": "2020-09-11T15:13:06Z",
        "value": "298847.62237644196",
        "cumulative": true
    },
    {
        "date": "2020-09-11T15:13:19Z",
        "value": "299717.8964948654",
        "cumulative": true
    },
    {
        "date": "2020-09-11T15:13:31Z",
        "value": "300535.45923519135",
        "cumulative": true
    },
    {
        "date": "2020-09-11T15:13:51Z",
        "value": "301832.208571434",
        "cumulative": true
    },
    {
        "date": "2020-09-11T15:14:08Z",
        "value": "303051.93744945526",
        "cumulative": true
    },
    {
        "date": "2020-09-11T15:14:19Z",
        "value": "303701.59846782684",
        "cumulative": true
    },
    {
        "date": "2020-09-11T15:14:35Z",
        "value": "304806.5433702469",
        "cumulative": true
    },
    {
        "date": "2020-09-11T15:14:53Z",
        "value": "306528.003030777",
        "cumulative": true
    },
    {
        "date": "2020-09-11T15:15:08Z",
        "value": "309815.9245967865",
        "cumulative": true
    },
    {
        "date": "2020-09-11T15:15:25Z",
        "value": "313585.1529121399",
        "cumulative": true
    },
    {
        "date": "2020-09-11T15:15:36Z",
        "value": "315992.3111152649",
        "cumulative": true
    },
    {
        "date": "2020-09-11T15:15:53Z",
        "value": "319754.3862400055",
        "cumulative": true
    },
    {
        "date": "2020-09-11T15:16:09Z",
        "value": "322978.26983833313",
        "cumulative": true
    },
    {
        "date": "2020-09-11T15:16:27Z",
        "value": "327273.4018306732",
        "cumulative": true
    },
    {
        "date": "2020-09-11T15:16:42Z",
        "value": "330490.5047302246",
        "cumulative": true
    },
    {
        "date": "2020-09-11T15:17:01Z",
        "value": "334793.7839298248",
        "cumulative": true
    },
    {
        "date": "2020-09-11T15:17:15Z",
        "value": "337797.4062023163",
        "cumulative": true
    },
    {
        "date": "2020-09-11T15:17:30Z",
        "value": "341067.3508167267",
        "cumulative": true
    },
    {
        "date": "2020-09-11T15:17:43Z",
        "value": "343795.8566570282",
        "cumulative": true
    },
    {
        "date": "2020-09-11T15:17:53Z",
        "value": "345783.07016563416",
        "cumulative": true
    },
    {
        "date": "2020-09-11T15:18:04Z",
        "value": "348207.8540210724",
        "cumulative": true
    },
    {
        "date": "2020-09-11T15:18:20Z",
        "value": "351963.0097103119",
        "cumulative": true
    },
    {
        "date": "2020-09-11T15:18:38Z",
        "value": "355864.3067893982",
        "cumulative": true
    },
    {
        "date": "2020-09-11T15:18:49Z",
        "value": "358155.4972820282",
        "cumulative": true
    },
    {
        "date": "2020-09-11T15:19:06Z",
        "value": "360216.51679706573",
        "cumulative": true
    },
    {
        "date": "2020-09-11T15:19:16Z",
        "value": "360879.62396907806",
        "cumulative": true
    },
    {
        "date": "2020-09-11T15:19:30Z",
        "value": "361868.77970409393",
        "cumulative": true
    },
    {
        "date": "2020-09-11T15:19:44Z",
        "value": "362735.67920970917",
        "cumulative": true
    },
    {
        "date": "2020-09-11T15:19:59Z",
        "value": "363782.65688991547",
        "cumulative": true
    },
    {
        "date": "2020-09-11T15:20:14Z",
        "value": "364742.87495326996",
        "cumulative": true
    },
    {
        "date": "2020-09-11T15:20:28Z",
        "value": "365679.0559206009",
        "cumulative": true
    },
    {
        "date": "2020-09-11T15:20:46Z",
        "value": "366939.0939874649",
        "cumulative": true
    },
    {
        "date": "2020-09-11T15:21:04Z",
        "value": "368129.96634197235",
        "cumulative": true
    },
    {
        "date": "2020-09-11T15:21:22Z",
        "value": "369382.59590625763",
        "cumulative": true
    },
    {
        "date": "2020-09-11T15:21:35Z",
        "value": "370235.1498193741",
        "cumulative": true
    },
    {
        "date": "2020-09-11T15:21:45Z",
        "value": "370940.0340051651",
        "cumulative": true
    },
    {
        "date": "2020-09-11T15:21:58Z",
        "value": "371739.4668073654",
        "cumulative": true
    },
    {
        "date": "2020-09-11T15:22:14Z",
        "value": "372809.9801225662",
        "cumulative": true
    },
    {
        "date": "2020-09-11T15:22:32Z",
        "value": "374025.0523080826",
        "cumulative": true
    },
    {
        "date": "2020-09-11T15:22:44Z",
        "value": "374799.9281606674",
        "cumulative": true
    },
    {
        "date": "2020-09-11T15:23:04Z",
        "value": "376125.63995075226",
        "cumulative": true
    },
    {
        "date": "2020-09-11T15:23:14Z",
        "value": "376831.7687292099",
        "cumulative": true
    },
    {
        "date": "2020-09-11T15:23:29Z",
        "value": "377752.361533165",
        "cumulative": true
    },
    {
        "date": "2020-09-11T15:23:48Z",
        "value": "379033.8773431778",
        "cumulative": true
    },
    {
        "date": "2020-09-11T15:24:01Z",
        "value": "380011.32822322845",
        "cumulative": true
    },
    {
        "date": "2020-09-11T15:24:16Z",
        "value": "380916.1899881363",
        "cumulative": true
    },
    {
        "date": "2020-09-11T15:24:30Z",
        "value": "381880.436583519",
        "cumulative": true
    },
    {
        "date": "2020-09-11T15:24:49Z",
        "value": "383210.95993709564",
        "cumulative": true
    },
    {
        "date": "2020-09-11T15:25:09Z",
        "value": "384544.9358282089",
        "cumulative": true
    },
    {
        "date": "2020-09-11T15:25:28Z",
        "value": "385711.58490276337",
        "cumulative": true
    },
    {
        "date": "2020-09-11T15:25:47Z",
        "value": "389107.73046684265",
        "cumulative": true
    },
    {
        "date": "2020-09-11T15:25:59Z",
        "value": "391843.06997299194",
        "cumulative": true
    },
    {
        "date": "2020-09-11T15:26:10Z",
        "value": "394266.1871433258",
        "cumulative": true
    },
    {
        "date": "2020-09-11T15:26:21Z",
        "value": "396901.6761455536",
        "cumulative": true
    },
    {
        "date": "2020-09-11T15:26:39Z",
        "value": "400807.42352867126",
        "cumulative": true
    },
    {
        "date": "2020-09-11T15:26:59Z",
        "value": "405017.73795318604",
        "cumulative": true
    },
    {
        "date": "2020-09-11T15:27:18Z",
        "value": "409191.4218406677",
        "cumulative": true
    },
    {
        "date": "2020-09-11T15:27:37Z",
        "value": "413251.6430454254",
        "cumulative": true
    },
    {
        "date": "2020-09-11T15:27:53Z",
        "value": "416460.3936882019",
        "cumulative": true
    },
    {
        "date": "2020-09-11T15:28:07Z",
        "value": "419426.5561771393",
        "cumulative": true
    },
    {
        "date": "2020-09-11T15:28:24Z",
        "value": "423420.6981716156",
        "cumulative": true
    },
    {
        "date": "2020-09-11T15:28:36Z",
        "value": "425903.15214920044",
        "cumulative": true
    },
    {
        "date": "2020-09-11T15:28:55Z",
        "value": "430202.74588394165",
        "cumulative": true
    },
    {
        "date": "2020-09-11T15:29:06Z",
        "value": "432550.8824367523",
        "cumulative": true
    },
    {
        "date": "2020-09-11T15:29:18Z",
        "value": "435083.8567314148",
        "cumulative": true
    },
    {
        "date": "2020-09-11T15:29:38Z",
        "value": "439633.62863349915",
        "cumulative": true
    },
    {
        "date": "2020-09-11T15:29:56Z",
        "value": "443287.56066703796",
        "cumulative": true
    },
    {
        "date": "2020-09-11T15:30:08Z",
        "value": "445981.1574707031",
        "cumulative": true
    },
    {
        "date": "2020-09-11T15:30:26Z",
        "value": "449856.78089141846",
        "cumulative": true
    },
    {
        "date": "2020-09-11T15:30:43Z",
        "value": "453924.5400505066",
        "cumulative": true
    },
    {
        "date": "2020-09-11T15:30:54Z",
        "value": "454605.59949684143",
        "cumulative": true
    },
    {
        "date": "2020-09-11T15:31:13Z",
        "value": "455944.9020614624",
        "cumulative": true
    },
    {
        "date": "2020-09-11T15:31:31Z",
        "value": "457088.1484642029",
        "cumulative": true
    },
    {
        "date": "2020-09-11T15:31:47Z",
        "value": "458299.3322086334",
        "cumulative": true
    },
    {
        "date": "2020-09-11T15:31:59Z",
        "value": "459047.7729873657",
        "cumulative": true
    },
    {
        "date": "2020-09-11T15:32:17Z",
        "value": "460322.33616638184",
        "cumulative": true
    },
    {
        "date": "2020-09-11T15:32:30Z",
        "value": "461119.3705024719",
        "cumulative": true
    },
    {
        "date": "2020-09-11T15:32:42Z",
        "value": "462003.4300842285",
        "cumulative": true
    },
    {
        "date": "2020-09-11T15:33:02Z",
        "value": "463356.7141494751",
        "cumulative": true
    },
    {
        "date": "2020-09-11T15:33:18Z",
        "value": "464411.02700424194",
        "cumulative": true
    },
    {
        "date": "2020-09-11T15:33:31Z",
        "value": "465365.515958786",
        "cumulative": true
    },
    {
        "date": "2020-09-11T15:33:46Z",
        "value": "466375.9633407593",
        "cumulative": true
    },
    {
        "date": "2020-09-11T15:34:02Z",
        "value": "467392.5238056183",
        "cumulative": true
    },
    {
        "date": "2020-09-11T15:34:20Z",
        "value": "468731.05124282837",
        "cumulative": true
    },
    {
        "date": "2020-09-11T15:34:39Z",
        "value": "469891.71259117126",
        "cumulative": true
    },
    {
        "date": "2020-09-11T15:34:51Z",
        "value": "470749.56131744385",
        "cumulative": true
    },
    {
        "date": "2020-09-11T15:35:06Z",
        "value": "471793.49908447266",
        "cumulative": true
    },
    {
        "date": "2020-09-11T15:35:26Z",
        "value": "473126.4809474945",
        "cumulative": true
    },
    {
        "date": "2020-09-11T15:35:36Z",
        "value": "473856.3691062927",
        "cumulative": true
    },
    {
        "date": "2020-09-11T15:35:49Z",
        "value": "474781.82045936584",
        "cumulative": true
    },
    {
        "date": "2020-09-11T15:36:01Z",
        "value": "475533.26490211487",
        "cumulative": true
    },
    {
        "date": "2020-09-11T15:36:16Z",
        "value": "476520.8380699158",
        "cumulative": true
    },
    {
        "date": "2020-09-11T15:36:33Z",
        "value": "477629.50001335144",
        "cumulative": true
    },
    {
        "date": "2020-09-11T15:36:52Z",
        "value": "478987.3191986084",
        "cumulative": true
    },
    {
        "date": "2020-09-11T15:37:06Z",
        "value": "479961.53031539917",
        "cumulative": true
    },
    {
        "date": "2020-09-11T15:37:20Z",
        "value": "480938.45568466187",
        "cumulative": true
    },
    {
        "date": "2020-09-11T15:37:35Z",
        "value": "481923.21235084534",
        "cumulative": true
    },
    {
        "date": "2020-09-11T15:37:54Z",
        "value": "483208.47209358215",
        "cumulative": true
    },
    {
        "date": "2020-09-11T15:38:10Z",
        "value": "484287.46590805054",
        "cumulative": true
    },
    {
        "date": "2020-09-11T15:38:23Z",
        "value": "485219.31259155273",
        "cumulative": true
    },
    {
        "date": "2020-09-11T15:38:34Z",
        "value": "485896.68454551697",
        "cumulative": true
    },
    {
        "date": "2020-09-11T15:38:46Z",
        "value": "486663.62141418457",
        "cumulative": true
    },
    {
        "date": "2020-09-11T15:39:02Z",
        "value": "487583.5009250641",
        "cumulative": true
    }
]