[
    {
        "date": "2020-09-11T14:32:35Z",
        "value": "4.00543212890625e-05",
        "cumulative": true
    },
    {
        "date": "2020-09-11T14:32:50Z",
        "value": "1.6460695266723633",
        "cumulative": true
    },
    {
        "date": "2020-09-11T14:33:03Z",
        "value": "33.9801721572876",
        "cumulative": true
    },
    {
        "date": "2020-09-11T14:33:20Z",
        "value": "248.86396312713623",
        "cumulative": true
    },
    {
        "date": "2020-09-11T14:33:30Z",
        "value": "974.5982074737549",
        "cumulative": true
    },
    {
        "date": "2020-09-11T14:33:45Z",
        "value": "2507.0102376937866",
        "cumulative": true
    },
    {
        "date": "2020-09-11T14:33:57Z",
        "value": "3695.5609464645386",
        "cumulative": true
    },
    {
        "date": "2020-09-11T14:34:09Z",
        "value": "5099.124090194702",
        "cumulative": true
    },
    {
        "date": "2020-09-11T14:34:28Z",
        "value": "7277.593460083008",
        "cumulative": true
    },
    {
        "date": "2020-09-11T14:34:43Z",
        "value": "9093.132800102234",
        "cumulative": true
    },
    {
        "date": "2020-09-11T14:34:59Z",
        "value": "11286.752697944641",
        "cumulative": true
    },
    {
        "date": "2020-09-11T14:35:14Z",
        "value": "13308.105415344238",
        "cumulative": true
    },
    {
        "date": "2020-09-11T14:35:33Z",
        "value": "15050.949304580688",
        "cumulative": true
    },
    {
        "date": "2020-09-11T14:35:48Z",
        "value": "17744.1642742157",
        "cumulative": true
    },
    {
        "date": "2020-09-11T14:36:05Z",
        "value": "19463.822533607483",
        "cumulative": true
    },
    {
        "date": "2020-09-11T14:36:25Z",
        "value": "22523.793170928955",
        "cumulative": true
    },
    {
        "date": "2020-09-11T14:36:42Z",
        "value": "23919.571570396423",
        "cumulative": true
    },
    {
        "date": "2020-09-11T14:36:58Z",
        "value": "27425.483771324158",
        "cumulative": true
    },
    {
        "date": "2020-09-11T14:37:10Z",
        "value": "28489.13970565796",
        "cumulative": true
    },
    {
        "date": "2020-09-11T14:37:22Z",
        "value": "29305.15838432312",
        "cumulative": true
    },
    {
        "date": "2020-09-11T14:37:37Z",
        "value": "31622.806099891663",
        "cumulative": true
    },
    {
        "date": "2020-09-11T14:37:51Z",
        "value": "34864.3058423996",
        "cumulative": true
    },
    {
        "date": "2020-09-11T14:38:08Z",
        "value": "36042.19751358032",
        "cumulative": true
    },
    {
        "date": "2020-09-11T14:38:24Z",
        "value": "37205.471364974976",
        "cumulative": true
    },
    {
        "date": "2020-09-11T14:38:40Z",
        "value": "39733.96435546875",
        "cumulative": true
    },
    {
        "date": "2020-09-11T14:38:58Z",
        "value": "43638.85984802246",
        "cumulative": true
    },
    {
        "date": "2020-09-11T14:39:15Z",
        "value": "45104.96640396118",
        "cumulative": true
    },
    {
        "date": "2020-09-11T14:39:35Z",
        "value": "46450.716747283936",
        "cumulative": true
    },
    {
        "date": "2020-09-11T14:39:51Z",
        "value": "47716.57902431488",
        "cumulative": true
    },
    {
        "date": "2020-09-11T14:40:06Z",
        "value": "51245.27979373932",
        "cumulative": true
    },
    {
        "date": "2020-09-11T14:40:26Z",
        "value": "55354.529591560364",
        "cumulative": true
    },
    {
        "date": "2020-09-11T14:40:39Z",
        "value": "56417.31236743927",
        "cumulative": true
    },
    {
        "date": "2020-09-11T14:40:54Z",
        "value": "57469.62401294708",
        "cumulative": true
    },
    {
        "date": "2020-09-11T14:41:14Z",
        "value": "58808.510548591614",
        "cumulative": true
    },
    {
        "date": "2020-09-11T14:41:26Z",
        "value": "59580.02376461029",
        "cumulative": true
    },
    {
        "date": "2020-09-11T14:41:40Z",
        "value": "61942.76413726807",
        "cumulative": true
    },
    {
        "date": "2020-09-11T14:41:50Z",
        "value": "63898.17148399353",
        "cumulative": true
    },
    {
        "date": "2020-09-11T14:42:08Z",
        "value": "67590.09733772278",
        "cumulative": true
    },
    {
        "date": "2020-09-11T14:42:23Z",
        "value": "70479.46478939056",
        "cumulative": true
    },
    {
        "date": "2020-09-11T14:42:35Z",
        "value": "71218.2610578537",
        "cumulative": true
    },
    {
        "date": "2020-09-11T14:42:49Z",
        "value": "72220.11032390594",
        "cumulative": true
    },
    {
        "date": "2020-09-11T14:43:03Z",
        "value": "73133.11600589752",
        "cumulative": true
    },
    {
        "date": "2020-09-11T14:43:22Z",
        "value": "74451.69175243378",
        "cumulative": true
    },
    {
        "date": "2020-09-11T14:43:42Z",
        "value": "76278.67007255554",
        "cumulative": true
    },
    {
        "date": "2020-09-11T14:43:58Z",
        "value": "79709.60214805603",
        "cumulative": true
    },
    {
        "date": "2020-09-11T14:44:11Z",
        "value": "82529.99102592468",
        "cumulative": true
    },
    {
        "date": "2020-09-11T14:44:28Z",
        "value": "86285.83546257019",
        "cumulative": true
    },
    {
        "date": "2020-09-11T14:44:47Z",
        "value": "89185.56637382507",
        "cumulative": true
    },
    {
        "date": "2020-09-11T14:45:04Z",
        "value": "90305.74278640747",
        "cumulative": true
    },
    {
        "date": "2020-09-11T14:45:21Z",
        "value": "91432.71709251404",
        "cumulative": true
    },
    {
        "date": "2020-09-11T14:45:36Z",
        "value": "92360.50372314453",
        "cumulative": true
    },
    {
        "date": "2020-09-11T14:45:52Z",
        "value": "93398.18260574341",
        "cumulative": true
    },
    {
        "date": "2020-09-11T14:46:08Z",
        "value": "94473.74245071411",
        "cumulative": true
    },
    {
        "date": "2020-09-11T14:46:26Z",
        "value": "96400.3055677414",
        "cumulative": true
    },
    {
        "date": "2020-09-11T14:46:44Z",
        "value": "100201.43784046173",
        "cumulative": true
    },
    {
        "date": "2020-09-11T14:47:00Z",
        "value": "103336.81514072418",
        "cumulative": true
    },
    {
        "date": "2020-09-11T14:47:17Z",
        "value": "107066.57508563995",
        "cumulative": true
    },
    {
        "date": "2020-09-11T14:47:34Z",
        "value": "110779.771443367",
        "cumulative": true
    },
    {
        "date": "2020-09-11T14:47:47Z",
        "value": "112557.01208686829",
        "cumulative": true
    },
    {
        "date": "2020-09-11T14:48:06Z",
        "value": "113791.15926361084",
        "cumulative": true
    },
    {
        "date": "2020-09-11T14:48:21Z",
        "value": "114797.30685043335",
        "cumulative": true
    },
    {
        "date": "2020-09-11T14:48:39Z",
        "value": "115959.92318153381",
        "cumulative": true
    },
    {
        "date": "2020-09-11T14:48:57Z",
        "value": "117111.43501091003",
        "cumulative": true
    },
    {
        "date": "2020-09-11T14:49:12Z",
        "value": "118111.4457912445",
        "cumulative": true
    },
    {
        "date": "2020-09-11T14:49:25Z",
        "value": "118937.63022613525",
        "cumulative": true
    },
    {
        "date": "2020-09-11T14:49:42Z",
        "value": "120101.14401435852",
        "cumulative": true
    },
    {
        "date": "2020-09-11T14:49:54Z",
        "value": "122126.13882160187",
        "cumulative": true
    },
    {
        "date": "2020-09-11T14:50:10Z",
        "value": "125357.14355564117",
        "cumulative": true
    },
    {
        "date": "2020-09-11T14:50:27Z",
        "value": "128896.82998752594",
        "cumulative": true
    },
    {
        "date": "2020-09-11T14:50:42Z",
        "value": "131816.36900043488",
        "cumulative": true
    },
    {
        "date": "2020-09-11T14:50:58Z",
        "value": "135223.99192142487",
        "cumulative": true
    },
    {
        "date": "2020-09-11T14:51:12Z",
        "value": "138121.11914157867",
        "cumulative": true
    },
    {
        "date": "2020-09-11T14:51:26Z",
        "value": "141046.59621334076",
        "cumulative": true
    },
    {
        "date": "2020-09-11T14:51:44Z",
        "value": "142583.08436393738",
        "cumulative": true
    },
    {
        "date": "2020-09-11T14:52:01Z",
        "value": "143634.66040039062",
        "cumulative": true
    },
    {
        "date": "2020-09-11T14:52:12Z",
        "value": "144422.67419433594",
        "cumulative": true
    },
    {
        "date": "2020-09-11T14:52:26Z",
        "value": "145311.50685691833",
        "cumulative": true
    },
    {
        "date": "2020-09-11T14:52:43Z",
        "value": "146416.8184337616",
        "cumulative": true
    },
    {
        "date": "2020-09-11T14:52:56Z",
        "value": "147277.00435447693",
        "cumulative": true
    },
    {
        "date": "2020-09-11T14:53:11Z",
        "value": "148229.3878955841",
        "cumulative": true
    },
    {
        "date": "2020-09-11T14:53:23Z",
        "value": "149064.59961891174",
        "cumulative": true
    },
    {
        "date": "2020-09-11T14:53:39Z",
        "value": "150090.57007598877",
        "cumulative": true
    },
    {
        "date": "2020-09-11T14:53:57Z",
        "value": "151271.58497810364",
        "cumulative": true
    },
    {
        "date": "2020-09-11T14:54:14Z",
        "value": "153085.58874225616",
        "cumulative": true
    },
    {
        "date": "2020-09-11T14:54:29Z",
        "value": "156326.45134449005",
        "cumulative": true
    },
    {
        "date": "2020-09-11T14:54:46Z",
        "value": "160098.9308309555",
        "cumulative": true
    },
    {
        "date": "2020-09-11T14:55:01Z",
        "value": "163306.5284433365",
        "cumulative": true
    },
    {
        "date": "2020-09-11T14:55:19Z",
        "value": "167305.74692440033",
        "cumulative": true
    },
    {
        "date": "2020-09-11T14:55:29Z",
        "value": "169418.46341609955",
        "cumulative": true
    },
    {
        "date": "2020-09-11T14:55:45Z",
        "value": "172902.3288602829",
        "cumulative": true
    },
    {
        "date": "2020-09-11T14:56:05Z",
        "value": "176713.42019557953",
        "cumulative": true
    },
    {
        "date": "2020-09-11T14:56:17Z",
        "value": "178922.95997810364",
        "cumulative": true
    },
    {
        "date": "2020-09-11T14:56:32Z",
        "value": "179900.80873680115",
        "cumulative": true
    },
    {
        "date": "2020-09-11T14:56:48Z",
        "value": "181042.931722641",
        "cumulative": true
    },
    {
        "date": "2020-09-11T14:57:03Z",
        "value": "181987.7827758789",
        "cumulative": true
    },
    {
        "date": "2020-09-11T14:57:14Z",
        "value": "182738.76623535156",
        "cumulative": true
    },
    {
        "date": "2020-09-11T14:57:33Z",
        "value": "183960.71605300903",
        "cumulative": true
    },
    {
        "date": "2020-09-11T14:57:45Z",
        "value": "184754.4651966095",
        "cumulative": true
    },
    {
        "date": "2020-09-11T14:57:56Z",
        "value": "185438.54736709595",
        "cumulative": true
    },
    {
        "date": "2020-09-11T14:58:08Z",
        "value": "186301.75987815857",
        "cumulative": true
    },
    {
        "date": "2020-09-11T14:58:27Z",
        "value": "187455.66346168518",
        "cumulative": true
    },
    {
        "date": "2020-09-11T14:58:44Z",
        "value": "188597.5814113617",
        "cumulative": true
    },
    {
        "date": "2020-09-11T14:58:59Z",
        "value": "189587.10593414307",
        "cumulative": true
    },
    {
        "date": "2020-09-11T14:59:16Z",
        "value": "190761.7036304474",
        "cumulative": true
    },
    {
        "date": "2020-09-11T14:59:30Z",
        "value": "191693.9557247162",
        "cumulative": true
    },
    {
        "date": "2020-09-11T14:59:42Z",
        "value": "193715.9546442032",
        "cumulative": true
    },
    {
        "date": "2020-09-11T14:59:55Z",
        "value": "196481.22881793976",
        "cumulative": true
    },
    {
        "date": "2020-09-11T15:00:07Z",
        "value": "199144.73361873627",
        "cumulative": true
    },
    {
        "date": "2020-09-11T15:00:18Z",
        "value": "201647.247508049",
        "cumulative": true
    },
    {
        "date": "2020-09-11T15:00:35Z",
        "value": "205292.8734254837",
        "cumulative": true
    },
    {
        "date": "2020-09-11T15:00:50Z",
        "value": "208609.6911764145",
        "cumulative": true
    },
    {
        "date": "2020-09-11T15:01:01Z",
        "value": "210976.1384191513",
        "cumulative": true
    },
    {
        "date": "2020-09-11T15:01:14Z",
        "value": "214002.1013250351",
        "cumulative": true
    },
    {
        "date": "2020-09-11T15:01:33Z",
        "value": "218085.87687969208",
        "cumulative": true
    },
    {
        "date": "2020-09-11T15:01:47Z",
        "value": "221126.457154274",
        "cumulative": true
    },
    {
        "date": "2020-09-11T15:02:07Z",
        "value": "225519.84244060516",
        "cumulative": true
    },
    {
        "date": "2020-09-11T15:02:24Z",
        "value": "226886.17706680298",
        "cumulative": true
    },
    {
        "date": "2020-09-11T15:02:37Z",
        "value": "227719.74719047546",
        "cumulative": true
    },
    {
        "date": "2020-09-11T15:02:57Z",
        "value": "229035.22107315063",
        "cumulative": true
    },
    {
        "date": "2020-09-11T15:03:07Z",
        "value": "229735.3547153473",
        "cumulative": true
    },
    {
        "date": "2020-09-11T15:03:24Z",
        "value": "230877.93872261047",
        "cumulative": true
    },
    {
        "date": "2020-09-11T15:03:42Z",
        "value": "232053.66904449463",
        "cumulative": true
    },
    {
        "date": "2020-09-11T15:03:58Z",
        "value": "233115.5330066681",
        "cumulative": true
    },
    {
        "date": "2020-09-11T15:04:17Z",
        "value": "234401.42456054688",
        "cumulative": true
    },
    {
        "date": "2020-09-11T15:04:35Z",
        "value": "235468.2927494049",
        "cumulative": true
    },
    {
        "date": "2020-09-11T15:04:54Z",
        "value": "236781.60976409912",
        "cumulative": true
    },
    {
        "date": "2020-09-11T15:05:07Z",
        "value": "237600.75427818298",
        "cumulative": true
    },
    {
        "date": "2020-09-11T15:05:21Z",
        "value": "238579.86081886292",
        "cumulative": true
    },
    {
        "date": "2020-09-11T15:05:40Z",
        "value": "239917.36627578735",
        "cumulative": true
    },
    {
        "date": "2020-09-11T15:05:55Z",
        "value": "240777.89072418213",
        "cumulative": true
    },
    {
        "date": "2020-09-11T15:06:10Z",
        "value": "241764.530128479",
        "cumulative": true
    },
    {
        "date": "2020-09-11T15:06:26Z",
        "value": "243447.99892139435",
        "cumulative": true
    },
    {
        "date": "2020-09-11T15:06:42Z",
        "value": "246880.4196176529",
        "cumulative": true
    },
    {
        "date": "2020-09-11T15:06:52Z",
        "value": "249418.6097688675",
        "cumulative": true
    },
    {
        "date": "2020-09-11T15:07:09Z",
        "value": "253093.89781665802",
        "cumulative": true
    },
    {
        "date": "2020-09-11T15:07:26Z",
        "value": "256809.30829906464",
        "cumulative": true
    },
    {
        "date": "2020-09-11T15:07:45Z",
        "value": "260940.94150447845",
        "cumulative": true
    },
    {
        "date": "2020-09-11T15:08:04Z",
        "value": "265195.9943380356",
        "cumulative": true
    },
    {
        "date": "2020-09-11T15:08:18Z",
        "value": "267905.37338733673",
        "cumulative": true
    },
    {
        "date": "2020-09-11T15:08:32Z",
        "value": "271228.8819074631",
        "cumulative": true
    },
    {
        "date": "2020-09-11T15:08:48Z",
        "value": "274577.7178411484",
        "cumulative": true
    },
    {
        "date": "2020-09-11T15:09:05Z",
        "value": "278091.8775548935",
        "cumulative": true
    },
    {
        "date": "2020-09-11T15:09:19Z",
        "value": "281369.7944612503",
        "cumulative": true
    },
    {
        "date": "2020-09-11T15:09:30Z",
        "value": "283703.64424037933",
        "cumulative": true
    },
    {
        "date": "2020-09-11T15:09:45Z",
        "value": "285760.7238368988",
        "cumulative": true
    },
    {
        "date": "2020-09-11T15:09:57Z",
        "value": "286593.58943367004",
        "cumulative": true
    },
    {
        "date": "2020-09-11T15:10:09Z",
        "value": "287404.6626853943",
        "cumulative": true
    },
    {
        "date": "2020-09-11T15:10:28Z",
        "value": "288703.02429771423",
        "cumulative": true
    },
    {
        "date": "2020-09-11T15:10:43Z",
        "value": "289748.75005722046",
        "cumulative": true
    },
    {
        "date": "2020-09-11T15:11:03Z",
        "value": "291158.75272750854",
        "cumulative": true
    },
    {
        "date": "2020-09-11T15:11:17Z",
        "value": "292035.5369243622",
        "cumulative": true
    },
    {
        "date": "2020-09-11T15:11:34Z",
        "value": "293275.0417327881",
        "cumulative": true
    },
    {
        "date": "2020-09-11T15:11:47Z",
        "value": "294119.61536598206",
        "cumulative": true
    },
    {
        "date": "2020-09-11T15:12:01Z",
        "value": "295073.21751976013",
        "cumulative": true
    },
    {
        "date": "2020-09-11T15:12:15Z",
        "value": "296024.72433280945",
        "cumulative": true
    },
    {
        "date": "2020-09-11T15:12:28Z",
        "value": "296881.666261673",
        "cumulative": true
    },
    {
        "date": "2020-09-11T15:12:48Z",
        "value": "298181.37505340576",
        "cumulative": true
    },
    {
        "date": "2020-09-11T15:13:06Z",
        "value": "299403.402589798",
        "cumulative": true
    },
    {
        "date": "2020-09-11T15:13:17Z",
        "value": "300116.7198963165",
        "cumulative": true
    },
    {
        "date": "2020-09-11T15:13:31Z",
        "value": "301095.1012802124",
        "cumulative": true
    },
    {
        "date": "2020-09-11T15:13:48Z",
        "value": "302215.192653656",
        "cumulative": true
    },
    {
        "date": "2020-09-11T15:14:06Z",
        "value": "303450.49035072327",
        "cumulative": true
    },
    {
        "date": "2020-09-11T15:14:26Z",
        "value": "304755.26425743103",
        "cumulative": true
    },
    {
        "date": "2020-09-11T15:14:36Z",
        "value": "305533.68913269043",
        "cumulative": true
    },
    {
        "date": "2020-09-11T15:14:54Z",
        "value": "307453.4481706619",
        "cumulative": true
    },
    {
        "date": "2020-09-11T15:15:10Z",
        "value": "310850.8549566269",
        "cumulative": true
    },
    {
        "date": "2020-09-11T15:15:24Z",
        "value": "313925.0123281479",
        "cumulative": true
    },
    {
        "date": "2020-09-11T15:15:35Z",
        "value": "316203.50012874603",
        "cumulative": true
    },
    {
        "date": "2020-09-11T15:15:45Z",
        "value": "318771.55655002594",
        "cumulative": true
    },
    {
        "date": "2020-09-11T15:16:00Z",
        "value": "321790.86939907074",
        "cumulative": true
    },
    {
        "date": "2020-09-11T15:16:16Z",
        "value": "325223.45504665375",
        "cumulative": true
    },
    {
        "date": "2020-09-11T15:16:33Z",
        "value": "329343.2112836838",
        "cumulative": true
    },
    {
        "date": "2020-09-11T15:16:47Z",
        "value": "332227.044011116",
        "cumulative": true
    },
    {
        "date": "2020-09-11T15:17:01Z",
        "value": "335399.5621843338",
        "cumulative": true
    },
    {
        "date": "2020-09-11T15:17:14Z",
        "value": "338229.22403240204",
        "cumulative": true
    },
    {
        "date": "2020-09-11T15:17:30Z",
        "value": "341614.7670984268",
        "cumulative": true
    },
    {
        "date": "2020-09-11T15:17:48Z",
        "value": "345611.1294565201",
        "cumulative": true
    },
    {
        "date": "2020-09-11T15:18:04Z",
        "value": "348937.22905254364",
        "cumulative": true
    },
    {
        "date": "2020-09-11T15:18:21Z",
        "value": "353013.41653347015",
        "cumulative": true
    },
    {
        "date": "2020-09-11T15:18:32Z",
        "value": "355299.21718883514",
        "cumulative": true
    },
    {
        "date": "2020-09-11T15:18:42Z",
        "value": "357556.71377658844",
        "cumulative": true
    },
    {
        "date": "2020-09-11T15:19:01Z",
        "value": "360602.0094232559",
        "cumulative": true
    },
    {
        "date": "2020-09-11T15:19:14Z",
        "value": "361486.3200235367",
        "cumulative": true
    },
    {
        "date": "2020-09-11T15:19:30Z",
        "value": "362653.3936929703",
        "cumulative": true
    },
    {
        "date": "2020-09-11T15:19:48Z",
        "value": "363827.57279491425",
        "cumulative": true
    },
    {
        "date": "2020-09-11T15:20:01Z",
        "value": "364629.0039510727",
        "cumulative": true
    },
    {
        "date": "2020-09-11T15:20:17Z",
        "value": "365693.82747364044",
        "cumulative": true
    },
    {
        "date": "2020-09-11T15:20:31Z",
        "value": "366658.0893087387",
        "cumulative": true
    },
    {
        "date": "2020-09-11T15:20:48Z",
        "value": "367790.41388607025",
        "cumulative": true
    },
    {
        "date": "2020-09-11T15:21:01Z",
        "value": "368796.56439113617",
        "cumulative": true
    },
    {
        "date": "2020-09-11T15:21:12Z",
        "value": "369457.42629909515",
        "cumulative": true
    },
    {
        "date": "2020-09-11T15:21:22Z",
        "value": "370173.8090829849",
        "cumulative": true
    },
    {
        "date": "2020-09-11T15:21:40Z",
        "value": "371390.7939519882",
        "cumulative": true
    },
    {
        "date": "2020-09-11T15:21:51Z",
        "value": "372062.20972919464",
        "cumulative": true
    },
    {
        "date": "2020-09-11T15:22:02Z",
        "value": "372796.5347185135",
        "cumulative": true
    },
    {
        "date": "2020-09-11T15:22:19Z",
        "value": "373898.14113521576",
        "cumulative": true
    },
    {
        "date": "2020-09-11T15:22:29Z",
        "value": "374663.3527173996",
        "cumulative": true
    },
    {
        "date": "2020-09-11T15:22:47Z",
        "value": "375794.9953260422",
        "cumulative": true
    },
    {
        "date": "2020-09-11T15:23:02Z",
        "value": "376817.9900712967",
        "cumulative": true
    },
    {
        "date": "2020-09-11T15:23:19Z",
        "value": "377927.50609874725",
        "cumulative": true
    },
    {
        "date": "2020-09-11T15:23:31Z",
        "value": "378689.243016243",
        "cumulative": true
    },
    {
        "date": "2020-09-11T15:23:47Z",
        "value": "379780.188706398",
        "cumulative": true
    },
    {
        "date": "2020-09-11T15:24:07Z",
        "value": "381109.41686725616",
        "cumulative": true
    },
    {
        "date": "2020-09-11T15:24:18Z",
        "value": "381864.9519662857",
        "cumulative": true
    },
    {
        "date": "2020-09-11T15:24:31Z",
        "value": "382695.1437654495",
        "cumulative": true
    },
    {
        "date": "2020-09-11T15:24:48Z",
        "value": "383864.93673992157",
        "cumulative": true
    },
    {
        "date": "2020-09-11T15:25:02Z",
        "value": "384796.4859895706",
        "cumulative": true
    },
    {
        "date": "2020-09-11T15:25:21Z",
        "value": "386031.9993696213",
        "cumulative": true
    },
    {
        "date": "2020-09-11T15:25:38Z",
        "value": "387998.2402191162",
        "cumulative": true
    },
    {
        "date": "2020-09-11T15:25:53Z",
        "value": "391472.2699279785",
        "cumulative": true
    },
    {
        "date": "2020-09-11T15:26:04Z",
        "value": "393877.54249572754",
        "cumulative": true
    },
    {
        "date": "2020-09-11T15:26:24Z",
        "value": "398282.66594314575",
        "cumulative": true
    },
    {
        "date": "2020-09-11T15:26:37Z",
        "value": "401096.55448532104",
        "cumulative": true
    },
    {
        "date": "2020-09-11T15:26:52Z",
        "value": "404465.25660324097",
        "cumulative": true
    },
    {
        "date": "2020-09-11T15:27:06Z",
        "value": "407496.4659729004",
        "cumulative": true
    },
    {
        "date": "2020-09-11T15:27:20Z",
        "value": "410709.9303855896",
        "cumulative": true
    },
    {
        "date": "2020-09-11T15:27:32Z",
        "value": "413033.5860786438",
        "cumulative": true
    },
    {
        "date": "2020-09-11T15:27:49Z",
        "value": "416418.3157939911",
        "cumulative": true
    },
    {
        "date": "2020-09-11T15:28:06Z",
        "value": "420212.2068195343",
        "cumulative": true
    },
    {
        "date": "2020-09-11T15:28:18Z",
        "value": "422928.4862689972",
        "cumulative": true
    },
    {
        "date": "2020-09-11T15:28:32Z",
        "value": "425675.29368019104",
        "cumulative": true
    },
    {
        "date": "2020-09-11T15:28:48Z",
        "value": "429379.8058128357",
        "cumulative": true
    },
    {
        "date": "2020-09-11T15:29:04Z",
        "value": "432854.9967365265",
        "cumulative": true
    },
    {
        "date": "2020-09-11T15:29:19Z",
        "value": "436137.58624458313",
        "cumulative": true
    },
    {
        "date": "2020-09-11T15:29:31Z",
        "value": "438949.8207511902",
        "cumulative": true
    },
    {
        "date": "2020-09-11T15:29:45Z",
        "value": "441995.7682991028",
        "cumulative": true
    },
    {
        "date": "2020-09-11T15:30:04Z",
        "value": "446077.83930778503",
        "cumulative": true
    },
    {
        "date": "2020-09-11T15:30:17Z",
        "value": "448802.2503013611",
        "cumulative": true
    },
    {
        "date": "2020-09-11T15:30:31Z",
        "value": "452206.5916118622",
        "cumulative": true
    },
    {
        "date": "2020-09-11T15:30:45Z",
        "value": "454960.37422561646",
        "cumulative": true
    },
    {
        "date": "2020-09-11T15:30:57Z",
        "value": "455733.4471359253",
        "cumulative": true
    },
    {
        "date": "2020-09-11T15:31:09Z",
        "value": "456614.0185470581",
        "cumulative": true
    },
    {
        "date": "2020-09-11T15:31:25Z",
        "value": "457697.461479187",
        "cumulative": true
    },
    {
        "date": "2020-09-11T15:31:35Z",
        "value": "458397.3822555542",
        "cumulative": true
    },
    {
        "date": "2020-09-11T15:31:49Z",
        "value": "459354.8208351135",
        "cumulative": true
    },
    {
        "date": "2020-09-11T15:32:02Z",
        "value": "460260.80344581604",
        "cumulative": true
    },
    {
        "date": "2020-09-11T15:32:21Z",
        "value": "461478.3753089905",
        "cumulative": true
    },
    {
        "date": "2020-09-11T15:32:32Z",
        "value": "462340.00391578674",
        "cumulative": true
    },
    {
        "date": "2020-09-11T15:32:46Z",
        "value": "463350.63969802856",
        "cumulative": true
    },
    {
        "date": "2020-09-11T15:33:05Z",
        "value": "464592.2770214081",
        "cumulative": true
    },
    {
        "date": "2020-09-11T15:33:19Z",
        "value": "465516.6164340973",
        "cumulative": true
    },
    {
        "date": "2020-09-11T15:33:31Z",
        "value": "466385.7099647522",
        "cumulative": true
    },
    {
        "date": "2020-09-11T15:33:44Z",
        "value": "467263.69561195374",
        "cumulative": true
    },
    {
        "date": "2020-09-11T15:34:03Z",
        "value": "468506.96161460876",
        "cumulative": true
    },
    {
        "date": "2020-09-11T15:34:13Z",
        "value": "469210.55438041687",
        "cumulative": true
    },
    {
        "date": "2020-09-11T15:34:30Z",
        "value": "470426.9518432617",
        "cumulative": true
    },
    {
        "date": "2020-09-11T15:34:41Z",
        "value": "471107.2740497589",
        "cumulative": true
    },
    {
        "date": "2020-09-11T15:34:56Z",
        "value": "472111.48303604126",
        "cumulative": true
    },
    {
        "date": "2020-09-11T15:35:13Z",
        "value": "473264.0206012726",
        "cumulative": true
    },
    {
        "date": "2020-09-11T15:35:26Z",
        "value": "474189.17145347595",
        "cumulative": true
    },
    {
        "date": "2020-09-11T15:35:39Z",
        "value": "475101.8901348114",
        "cumulative": true
    },
    {
        "date": "2020-09-11T15:35:57Z",
        "value": "476276.46959877014",
        "cumulative": true
    },
    {
        "date": "2020-09-11T15:36:14Z",
        "value": "477508.63871383667",
        "cumulative": true
    },
    {
        "date": "2020-09-11T15:36:29Z",
        "value": "478519.14607810974",
        "cumulative": true
    },
    {
        "date": "2020-09-11T15:36:44Z",
        "value": "479529.7254810333",
        "cumulative": true
    },
    {
        "date": "2020-09-11T15:36:57Z",
        "value": "480337.0868053436",
        "cumulative": true
    },
    {
        "date": "2020-09-11T15:37:15Z",
        "value": "481585.862411499",
        "cumulative": true
    },
    {
        "date": "2020-09-11T15:37:33Z",
        "value": "482903.2120037079",
        "cumulative": true
    },
    {
        "date": "2020-09-11T15:37:45Z",
        "value": "483679.1986732483",
        "cumulative": true
    },
    {
        "date": "2020-09-11T15:37:59Z",
        "value": "484592.16261672974",
        "cumulative": true
    },
    {
        "date": "2020-09-11T15:38:09Z",
        "value": "485269.51589775085",
        "cumulative": true
    },
    {
        "date": "2020-09-11T15:38:21Z",
        "value": "486014.5376472473",
        "cumulative": true
    },
    {
        "date": "2020-09-11T15:38:38Z",
        "value": "487291.7335510254",
        "cumulative": true
    },
    {
        "date": "2020-09-11T15:38:57Z",
        "value": "488453.35415649414",
        "cumulative": true
    }
]