[
    {
        "date": "2020-09-11T14:32:30Z",
        "value": "2.82421875",
        "cumulative": false
    },
    {
        "date": "2020-09-11T14:32:46Z",
        "value": "112.14453125",
        "cumulative": false
    },
    {
        "date": "2020-09-11T14:33:01Z",
        "value": "1052.61328125",
        "cumulative": false
    },
    {
        "date": "2020-09-11T14:33:13Z",
        "value": "1052.71484375",
        "cumulative": false
    },
    {
        "date": "2020-09-11T14:33:25Z",
        "value": "1055.72265625",
        "cumulative": false
    },
    {
        "date": "2020-09-11T14:33:43Z",
        "value": "1066.0",
        "cumulative": false
    },
    {
        "date": "2020-09-11T14:34:00Z",
        "value": "1076.80859375",
        "cumulative": false
    },
    {
        "date": "2020-09-11T14:34:18Z",
        "value": "1090.31640625",
        "cumulative": false
    },
    {
        "date": "2020-09-11T14:34:33Z",
        "value": "1099.703125",
        "cumulative": false
    },
    {
        "date": "2020-09-11T14:34:46Z",
        "value": "1101.96484375",
        "cumulative": false
    },
    {
        "date": "2020-09-11T14:35:02Z",
        "value": "1114.4765625",
        "cumulative": false
    },
    {
        "date": "2020-09-11T14:35:14Z",
        "value": "1126.68359375",
        "cumulative": false
    },
    {
        "date": "2020-09-11T14:35:25Z",
        "value": "1130.29296875",
        "cumulative": false
    },
    {
        "date": "2020-09-11T14:35:42Z",
        "value": "1145.7109375",
        "cumulative": false
    },
    {
        "date": "2020-09-11T14:35:54Z",
        "value": "1150.2734375",
        "cumulative": false
    },
    {
        "date": "2020-09-11T14:36:10Z",
        "value": "1168.7734375",
        "cumulative": false
    },
    {
        "date": "2020-09-11T14:36:29Z",
        "value": "1174.52734375",
        "cumulative": false
    },
    {
        "date": "2020-09-11T14:36:41Z",
        "value": "1198.09765625",
        "cumulative": false
    },
    {
        "date": "2020-09-11T14:36:55Z",
        "value": "1198.09765625",
        "cumulative": false
    },
    {
        "date": "2020-09-11T14:37:06Z",
        "value": "1205.3671875",
        "cumulative": false
    },
    {
        "date": "2020-09-11T14:37:20Z",
        "value": "1205.3671875",
        "cumulative": false
    },
    {
        "date": "2020-09-11T14:37:37Z",
        "value": "1234.8359375",
        "cumulative": false
    },
    {
        "date": "2020-09-11T14:37:57Z",
        "value": "1244.01171875",
        "cumulative": false
    },
    {
        "date": "2020-09-11T14:38:09Z",
        "value": "1244.01171875",
        "cumulative": false
    },
    {
        "date": "2020-09-11T14:38:29Z",
        "value": "1244.01171875",
        "cumulative": false
    },
    {
        "date": "2020-09-11T14:38:46Z",
        "value": "1281.234375",
        "cumulative": false
    },
    {
        "date": "2020-09-11T14:38:58Z",
        "value": "1281.234375",
        "cumulative": false
    },
    {
        "date": "2020-09-11T14:39:12Z",
        "value": "1255.8046875",
        "cumulative": false
    },
    {
        "date": "2020-09-11T14:39:30Z",
        "value": "1255.8125",
        "cumulative": false
    },
    {
        "date": "2020-09-11T14:39:49Z",
        "value": "1255.69140625",
        "cumulative": false
    },
    {
        "date": "2020-09-11T14:40:03Z",
        "value": "1302.69140625",
        "cumulative": false
    },
    {
        "date": "2020-09-11T14:40:13Z",
        "value": "1302.69140625",
        "cumulative": false
    },
    {
        "date": "2020-09-11T14:40:29Z",
        "value": "1307.578125",
        "cumulative": false
    },
    {
        "date": "2020-09-11T14:40:40Z",
        "value": "1307.578125",
        "cumulative": false
    },
    {
        "date": "2020-09-11T14:40:53Z",
        "value": "1307.578125",
        "cumulative": false
    },
    {
        "date": "2020-09-11T14:41:11Z",
        "value": "1307.578125",
        "cumulative": false
    },
    {
        "date": "2020-09-11T14:41:30Z",
        "value": "1366.96875",
        "cumulative": false
    },
    {
        "date": "2020-09-11T14:41:49Z",
        "value": "1366.96875",
        "cumulative": false
    },
    {
        "date": "2020-09-11T14:42:05Z",
        "value": "1366.90234375",
        "cumulative": false
    },
    {
        "date": "2020-09-11T14:42:25Z",
        "value": "1432.32421875",
        "cumulative": false
    },
    {
        "date": "2020-09-11T14:42:45Z",
        "value": "1373.078125",
        "cumulative": false
    },
    {
        "date": "2020-09-11T14:43:01Z",
        "value": "1373.078125",
        "cumulative": false
    },
    {
        "date": "2020-09-11T14:43:17Z",
        "value": "1432.328125",
        "cumulative": false
    },
    {
        "date": "2020-09-11T14:43:34Z",
        "value": "1373.078125",
        "cumulative": false
    },
    {
        "date": "2020-09-11T14:43:52Z",
        "value": "1448.0234375",
        "cumulative": false
    },
    {
        "date": "2020-09-11T14:44:12Z",
        "value": "1448.0",
        "cumulative": false
    },
    {
        "date": "2020-09-11T14:44:25Z",
        "value": "1447.9765625",
        "cumulative": false
    },
    {
        "date": "2020-09-11T14:44:36Z",
        "value": "1448.15625",
        "cumulative": false
    },
    {
        "date": "2020-09-11T14:44:48Z",
        "value": "1473.1015625",
        "cumulative": false
    },
    {
        "date": "2020-09-11T14:45:00Z",
        "value": "1448.08984375",
        "cumulative": false
    },
    {
        "date": "2020-09-11T14:45:15Z",
        "value": "1463.7265625",
        "cumulative": false
    },
    {
        "date": "2020-09-11T14:45:33Z",
        "value": "1496.2265625",
        "cumulative": false
    },
    {
        "date": "2020-09-11T14:45:51Z",
        "value": "1447.9765625",
        "cumulative": false
    },
    {
        "date": "2020-09-11T14:46:09Z",
        "value": "1448.109375",
        "cumulative": false
    },
    {
        "date": "2020-09-11T14:46:19Z",
        "value": "1447.98046875",
        "cumulative": false
    },
    {
        "date": "2020-09-11T14:46:32Z",
        "value": "1542.625",
        "cumulative": false
    },
    {
        "date": "2020-09-11T14:46:49Z",
        "value": "1542.59765625",
        "cumulative": false
    },
    {
        "date": "2020-09-11T14:47:04Z",
        "value": "1542.5703125",
        "cumulative": false
    },
    {
        "date": "2020-09-11T14:47:22Z",
        "value": "1542.59765625",
        "cumulative": false
    },
    {
        "date": "2020-09-11T14:47:38Z",
        "value": "1542.5703125",
        "cumulative": false
    },
    {
        "date": "2020-09-11T14:47:55Z",
        "value": "1542.6171875",
        "cumulative": false
    },
    {
        "date": "2020-09-11T14:48:12Z",
        "value": "1659.3203125",
        "cumulative": false
    },
    {
        "date": "2020-09-11T14:48:30Z",
        "value": "1542.65234375",
        "cumulative": false
    },
    {
        "date": "2020-09-11T14:48:46Z",
        "value": "1542.59765625",
        "cumulative": false
    },
    {
        "date": "2020-09-11T14:48:56Z",
        "value": "1542.5703125",
        "cumulative": false
    },
    {
        "date": "2020-09-11T14:49:14Z",
        "value": "1542.5703125",
        "cumulative": false
    },
    {
        "date": "2020-09-11T14:49:25Z",
        "value": "1542.68359375",
        "cumulative": false
    },
    {
        "date": "2020-09-11T14:49:39Z",
        "value": "1542.61328125",
        "cumulative": false
    },
    {
        "date": "2020-09-11T14:49:58Z",
        "value": "1661.98828125",
        "cumulative": false
    },
    {
        "date": "2020-09-11T14:50:10Z",
        "value": "1709.48828125",
        "cumulative": false
    },
    {
        "date": "2020-09-11T14:50:21Z",
        "value": "1661.98828125",
        "cumulative": false
    },
    {
        "date": "2020-09-11T14:50:37Z",
        "value": "1661.98828125",
        "cumulative": false
    },
    {
        "date": "2020-09-11T14:50:53Z",
        "value": "1661.9921875",
        "cumulative": false
    },
    {
        "date": "2020-09-11T14:51:09Z",
        "value": "1662.0",
        "cumulative": false
    },
    {
        "date": "2020-09-11T14:51:27Z",
        "value": "1713.86328125",
        "cumulative": false
    },
    {
        "date": "2020-09-11T14:51:42Z",
        "value": "1662.19921875",
        "cumulative": false
    },
    {
        "date": "2020-09-11T14:51:58Z",
        "value": "1662.234375",
        "cumulative": false
    },
    {
        "date": "2020-09-11T14:52:11Z",
        "value": "1662.19921875",
        "cumulative": false
    },
    {
        "date": "2020-09-11T14:52:22Z",
        "value": "1662.2890625",
        "cumulative": false
    },
    {
        "date": "2020-09-11T14:52:33Z",
        "value": "1662.01953125",
        "cumulative": false
    },
    {
        "date": "2020-09-11T14:52:46Z",
        "value": "1786.11328125",
        "cumulative": false
    },
    {
        "date": "2020-09-11T14:53:04Z",
        "value": "1661.98828125",
        "cumulative": false
    },
    {
        "date": "2020-09-11T14:53:21Z",
        "value": "1662.0078125",
        "cumulative": false
    },
    {
        "date": "2020-09-11T14:53:32Z",
        "value": "1678.23828125",
        "cumulative": false
    },
    {
        "date": "2020-09-11T14:53:44Z",
        "value": "1661.98828125",
        "cumulative": false
    },
    {
        "date": "2020-09-11T14:54:00Z",
        "value": "1662.0546875",
        "cumulative": false
    },
    {
        "date": "2020-09-11T14:54:14Z",
        "value": "1812.73828125",
        "cumulative": false
    },
    {
        "date": "2020-09-11T14:54:33Z",
        "value": "1812.73828125",
        "cumulative": false
    },
    {
        "date": "2020-09-11T14:54:49Z",
        "value": "1812.83203125",
        "cumulative": false
    },
    {
        "date": "2020-09-11T14:55:08Z",
        "value": "1812.73828125",
        "cumulative": false
    },
    {
        "date": "2020-09-11T14:55:26Z",
        "value": "1812.73828125",
        "cumulative": false
    },
    {
        "date": "2020-09-11T14:55:44Z",
        "value": "1812.73828125",
        "cumulative": false
    },
    {
        "date": "2020-09-11T14:56:04Z",
        "value": "1812.83203125",
        "cumulative": false
    },
    {
        "date": "2020-09-11T14:56:21Z",
        "value": "1812.9140625",
        "cumulative": false
    },
    {
        "date": "2020-09-11T14:56:37Z",
        "value": "1812.7421875",
        "cumulative": false
    },
    {
        "date": "2020-09-11T14:56:56Z",
        "value": "1812.7421875",
        "cumulative": false
    },
    {
        "date": "2020-09-11T14:57:11Z",
        "value": "1812.8515625",
        "cumulative": false
    },
    {
        "date": "2020-09-11T14:57:26Z",
        "value": "1812.79296875",
        "cumulative": false
    },
    {
        "date": "2020-09-11T14:57:40Z",
        "value": "1812.78125",
        "cumulative": false
    },
    {
        "date": "2020-09-11T14:57:58Z",
        "value": "1812.7421875",
        "cumulative": false
    },
    {
        "date": "2020-09-11T14:58:10Z",
        "value": "1812.7734375",
        "cumulative": false
    },
    {
        "date": "2020-09-11T14:58:29Z",
        "value": "1812.7578125",
        "cumulative": false
    },
    {
        "date": "2020-09-11T14:58:39Z",
        "value": "1812.7421875",
        "cumulative": false
    },
    {
        "date": "2020-09-11T14:58:57Z",
        "value": "1812.7421875",
        "cumulative": false
    },
    {
        "date": "2020-09-11T14:59:08Z",
        "value": "1812.86328125",
        "cumulative": false
    },
    {
        "date": "2020-09-11T14:59:19Z",
        "value": "1895.7421875",
        "cumulative": false
    },
    {
        "date": "2020-09-11T14:59:32Z",
        "value": "1812.765625",
        "cumulative": false
    },
    {
        "date": "2020-09-11T14:59:50Z",
        "value": "2003.078125",
        "cumulative": false
    },
    {
        "date": "2020-09-11T15:00:01Z",
        "value": "2193.078125",
        "cumulative": false
    },
    {
        "date": "2020-09-11T15:00:19Z",
        "value": "2046.078125",
        "cumulative": false
    },
    {
        "date": "2020-09-11T15:00:38Z",
        "value": "2003.078125",
        "cumulative": false
    },
    {
        "date": "2020-09-11T15:00:51Z",
        "value": "2003.18359375",
        "cumulative": false
    },
    {
        "date": "2020-09-11T15:01:07Z",
        "value": "2003.078125",
        "cumulative": false
    },
    {
        "date": "2020-09-11T15:01:19Z",
        "value": "2075.828125",
        "cumulative": false
    },
    {
        "date": "2020-09-11T15:01:35Z",
        "value": "2003.078125",
        "cumulative": false
    },
    {
        "date": "2020-09-11T15:01:52Z",
        "value": "2168.453125",
        "cumulative": false
    },
    {
        "date": "2020-09-11T15:02:04Z",
        "value": "2089.328125",
        "cumulative": false
    },
    {
        "date": "2020-09-11T15:02:21Z",
        "value": "2003.15234375",
        "cumulative": false
    },
    {
        "date": "2020-09-11T15:02:39Z",
        "value": "2003.14453125",
        "cumulative": false
    },
    {
        "date": "2020-09-11T15:02:53Z",
        "value": "2003.08203125",
        "cumulative": false
    },
    {
        "date": "2020-09-11T15:03:10Z",
        "value": "2003.08203125",
        "cumulative": false
    },
    {
        "date": "2020-09-11T15:03:28Z",
        "value": "2003.08203125",
        "cumulative": false
    },
    {
        "date": "2020-09-11T15:03:40Z",
        "value": "2003.08203125",
        "cumulative": false
    },
    {
        "date": "2020-09-11T15:03:55Z",
        "value": "2003.10546875",
        "cumulative": false
    },
    {
        "date": "2020-09-11T15:04:13Z",
        "value": "2003.14453125",
        "cumulative": false
    },
    {
        "date": "2020-09-11T15:04:25Z",
        "value": "2003.08984375",
        "cumulative": false
    },
    {
        "date": "2020-09-11T15:04:42Z",
        "value": "2003.12109375",
        "cumulative": false
    },
    {
        "date": "2020-09-11T15:04:52Z",
        "value": "2003.12109375",
        "cumulative": false
    },
    {
        "date": "2020-09-11T15:05:07Z",
        "value": "2003.12890625",
        "cumulative": false
    },
    {
        "date": "2020-09-11T15:05:27Z",
        "value": "2003.08203125",
        "cumulative": false
    },
    {
        "date": "2020-09-11T15:05:40Z",
        "value": "2003.08203125",
        "cumulative": false
    },
    {
        "date": "2020-09-11T15:05:51Z",
        "value": "2015.95703125",
        "cumulative": false
    },
    {
        "date": "2020-09-11T15:06:09Z",
        "value": "2229.95703125",
        "cumulative": false
    },
    {
        "date": "2020-09-11T15:06:20Z",
        "value": "2228.95703125",
        "cumulative": false
    },
    {
        "date": "2020-09-11T15:06:36Z",
        "value": "2243.5390625",
        "cumulative": false
    },
    {
        "date": "2020-09-11T15:06:50Z",
        "value": "2412.92578125",
        "cumulative": false
    },
    {
        "date": "2020-09-11T15:07:07Z",
        "value": "2277.3046875",
        "cumulative": false
    },
    {
        "date": "2020-09-11T15:07:23Z",
        "value": "2243.4296875",
        "cumulative": false
    },
    {
        "date": "2020-09-11T15:07:36Z",
        "value": "2243.54296875",
        "cumulative": false
    },
    {
        "date": "2020-09-11T15:07:55Z",
        "value": "2429.9296875",
        "cumulative": false
    },
    {
        "date": "2020-09-11T15:08:13Z",
        "value": "2456.4296875",
        "cumulative": false
    },
    {
        "date": "2020-09-11T15:08:24Z",
        "value": "2314.1796875",
        "cumulative": false
    },
    {
        "date": "2020-09-11T15:08:41Z",
        "value": "2243.59375",
        "cumulative": false
    },
    {
        "date": "2020-09-11T15:08:52Z",
        "value": "2478.9296875",
        "cumulative": false
    },
    {
        "date": "2020-09-11T15:09:09Z",
        "value": "2243.4296875",
        "cumulative": false
    },
    {
        "date": "2020-09-11T15:09:24Z",
        "value": "2243.4296875",
        "cumulative": false
    },
    {
        "date": "2020-09-11T15:09:41Z",
        "value": "2243.4296875",
        "cumulative": false
    },
    {
        "date": "2020-09-11T15:09:56Z",
        "value": "2243.5",
        "cumulative": false
    },
    {
        "date": "2020-09-11T15:10:12Z",
        "value": "2243.46875",
        "cumulative": false
    },
    {
        "date": "2020-09-11T15:10:28Z",
        "value": "2243.4296875",
        "cumulative": false
    },
    {
        "date": "2020-09-11T15:10:40Z",
        "value": "2243.50390625",
        "cumulative": false
    },
    {
        "date": "2020-09-11T15:10:58Z",
        "value": "2243.5390625",
        "cumulative": false
    },
    {
        "date": "2020-09-11T15:11:18Z",
        "value": "2243.4296875",
        "cumulative": false
    },
    {
        "date": "2020-09-11T15:11:31Z",
        "value": "2379.1796875",
        "cumulative": false
    },
    {
        "date": "2020-09-11T15:11:51Z",
        "value": "2243.484375",
        "cumulative": false
    },
    {
        "date": "2020-09-11T15:12:10Z",
        "value": "2243.4296875",
        "cumulative": false
    },
    {
        "date": "2020-09-11T15:12:23Z",
        "value": "2243.4296875",
        "cumulative": false
    },
    {
        "date": "2020-09-11T15:12:42Z",
        "value": "2243.4296875",
        "cumulative": false
    },
    {
        "date": "2020-09-11T15:12:55Z",
        "value": "2243.47265625",
        "cumulative": false
    },
    {
        "date": "2020-09-11T15:13:09Z",
        "value": "2439.18359375",
        "cumulative": false
    },
    {
        "date": "2020-09-11T15:13:25Z",
        "value": "2243.4296875",
        "cumulative": false
    },
    {
        "date": "2020-09-11T15:13:43Z",
        "value": "2464.9296875",
        "cumulative": false
    },
    {
        "date": "2020-09-11T15:13:57Z",
        "value": "2243.51953125",
        "cumulative": false
    },
    {
        "date": "2020-09-11T15:14:11Z",
        "value": "2246.08984375",
        "cumulative": false
    },
    {
        "date": "2020-09-11T15:14:29Z",
        "value": "2243.4296875",
        "cumulative": false
    },
    {
        "date": "2020-09-11T15:14:47Z",
        "value": "2243.4296875",
        "cumulative": false
    },
    {
        "date": "2020-09-11T15:15:05Z",
        "value": "2546.87109375",
        "cumulative": false
    },
    {
        "date": "2020-09-11T15:15:21Z",
        "value": "2546.84765625",
        "cumulative": false
    },
    {
        "date": "2020-09-11T15:15:35Z",
        "value": "2546.84765625",
        "cumulative": false
    },
    {
        "date": "2020-09-11T15:15:46Z",
        "value": "2704.59765625",
        "cumulative": false
    },
    {
        "date": "2020-09-11T15:16:05Z",
        "value": "2546.84765625",
        "cumulative": false
    },
    {
        "date": "2020-09-11T15:16:18Z",
        "value": "2680.09765625",
        "cumulative": false
    },
    {
        "date": "2020-09-11T15:16:31Z",
        "value": "2546.84765625",
        "cumulative": false
    },
    {
        "date": "2020-09-11T15:16:41Z",
        "value": "2546.84765625",
        "cumulative": false
    },
    {
        "date": "2020-09-11T15:16:53Z",
        "value": "2546.87109375",
        "cumulative": false
    },
    {
        "date": "2020-09-11T15:17:06Z",
        "value": "2840.47265625",
        "cumulative": false
    },
    {
        "date": "2020-09-11T15:17:18Z",
        "value": "2849.59765625",
        "cumulative": false
    },
    {
        "date": "2020-09-11T15:17:38Z",
        "value": "2548.22265625",
        "cumulative": false
    },
    {
        "date": "2020-09-11T15:17:58Z",
        "value": "2546.84765625",
        "cumulative": false
    },
    {
        "date": "2020-09-11T15:18:11Z",
        "value": "2546.87109375",
        "cumulative": false
    },
    {
        "date": "2020-09-11T15:18:21Z",
        "value": "2546.84765625",
        "cumulative": false
    },
    {
        "date": "2020-09-11T15:18:37Z",
        "value": "2636.97265625",
        "cumulative": false
    },
    {
        "date": "2020-09-11T15:18:54Z",
        "value": "2693.4921875",
        "cumulative": false
    },
    {
        "date": "2020-09-11T15:19:09Z",
        "value": "2546.87890625",
        "cumulative": false
    },
    {
        "date": "2020-09-11T15:19:25Z",
        "value": "2546.87109375",
        "cumulative": false
    },
    {
        "date": "2020-09-11T15:19:42Z",
        "value": "2666.54296875",
        "cumulative": false
    },
    {
        "date": "2020-09-11T15:19:55Z",
        "value": "2546.87109375",
        "cumulative": false
    },
    {
        "date": "2020-09-11T15:20:11Z",
        "value": "2546.87109375",
        "cumulative": false
    },
    {
        "date": "2020-09-11T15:20:30Z",
        "value": "2675.74609375",
        "cumulative": false
    },
    {
        "date": "2020-09-11T15:20:49Z",
        "value": "2546.87109375",
        "cumulative": false
    },
    {
        "date": "2020-09-11T15:21:09Z",
        "value": "2546.91015625",
        "cumulative": false
    },
    {
        "date": "2020-09-11T15:21:23Z",
        "value": "2546.87890625",
        "cumulative": false
    },
    {
        "date": "2020-09-11T15:21:38Z",
        "value": "2546.87890625",
        "cumulative": false
    },
    {
        "date": "2020-09-11T15:21:56Z",
        "value": "2546.87109375",
        "cumulative": false
    },
    {
        "date": "2020-09-11T15:22:09Z",
        "value": "2752.12109375",
        "cumulative": false
    },
    {
        "date": "2020-09-11T15:22:20Z",
        "value": "2546.87109375",
        "cumulative": false
    },
    {
        "date": "2020-09-11T15:22:31Z",
        "value": "2546.87890625",
        "cumulative": false
    },
    {
        "date": "2020-09-11T15:22:43Z",
        "value": "2546.87890625",
        "cumulative": false
    },
    {
        "date": "2020-09-11T15:22:57Z",
        "value": "2846.87109375",
        "cumulative": false
    },
    {
        "date": "2020-09-11T15:23:08Z",
        "value": "2546.921875",
        "cumulative": false
    },
    {
        "date": "2020-09-11T15:23:27Z",
        "value": "2546.87109375",
        "cumulative": false
    },
    {
        "date": "2020-09-11T15:23:44Z",
        "value": "2546.87890625",
        "cumulative": false
    },
    {
        "date": "2020-09-11T15:24:02Z",
        "value": "2698.39453125",
        "cumulative": false
    },
    {
        "date": "2020-09-11T15:24:16Z",
        "value": "2546.87109375",
        "cumulative": false
    },
    {
        "date": "2020-09-11T15:24:31Z",
        "value": "2546.87109375",
        "cumulative": false
    },
    {
        "date": "2020-09-11T15:24:47Z",
        "value": "2546.87109375",
        "cumulative": false
    },
    {
        "date": "2020-09-11T15:24:59Z",
        "value": "2546.87109375",
        "cumulative": false
    },
    {
        "date": "2020-09-11T15:25:19Z",
        "value": "2546.9921875",
        "cumulative": false
    },
    {
        "date": "2020-09-11T15:25:32Z",
        "value": "2546.87109375",
        "cumulative": false
    },
    {
        "date": "2020-09-11T15:25:48Z",
        "value": "2929.96875",
        "cumulative": false
    },
    {
        "date": "2020-09-11T15:26:05Z",
        "value": "2929.96875",
        "cumulative": false
    },
    {
        "date": "2020-09-11T15:26:25Z",
        "value": "3185.09375",
        "cumulative": false
    },
    {
        "date": "2020-09-11T15:26:45Z",
        "value": "2930.0",
        "cumulative": false
    },
    {
        "date": "2020-09-11T15:26:55Z",
        "value": "2930.0",
        "cumulative": false
    },
    {
        "date": "2020-09-11T15:27:05Z",
        "value": "3279.59375",
        "cumulative": false
    },
    {
        "date": "2020-09-11T15:27:23Z",
        "value": "2929.96875",
        "cumulative": false
    },
    {
        "date": "2020-09-11T15:27:41Z",
        "value": "3312.21875",
        "cumulative": false
    },
    {
        "date": "2020-09-11T15:27:58Z",
        "value": "2930.0",
        "cumulative": false
    },
    {
        "date": "2020-09-11T15:28:11Z",
        "value": "2929.96875",
        "cumulative": false
    },
    {
        "date": "2020-09-11T15:28:26Z",
        "value": "2929.96875",
        "cumulative": false
    },
    {
        "date": "2020-09-11T15:28:45Z",
        "value": "2929.96875",
        "cumulative": false
    },
    {
        "date": "2020-09-11T15:29:00Z",
        "value": "2929.96875",
        "cumulative": false
    },
    {
        "date": "2020-09-11T15:29:15Z",
        "value": "2930.0",
        "cumulative": false
    },
    {
        "date": "2020-09-11T15:29:27Z",
        "value": "2929.96875",
        "cumulative": false
    },
    {
        "date": "2020-09-11T15:29:38Z",
        "value": "2929.96875",
        "cumulative": false
    },
    {
        "date": "2020-09-11T15:29:55Z",
        "value": "2929.96875",
        "cumulative": false
    },
    {
        "date": "2020-09-11T15:30:09Z",
        "value": "2929.96875",
        "cumulative": false
    },
    {
        "date": "2020-09-11T15:30:24Z",
        "value": "2929.96875",
        "cumulative": false
    },
    {
        "date": "2020-09-11T15:30:39Z",
        "value": "2930.0",
        "cumulative": false
    },
    {
        "date": "2020-09-11T15:30:54Z",
        "value": "3340.44921875",
        "cumulative": false
    },
    {
        "date": "2020-09-11T15:31:12Z",
        "value": "2929.94921875",
        "cumulative": false
    },
    {
        "date": "2020-09-11T15:31:29Z",
        "value": "2929.9609375",
        "cumulative": false
    },
    {
        "date": "2020-09-11T15:31:41Z",
        "value": "2929.94921875",
        "cumulative": false
    },
    {
        "date": "2020-09-11T15:31:52Z",
        "value": "3208.69921875",
        "cumulative": false
    },
    {
        "date": "2020-09-11T15:32:05Z",
        "value": "2929.94921875",
        "cumulative": false
    },
    {
        "date": "2020-09-11T15:32:18Z",
        "value": "2929.94921875",
        "cumulative": false
    },
    {
        "date": "2020-09-11T15:32:30Z",
        "value": "2929.94921875",
        "cumulative": false
    },
    {
        "date": "2020-09-11T15:32:41Z",
        "value": "3013.57421875",
        "cumulative": false
    },
    {
        "date": "2020-09-11T15:32:54Z",
        "value": "2929.94921875",
        "cumulative": false
    },
    {
        "date": "2020-09-11T15:33:05Z",
        "value": "2929.94921875",
        "cumulative": false
    },
    {
        "date": "2020-09-11T15:33:16Z",
        "value": "3322.19921875",
        "cumulative": false
    },
    {
        "date": "2020-09-11T15:33:34Z",
        "value": "2929.94921875",
        "cumulative": false
    },
    {
        "date": "2020-09-11T15:33:48Z",
        "value": "2929.94921875",
        "cumulative": false
    },
    {
        "date": "2020-09-11T15:34:06Z",
        "value": "2930.05859375",
        "cumulative": false
    },
    {
        "date": "2020-09-11T15:34:17Z",
        "value": "2929.94921875",
        "cumulative": false
    },
    {
        "date": "2020-09-11T15:34:35Z",
        "value": "2929.94921875",
        "cumulative": false
    },
    {
        "date": "2020-09-11T15:34:54Z",
        "value": "2930.0546875",
        "cumulative": false
    },
    {
        "date": "2020-09-11T15:35:12Z",
        "value": "2930.015625",
        "cumulative": false
    },
    {
        "date": "2020-09-11T15:35:23Z",
        "value": "2929.94921875",
        "cumulative": false
    },
    {
        "date": "2020-09-11T15:35:34Z",
        "value": "3050.69921875",
        "cumulative": false
    },
    {
        "date": "2020-09-11T15:35:53Z",
        "value": "2929.95703125",
        "cumulative": false
    },
    {
        "date": "2020-09-11T15:36:03Z",
        "value": "2929.94921875",
        "cumulative": false
    },
    {
        "date": "2020-09-11T15:36:17Z",
        "value": "2929.94921875",
        "cumulative": false
    },
    {
        "date": "2020-09-11T15:36:33Z",
        "value": "2929.94921875",
        "cumulative": false
    },
    {
        "date": "2020-09-11T15:36:47Z",
        "value": "2929.94921875",
        "cumulative": false
    },
    {
        "date": "2020-09-11T15:36:59Z",
        "value": "2930.15625",
        "cumulative": false
    },
    {
        "date": "2020-09-11T15:37:09Z",
        "value": "2929.94921875",
        "cumulative": false
    },
    {
        "date": "2020-09-11T15:37:22Z",
        "value": "2929.94921875",
        "cumulative": false
    },
    {
        "date": "2020-09-11T15:37:34Z",
        "value": "2929.94921875",
        "cumulative": false
    },
    {
        "date": "2020-09-11T15:37:51Z",
        "value": "2929.94921875",
        "cumulative": false
    },
    {
        "date": "2020-09-11T15:38:05Z",
        "value": "2930.01953125",
        "cumulative": false
    },
    {
        "date": "2020-09-11T15:38:18Z",
        "value": "3134.19921875",
        "cumulative": false
    },
    {
        "date": "2020-09-11T15:38:35Z",
        "value": "2930.0546875",
        "cumulative": false
    },
    {
        "date": "2020-09-11T15:38:45Z",
        "value": "2930.01953125",
        "cumulative": false
    },
    {
        "date": "2020-09-11T15:39:05Z",
        "value": "2929.94921875",
        "cumulative": false
    }
]