[
    {
        "date": "2020-09-11T14:32:42Z",
        "value": "0.0009593963623046875",
        "cumulative": true
    },
    {
        "date": "2020-09-11T14:33:04Z",
        "value": "37.10037326812744",
        "cumulative": true
    },
    {
        "date": "2020-09-11T14:33:19Z",
        "value": "211.09809494018555",
        "cumulative": true
    },
    {
        "date": "2020-09-11T14:33:36Z",
        "value": "1508.3796167373657",
        "cumulative": true
    },
    {
        "date": "2020-09-11T14:33:46Z",
        "value": "2652.717349052429",
        "cumulative": true
    },
    {
        "date": "2020-09-11T14:34:00Z",
        "value": "4202.456590652466",
        "cumulative": true
    },
    {
        "date": "2020-09-11T14:34:11Z",
        "value": "5472.814758300781",
        "cumulative": true
    },
    {
        "date": "2020-09-11T14:34:24Z",
        "value": "6968.475514411926",
        "cumulative": true
    },
    {
        "date": "2020-09-11T14:34:37Z",
        "value": "8728.17389011383",
        "cumulative": true
    },
    {
        "date": "2020-09-11T14:34:55Z",
        "value": "11038.193776130676",
        "cumulative": true
    },
    {
        "date": "2020-09-11T14:35:06Z",
        "value": "11783.86764717102",
        "cumulative": true
    },
    {
        "date": "2020-09-11T14:35:24Z",
        "value": "14313.03515625",
        "cumulative": true
    },
    {
        "date": "2020-09-11T14:35:34Z",
        "value": "15296.475813865662",
        "cumulative": true
    },
    {
        "date": "2020-09-11T14:35:49Z",
        "value": "17824.715051651",
        "cumulative": true
    },
    {
        "date": "2020-09-11T14:36:07Z",
        "value": "19821.43931388855",
        "cumulative": true
    },
    {
        "date": "2020-09-11T14:36:19Z",
        "value": "22115.043692588806",
        "cumulative": true
    },
    {
        "date": "2020-09-11T14:36:39Z",
        "value": "23510.119126319885",
        "cumulative": true
    },
    {
        "date": "2020-09-11T14:36:58Z",
        "value": "27547.05759048462",
        "cumulative": true
    },
    {
        "date": "2020-09-11T14:37:13Z",
        "value": "28689.17917919159",
        "cumulative": true
    },
    {
        "date": "2020-09-11T14:37:29Z",
        "value": "29925.447759628296",
        "cumulative": true
    },
    {
        "date": "2020-09-11T14:37:46Z",
        "value": "33817.84148025513",
        "cumulative": true
    },
    {
        "date": "2020-09-11T14:38:00Z",
        "value": "35485.16794872284",
        "cumulative": true
    },
    {
        "date": "2020-09-11T14:38:11Z",
        "value": "36280.7595205307",
        "cumulative": true
    },
    {
        "date": "2020-09-11T14:38:26Z",
        "value": "37349.436427116394",
        "cumulative": true
    },
    {
        "date": "2020-09-11T14:38:46Z",
        "value": "40995.622630119324",
        "cumulative": true
    },
    {
        "date": "2020-09-11T14:39:03Z",
        "value": "44322.391434669495",
        "cumulative": true
    },
    {
        "date": "2020-09-11T14:39:15Z",
        "value": "45072.170174598694",
        "cumulative": true
    },
    {
        "date": "2020-09-11T14:39:31Z",
        "value": "46199.48839855194",
        "cumulative": true
    },
    {
        "date": "2020-09-11T14:39:42Z",
        "value": "46906.417578697205",
        "cumulative": true
    },
    {
        "date": "2020-09-11T14:39:54Z",
        "value": "48472.96334838867",
        "cumulative": true
    },
    {
        "date": "2020-09-11T14:40:13Z",
        "value": "52664.25596046448",
        "cumulative": true
    },
    {
        "date": "2020-09-11T14:40:30Z",
        "value": "55828.266300201416",
        "cumulative": true
    },
    {
        "date": "2020-09-11T14:40:42Z",
        "value": "56633.26775550842",
        "cumulative": true
    },
    {
        "date": "2020-09-11T14:40:55Z",
        "value": "57518.658098220825",
        "cumulative": true
    },
    {
        "date": "2020-09-11T14:41:07Z",
        "value": "58332.88969993591",
        "cumulative": true
    },
    {
        "date": "2020-09-11T14:41:22Z",
        "value": "59345.91653060913",
        "cumulative": true
    },
    {
        "date": "2020-09-11T14:41:33Z",
        "value": "60672.15373420715",
        "cumulative": true
    },
    {
        "date": "2020-09-11T14:41:49Z",
        "value": "63656.631185531616",
        "cumulative": true
    },
    {
        "date": "2020-09-11T14:42:04Z",
        "value": "66653.32525062561",
        "cumulative": true
    },
    {
        "date": "2020-09-11T14:42:15Z",
        "value": "69069.42195510864",
        "cumulative": true
    },
    {
        "date": "2020-09-11T14:42:27Z",
        "value": "70719.6041059494",
        "cumulative": true
    },
    {
        "date": "2020-09-11T14:42:45Z",
        "value": "71903.96899700165",
        "cumulative": true
    },
    {
        "date": "2020-09-11T14:43:03Z",
        "value": "73146.67508602142",
        "cumulative": true
    },
    {
        "date": "2020-09-11T14:43:21Z",
        "value": "74340.98622226715",
        "cumulative": true
    },
    {
        "date": "2020-09-11T14:43:32Z",
        "value": "75070.68431377411",
        "cumulative": true
    },
    {
        "date": "2020-09-11T14:43:44Z",
        "value": "76737.5707950592",
        "cumulative": true
    },
    {
        "date": "2020-09-11T14:44:03Z",
        "value": "80808.23538017273",
        "cumulative": true
    },
    {
        "date": "2020-09-11T14:44:16Z",
        "value": "83631.98579788208",
        "cumulative": true
    },
    {
        "date": "2020-09-11T14:44:28Z",
        "value": "86314.27976608276",
        "cumulative": true
    },
    {
        "date": "2020-09-11T14:44:44Z",
        "value": "89014.82020568848",
        "cumulative": true
    },
    {
        "date": "2020-09-11T14:45:04Z",
        "value": "90314.64827919006",
        "cumulative": true
    },
    {
        "date": "2020-09-11T14:45:23Z",
        "value": "91531.06489753723",
        "cumulative": true
    },
    {
        "date": "2020-09-11T14:45:39Z",
        "value": "92576.6920261383",
        "cumulative": true
    },
    {
        "date": "2020-09-11T14:45:50Z",
        "value": "93293.06310653687",
        "cumulative": true
    },
    {
        "date": "2020-09-11T14:46:00Z",
        "value": "93946.89654159546",
        "cumulative": true
    },
    {
        "date": "2020-09-11T14:46:14Z",
        "value": "94858.08226585388",
        "cumulative": true
    },
    {
        "date": "2020-09-11T14:46:30Z",
        "value": "97136.7906999588",
        "cumulative": true
    },
    {
        "date": "2020-09-11T14:46:48Z",
        "value": "100905.22397327423",
        "cumulative": true
    },
    {
        "date": "2020-09-11T14:47:01Z",
        "value": "103644.0852098465",
        "cumulative": true
    },
    {
        "date": "2020-09-11T14:47:17Z",
        "value": "107109.37374782562",
        "cumulative": true
    },
    {
        "date": "2020-09-11T14:47:29Z",
        "value": "109780.21303653717",
        "cumulative": true
    },
    {
        "date": "2020-09-11T14:47:46Z",
        "value": "112498.1883354187",
        "cumulative": true
    },
    {
        "date": "2020-09-11T14:48:04Z",
        "value": "113705.2444267273",
        "cumulative": true
    },
    {
        "date": "2020-09-11T14:48:16Z",
        "value": "114460.090051651",
        "cumulative": true
    },
    {
        "date": "2020-09-11T14:48:28Z",
        "value": "115209.96929550171",
        "cumulative": true
    },
    {
        "date": "2020-09-11T14:48:38Z",
        "value": "115936.85135650635",
        "cumulative": true
    },
    {
        "date": "2020-09-11T14:48:56Z",
        "value": "117075.72154045105",
        "cumulative": true
    },
    {
        "date": "2020-09-11T14:49:08Z",
        "value": "117871.08843803406",
        "cumulative": true
    },
    {
        "date": "2020-09-11T14:49:25Z",
        "value": "118972.499584198",
        "cumulative": true
    },
    {
        "date": "2020-09-11T14:49:35Z",
        "value": "119643.26845741272",
        "cumulative": true
    },
    {
        "date": "2020-09-11T14:49:49Z",
        "value": "121045.11997890472",
        "cumulative": true
    },
    {
        "date": "2020-09-11T14:50:07Z",
        "value": "124892.20053386688",
        "cumulative": true
    },
    {
        "date": "2020-09-11T14:50:20Z",
        "value": "127360.24948215485",
        "cumulative": true
    },
    {
        "date": "2020-09-11T14:50:38Z",
        "value": "131021.55455303192",
        "cumulative": true
    },
    {
        "date": "2020-09-11T14:50:55Z",
        "value": "134414.93620967865",
        "cumulative": true
    },
    {
        "date": "2020-09-11T14:51:08Z",
        "value": "137374.10025310516",
        "cumulative": true
    },
    {
        "date": "2020-09-11T14:51:21Z",
        "value": "140125.31219387054",
        "cumulative": true
    },
    {
        "date": "2020-09-11T14:51:33Z",
        "value": "141859.02759552002",
        "cumulative": true
    },
    {
        "date": "2020-09-11T14:51:50Z",
        "value": "142969.3758277893",
        "cumulative": true
    },
    {
        "date": "2020-09-11T14:52:03Z",
        "value": "143816.37266349792",
        "cumulative": true
    },
    {
        "date": "2020-09-11T14:52:21Z",
        "value": "144990.24286270142",
        "cumulative": true
    },
    {
        "date": "2020-09-11T14:52:39Z",
        "value": "146219.68312454224",
        "cumulative": true
    },
    {
        "date": "2020-09-11T14:52:57Z",
        "value": "147375.81029701233",
        "cumulative": true
    },
    {
        "date": "2020-09-11T14:53:15Z",
        "value": "148528.14214515686",
        "cumulative": true
    },
    {
        "date": "2020-09-11T14:53:34Z",
        "value": "149809.2784461975",
        "cumulative": true
    },
    {
        "date": "2020-09-11T14:53:52Z",
        "value": "150942.497549057",
        "cumulative": true
    },
    {
        "date": "2020-09-11T14:54:11Z",
        "value": "152316.12993717194",
        "cumulative": true
    },
    {
        "date": "2020-09-11T14:54:28Z",
        "value": "156102.24594020844",
        "cumulative": true
    },
    {
        "date": "2020-09-11T14:54:42Z",
        "value": "159356.90827465057",
        "cumulative": true
    },
    {
        "date": "2020-09-11T14:54:54Z",
        "value": "161828.09947681427",
        "cumulative": true
    },
    {
        "date": "2020-09-11T14:55:12Z",
        "value": "165647.2571992874",
        "cumulative": true
    },
    {
        "date": "2020-09-11T14:55:24Z",
        "value": "168389.72767734528",
        "cumulative": true
    },
    {
        "date": "2020-09-11T14:55:40Z",
        "value": "171595.76569461823",
        "cumulative": true
    },
    {
        "date": "2020-09-11T14:55:53Z",
        "value": "174387.9710855484",
        "cumulative": true
    },
    {
        "date": "2020-09-11T14:56:09Z",
        "value": "177587.77120304108",
        "cumulative": true
    },
    {
        "date": "2020-09-11T14:56:29Z",
        "value": "179734.24036598206",
        "cumulative": true
    },
    {
        "date": "2020-09-11T14:56:39Z",
        "value": "180399.65489768982",
        "cumulative": true
    },
    {
        "date": "2020-09-11T14:56:58Z",
        "value": "181700.6178817749",
        "cumulative": true
    },
    {
        "date": "2020-09-11T14:57:13Z",
        "value": "182648.72502708435",
        "cumulative": true
    },
    {
        "date": "2020-09-11T14:57:26Z",
        "value": "183493.76716804504",
        "cumulative": true
    },
    {
        "date": "2020-09-11T14:57:43Z",
        "value": "184640.87586593628",
        "cumulative": true
    },
    {
        "date": "2020-09-11T14:57:54Z",
        "value": "185352.19104766846",
        "cumulative": true
    },
    {
        "date": "2020-09-11T14:58:05Z",
        "value": "186096.27886772156",
        "cumulative": true
    },
    {
        "date": "2020-09-11T14:58:23Z",
        "value": "187264.3185043335",
        "cumulative": true
    },
    {
        "date": "2020-09-11T14:58:39Z",
        "value": "188351.77463912964",
        "cumulative": true
    },
    {
        "date": "2020-09-11T14:58:59Z",
        "value": "189676.3254547119",
        "cumulative": true
    },
    {
        "date": "2020-09-11T14:59:12Z",
        "value": "190518.83841514587",
        "cumulative": true
    },
    {
        "date": "2020-09-11T14:59:27Z",
        "value": "191537.549949646",
        "cumulative": true
    },
    {
        "date": "2020-09-11T14:59:41Z",
        "value": "193523.5381155014",
        "cumulative": true
    },
    {
        "date": "2020-09-11T14:59:56Z",
        "value": "196799.58267498016",
        "cumulative": true
    },
    {
        "date": "2020-09-11T15:00:14Z",
        "value": "200658.26374721527",
        "cumulative": true
    },
    {
        "date": "2020-09-11T15:00:33Z",
        "value": "204908.0957517624",
        "cumulative": true
    },
    {
        "date": "2020-09-11T15:00:49Z",
        "value": "208290.8305196762",
        "cumulative": true
    },
    {
        "date": "2020-09-11T15:01:02Z",
        "value": "211179.867518425",
        "cumulative": true
    },
    {
        "date": "2020-09-11T15:01:21Z",
        "value": "215734.1477842331",
        "cumulative": true
    },
    {
        "date": "2020-09-11T15:01:32Z",
        "value": "218105.79162693024",
        "cumulative": true
    },
    {
        "date": "2020-09-11T15:01:47Z",
        "value": "221146.65179920197",
        "cumulative": true
    },
    {
        "date": "2020-09-11T15:01:58Z",
        "value": "223529.9092168808",
        "cumulative": true
    },
    {
        "date": "2020-09-11T15:02:10Z",
        "value": "225954.52455711365",
        "cumulative": true
    },
    {
        "date": "2020-09-11T15:02:24Z",
        "value": "226880.62043190002",
        "cumulative": true
    },
    {
        "date": "2020-09-11T15:02:39Z",
        "value": "227882.31187057495",
        "cumulative": true
    },
    {
        "date": "2020-09-11T15:02:59Z",
        "value": "229224.02665519714",
        "cumulative": true
    },
    {
        "date": "2020-09-11T15:03:09Z",
        "value": "229895.6241645813",
        "cumulative": true
    },
    {
        "date": "2020-09-11T15:03:21Z",
        "value": "230730.78358650208",
        "cumulative": true
    },
    {
        "date": "2020-09-11T15:03:39Z",
        "value": "231907.98712921143",
        "cumulative": true
    },
    {
        "date": "2020-09-11T15:03:55Z",
        "value": "232960.40135383606",
        "cumulative": true
    },
    {
        "date": "2020-09-11T15:04:13Z",
        "value": "234174.23621177673",
        "cumulative": true
    },
    {
        "date": "2020-09-11T15:04:25Z",
        "value": "234924.6360912323",
        "cumulative": true
    },
    {
        "date": "2020-09-11T15:04:42Z",
        "value": "235998.67107200623",
        "cumulative": true
    },
    {
        "date": "2020-09-11T15:05:01Z",
        "value": "237260.57503509521",
        "cumulative": true
    },
    {
        "date": "2020-09-11T15:05:13Z",
        "value": "238076.36202812195",
        "cumulative": true
    },
    {
        "date": "2020-09-11T15:05:28Z",
        "value": "239095.2322845459",
        "cumulative": true
    },
    {
        "date": "2020-09-11T15:05:41Z",
        "value": "239949.26530647278",
        "cumulative": true
    },
    {
        "date": "2020-09-11T15:05:57Z",
        "value": "240945.9145679474",
        "cumulative": true
    },
    {
        "date": "2020-09-11T15:06:08Z",
        "value": "241674.71642684937",
        "cumulative": true
    },
    {
        "date": "2020-09-11T15:06:28Z",
        "value": "243898.4557876587",
        "cumulative": true
    },
    {
        "date": "2020-09-11T15:06:44Z",
        "value": "247456.42507743835",
        "cumulative": true
    },
    {
        "date": "2020-09-11T15:06:58Z",
        "value": "250658.55280303955",
        "cumulative": true
    },
    {
        "date": "2020-09-11T15:07:12Z",
        "value": "253714.2639427185",
        "cumulative": true
    },
    {
        "date": "2020-09-11T15:07:30Z",
        "value": "257723.28155517578",
        "cumulative": true
    },
    {
        "date": "2020-09-11T15:07:41Z",
        "value": "260084.8933315277",
        "cumulative": true
    },
    {
        "date": "2020-09-11T15:07:55Z",
        "value": "263038.79564476013",
        "cumulative": true
    },
    {
        "date": "2020-09-11T15:08:08Z",
        "value": "266070.8830242157",
        "cumulative": true
    },
    {
        "date": "2020-09-11T15:08:26Z",
        "value": "269910.8632850647",
        "cumulative": true
    },
    {
        "date": "2020-09-11T15:08:38Z",
        "value": "272468.1014175415",
        "cumulative": true
    },
    {
        "date": "2020-09-11T15:08:49Z",
        "value": "274692.478761673",
        "cumulative": true
    },
    {
        "date": "2020-09-11T15:09:05Z",
        "value": "278225.6808414459",
        "cumulative": true
    },
    {
        "date": "2020-09-11T15:09:21Z",
        "value": "281874.7960243225",
        "cumulative": true
    },
    {
        "date": "2020-09-11T15:09:33Z",
        "value": "284476.6119861603",
        "cumulative": true
    },
    {
        "date": "2020-09-11T15:09:46Z",
        "value": "285904.94724941254",
        "cumulative": true
    },
    {
        "date": "2020-09-11T15:10:00Z",
        "value": "286823.65480709076",
        "cumulative": true
    },
    {
        "date": "2020-09-11T15:10:17Z",
        "value": "288052.05822086334",
        "cumulative": true
    },
    {
        "date": "2020-09-11T15:10:29Z",
        "value": "288864.0951242447",
        "cumulative": true
    },
    {
        "date": "2020-09-11T15:10:40Z",
        "value": "289568.2150030136",
        "cumulative": true
    },
    {
        "date": "2020-09-11T15:10:51Z",
        "value": "290343.2310247421",
        "cumulative": true
    },
    {
        "date": "2020-09-11T15:11:08Z",
        "value": "291432.6185693741",
        "cumulative": true
    },
    {
        "date": "2020-09-11T15:11:19Z",
        "value": "292245.63144779205",
        "cumulative": true
    },
    {
        "date": "2020-09-11T15:11:30Z",
        "value": "292933.8488969803",
        "cumulative": true
    },
    {
        "date": "2020-09-11T15:11:47Z",
        "value": "294146.58385562897",
        "cumulative": true
    },
    {
        "date": "2020-09-11T15:12:00Z",
        "value": "295011.91294384",
        "cumulative": true
    },
    {
        "date": "2020-09-11T15:12:19Z",
        "value": "296323.41678905487",
        "cumulative": true
    },
    {
        "date": "2020-09-11T15:12:32Z",
        "value": "297161.5257024765",
        "cumulative": true
    },
    {
        "date": "2020-09-11T15:12:45Z",
        "value": "298041.02633190155",
        "cumulative": true
    },
    {
        "date": "2020-09-11T15:13:04Z",
        "value": "299263.85543346405",
        "cumulative": true
    },
    {
        "date": "2020-09-11T15:13:14Z",
        "value": "299932.7882680893",
        "cumulative": true
    },
    {
        "date": "2020-09-11T15:13:24Z",
        "value": "300701.566321373",
        "cumulative": true
    },
    {
        "date": "2020-09-11T15:13:35Z",
        "value": "301342.0778474808",
        "cumulative": true
    },
    {
        "date": "2020-09-11T15:13:48Z",
        "value": "302245.31242084503",
        "cumulative": true
    },
    {
        "date": "2020-09-11T15:14:04Z",
        "value": "303310.47298908234",
        "cumulative": true
    },
    {
        "date": "2020-09-11T15:14:16Z",
        "value": "304125.5207681656",
        "cumulative": true
    },
    {
        "date": "2020-09-11T15:14:34Z",
        "value": "305365.72662448883",
        "cumulative": true
    },
    {
        "date": "2020-09-11T15:14:51Z",
        "value": "306785.39117240906",
        "cumulative": true
    },
    {
        "date": "2020-09-11T15:15:06Z",
        "value": "310071.75863838196",
        "cumulative": true
    },
    {
        "date": "2020-09-11T15:15:21Z",
        "value": "313409.9728984833",
        "cumulative": true
    },
    {
        "date": "2020-09-11T15:15:33Z",
        "value": "315737.2851524353",
        "cumulative": true
    },
    {
        "date": "2020-09-11T15:15:52Z",
        "value": "320166.9786758423",
        "cumulative": true
    },
    {
        "date": "2020-09-11T15:16:02Z",
        "value": "322075.2279396057",
        "cumulative": true
    },
    {
        "date": "2020-09-11T15:16:21Z",
        "value": "326345.4987754822",
        "cumulative": true
    },
    {
        "date": "2020-09-11T15:16:36Z",
        "value": "329758.12804985046",
        "cumulative": true
    },
    {
        "date": "2020-09-11T15:16:51Z",
        "value": "333165.49260139465",
        "cumulative": true
    },
    {
        "date": "2020-09-11T15:17:09Z",
        "value": "337112.57322502136",
        "cumulative": true
    },
    {
        "date": "2020-09-11T15:17:23Z",
        "value": "340351.03752326965",
        "cumulative": true
    },
    {
        "date": "2020-09-11T15:17:40Z",
        "value": "343881.2272758484",
        "cumulative": true
    },
    {
        "date": "2020-09-11T15:17:59Z",
        "value": "347893.12362098694",
        "cumulative": true
    },
    {
        "date": "2020-09-11T15:18:11Z",
        "value": "350587.9149093628",
        "cumulative": true
    },
    {
        "date": "2020-09-11T15:18:23Z",
        "value": "353295.19410705566",
        "cumulative": true
    },
    {
        "date": "2020-09-11T15:18:41Z",
        "value": "357231.62957572937",
        "cumulative": true
    },
    {
        "date": "2020-09-11T15:18:57Z",
        "value": "360362.78754138947",
        "cumulative": true
    },
    {
        "date": "2020-09-11T15:19:10Z",
        "value": "361216.264046669",
        "cumulative": true
    },
    {
        "date": "2020-09-11T15:19:21Z",
        "value": "362134.40708065033",
        "cumulative": true
    },
    {
        "date": "2020-09-11T15:19:40Z",
        "value": "363313.8015012741",
        "cumulative": true
    },
    {
        "date": "2020-09-11T15:19:55Z",
        "value": "364314.62197589874",
        "cumulative": true
    },
    {
        "date": "2020-09-11T15:20:12Z",
        "value": "365404.5514383316",
        "cumulative": true
    },
    {
        "date": "2020-09-11T15:20:28Z",
        "value": "366467.03086185455",
        "cumulative": true
    },
    {
        "date": "2020-09-11T15:20:44Z",
        "value": "367535.63851833344",
        "cumulative": true
    },
    {
        "date": "2020-09-11T15:20:59Z",
        "value": "368619.05625629425",
        "cumulative": true
    },
    {
        "date": "2020-09-11T15:21:18Z",
        "value": "369912.66882038116",
        "cumulative": true
    },
    {
        "date": "2020-09-11T15:21:33Z",
        "value": "370964.834649086",
        "cumulative": true
    },
    {
        "date": "2020-09-11T15:21:53Z",
        "value": "372298.26961803436",
        "cumulative": true
    },
    {
        "date": "2020-09-11T15:22:05Z",
        "value": "373097.55435466766",
        "cumulative": true
    },
    {
        "date": "2020-09-11T15:22:19Z",
        "value": "373933.13933467865",
        "cumulative": true
    },
    {
        "date": "2020-09-11T15:22:35Z",
        "value": "375022.64004421234",
        "cumulative": true
    },
    {
        "date": "2020-09-11T15:22:47Z",
        "value": "375809.4745321274",
        "cumulative": true
    },
    {
        "date": "2020-09-11T15:23:06Z",
        "value": "377129.2961053848",
        "cumulative": true
    },
    {
        "date": "2020-09-11T15:23:18Z",
        "value": "377920.87497615814",
        "cumulative": true
    },
    {
        "date": "2020-09-11T15:23:36Z",
        "value": "379078.21207904816",
        "cumulative": true
    },
    {
        "date": "2020-09-11T15:23:46Z",
        "value": "379768.2686548233",
        "cumulative": true
    },
    {
        "date": "2020-09-11T15:24:04Z",
        "value": "380930.10550403595",
        "cumulative": true
    },
    {
        "date": "2020-09-11T15:24:23Z",
        "value": "382199.5925016403",
        "cumulative": true
    },
    {
        "date": "2020-09-11T15:24:33Z",
        "value": "382970.44436359406",
        "cumulative": true
    },
    {
        "date": "2020-09-11T15:24:46Z",
        "value": "383770.00702762604",
        "cumulative": true
    },
    {
        "date": "2020-09-11T15:25:01Z",
        "value": "384828.56461811066",
        "cumulative": true
    },
    {
        "date": "2020-09-11T15:25:17Z",
        "value": "385901.96065044403",
        "cumulative": true
    },
    {
        "date": "2020-09-11T15:25:36Z",
        "value": "387650.98891067505",
        "cumulative": true
    },
    {
        "date": "2020-09-11T15:25:48Z",
        "value": "390368.3028907776",
        "cumulative": true
    },
    {
        "date": "2020-09-11T15:25:58Z",
        "value": "392547.9102573395",
        "cumulative": true
    },
    {
        "date": "2020-09-11T15:26:16Z",
        "value": "396481.46090888977",
        "cumulative": true
    },
    {
        "date": "2020-09-11T15:26:28Z",
        "value": "399205.9885311127",
        "cumulative": true
    },
    {
        "date": "2020-09-11T15:26:41Z",
        "value": "402050.08297920227",
        "cumulative": true
    },
    {
        "date": "2020-09-11T15:26:52Z",
        "value": "404463.3875217438",
        "cumulative": true
    },
    {
        "date": "2020-09-11T15:27:08Z",
        "value": "408037.1786079407",
        "cumulative": true
    },
    {
        "date": "2020-09-11T15:27:25Z",
        "value": "411599.9235267639",
        "cumulative": true
    },
    {
        "date": "2020-09-11T15:27:43Z",
        "value": "415343.27188682556",
        "cumulative": true
    },
    {
        "date": "2020-09-11T15:27:59Z",
        "value": "418492.3794784546",
        "cumulative": true
    },
    {
        "date": "2020-09-11T15:28:18Z",
        "value": "422969.5533771515",
        "cumulative": true
    },
    {
        "date": "2020-09-11T15:28:35Z",
        "value": "426562.34886169434",
        "cumulative": true
    },
    {
        "date": "2020-09-11T15:28:51Z",
        "value": "430053.54873657227",
        "cumulative": true
    },
    {
        "date": "2020-09-11T15:29:05Z",
        "value": "433182.26972961426",
        "cumulative": true
    },
    {
        "date": "2020-09-11T15:29:19Z",
        "value": "436415.9541091919",
        "cumulative": true
    },
    {
        "date": "2020-09-11T15:29:36Z",
        "value": "439993.0968284607",
        "cumulative": true
    },
    {
        "date": "2020-09-11T15:29:49Z",
        "value": "442860.6511859894",
        "cumulative": true
    },
    {
        "date": "2020-09-11T15:30:00Z",
        "value": "445234.4130496979",
        "cumulative": true
    },
    {
        "date": "2020-09-11T15:30:11Z",
        "value": "447581.01542663574",
        "cumulative": true
    },
    {
        "date": "2020-09-11T15:30:29Z",
        "value": "451660.4633216858",
        "cumulative": true
    },
    {
        "date": "2020-09-11T15:30:45Z",
        "value": "455021.48020362854",
        "cumulative": true
    },
    {
        "date": "2020-09-11T15:31:01Z",
        "value": "456075.5127944946",
        "cumulative": true
    },
    {
        "date": "2020-09-11T15:31:18Z",
        "value": "457329.84414482117",
        "cumulative": true
    },
    {
        "date": "2020-09-11T15:31:33Z",
        "value": "458341.90688705444",
        "cumulative": true
    },
    {
        "date": "2020-09-11T15:31:52Z",
        "value": "459688.92589378357",
        "cumulative": true
    },
    {
        "date": "2020-09-11T15:32:10Z",
        "value": "460810.48841667175",
        "cumulative": true
    },
    {
        "date": "2020-09-11T15:32:28Z",
        "value": "462102.06582832336",
        "cumulative": true
    },
    {
        "date": "2020-09-11T15:32:42Z",
        "value": "463065.4060344696",
        "cumulative": true
    },
    {
        "date": "2020-09-11T15:33:01Z",
        "value": "464405.2868461609",
        "cumulative": true
    },
    {
        "date": "2020-09-11T15:33:14Z",
        "value": "465200.84444236755",
        "cumulative": true
    },
    {
        "date": "2020-09-11T15:33:28Z",
        "value": "466169.83452796936",
        "cumulative": true
    },
    {
        "date": "2020-09-11T15:33:45Z",
        "value": "467410.4270057678",
        "cumulative": true
    },
    {
        "date": "2020-09-11T15:33:58Z",
        "value": "468200.26382255554",
        "cumulative": true
    },
    {
        "date": "2020-09-11T15:34:12Z",
        "value": "469195.9900665283",
        "cumulative": true
    },
    {
        "date": "2020-09-11T15:34:30Z",
        "value": "470472.55885505676",
        "cumulative": true
    },
    {
        "date": "2020-09-11T15:34:45Z",
        "value": "471483.03846359253",
        "cumulative": true
    },
    {
        "date": "2020-09-11T15:35:03Z",
        "value": "472586.644367218",
        "cumulative": true
    },
    {
        "date": "2020-09-11T15:35:20Z",
        "value": "473843.1311149597",
        "cumulative": true
    },
    {
        "date": "2020-09-11T15:35:37Z",
        "value": "474944.2978954315",
        "cumulative": true
    },
    {
        "date": "2020-09-11T15:35:55Z",
        "value": "476227.58884620667",
        "cumulative": true
    },
    {
        "date": "2020-09-11T15:36:11Z",
        "value": "477250.9523887634",
        "cumulative": true
    },
    {
        "date": "2020-09-11T15:36:24Z",
        "value": "478229.4789123535",
        "cumulative": true
    },
    {
        "date": "2020-09-11T15:36:42Z",
        "value": "479376.18752479553",
        "cumulative": true
    },
    {
        "date": "2020-09-11T15:36:59Z",
        "value": "480588.7312526703",
        "cumulative": true
    },
    {
        "date": "2020-09-11T15:37:15Z",
        "value": "481644.13790893555",
        "cumulative": true
    },
    {
        "date": "2020-09-11T15:37:31Z",
        "value": "482750.29799461365",
        "cumulative": true
    },
    {
        "date": "2020-09-11T15:37:41Z",
        "value": "483437.3505935669",
        "cumulative": true
    },
    {
        "date": "2020-09-11T15:37:57Z",
        "value": "484443.97197151184",
        "cumulative": true
    },
    {
        "date": "2020-09-11T15:38:12Z",
        "value": "485580.3634624481",
        "cumulative": true
    },
    {
        "date": "2020-09-11T15:38:29Z",
        "value": "486667.3934135437",
        "cumulative": true
    },
    {
        "date": "2020-09-11T15:38:48Z",
        "value": "488016.1813430786",
        "cumulative": true
    },
    {
        "date": "2020-09-11T15:39:01Z",
        "value": "488692.89065647125",
        "cumulative": true
    }
]