[
    {
        "date": "2020-09-11T14:32:35Z",
        "value": "0.0009593963623046875",
        "cumulative": true
    },
    {
        "date": "2020-09-11T14:32:50Z",
        "value": "1.6402263641357422",
        "cumulative": true
    },
    {
        "date": "2020-09-11T14:33:03Z",
        "value": "34.33359336853027",
        "cumulative": true
    },
    {
        "date": "2020-09-11T14:33:20Z",
        "value": "249.43672943115234",
        "cumulative": true
    },
    {
        "date": "2020-09-11T14:33:30Z",
        "value": "975.4418077468872",
        "cumulative": true
    },
    {
        "date": "2020-09-11T14:33:45Z",
        "value": "2508.5089321136475",
        "cumulative": true
    },
    {
        "date": "2020-09-11T14:33:57Z",
        "value": "3697.699363708496",
        "cumulative": true
    },
    {
        "date": "2020-09-11T14:34:09Z",
        "value": "5103.664671897888",
        "cumulative": true
    },
    {
        "date": "2020-09-11T14:34:28Z",
        "value": "7277.612021446228",
        "cumulative": true
    },
    {
        "date": "2020-09-11T14:34:43Z",
        "value": "9087.891830444336",
        "cumulative": true
    },
    {
        "date": "2020-09-11T14:34:59Z",
        "value": "11277.070430755615",
        "cumulative": true
    },
    {
        "date": "2020-09-11T14:35:14Z",
        "value": "13298.048272132874",
        "cumulative": true
    },
    {
        "date": "2020-09-11T14:35:33Z",
        "value": "15037.993391990662",
        "cumulative": true
    },
    {
        "date": "2020-09-11T14:35:48Z",
        "value": "17725.091946601868",
        "cumulative": true
    },
    {
        "date": "2020-09-11T14:36:05Z",
        "value": "19446.746465682983",
        "cumulative": true
    },
    {
        "date": "2020-09-11T14:36:25Z",
        "value": "22506.490683555603",
        "cumulative": true
    },
    {
        "date": "2020-09-11T14:36:42Z",
        "value": "23900.532596588135",
        "cumulative": true
    },
    {
        "date": "2020-09-11T14:36:58Z",
        "value": "27397.41948699951",
        "cumulative": true
    },
    {
        "date": "2020-09-11T14:37:10Z",
        "value": "28457.232502937317",
        "cumulative": true
    },
    {
        "date": "2020-09-11T14:37:22Z",
        "value": "29272.03196811676",
        "cumulative": true
    },
    {
        "date": "2020-09-11T14:37:37Z",
        "value": "31582.369556427002",
        "cumulative": true
    },
    {
        "date": "2020-09-11T14:37:51Z",
        "value": "34814.07489204407",
        "cumulative": true
    },
    {
        "date": "2020-09-11T14:38:08Z",
        "value": "35993.17564868927",
        "cumulative": true
    },
    {
        "date": "2020-09-11T14:38:24Z",
        "value": "37157.65487194061",
        "cumulative": true
    },
    {
        "date": "2020-09-11T14:38:40Z",
        "value": "39678.27248477936",
        "cumulative": true
    },
    {
        "date": "2020-09-11T14:38:58Z",
        "value": "43586.97116947174",
        "cumulative": true
    },
    {
        "date": "2020-09-11T14:39:15Z",
        "value": "45055.2712430954",
        "cumulative": true
    },
    {
        "date": "2020-09-11T14:39:35Z",
        "value": "46398.61836528778",
        "cumulative": true
    },
    {
        "date": "2020-09-11T14:39:51Z",
        "value": "47663.649419784546",
        "cumulative": true
    },
    {
        "date": "2020-09-11T14:40:06Z",
        "value": "51185.82755088806",
        "cumulative": true
    },
    {
        "date": "2020-09-11T14:40:26Z",
        "value": "55271.13251686096",
        "cumulative": true
    },
    {
        "date": "2020-09-11T14:40:39Z",
        "value": "56331.20877838135",
        "cumulative": true
    },
    {
        "date": "2020-09-11T14:40:54Z",
        "value": "57386.65743637085",
        "cumulative": true
    },
    {
        "date": "2020-09-11T14:41:14Z",
        "value": "58724.28967857361",
        "cumulative": true
    },
    {
        "date": "2020-09-11T14:41:26Z",
        "value": "59492.82540130615",
        "cumulative": true
    },
    {
        "date": "2020-09-11T14:41:40Z",
        "value": "61849.38011455536",
        "cumulative": true
    },
    {
        "date": "2020-09-11T14:41:50Z",
        "value": "63809.21123409271",
        "cumulative": true
    },
    {
        "date": "2020-09-11T14:42:08Z",
        "value": "67493.36833667755",
        "cumulative": true
    },
    {
        "date": "2020-09-11T14:42:23Z",
        "value": "70377.72821807861",
        "cumulative": true
    },
    {
        "date": "2020-09-11T14:42:35Z",
        "value": "71117.12952232361",
        "cumulative": true
    },
    {
        "date": "2020-09-11T14:42:49Z",
        "value": "72116.13496398926",
        "cumulative": true
    },
    {
        "date": "2020-09-11T14:43:03Z",
        "value": "73027.87707710266",
        "cumulative": true
    },
    {
        "date": "2020-09-11T14:43:22Z",
        "value": "74345.44995117188",
        "cumulative": true
    },
    {
        "date": "2020-09-11T14:43:42Z",
        "value": "76169.72828197479",
        "cumulative": true
    },
    {
        "date": "2020-09-11T14:43:58Z",
        "value": "79592.26353740692",
        "cumulative": true
    },
    {
        "date": "2020-09-11T14:44:11Z",
        "value": "82407.9130411148",
        "cumulative": true
    },
    {
        "date": "2020-09-11T14:44:28Z",
        "value": "86155.24680233002",
        "cumulative": true
    },
    {
        "date": "2020-09-11T14:44:47Z",
        "value": "89050.66022586823",
        "cumulative": true
    },
    {
        "date": "2020-09-11T14:45:04Z",
        "value": "90169.78012561798",
        "cumulative": true
    },
    {
        "date": "2020-09-11T14:45:21Z",
        "value": "91293.70843791962",
        "cumulative": true
    },
    {
        "date": "2020-09-11T14:45:36Z",
        "value": "92219.73661136627",
        "cumulative": true
    },
    {
        "date": "2020-09-11T14:45:52Z",
        "value": "93255.54877758026",
        "cumulative": true
    },
    {
        "date": "2020-09-11T14:46:08Z",
        "value": "94327.50685024261",
        "cumulative": true
    },
    {
        "date": "2020-09-11T14:46:26Z",
        "value": "96248.30485534668",
        "cumulative": true
    },
    {
        "date": "2020-09-11T14:46:44Z",
        "value": "100041.34619903564",
        "cumulative": true
    },
    {
        "date": "2020-09-11T14:47:00Z",
        "value": "103168.80089569092",
        "cumulative": true
    },
    {
        "date": "2020-09-11T14:47:17Z",
        "value": "106886.53749084473",
        "cumulative": true
    },
    {
        "date": "2020-09-11T14:47:34Z",
        "value": "110593.1754989624",
        "cumulative": true
    },
    {
        "date": "2020-09-11T14:47:47Z",
        "value": "112369.11190319061",
        "cumulative": true
    },
    {
        "date": "2020-09-11T14:48:06Z",
        "value": "113598.15235996246",
        "cumulative": true
    },
    {
        "date": "2020-09-11T14:48:21Z",
        "value": "114605.94212627411",
        "cumulative": true
    },
    {
        "date": "2020-09-11T14:48:39Z",
        "value": "115769.01411342621",
        "cumulative": true
    },
    {
        "date": "2020-09-11T14:48:57Z",
        "value": "116916.87345218658",
        "cumulative": true
    },
    {
        "date": "2020-09-11T14:49:12Z",
        "value": "117916.05844211578",
        "cumulative": true
    },
    {
        "date": "2020-09-11T14:49:25Z",
        "value": "118740.93449306488",
        "cumulative": true
    },
    {
        "date": "2020-09-11T14:49:42Z",
        "value": "119902.7294473648",
        "cumulative": true
    },
    {
        "date": "2020-09-11T14:49:54Z",
        "value": "121920.77493858337",
        "cumulative": true
    },
    {
        "date": "2020-09-11T14:50:10Z",
        "value": "125139.3330001831",
        "cumulative": true
    },
    {
        "date": "2020-09-11T14:50:27Z",
        "value": "128666.3944015503",
        "cumulative": true
    },
    {
        "date": "2020-09-11T14:50:42Z",
        "value": "131574.50213432312",
        "cumulative": true
    },
    {
        "date": "2020-09-11T14:50:58Z",
        "value": "134974.49351119995",
        "cumulative": true
    },
    {
        "date": "2020-09-11T14:51:12Z",
        "value": "137867.49375343323",
        "cumulative": true
    },
    {
        "date": "2020-09-11T14:51:26Z",
        "value": "140780.2170944214",
        "cumulative": true
    },
    {
        "date": "2020-09-11T14:51:44Z",
        "value": "142315.87937259674",
        "cumulative": true
    },
    {
        "date": "2020-09-11T14:52:01Z",
        "value": "143363.38141345978",
        "cumulative": true
    },
    {
        "date": "2020-09-11T14:52:12Z",
        "value": "144151.0498228073",
        "cumulative": true
    },
    {
        "date": "2020-09-11T14:52:26Z",
        "value": "145042.2319803238",
        "cumulative": true
    },
    {
        "date": "2020-09-11T14:52:43Z",
        "value": "146145.331908226",
        "cumulative": true
    },
    {
        "date": "2020-09-11T14:52:56Z",
        "value": "147005.6386346817",
        "cumulative": true
    },
    {
        "date": "2020-09-11T14:53:11Z",
        "value": "147957.87474155426",
        "cumulative": true
    },
    {
        "date": "2020-09-11T14:53:23Z",
        "value": "148794.05117321014",
        "cumulative": true
    },
    {
        "date": "2020-09-11T14:53:39Z",
        "value": "149819.79016590118",
        "cumulative": true
    },
    {
        "date": "2020-09-11T14:53:57Z",
        "value": "150999.3458585739",
        "cumulative": true
    },
    {
        "date": "2020-09-11T14:54:14Z",
        "value": "152809.18411827087",
        "cumulative": true
    },
    {
        "date": "2020-09-11T14:54:29Z",
        "value": "156041.62430763245",
        "cumulative": true
    },
    {
        "date": "2020-09-11T14:54:46Z",
        "value": "159808.08865356445",
        "cumulative": true
    },
    {
        "date": "2020-09-11T14:55:01Z",
        "value": "163003.6178302765",
        "cumulative": true
    },
    {
        "date": "2020-09-11T14:55:19Z",
        "value": "166999.1151828766",
        "cumulative": true
    },
    {
        "date": "2020-09-11T14:55:29Z",
        "value": "169107.96137809753",
        "cumulative": true
    },
    {
        "date": "2020-09-11T14:55:45Z",
        "value": "172573.77202415466",
        "cumulative": true
    },
    {
        "date": "2020-09-11T14:56:05Z",
        "value": "176379.0930480957",
        "cumulative": true
    },
    {
        "date": "2020-09-11T14:56:17Z",
        "value": "178582.0393266678",
        "cumulative": true
    },
    {
        "date": "2020-09-11T14:56:32Z",
        "value": "179556.14173412323",
        "cumulative": true
    },
    {
        "date": "2020-09-11T14:56:48Z",
        "value": "180695.41999340057",
        "cumulative": true
    },
    {
        "date": "2020-09-11T14:57:03Z",
        "value": "181642.95556926727",
        "cumulative": true
    },
    {
        "date": "2020-09-11T14:57:14Z",
        "value": "182392.7032251358",
        "cumulative": true
    },
    {
        "date": "2020-09-11T14:57:33Z",
        "value": "183607.58208942413",
        "cumulative": true
    },
    {
        "date": "2020-09-11T14:57:45Z",
        "value": "184401.9571199417",
        "cumulative": true
    },
    {
        "date": "2020-09-11T14:57:56Z",
        "value": "185084.7758398056",
        "cumulative": true
    },
    {
        "date": "2020-09-11T14:58:08Z",
        "value": "185949.20555591583",
        "cumulative": true
    },
    {
        "date": "2020-09-11T14:58:27Z",
        "value": "187102.8364572525",
        "cumulative": true
    },
    {
        "date": "2020-09-11T14:58:44Z",
        "value": "188241.2890443802",
        "cumulative": true
    },
    {
        "date": "2020-09-11T14:58:59Z",
        "value": "189230.14955234528",
        "cumulative": true
    },
    {
        "date": "2020-09-11T14:59:16Z",
        "value": "190399.31706523895",
        "cumulative": true
    },
    {
        "date": "2020-09-11T14:59:30Z",
        "value": "191327.77348041534",
        "cumulative": true
    },
    {
        "date": "2020-09-11T14:59:42Z",
        "value": "193338.36973953247",
        "cumulative": true
    },
    {
        "date": "2020-09-11T14:59:55Z",
        "value": "196086.8051071167",
        "cumulative": true
    },
    {
        "date": "2020-09-11T15:00:07Z",
        "value": "198742.22077178955",
        "cumulative": true
    },
    {
        "date": "2020-09-11T15:00:18Z",
        "value": "201234.18273353577",
        "cumulative": true
    },
    {
        "date": "2020-09-11T15:00:35Z",
        "value": "204865.70580482483",
        "cumulative": true
    },
    {
        "date": "2020-09-11T15:00:50Z",
        "value": "208162.8081855774",
        "cumulative": true
    },
    {
        "date": "2020-09-11T15:01:01Z",
        "value": "210517.64529418945",
        "cumulative": true
    },
    {
        "date": "2020-09-11T15:01:14Z",
        "value": "213526.47639846802",
        "cumulative": true
    },
    {
        "date": "2020-09-11T15:01:33Z",
        "value": "217578.33524131775",
        "cumulative": true
    },
    {
        "date": "2020-09-11T15:01:47Z",
        "value": "220605.05151176453",
        "cumulative": true
    },
    {
        "date": "2020-09-11T15:02:07Z",
        "value": "224978.94487571716",
        "cumulative": true
    },
    {
        "date": "2020-09-11T15:02:24Z",
        "value": "226347.37601947784",
        "cumulative": true
    },
    {
        "date": "2020-09-11T15:02:37Z",
        "value": "227182.1601266861",
        "cumulative": true
    },
    {
        "date": "2020-09-11T15:02:57Z",
        "value": "228491.69146251678",
        "cumulative": true
    },
    {
        "date": "2020-09-11T15:03:07Z",
        "value": "229192.71304416656",
        "cumulative": true
    },
    {
        "date": "2020-09-11T15:03:24Z",
        "value": "230331.55781841278",
        "cumulative": true
    },
    {
        "date": "2020-09-11T15:03:42Z",
        "value": "231500.86213588715",
        "cumulative": true
    },
    {
        "date": "2020-09-11T15:03:58Z",
        "value": "232564.49176120758",
        "cumulative": true
    },
    {
        "date": "2020-09-11T15:04:17Z",
        "value": "233850.36489200592",
        "cumulative": true
    },
    {
        "date": "2020-09-11T15:04:35Z",
        "value": "234916.9488325119",
        "cumulative": true
    },
    {
        "date": "2020-09-11T15:04:54Z",
        "value": "236225.77307796478",
        "cumulative": true
    },
    {
        "date": "2020-09-11T15:05:07Z",
        "value": "237044.6154241562",
        "cumulative": true
    },
    {
        "date": "2020-09-11T15:05:21Z",
        "value": "238018.12711429596",
        "cumulative": true
    },
    {
        "date": "2020-09-11T15:05:40Z",
        "value": "239351.8344449997",
        "cumulative": true
    },
    {
        "date": "2020-09-11T15:05:55Z",
        "value": "240212.97260570526",
        "cumulative": true
    },
    {
        "date": "2020-09-11T15:06:10Z",
        "value": "241200.77215099335",
        "cumulative": true
    },
    {
        "date": "2020-09-11T15:06:26Z",
        "value": "242878.6658229828",
        "cumulative": true
    },
    {
        "date": "2020-09-11T15:06:42Z",
        "value": "246299.41735076904",
        "cumulative": true
    },
    {
        "date": "2020-09-11T15:06:52Z",
        "value": "248825.63803863525",
        "cumulative": true
    },
    {
        "date": "2020-09-11T15:07:09Z",
        "value": "252480.41902542114",
        "cumulative": true
    },
    {
        "date": "2020-09-11T15:07:26Z",
        "value": "256186.9684009552",
        "cumulative": true
    },
    {
        "date": "2020-09-11T15:07:45Z",
        "value": "260291.79538917542",
        "cumulative": true
    },
    {
        "date": "2020-09-11T15:08:04Z",
        "value": "264537.2245082855",
        "cumulative": true
    },
    {
        "date": "2020-09-11T15:08:18Z",
        "value": "267239.20738220215",
        "cumulative": true
    },
    {
        "date": "2020-09-11T15:08:32Z",
        "value": "270546.8618488312",
        "cumulative": true
    },
    {
        "date": "2020-09-11T15:08:48Z",
        "value": "273879.7087421417",
        "cumulative": true
    },
    {
        "date": "2020-09-11T15:09:05Z",
        "value": "277372.9483795166",
        "cumulative": true
    },
    {
        "date": "2020-09-11T15:09:19Z",
        "value": "280633.3559551239",
        "cumulative": true
    },
    {
        "date": "2020-09-11T15:09:30Z",
        "value": "282951.8398780823",
        "cumulative": true
    },
    {
        "date": "2020-09-11T15:09:45Z",
        "value": "285004.91290950775",
        "cumulative": true
    },
    {
        "date": "2020-09-11T15:09:57Z",
        "value": "285839.1125459671",
        "cumulative": true
    },
    {
        "date": "2020-09-11T15:10:09Z",
        "value": "286652.07555294037",
        "cumulative": true
    },
    {
        "date": "2020-09-11T15:10:28Z",
        "value": "287943.4415693283",
        "cumulative": true
    },
    {
        "date": "2020-09-11T15:10:43Z",
        "value": "288989.5566148758",
        "cumulative": true
    },
    {
        "date": "2020-09-11T15:11:03Z",
        "value": "290399.5163450241",
        "cumulative": true
    },
    {
        "date": "2020-09-11T15:11:17Z",
        "value": "291273.47211170197",
        "cumulative": true
    },
    {
        "date": "2020-09-11T15:11:34Z",
        "value": "292512.2893857956",
        "cumulative": true
    },
    {
        "date": "2020-09-11T15:11:47Z",
        "value": "293359.35838222504",
        "cumulative": true
    },
    {
        "date": "2020-09-11T15:12:01Z",
        "value": "294310.91054821014",
        "cumulative": true
    },
    {
        "date": "2020-09-11T15:12:15Z",
        "value": "295256.7754621506",
        "cumulative": true
    },
    {
        "date": "2020-09-11T15:12:28Z",
        "value": "296117.04473781586",
        "cumulative": true
    },
    {
        "date": "2020-09-11T15:12:48Z",
        "value": "297413.3310613632",
        "cumulative": true
    },
    {
        "date": "2020-09-11T15:13:06Z",
        "value": "298638.22128009796",
        "cumulative": true
    },
    {
        "date": "2020-09-11T15:13:17Z",
        "value": "299350.28242206573",
        "cumulative": true
    },
    {
        "date": "2020-09-11T15:13:31Z",
        "value": "300326.38812351227",
        "cumulative": true
    },
    {
        "date": "2020-09-11T15:13:48Z",
        "value": "301442.82569026947",
        "cumulative": true
    },
    {
        "date": "2020-09-11T15:14:06Z",
        "value": "302673.8364648819",
        "cumulative": true
    },
    {
        "date": "2020-09-11T15:14:26Z",
        "value": "303981.09978580475",
        "cumulative": true
    },
    {
        "date": "2020-09-11T15:14:36Z",
        "value": "304756.39873600006",
        "cumulative": true
    },
    {
        "date": "2020-09-11T15:14:54Z",
        "value": "306674.85789871216",
        "cumulative": true
    },
    {
        "date": "2020-09-11T15:15:10Z",
        "value": "310053.6370677948",
        "cumulative": true
    },
    {
        "date": "2020-09-11T15:15:24Z",
        "value": "313120.6576271057",
        "cumulative": true
    },
    {
        "date": "2020-09-11T15:15:35Z",
        "value": "315392.5923347473",
        "cumulative": true
    },
    {
        "date": "2020-09-11T15:15:45Z",
        "value": "317954.3444080353",
        "cumulative": true
    },
    {
        "date": "2020-09-11T15:16:00Z",
        "value": "320972.1678199768",
        "cumulative": true
    },
    {
        "date": "2020-09-11T15:16:16Z",
        "value": "324391.79386901855",
        "cumulative": true
    },
    {
        "date": "2020-09-11T15:16:33Z",
        "value": "328496.83688926697",
        "cumulative": true
    },
    {
        "date": "2020-09-11T15:16:47Z",
        "value": "331369.7298965454",
        "cumulative": true
    },
    {
        "date": "2020-09-11T15:17:01Z",
        "value": "334532.90451431274",
        "cumulative": true
    },
    {
        "date": "2020-09-11T15:17:14Z",
        "value": "337341.7883796692",
        "cumulative": true
    },
    {
        "date": "2020-09-11T15:17:30Z",
        "value": "340704.59370803833",
        "cumulative": true
    },
    {
        "date": "2020-09-11T15:17:48Z",
        "value": "344690.3576374054",
        "cumulative": true
    },
    {
        "date": "2020-09-11T15:18:04Z",
        "value": "348008.28031921387",
        "cumulative": true
    },
    {
        "date": "2020-09-11T15:18:21Z",
        "value": "352060.9057254791",
        "cumulative": true
    },
    {
        "date": "2020-09-11T15:18:32Z",
        "value": "354340.2552700043",
        "cumulative": true
    },
    {
        "date": "2020-09-11T15:18:42Z",
        "value": "356589.22627067566",
        "cumulative": true
    },
    {
        "date": "2020-09-11T15:19:01Z",
        "value": "359624.21860694885",
        "cumulative": true
    },
    {
        "date": "2020-09-11T15:19:14Z",
        "value": "360506.2180194855",
        "cumulative": true
    },
    {
        "date": "2020-09-11T15:19:30Z",
        "value": "361671.91804504395",
        "cumulative": true
    },
    {
        "date": "2020-09-11T15:19:48Z",
        "value": "362844.5275211334",
        "cumulative": true
    },
    {
        "date": "2020-09-11T15:20:01Z",
        "value": "363644.8905353546",
        "cumulative": true
    },
    {
        "date": "2020-09-11T15:20:17Z",
        "value": "364709.95889282227",
        "cumulative": true
    },
    {
        "date": "2020-09-11T15:20:31Z",
        "value": "365672.6331958771",
        "cumulative": true
    },
    {
        "date": "2020-09-11T15:20:48Z",
        "value": "366804.2046070099",
        "cumulative": true
    },
    {
        "date": "2020-09-11T15:21:01Z",
        "value": "367803.5573577881",
        "cumulative": true
    },
    {
        "date": "2020-09-11T15:21:12Z",
        "value": "368463.0740509033",
        "cumulative": true
    },
    {
        "date": "2020-09-11T15:21:22Z",
        "value": "369179.83371925354",
        "cumulative": true
    },
    {
        "date": "2020-09-11T15:21:40Z",
        "value": "370391.76165771484",
        "cumulative": true
    },
    {
        "date": "2020-09-11T15:21:51Z",
        "value": "371067.04766464233",
        "cumulative": true
    },
    {
        "date": "2020-09-11T15:22:02Z",
        "value": "371802.42520332336",
        "cumulative": true
    },
    {
        "date": "2020-09-11T15:22:19Z",
        "value": "372904.2617378235",
        "cumulative": true
    },
    {
        "date": "2020-09-11T15:22:29Z",
        "value": "373667.5310459137",
        "cumulative": true
    },
    {
        "date": "2020-09-11T15:22:47Z",
        "value": "374798.74390411377",
        "cumulative": true
    },
    {
        "date": "2020-09-11T15:23:02Z",
        "value": "375820.4027862549",
        "cumulative": true
    },
    {
        "date": "2020-09-11T15:23:19Z",
        "value": "376932.1719932556",
        "cumulative": true
    },
    {
        "date": "2020-09-11T15:23:31Z",
        "value": "377694.80933761597",
        "cumulative": true
    },
    {
        "date": "2020-09-11T15:23:47Z",
        "value": "378782.530790329",
        "cumulative": true
    },
    {
        "date": "2020-09-11T15:24:07Z",
        "value": "380109.3089160919",
        "cumulative": true
    },
    {
        "date": "2020-09-11T15:24:18Z",
        "value": "380864.69109916687",
        "cumulative": true
    },
    {
        "date": "2020-09-11T15:24:31Z",
        "value": "381694.73316955566",
        "cumulative": true
    },
    {
        "date": "2020-09-11T15:24:48Z",
        "value": "382866.9563484192",
        "cumulative": true
    },
    {
        "date": "2020-09-11T15:25:02Z",
        "value": "383799.0907764435",
        "cumulative": true
    },
    {
        "date": "2020-09-11T15:25:21Z",
        "value": "385034.1566963196",
        "cumulative": true
    },
    {
        "date": "2020-09-11T15:25:38Z",
        "value": "386992.1966600418",
        "cumulative": true
    },
    {
        "date": "2020-09-11T15:25:53Z",
        "value": "390451.8214941025",
        "cumulative": true
    },
    {
        "date": "2020-09-11T15:26:04Z",
        "value": "392851.4479417801",
        "cumulative": true
    },
    {
        "date": "2020-09-11T15:26:24Z",
        "value": "397246.7904138565",
        "cumulative": true
    },
    {
        "date": "2020-09-11T15:26:37Z",
        "value": "400042.12470149994",
        "cumulative": true
    },
    {
        "date": "2020-09-11T15:26:52Z",
        "value": "403393.16702747345",
        "cumulative": true
    },
    {
        "date": "2020-09-11T15:27:06Z",
        "value": "406428.23610782623",
        "cumulative": true
    },
    {
        "date": "2020-09-11T15:27:20Z",
        "value": "409635.1334257126",
        "cumulative": true
    },
    {
        "date": "2020-09-11T15:27:32Z",
        "value": "411951.3157835007",
        "cumulative": true
    },
    {
        "date": "2020-09-11T15:27:49Z",
        "value": "415327.65759181976",
        "cumulative": true
    },
    {
        "date": "2020-09-11T15:28:06Z",
        "value": "419114.76910686493",
        "cumulative": true
    },
    {
        "date": "2020-09-11T15:28:18Z",
        "value": "421827.46223163605",
        "cumulative": true
    },
    {
        "date": "2020-09-11T15:28:32Z",
        "value": "424561.98602581024",
        "cumulative": true
    },
    {
        "date": "2020-09-11T15:28:48Z",
        "value": "428249.4649515152",
        "cumulative": true
    },
    {
        "date": "2020-09-11T15:29:04Z",
        "value": "431710.40756702423",
        "cumulative": true
    },
    {
        "date": "2020-09-11T15:29:19Z",
        "value": "434982.6529188156",
        "cumulative": true
    },
    {
        "date": "2020-09-11T15:29:31Z",
        "value": "437776.29885578156",
        "cumulative": true
    },
    {
        "date": "2020-09-11T15:29:45Z",
        "value": "440803.35352802277",
        "cumulative": true
    },
    {
        "date": "2020-09-11T15:30:04Z",
        "value": "444868.12503910065",
        "cumulative": true
    },
    {
        "date": "2020-09-11T15:30:17Z",
        "value": "447576.08739566803",
        "cumulative": true
    },
    {
        "date": "2020-09-11T15:30:31Z",
        "value": "450964.9163351059",
        "cumulative": true
    },
    {
        "date": "2020-09-11T15:30:45Z",
        "value": "453710.2657213211",
        "cumulative": true
    },
    {
        "date": "2020-09-11T15:30:57Z",
        "value": "454482.2084913254",
        "cumulative": true
    },
    {
        "date": "2020-09-11T15:31:09Z",
        "value": "455356.07507419586",
        "cumulative": true
    },
    {
        "date": "2020-09-11T15:31:25Z",
        "value": "456438.6902246475",
        "cumulative": true
    },
    {
        "date": "2020-09-11T15:31:35Z",
        "value": "457135.112244606",
        "cumulative": true
    },
    {
        "date": "2020-09-11T15:31:49Z",
        "value": "458096.87206172943",
        "cumulative": true
    },
    {
        "date": "2020-09-11T15:32:02Z",
        "value": "458995.05304431915",
        "cumulative": true
    },
    {
        "date": "2020-09-11T15:32:21Z",
        "value": "460212.9453783035",
        "cumulative": true
    },
    {
        "date": "2020-09-11T15:32:32Z",
        "value": "461074.8490552902",
        "cumulative": true
    },
    {
        "date": "2020-09-11T15:32:46Z",
        "value": "462086.94348812103",
        "cumulative": true
    },
    {
        "date": "2020-09-11T15:33:05Z",
        "value": "463329.2681398392",
        "cumulative": true
    },
    {
        "date": "2020-09-11T15:33:19Z",
        "value": "464249.11311626434",
        "cumulative": true
    },
    {
        "date": "2020-09-11T15:33:31Z",
        "value": "465117.83804416656",
        "cumulative": true
    },
    {
        "date": "2020-09-11T15:33:44Z",
        "value": "465997.4566087723",
        "cumulative": true
    },
    {
        "date": "2020-09-11T15:34:03Z",
        "value": "467239.1706209183",
        "cumulative": true
    },
    {
        "date": "2020-09-11T15:34:13Z",
        "value": "467938.7476015091",
        "cumulative": true
    },
    {
        "date": "2020-09-11T15:34:30Z",
        "value": "469156.4107542038",
        "cumulative": true
    },
    {
        "date": "2020-09-11T15:34:41Z",
        "value": "469835.04574871063",
        "cumulative": true
    },
    {
        "date": "2020-09-11T15:34:56Z",
        "value": "470835.7686910629",
        "cumulative": true
    },
    {
        "date": "2020-09-11T15:35:13Z",
        "value": "471986.3660554886",
        "cumulative": true
    },
    {
        "date": "2020-09-11T15:35:26Z",
        "value": "472915.6752653122",
        "cumulative": true
    },
    {
        "date": "2020-09-11T15:35:39Z",
        "value": "473824.0601835251",
        "cumulative": true
    },
    {
        "date": "2020-09-11T15:35:57Z",
        "value": "474994.6561765671",
        "cumulative": true
    },
    {
        "date": "2020-09-11T15:36:14Z",
        "value": "476223.05260562897",
        "cumulative": true
    },
    {
        "date": "2020-09-11T15:36:29Z",
        "value": "477233.45360279083",
        "cumulative": true
    },
    {
        "date": "2020-09-11T15:36:44Z",
        "value": "478241.7652311325",
        "cumulative": true
    },
    {
        "date": "2020-09-11T15:36:57Z",
        "value": "479047.1115293503",
        "cumulative": true
    },
    {
        "date": "2020-09-11T15:37:15Z",
        "value": "480296.5181016922",
        "cumulative": true
    },
    {
        "date": "2020-09-11T15:37:33Z",
        "value": "481608.5281801224",
        "cumulative": true
    },
    {
        "date": "2020-09-11T15:37:45Z",
        "value": "482380.7616491318",
        "cumulative": true
    },
    {
        "date": "2020-09-11T15:37:59Z",
        "value": "483293.70281124115",
        "cumulative": true
    },
    {
        "date": "2020-09-11T15:38:09Z",
        "value": "483968.9743566513",
        "cumulative": true
    },
    {
        "date": "2020-09-11T15:38:21Z",
        "value": "484712.5209913254",
        "cumulative": true
    },
    {
        "date": "2020-09-11T15:38:38Z",
        "value": "485987.1576395035",
        "cumulative": true
    },
    {
        "date": "2020-09-11T15:38:57Z",
        "value": "487147.91197681427",
        "cumulative": true
    }
]