[
    {
        "date": "2020-09-11T14:32:42Z",
        "value": "4.00543212890625e-05",
        "cumulative": true
    },
    {
        "date": "2020-09-11T14:33:04Z",
        "value": "37.33207893371582",
        "cumulative": true
    },
    {
        "date": "2020-09-11T14:33:19Z",
        "value": "211.5584135055542",
        "cumulative": true
    },
    {
        "date": "2020-09-11T14:33:36Z",
        "value": "1509.5343341827393",
        "cumulative": true
    },
    {
        "date": "2020-09-11T14:33:46Z",
        "value": "2653.108163833618",
        "cumulative": true
    },
    {
        "date": "2020-09-11T14:34:00Z",
        "value": "4206.062724113464",
        "cumulative": true
    },
    {
        "date": "2020-09-11T14:34:11Z",
        "value": "5478.206757545471",
        "cumulative": true
    },
    {
        "date": "2020-09-11T14:34:24Z",
        "value": "6970.240430831909",
        "cumulative": true
    },
    {
        "date": "2020-09-11T14:34:37Z",
        "value": "8719.604330062866",
        "cumulative": true
    },
    {
        "date": "2020-09-11T14:34:55Z",
        "value": "11025.281410217285",
        "cumulative": true
    },
    {
        "date": "2020-09-11T14:35:06Z",
        "value": "11771.761567115784",
        "cumulative": true
    },
    {
        "date": "2020-09-11T14:35:24Z",
        "value": "14299.805674552917",
        "cumulative": true
    },
    {
        "date": "2020-09-11T14:35:34Z",
        "value": "15282.78978919983",
        "cumulative": true
    },
    {
        "date": "2020-09-11T14:35:49Z",
        "value": "17803.737238883972",
        "cumulative": true
    },
    {
        "date": "2020-09-11T14:36:07Z",
        "value": "19793.920565605164",
        "cumulative": true
    },
    {
        "date": "2020-09-11T14:36:19Z",
        "value": "22082.37658882141",
        "cumulative": true
    },
    {
        "date": "2020-09-11T14:36:39Z",
        "value": "23477.454641342163",
        "cumulative": true
    },
    {
        "date": "2020-09-11T14:36:58Z",
        "value": "27507.7392206192",
        "cumulative": true
    },
    {
        "date": "2020-09-11T14:37:13Z",
        "value": "28645.293731689453",
        "cumulative": true
    },
    {
        "date": "2020-09-11T14:37:29Z",
        "value": "29877.484875679016",
        "cumulative": true
    },
    {
        "date": "2020-09-11T14:37:46Z",
        "value": "33753.6921415329",
        "cumulative": true
    },
    {
        "date": "2020-09-11T14:38:00Z",
        "value": "35417.644927978516",
        "cumulative": true
    },
    {
        "date": "2020-09-11T14:38:11Z",
        "value": "36214.3981552124",
        "cumulative": true
    },
    {
        "date": "2020-09-11T14:38:26Z",
        "value": "37285.38129234314",
        "cumulative": true
    },
    {
        "date": "2020-09-11T14:38:46Z",
        "value": "40918.48615646362",
        "cumulative": true
    },
    {
        "date": "2020-09-11T14:39:03Z",
        "value": "44241.33435058594",
        "cumulative": true
    },
    {
        "date": "2020-09-11T14:39:15Z",
        "value": "44994.87794303894",
        "cumulative": true
    },
    {
        "date": "2020-09-11T14:39:31Z",
        "value": "46120.11657714844",
        "cumulative": true
    },
    {
        "date": "2020-09-11T14:39:42Z",
        "value": "46827.21274757385",
        "cumulative": true
    },
    {
        "date": "2020-09-11T14:39:54Z",
        "value": "48388.030859947205",
        "cumulative": true
    },
    {
        "date": "2020-09-11T14:40:13Z",
        "value": "52570.1491727829",
        "cumulative": true
    },
    {
        "date": "2020-09-11T14:40:30Z",
        "value": "55718.87377643585",
        "cumulative": true
    },
    {
        "date": "2020-09-11T14:40:42Z",
        "value": "56523.900992393494",
        "cumulative": true
    },
    {
        "date": "2020-09-11T14:40:55Z",
        "value": "57409.81613445282",
        "cumulative": true
    },
    {
        "date": "2020-09-11T14:41:07Z",
        "value": "58224.31392765045",
        "cumulative": true
    },
    {
        "date": "2020-09-11T14:41:22Z",
        "value": "59232.237053871155",
        "cumulative": true
    },
    {
        "date": "2020-09-11T14:41:33Z",
        "value": "60554.60494709015",
        "cumulative": true
    },
    {
        "date": "2020-09-11T14:41:49Z",
        "value": "63532.4851770401",
        "cumulative": true
    },
    {
        "date": "2020-09-11T14:42:04Z",
        "value": "66521.65392398834",
        "cumulative": true
    },
    {
        "date": "2020-09-11T14:42:15Z",
        "value": "68928.56261920929",
        "cumulative": true
    },
    {
        "date": "2020-09-11T14:42:27Z",
        "value": "70576.5765991211",
        "cumulative": true
    },
    {
        "date": "2020-09-11T14:42:45Z",
        "value": "71760.9926738739",
        "cumulative": true
    },
    {
        "date": "2020-09-11T14:43:03Z",
        "value": "73001.75339317322",
        "cumulative": true
    },
    {
        "date": "2020-09-11T14:43:21Z",
        "value": "74196.76961326599",
        "cumulative": true
    },
    {
        "date": "2020-09-11T14:43:32Z",
        "value": "74926.59405708313",
        "cumulative": true
    },
    {
        "date": "2020-09-11T14:43:44Z",
        "value": "76592.8962392807",
        "cumulative": true
    },
    {
        "date": "2020-09-11T14:44:03Z",
        "value": "80642.45485973358",
        "cumulative": true
    },
    {
        "date": "2020-09-11T14:44:16Z",
        "value": "83461.61284542084",
        "cumulative": true
    },
    {
        "date": "2020-09-11T14:44:28Z",
        "value": "86130.54641056061",
        "cumulative": true
    },
    {
        "date": "2020-09-11T14:44:44Z",
        "value": "88830.23177814484",
        "cumulative": true
    },
    {
        "date": "2020-09-11T14:45:04Z",
        "value": "90131.21978855133",
        "cumulative": true
    },
    {
        "date": "2020-09-11T14:45:23Z",
        "value": "91347.5728597641",
        "cumulative": true
    },
    {
        "date": "2020-09-11T14:45:39Z",
        "value": "92390.75699901581",
        "cumulative": true
    },
    {
        "date": "2020-09-11T14:45:50Z",
        "value": "93106.97892665863",
        "cumulative": true
    },
    {
        "date": "2020-09-11T14:46:00Z",
        "value": "93758.78947544098",
        "cumulative": true
    },
    {
        "date": "2020-09-11T14:46:14Z",
        "value": "94670.17618083954",
        "cumulative": true
    },
    {
        "date": "2020-09-11T14:46:30Z",
        "value": "96936.58584403992",
        "cumulative": true
    },
    {
        "date": "2020-09-11T14:46:48Z",
        "value": "100699.65770339966",
        "cumulative": true
    },
    {
        "date": "2020-09-11T14:47:01Z",
        "value": "103429.6470336914",
        "cumulative": true
    },
    {
        "date": "2020-09-11T14:47:17Z",
        "value": "106876.48000335693",
        "cumulative": true
    },
    {
        "date": "2020-09-11T14:47:29Z",
        "value": "109539.55214309692",
        "cumulative": true
    },
    {
        "date": "2020-09-11T14:47:46Z",
        "value": "112254.43721294403",
        "cumulative": true
    },
    {
        "date": "2020-09-11T14:48:04Z",
        "value": "113459.67008686066",
        "cumulative": true
    },
    {
        "date": "2020-09-11T14:48:16Z",
        "value": "114214.94033527374",
        "cumulative": true
    },
    {
        "date": "2020-09-11T14:48:28Z",
        "value": "114965.4781961441",
        "cumulative": true
    },
    {
        "date": "2020-09-11T14:48:38Z",
        "value": "115688.72113704681",
        "cumulative": true
    },
    {
        "date": "2020-09-11T14:48:56Z",
        "value": "116827.081782341",
        "cumulative": true
    },
    {
        "date": "2020-09-11T14:49:08Z",
        "value": "117621.837433815",
        "cumulative": true
    },
    {
        "date": "2020-09-11T14:49:25Z",
        "value": "118723.56894207001",
        "cumulative": true
    },
    {
        "date": "2020-09-11T14:49:35Z",
        "value": "119392.50549793243",
        "cumulative": true
    },
    {
        "date": "2020-09-11T14:49:49Z",
        "value": "120791.96199798584",
        "cumulative": true
    },
    {
        "date": "2020-09-11T14:50:07Z",
        "value": "124616.87321662903",
        "cumulative": true
    },
    {
        "date": "2020-09-11T14:50:20Z",
        "value": "127078.07131004333",
        "cumulative": true
    },
    {
        "date": "2020-09-11T14:50:38Z",
        "value": "130727.21767997742",
        "cumulative": true
    },
    {
        "date": "2020-09-11T14:50:55Z",
        "value": "134102.5848789215",
        "cumulative": true
    },
    {
        "date": "2020-09-11T14:51:08Z",
        "value": "137051.01939201355",
        "cumulative": true
    },
    {
        "date": "2020-09-11T14:51:21Z",
        "value": "139791.24511146545",
        "cumulative": true
    },
    {
        "date": "2020-09-11T14:51:33Z",
        "value": "141523.0040807724",
        "cumulative": true
    },
    {
        "date": "2020-09-11T14:51:50Z",
        "value": "142634.88247966766",
        "cumulative": true
    },
    {
        "date": "2020-09-11T14:52:03Z",
        "value": "143481.71131801605",
        "cumulative": true
    },
    {
        "date": "2020-09-11T14:52:21Z",
        "value": "144653.54139995575",
        "cumulative": true
    },
    {
        "date": "2020-09-11T14:52:39Z",
        "value": "145882.44607639313",
        "cumulative": true
    },
    {
        "date": "2020-09-11T14:52:57Z",
        "value": "147037.18483257294",
        "cumulative": true
    },
    {
        "date": "2020-09-11T14:53:15Z",
        "value": "148190.2879972458",
        "cumulative": true
    },
    {
        "date": "2020-09-11T14:53:34Z",
        "value": "149469.25865650177",
        "cumulative": true
    },
    {
        "date": "2020-09-11T14:53:52Z",
        "value": "150602.62752246857",
        "cumulative": true
    },
    {
        "date": "2020-09-11T14:54:11Z",
        "value": "151981.27894973755",
        "cumulative": true
    },
    {
        "date": "2020-09-11T14:54:28Z",
        "value": "155756.9424381256",
        "cumulative": true
    },
    {
        "date": "2020-09-11T14:54:42Z",
        "value": "158995.26030921936",
        "cumulative": true
    },
    {
        "date": "2020-09-11T14:54:54Z",
        "value": "161457.67450904846",
        "cumulative": true
    },
    {
        "date": "2020-09-11T14:55:12Z",
        "value": "165263.0592136383",
        "cumulative": true
    },
    {
        "date": "2020-09-11T14:55:24Z",
        "value": "167994.9527797699",
        "cumulative": true
    },
    {
        "date": "2020-09-11T14:55:40Z",
        "value": "171188.74404525757",
        "cumulative": true
    },
    {
        "date": "2020-09-11T14:55:53Z",
        "value": "173973.3505115509",
        "cumulative": true
    },
    {
        "date": "2020-09-11T14:56:09Z",
        "value": "177166.2816734314",
        "cumulative": true
    },
    {
        "date": "2020-09-11T14:56:29Z",
        "value": "179308.43804454803",
        "cumulative": true
    },
    {
        "date": "2020-09-11T14:56:39Z",
        "value": "179974.52184391022",
        "cumulative": true
    },
    {
        "date": "2020-09-11T14:56:58Z",
        "value": "181278.6530828476",
        "cumulative": true
    },
    {
        "date": "2020-09-11T14:57:13Z",
        "value": "182223.90135288239",
        "cumulative": true
    },
    {
        "date": "2020-09-11T14:57:26Z",
        "value": "183067.82973575592",
        "cumulative": true
    },
    {
        "date": "2020-09-11T14:57:43Z",
        "value": "184211.70736789703",
        "cumulative": true
    },
    {
        "date": "2020-09-11T14:57:54Z",
        "value": "184922.5396528244",
        "cumulative": true
    },
    {
        "date": "2020-09-11T14:58:05Z",
        "value": "185667.76393413544",
        "cumulative": true
    },
    {
        "date": "2020-09-11T14:58:23Z",
        "value": "186838.27690029144",
        "cumulative": true
    },
    {
        "date": "2020-09-11T14:58:39Z",
        "value": "187922.91022396088",
        "cumulative": true
    },
    {
        "date": "2020-09-11T14:58:59Z",
        "value": "189246.6617422104",
        "cumulative": true
    },
    {
        "date": "2020-09-11T14:59:12Z",
        "value": "190089.96506595612",
        "cumulative": true
    },
    {
        "date": "2020-09-11T14:59:27Z",
        "value": "191098.81917858124",
        "cumulative": true
    },
    {
        "date": "2020-09-11T14:59:41Z",
        "value": "193081.54708862305",
        "cumulative": true
    },
    {
        "date": "2020-09-11T14:59:56Z",
        "value": "196334.12749290466",
        "cumulative": true
    },
    {
        "date": "2020-09-11T15:00:14Z",
        "value": "200173.8828315735",
        "cumulative": true
    },
    {
        "date": "2020-09-11T15:00:33Z",
        "value": "204401.19703483582",
        "cumulative": true
    },
    {
        "date": "2020-09-11T15:00:49Z",
        "value": "207766.6156539917",
        "cumulative": true
    },
    {
        "date": "2020-09-11T15:01:02Z",
        "value": "210640.0506439209",
        "cumulative": true
    },
    {
        "date": "2020-09-11T15:01:21Z",
        "value": "215161.40662384033",
        "cumulative": true
    },
    {
        "date": "2020-09-11T15:01:32Z",
        "value": "217517.08172035217",
        "cumulative": true
    },
    {
        "date": "2020-09-11T15:01:47Z",
        "value": "220543.34510803223",
        "cumulative": true
    },
    {
        "date": "2020-09-11T15:01:58Z",
        "value": "222906.05526542664",
        "cumulative": true
    },
    {
        "date": "2020-09-11T15:02:10Z",
        "value": "225319.6338777542",
        "cumulative": true
    },
    {
        "date": "2020-09-11T15:02:24Z",
        "value": "226243.978638649",
        "cumulative": true
    },
    {
        "date": "2020-09-11T15:02:39Z",
        "value": "227245.84270000458",
        "cumulative": true
    },
    {
        "date": "2020-09-11T15:02:59Z",
        "value": "228583.73479175568",
        "cumulative": true
    },
    {
        "date": "2020-09-11T15:03:09Z",
        "value": "229252.42438030243",
        "cumulative": true
    },
    {
        "date": "2020-09-11T15:03:21Z",
        "value": "230089.96791362762",
        "cumulative": true
    },
    {
        "date": "2020-09-11T15:03:39Z",
        "value": "231259.8513689041",
        "cumulative": true
    },
    {
        "date": "2020-09-11T15:03:55Z",
        "value": "232311.71420955658",
        "cumulative": true
    },
    {
        "date": "2020-09-11T15:04:13Z",
        "value": "233522.1216135025",
        "cumulative": true
    },
    {
        "date": "2020-09-11T15:04:25Z",
        "value": "234273.74135875702",
        "cumulative": true
    },
    {
        "date": "2020-09-11T15:04:42Z",
        "value": "235346.85015392303",
        "cumulative": true
    },
    {
        "date": "2020-09-11T15:05:01Z",
        "value": "236609.06519412994",
        "cumulative": true
    },
    {
        "date": "2020-09-11T15:05:13Z",
        "value": "237423.90884113312",
        "cumulative": true
    },
    {
        "date": "2020-09-11T15:05:28Z",
        "value": "238436.887673378",
        "cumulative": true
    },
    {
        "date": "2020-09-11T15:05:41Z",
        "value": "239292.30308437347",
        "cumulative": true
    },
    {
        "date": "2020-09-11T15:05:57Z",
        "value": "240286.42343235016",
        "cumulative": true
    },
    {
        "date": "2020-09-11T15:06:08Z",
        "value": "241015.4422712326",
        "cumulative": true
    },
    {
        "date": "2020-09-11T15:06:28Z",
        "value": "243235.9580259323",
        "cumulative": true
    },
    {
        "date": "2020-09-11T15:06:44Z",
        "value": "246776.45142269135",
        "cumulative": true
    },
    {
        "date": "2020-09-11T15:06:58Z",
        "value": "249965.9676618576",
        "cumulative": true
    },
    {
        "date": "2020-09-11T15:07:12Z",
        "value": "252996.98465061188",
        "cumulative": true
    },
    {
        "date": "2020-09-11T15:07:30Z",
        "value": "256987.3712682724",
        "cumulative": true
    },
    {
        "date": "2020-09-11T15:07:41Z",
        "value": "259334.50928401947",
        "cumulative": true
    },
    {
        "date": "2020-09-11T15:07:55Z",
        "value": "262272.7688932419",
        "cumulative": true
    },
    {
        "date": "2020-09-11T15:08:08Z",
        "value": "265306.1056241989",
        "cumulative": true
    },
    {
        "date": "2020-09-11T15:08:26Z",
        "value": "269120.882481575",
        "cumulative": true
    },
    {
        "date": "2020-09-11T15:08:38Z",
        "value": "271672.19742298126",
        "cumulative": true
    },
    {
        "date": "2020-09-11T15:08:49Z",
        "value": "273887.5987100601",
        "cumulative": true
    },
    {
        "date": "2020-09-11T15:09:05Z",
        "value": "277398.1094465256",
        "cumulative": true
    },
    {
        "date": "2020-09-11T15:09:21Z",
        "value": "281018.11102581024",
        "cumulative": true
    },
    {
        "date": "2020-09-11T15:09:33Z",
        "value": "283613.08191776276",
        "cumulative": true
    },
    {
        "date": "2020-09-11T15:09:46Z",
        "value": "285037.6716861725",
        "cumulative": true
    },
    {
        "date": "2020-09-11T15:10:00Z",
        "value": "285955.31673812866",
        "cumulative": true
    },
    {
        "date": "2020-09-11T15:10:17Z",
        "value": "287181.4737033844",
        "cumulative": true
    },
    {
        "date": "2020-09-11T15:10:29Z",
        "value": "287993.0554084778",
        "cumulative": true
    },
    {
        "date": "2020-09-11T15:10:40Z",
        "value": "288696.294752121",
        "cumulative": true
    },
    {
        "date": "2020-09-11T15:10:51Z",
        "value": "289468.79491615295",
        "cumulative": true
    },
    {
        "date": "2020-09-11T15:11:08Z",
        "value": "290556.75962638855",
        "cumulative": true
    },
    {
        "date": "2020-09-11T15:11:19Z",
        "value": "291366.6519088745",
        "cumulative": true
    },
    {
        "date": "2020-09-11T15:11:30Z",
        "value": "292056.5088787079",
        "cumulative": true
    },
    {
        "date": "2020-09-11T15:11:47Z",
        "value": "293271.7079925537",
        "cumulative": true
    },
    {
        "date": "2020-09-11T15:12:00Z",
        "value": "294137.6589832306",
        "cumulative": true
    },
    {
        "date": "2020-09-11T15:12:19Z",
        "value": "295445.72514152527",
        "cumulative": true
    },
    {
        "date": "2020-09-11T15:12:32Z",
        "value": "296280.7392616272",
        "cumulative": true
    },
    {
        "date": "2020-09-11T15:12:45Z",
        "value": "297156.31801223755",
        "cumulative": true
    },
    {
        "date": "2020-09-11T15:13:04Z",
        "value": "298378.75646209717",
        "cumulative": true
    },
    {
        "date": "2020-09-11T15:13:14Z",
        "value": "299047.3449821472",
        "cumulative": true
    },
    {
        "date": "2020-09-11T15:13:24Z",
        "value": "299813.6311855316",
        "cumulative": true
    },
    {
        "date": "2020-09-11T15:13:35Z",
        "value": "300454.6883792877",
        "cumulative": true
    },
    {
        "date": "2020-09-11T15:13:48Z",
        "value": "301358.15773773193",
        "cumulative": true
    },
    {
        "date": "2020-09-11T15:14:04Z",
        "value": "302420.70530319214",
        "cumulative": true
    },
    {
        "date": "2020-09-11T15:14:16Z",
        "value": "303235.5056438446",
        "cumulative": true
    },
    {
        "date": "2020-09-11T15:14:34Z",
        "value": "304475.26840782166",
        "cumulative": true
    },
    {
        "date": "2020-09-11T15:14:51Z",
        "value": "305898.1265039444",
        "cumulative": true
    },
    {
        "date": "2020-09-11T15:15:06Z",
        "value": "309162.6393957138",
        "cumulative": true
    },
    {
        "date": "2020-09-11T15:15:21Z",
        "value": "312483.30854320526",
        "cumulative": true
    },
    {
        "date": "2020-09-11T15:15:33Z",
        "value": "314806.7582292557",
        "cumulative": true
    },
    {
        "date": "2020-09-11T15:15:52Z",
        "value": "319228.1275911331",
        "cumulative": true
    },
    {
        "date": "2020-09-11T15:16:02Z",
        "value": "321140.3124437332",
        "cumulative": true
    },
    {
        "date": "2020-09-11T15:16:21Z",
        "value": "325396.39605617523",
        "cumulative": true
    },
    {
        "date": "2020-09-11T15:16:36Z",
        "value": "328798.0317430496",
        "cumulative": true
    },
    {
        "date": "2020-09-11T15:16:51Z",
        "value": "332190.429564476",
        "cumulative": true
    },
    {
        "date": "2020-09-11T15:17:09Z",
        "value": "336121.89155101776",
        "cumulative": true
    },
    {
        "date": "2020-09-11T15:17:23Z",
        "value": "339341.2347612381",
        "cumulative": true
    },
    {
        "date": "2020-09-11T15:17:40Z",
        "value": "342853.2536230087",
        "cumulative": true
    },
    {
        "date": "2020-09-11T15:17:59Z",
        "value": "346848.6042699814",
        "cumulative": true
    },
    {
        "date": "2020-09-11T15:18:11Z",
        "value": "349526.07509708405",
        "cumulative": true
    },
    {
        "date": "2020-09-11T15:18:23Z",
        "value": "352226.0609292984",
        "cumulative": true
    },
    {
        "date": "2020-09-11T15:18:41Z",
        "value": "356155.8302164078",
        "cumulative": true
    },
    {
        "date": "2020-09-11T15:18:57Z",
        "value": "359264.1740436554",
        "cumulative": true
    },
    {
        "date": "2020-09-11T15:19:10Z",
        "value": "360121.60887145996",
        "cumulative": true
    },
    {
        "date": "2020-09-11T15:19:21Z",
        "value": "361039.18375205994",
        "cumulative": true
    },
    {
        "date": "2020-09-11T15:19:40Z",
        "value": "362213.5223751068",
        "cumulative": true
    },
    {
        "date": "2020-09-11T15:19:55Z",
        "value": "363210.97772979736",
        "cumulative": true
    },
    {
        "date": "2020-09-11T15:20:12Z",
        "value": "364302.08118629456",
        "cumulative": true
    },
    {
        "date": "2020-09-11T15:20:28Z",
        "value": "365365.60779953003",
        "cumulative": true
    },
    {
        "date": "2020-09-11T15:20:44Z",
        "value": "366428.71277046204",
        "cumulative": true
    },
    {
        "date": "2020-09-11T15:20:59Z",
        "value": "367507.18841171265",
        "cumulative": true
    },
    {
        "date": "2020-09-11T15:21:18Z",
        "value": "368800.8662509918",
        "cumulative": true
    },
    {
        "date": "2020-09-11T15:21:33Z",
        "value": "369851.4635486603",
        "cumulative": true
    },
    {
        "date": "2020-09-11T15:21:53Z",
        "value": "371186.3676776886",
        "cumulative": true
    },
    {
        "date": "2020-09-11T15:22:05Z",
        "value": "371986.2563152313",
        "cumulative": true
    },
    {
        "date": "2020-09-11T15:22:19Z",
        "value": "372819.78087615967",
        "cumulative": true
    },
    {
        "date": "2020-09-11T15:22:35Z",
        "value": "373905.7371044159",
        "cumulative": true
    },
    {
        "date": "2020-09-11T15:22:47Z",
        "value": "374694.2173652649",
        "cumulative": true
    },
    {
        "date": "2020-09-11T15:23:06Z",
        "value": "376017.0784702301",
        "cumulative": true
    },
    {
        "date": "2020-09-11T15:23:18Z",
        "value": "376809.81988334656",
        "cumulative": true
    },
    {
        "date": "2020-09-11T15:23:36Z",
        "value": "377966.90376472473",
        "cumulative": true
    },
    {
        "date": "2020-09-11T15:23:46Z",
        "value": "378652.40800094604",
        "cumulative": true
    },
    {
        "date": "2020-09-11T15:24:04Z",
        "value": "379812.17028045654",
        "cumulative": true
    },
    {
        "date": "2020-09-11T15:24:23Z",
        "value": "381082.4487247467",
        "cumulative": true
    },
    {
        "date": "2020-09-11T15:24:33Z",
        "value": "381850.60239982605",
        "cumulative": true
    },
    {
        "date": "2020-09-11T15:24:46Z",
        "value": "382649.115694046",
        "cumulative": true
    },
    {
        "date": "2020-09-11T15:25:01Z",
        "value": "383711.7498207092",
        "cumulative": true
    },
    {
        "date": "2020-09-11T15:25:17Z",
        "value": "384781.4073162079",
        "cumulative": true
    },
    {
        "date": "2020-09-11T15:25:36Z",
        "value": "386526.7880926132",
        "cumulative": true
    },
    {
        "date": "2020-09-11T15:25:48Z",
        "value": "389239.43760585785",
        "cumulative": true
    },
    {
        "date": "2020-09-11T15:25:58Z",
        "value": "391415.54793071747",
        "cumulative": true
    },
    {
        "date": "2020-09-11T15:26:16Z",
        "value": "395334.1541929245",
        "cumulative": true
    },
    {
        "date": "2020-09-11T15:26:28Z",
        "value": "398038.54932308197",
        "cumulative": true
    },
    {
        "date": "2020-09-11T15:26:41Z",
        "value": "400865.345410347",
        "cumulative": true
    },
    {
        "date": "2020-09-11T15:26:52Z",
        "value": "403269.4991121292",
        "cumulative": true
    },
    {
        "date": "2020-09-11T15:27:08Z",
        "value": "406836.0977830887",
        "cumulative": true
    },
    {
        "date": "2020-09-11T15:27:25Z",
        "value": "410393.7434396744",
        "cumulative": true
    },
    {
        "date": "2020-09-11T15:27:43Z",
        "value": "414129.417386055",
        "cumulative": true
    },
    {
        "date": "2020-09-11T15:27:59Z",
        "value": "417273.04566669464",
        "cumulative": true
    },
    {
        "date": "2020-09-11T15:28:18Z",
        "value": "421743.0623369217",
        "cumulative": true
    },
    {
        "date": "2020-09-11T15:28:35Z",
        "value": "425317.88352680206",
        "cumulative": true
    },
    {
        "date": "2020-09-11T15:28:51Z",
        "value": "428789.64832401276",
        "cumulative": true
    },
    {
        "date": "2020-09-11T15:29:05Z",
        "value": "431906.5646905899",
        "cumulative": true
    },
    {
        "date": "2020-09-11T15:29:19Z",
        "value": "435126.170460701",
        "cumulative": true
    },
    {
        "date": "2020-09-11T15:29:36Z",
        "value": "438671.8676767349",
        "cumulative": true
    },
    {
        "date": "2020-09-11T15:29:49Z",
        "value": "441525.9961862564",
        "cumulative": true
    },
    {
        "date": "2020-09-11T15:30:00Z",
        "value": "443893.8386583328",
        "cumulative": true
    },
    {
        "date": "2020-09-11T15:30:11Z",
        "value": "446225.6892518997",
        "cumulative": true
    },
    {
        "date": "2020-09-11T15:30:29Z",
        "value": "450274.78791713715",
        "cumulative": true
    },
    {
        "date": "2020-09-11T15:30:45Z",
        "value": "453621.85663318634",
        "cumulative": true
    },
    {
        "date": "2020-09-11T15:31:01Z",
        "value": "454674.17655849457",
        "cumulative": true
    },
    {
        "date": "2020-09-11T15:31:18Z",
        "value": "455925.081820488",
        "cumulative": true
    },
    {
        "date": "2020-09-11T15:31:33Z",
        "value": "456934.77899837494",
        "cumulative": true
    },
    {
        "date": "2020-09-11T15:31:52Z",
        "value": "458282.47375774384",
        "cumulative": true
    },
    {
        "date": "2020-09-11T15:32:10Z",
        "value": "459402.6961107254",
        "cumulative": true
    },
    {
        "date": "2020-09-11T15:32:28Z",
        "value": "460691.5168066025",
        "cumulative": true
    },
    {
        "date": "2020-09-11T15:32:42Z",
        "value": "461653.6555109024",
        "cumulative": true
    },
    {
        "date": "2020-09-11T15:33:01Z",
        "value": "462992.9676771164",
        "cumulative": true
    },
    {
        "date": "2020-09-11T15:33:14Z",
        "value": "463783.9952611923",
        "cumulative": true
    },
    {
        "date": "2020-09-11T15:33:28Z",
        "value": "464747.67324352264",
        "cumulative": true
    },
    {
        "date": "2020-09-11T15:33:45Z",
        "value": "465990.66358852386",
        "cumulative": true
    },
    {
        "date": "2020-09-11T15:33:58Z",
        "value": "466776.0010499954",
        "cumulative": true
    },
    {
        "date": "2020-09-11T15:34:12Z",
        "value": "467775.2882165909",
        "cumulative": true
    },
    {
        "date": "2020-09-11T15:34:30Z",
        "value": "469053.7168016434",
        "cumulative": true
    },
    {
        "date": "2020-09-11T15:34:45Z",
        "value": "470064.6053266525",
        "cumulative": true
    },
    {
        "date": "2020-09-11T15:35:03Z",
        "value": "471171.05515766144",
        "cumulative": true
    },
    {
        "date": "2020-09-11T15:35:20Z",
        "value": "472426.907286644",
        "cumulative": true
    },
    {
        "date": "2020-09-11T15:35:37Z",
        "value": "473527.0894613266",
        "cumulative": true
    },
    {
        "date": "2020-09-11T15:35:55Z",
        "value": "474804.28258800507",
        "cumulative": true
    },
    {
        "date": "2020-09-11T15:36:11Z",
        "value": "475826.2285966873",
        "cumulative": true
    },
    {
        "date": "2020-09-11T15:36:24Z",
        "value": "476803.3782835007",
        "cumulative": true
    },
    {
        "date": "2020-09-11T15:36:42Z",
        "value": "477948.49346256256",
        "cumulative": true
    },
    {
        "date": "2020-09-11T15:36:59Z",
        "value": "479162.2169122696",
        "cumulative": true
    },
    {
        "date": "2020-09-11T15:37:15Z",
        "value": "480216.107172966",
        "cumulative": true
    },
    {
        "date": "2020-09-11T15:37:31Z",
        "value": "481322.4834718704",
        "cumulative": true
    },
    {
        "date": "2020-09-11T15:37:41Z",
        "value": "482001.2167596817",
        "cumulative": true
    },
    {
        "date": "2020-09-11T15:37:57Z",
        "value": "483010.096909523",
        "cumulative": true
    },
    {
        "date": "2020-09-11T15:38:12Z",
        "value": "484139.7008485794",
        "cumulative": true
    },
    {
        "date": "2020-09-11T15:38:29Z",
        "value": "485224.15275096893",
        "cumulative": true
    },
    {
        "date": "2020-09-11T15:38:48Z",
        "value": "486571.0777082443",
        "cumulative": true
    },
    {
        "date": "2020-09-11T15:39:01Z",
        "value": "487243.88805389404",
        "cumulative": true
    }
]