[
    {
        "date": "2020-09-11T14:32:30Z",
        "value": "2.7890625",
        "cumulative": false
    },
    {
        "date": "2020-09-11T14:32:49Z",
        "value": "1058.6875",
        "cumulative": false
    },
    {
        "date": "2020-09-11T14:33:08Z",
        "value": "1058.81640625",
        "cumulative": false
    },
    {
        "date": "2020-09-11T14:33:27Z",
        "value": "1061.0",
        "cumulative": false
    },
    {
        "date": "2020-09-11T14:33:43Z",
        "value": "1069.36328125",
        "cumulative": false
    },
    {
        "date": "2020-09-11T14:33:58Z",
        "value": "1078.6171875",
        "cumulative": false
    },
    {
        "date": "2020-09-11T14:34:10Z",
        "value": "1085.2109375",
        "cumulative": false
    },
    {
        "date": "2020-09-11T14:34:25Z",
        "value": "1095.21484375",
        "cumulative": false
    },
    {
        "date": "2020-09-11T14:34:45Z",
        "value": "1104.41015625",
        "cumulative": false
    },
    {
        "date": "2020-09-11T14:34:59Z",
        "value": "1120.56640625",
        "cumulative": false
    },
    {
        "date": "2020-09-11T14:35:12Z",
        "value": "1132.765625",
        "cumulative": false
    },
    {
        "date": "2020-09-11T14:35:29Z",
        "value": "1136.37109375",
        "cumulative": false
    },
    {
        "date": "2020-09-11T14:35:43Z",
        "value": "1156.359375",
        "cumulative": false
    },
    {
        "date": "2020-09-11T14:35:55Z",
        "value": "1156.359375",
        "cumulative": false
    },
    {
        "date": "2020-09-11T14:36:14Z",
        "value": "1174.83984375",
        "cumulative": false
    },
    {
        "date": "2020-09-11T14:36:32Z",
        "value": "1180.59375",
        "cumulative": false
    },
    {
        "date": "2020-09-11T14:36:46Z",
        "value": "1204.16015625",
        "cumulative": false
    },
    {
        "date": "2020-09-11T14:36:56Z",
        "value": "1204.16015625",
        "cumulative": false
    },
    {
        "date": "2020-09-11T14:37:12Z",
        "value": "1211.42578125",
        "cumulative": false
    },
    {
        "date": "2020-09-11T14:37:31Z",
        "value": "1240.91015625",
        "cumulative": false
    },
    {
        "date": "2020-09-11T14:37:50Z",
        "value": "1240.91015625",
        "cumulative": false
    },
    {
        "date": "2020-09-11T14:38:02Z",
        "value": "1250.08203125",
        "cumulative": false
    },
    {
        "date": "2020-09-11T14:38:14Z",
        "value": "1250.08203125",
        "cumulative": false
    },
    {
        "date": "2020-09-11T14:38:25Z",
        "value": "1250.08203125",
        "cumulative": false
    },
    {
        "date": "2020-09-11T14:38:39Z",
        "value": "1287.2890625",
        "cumulative": false
    },
    {
        "date": "2020-09-11T14:38:49Z",
        "value": "1287.2890625",
        "cumulative": false
    },
    {
        "date": "2020-09-11T14:39:01Z",
        "value": "1261.74609375",
        "cumulative": false
    },
    {
        "date": "2020-09-11T14:39:15Z",
        "value": "1261.74609375",
        "cumulative": false
    },
    {
        "date": "2020-09-11T14:39:31Z",
        "value": "1261.74609375",
        "cumulative": false
    },
    {
        "date": "2020-09-11T14:39:45Z",
        "value": "1261.86328125",
        "cumulative": false
    },
    {
        "date": "2020-09-11T14:39:57Z",
        "value": "1319.7578125",
        "cumulative": false
    },
    {
        "date": "2020-09-11T14:40:08Z",
        "value": "1308.7578125",
        "cumulative": false
    },
    {
        "date": "2020-09-11T14:40:22Z",
        "value": "1308.7578125",
        "cumulative": false
    },
    {
        "date": "2020-09-11T14:40:40Z",
        "value": "1313.63671875",
        "cumulative": false
    },
    {
        "date": "2020-09-11T14:40:56Z",
        "value": "1313.63671875",
        "cumulative": false
    },
    {
        "date": "2020-09-11T14:41:12Z",
        "value": "1313.63671875",
        "cumulative": false
    },
    {
        "date": "2020-09-11T14:41:27Z",
        "value": "1313.63671875",
        "cumulative": false
    },
    {
        "date": "2020-09-11T14:41:44Z",
        "value": "1414.8359375",
        "cumulative": false
    },
    {
        "date": "2020-09-11T14:42:00Z",
        "value": "1373.02734375",
        "cumulative": false
    },
    {
        "date": "2020-09-11T14:42:12Z",
        "value": "1372.9609375",
        "cumulative": false
    },
    {
        "date": "2020-09-11T14:42:28Z",
        "value": "1436.6171875",
        "cumulative": false
    },
    {
        "date": "2020-09-11T14:42:47Z",
        "value": "1379.18359375",
        "cumulative": false
    },
    {
        "date": "2020-09-11T14:42:59Z",
        "value": "1379.1171875",
        "cumulative": false
    },
    {
        "date": "2020-09-11T14:43:16Z",
        "value": "1379.1171875",
        "cumulative": false
    },
    {
        "date": "2020-09-11T14:43:33Z",
        "value": "1379.18359375",
        "cumulative": false
    },
    {
        "date": "2020-09-11T14:43:48Z",
        "value": "1454.0390625",
        "cumulative": false
    },
    {
        "date": "2020-09-11T14:44:02Z",
        "value": "1475.640625",
        "cumulative": false
    },
    {
        "date": "2020-09-11T14:44:17Z",
        "value": "1454.0625",
        "cumulative": false
    },
    {
        "date": "2020-09-11T14:44:32Z",
        "value": "1454.015625",
        "cumulative": false
    },
    {
        "date": "2020-09-11T14:44:42Z",
        "value": "1454.015625",
        "cumulative": false
    },
    {
        "date": "2020-09-11T14:44:57Z",
        "value": "1454.015625",
        "cumulative": false
    },
    {
        "date": "2020-09-11T14:45:16Z",
        "value": "1461.39453125",
        "cumulative": false
    },
    {
        "date": "2020-09-11T14:45:29Z",
        "value": "1454.01953125",
        "cumulative": false
    },
    {
        "date": "2020-09-11T14:45:40Z",
        "value": "1454.01953125",
        "cumulative": false
    },
    {
        "date": "2020-09-11T14:45:55Z",
        "value": "1539.39453125",
        "cumulative": false
    },
    {
        "date": "2020-09-11T14:46:05Z",
        "value": "1454.01953125",
        "cumulative": false
    },
    {
        "date": "2020-09-11T14:46:24Z",
        "value": "1548.609375",
        "cumulative": false
    },
    {
        "date": "2020-09-11T14:46:34Z",
        "value": "1548.63671875",
        "cumulative": false
    },
    {
        "date": "2020-09-11T14:46:53Z",
        "value": "1548.609375",
        "cumulative": false
    },
    {
        "date": "2020-09-11T14:47:07Z",
        "value": "1643.109375",
        "cumulative": false
    },
    {
        "date": "2020-09-11T14:47:20Z",
        "value": "1548.63671875",
        "cumulative": false
    },
    {
        "date": "2020-09-11T14:47:33Z",
        "value": "1594.484375",
        "cumulative": false
    },
    {
        "date": "2020-09-11T14:47:51Z",
        "value": "1548.609375",
        "cumulative": false
    },
    {
        "date": "2020-09-11T14:48:02Z",
        "value": "1661.984375",
        "cumulative": false
    },
    {
        "date": "2020-09-11T14:48:14Z",
        "value": "1548.609375",
        "cumulative": false
    },
    {
        "date": "2020-09-11T14:48:31Z",
        "value": "1685.984375",
        "cumulative": false
    },
    {
        "date": "2020-09-11T14:48:46Z",
        "value": "1548.609375",
        "cumulative": false
    },
    {
        "date": "2020-09-11T14:49:01Z",
        "value": "1548.7109375",
        "cumulative": false
    },
    {
        "date": "2020-09-11T14:49:15Z",
        "value": "1548.609375",
        "cumulative": false
    },
    {
        "date": "2020-09-11T14:49:27Z",
        "value": "1548.7109375",
        "cumulative": false
    },
    {
        "date": "2020-09-11T14:49:44Z",
        "value": "1548.7265625",
        "cumulative": false
    },
    {
        "date": "2020-09-11T14:50:03Z",
        "value": "1784.79296875",
        "cumulative": false
    },
    {
        "date": "2020-09-11T14:50:19Z",
        "value": "1668.0390625",
        "cumulative": false
    },
    {
        "date": "2020-09-11T14:50:34Z",
        "value": "1783.4140625",
        "cumulative": false
    },
    {
        "date": "2020-09-11T14:50:48Z",
        "value": "1668.04296875",
        "cumulative": false
    },
    {
        "date": "2020-09-11T14:51:02Z",
        "value": "1747.9140625",
        "cumulative": false
    },
    {
        "date": "2020-09-11T14:51:12Z",
        "value": "1668.04296875",
        "cumulative": false
    },
    {
        "date": "2020-09-11T14:51:27Z",
        "value": "1668.0390625",
        "cumulative": false
    },
    {
        "date": "2020-09-11T14:51:41Z",
        "value": "1673.1640625",
        "cumulative": false
    },
    {
        "date": "2020-09-11T14:51:56Z",
        "value": "1685.4140625",
        "cumulative": false
    },
    {
        "date": "2020-09-11T14:52:10Z",
        "value": "1668.10546875",
        "cumulative": false
    },
    {
        "date": "2020-09-11T14:52:23Z",
        "value": "1668.0390625",
        "cumulative": false
    },
    {
        "date": "2020-09-11T14:52:40Z",
        "value": "1727.66796875",
        "cumulative": false
    },
    {
        "date": "2020-09-11T14:52:52Z",
        "value": "1668.0390625",
        "cumulative": false
    },
    {
        "date": "2020-09-11T14:53:07Z",
        "value": "1668.0390625",
        "cumulative": false
    },
    {
        "date": "2020-09-11T14:53:26Z",
        "value": "1704.4140625",
        "cumulative": false
    },
    {
        "date": "2020-09-11T14:53:37Z",
        "value": "1781.5390625",
        "cumulative": false
    },
    {
        "date": "2020-09-11T14:53:50Z",
        "value": "1668.10546875",
        "cumulative": false
    },
    {
        "date": "2020-09-11T14:54:05Z",
        "value": "1668.0390625",
        "cumulative": false
    },
    {
        "date": "2020-09-11T14:54:23Z",
        "value": "1818.77734375",
        "cumulative": false
    },
    {
        "date": "2020-09-11T14:54:41Z",
        "value": "1818.77734375",
        "cumulative": false
    },
    {
        "date": "2020-09-11T14:54:53Z",
        "value": "1818.87109375",
        "cumulative": false
    },
    {
        "date": "2020-09-11T14:55:09Z",
        "value": "1823.90234375",
        "cumulative": false
    },
    {
        "date": "2020-09-11T14:55:27Z",
        "value": "1867.02734375",
        "cumulative": false
    },
    {
        "date": "2020-09-11T14:55:37Z",
        "value": "1818.77734375",
        "cumulative": false
    },
    {
        "date": "2020-09-11T14:55:56Z",
        "value": "1818.77734375",
        "cumulative": false
    },
    {
        "date": "2020-09-11T14:56:12Z",
        "value": "1898.77734375",
        "cumulative": false
    },
    {
        "date": "2020-09-11T14:56:22Z",
        "value": "1886.40234375",
        "cumulative": false
    },
    {
        "date": "2020-09-11T14:56:39Z",
        "value": "1818.77734375",
        "cumulative": false
    },
    {
        "date": "2020-09-11T14:56:57Z",
        "value": "1818.77734375",
        "cumulative": false
    },
    {
        "date": "2020-09-11T14:57:10Z",
        "value": "1927.90234375",
        "cumulative": false
    },
    {
        "date": "2020-09-11T14:57:27Z",
        "value": "1922.40234375",
        "cumulative": false
    },
    {
        "date": "2020-09-11T14:57:38Z",
        "value": "1818.77734375",
        "cumulative": false
    },
    {
        "date": "2020-09-11T14:57:50Z",
        "value": "1818.77734375",
        "cumulative": false
    },
    {
        "date": "2020-09-11T14:58:10Z",
        "value": "1818.77734375",
        "cumulative": false
    },
    {
        "date": "2020-09-11T14:58:20Z",
        "value": "1818.77734375",
        "cumulative": false
    },
    {
        "date": "2020-09-11T14:58:32Z",
        "value": "1818.77734375",
        "cumulative": false
    },
    {
        "date": "2020-09-11T14:58:49Z",
        "value": "1971.90234375",
        "cumulative": false
    },
    {
        "date": "2020-09-11T14:59:07Z",
        "value": "2034.07421875",
        "cumulative": false
    },
    {
        "date": "2020-09-11T14:59:22Z",
        "value": "1818.77734375",
        "cumulative": false
    },
    {
        "date": "2020-09-11T14:59:39Z",
        "value": "2009.09375",
        "cumulative": false
    },
    {
        "date": "2020-09-11T14:59:54Z",
        "value": "2009.09375",
        "cumulative": false
    },
    {
        "date": "2020-09-11T15:00:07Z",
        "value": "2009.09375",
        "cumulative": false
    },
    {
        "date": "2020-09-11T15:00:20Z",
        "value": "2009.09375",
        "cumulative": false
    },
    {
        "date": "2020-09-11T15:00:35Z",
        "value": "2009.09375",
        "cumulative": false
    },
    {
        "date": "2020-09-11T15:00:50Z",
        "value": "2018.59375",
        "cumulative": false
    },
    {
        "date": "2020-09-11T15:01:06Z",
        "value": "2009.09375",
        "cumulative": false
    },
    {
        "date": "2020-09-11T15:01:20Z",
        "value": "2156.84375",
        "cumulative": false
    },
    {
        "date": "2020-09-11T15:01:34Z",
        "value": "2199.09375",
        "cumulative": false
    },
    {
        "date": "2020-09-11T15:01:52Z",
        "value": "2009.19921875",
        "cumulative": false
    },
    {
        "date": "2020-09-11T15:02:09Z",
        "value": "2247.87109375",
        "cumulative": false
    },
    {
        "date": "2020-09-11T15:02:21Z",
        "value": "2079.34765625",
        "cumulative": false
    },
    {
        "date": "2020-09-11T15:02:33Z",
        "value": "2009.09765625",
        "cumulative": false
    },
    {
        "date": "2020-09-11T15:02:44Z",
        "value": "2009.12890625",
        "cumulative": false
    },
    {
        "date": "2020-09-11T15:03:01Z",
        "value": "2009.09765625",
        "cumulative": false
    },
    {
        "date": "2020-09-11T15:03:19Z",
        "value": "2203.97265625",
        "cumulative": false
    },
    {
        "date": "2020-09-11T15:03:34Z",
        "value": "2009.12890625",
        "cumulative": false
    },
    {
        "date": "2020-09-11T15:03:52Z",
        "value": "2293.72265625",
        "cumulative": false
    },
    {
        "date": "2020-09-11T15:04:05Z",
        "value": "2009.09765625",
        "cumulative": false
    },
    {
        "date": "2020-09-11T15:04:17Z",
        "value": "2258.59765625",
        "cumulative": false
    },
    {
        "date": "2020-09-11T15:04:33Z",
        "value": "2210.34765625",
        "cumulative": false
    },
    {
        "date": "2020-09-11T15:04:52Z",
        "value": "2009.09765625",
        "cumulative": false
    },
    {
        "date": "2020-09-11T15:05:06Z",
        "value": "2009.09765625",
        "cumulative": false
    },
    {
        "date": "2020-09-11T15:05:24Z",
        "value": "2009.09765625",
        "cumulative": false
    },
    {
        "date": "2020-09-11T15:05:39Z",
        "value": "2260.22265625",
        "cumulative": false
    },
    {
        "date": "2020-09-11T15:05:52Z",
        "value": "2256.08984375",
        "cumulative": false
    },
    {
        "date": "2020-09-11T15:06:05Z",
        "value": "2009.09765625",
        "cumulative": false
    },
    {
        "date": "2020-09-11T15:06:25Z",
        "value": "2249.671875",
        "cumulative": false
    },
    {
        "date": "2020-09-11T15:06:35Z",
        "value": "2249.4453125",
        "cumulative": false
    },
    {
        "date": "2020-09-11T15:06:52Z",
        "value": "2438.1953125",
        "cumulative": false
    },
    {
        "date": "2020-09-11T15:07:12Z",
        "value": "2249.4453125",
        "cumulative": false
    },
    {
        "date": "2020-09-11T15:07:31Z",
        "value": "2249.4453125",
        "cumulative": false
    },
    {
        "date": "2020-09-11T15:07:50Z",
        "value": "2249.4453125",
        "cumulative": false
    },
    {
        "date": "2020-09-11T15:08:08Z",
        "value": "2249.4453125",
        "cumulative": false
    },
    {
        "date": "2020-09-11T15:08:25Z",
        "value": "2249.4453125",
        "cumulative": false
    },
    {
        "date": "2020-09-11T15:08:35Z",
        "value": "2249.4453125",
        "cumulative": false
    },
    {
        "date": "2020-09-11T15:08:54Z",
        "value": "2249.4453125",
        "cumulative": false
    },
    {
        "date": "2020-09-11T15:09:12Z",
        "value": "2355.6953125",
        "cumulative": false
    },
    {
        "date": "2020-09-11T15:09:24Z",
        "value": "2249.4453125",
        "cumulative": false
    },
    {
        "date": "2020-09-11T15:09:36Z",
        "value": "2249.4453125",
        "cumulative": false
    },
    {
        "date": "2020-09-11T15:09:46Z",
        "value": "2369.43359375",
        "cumulative": false
    },
    {
        "date": "2020-09-11T15:09:58Z",
        "value": "2249.4453125",
        "cumulative": false
    },
    {
        "date": "2020-09-11T15:10:10Z",
        "value": "2488.1953125",
        "cumulative": false
    },
    {
        "date": "2020-09-11T15:10:27Z",
        "value": "2249.4453125",
        "cumulative": false
    },
    {
        "date": "2020-09-11T15:10:41Z",
        "value": "2343.03515625",
        "cumulative": false
    },
    {
        "date": "2020-09-11T15:10:55Z",
        "value": "2249.4453125",
        "cumulative": false
    },
    {
        "date": "2020-09-11T15:11:14Z",
        "value": "2249.4453125",
        "cumulative": false
    },
    {
        "date": "2020-09-11T15:11:33Z",
        "value": "2249.4453125",
        "cumulative": false
    },
    {
        "date": "2020-09-11T15:11:44Z",
        "value": "2249.55078125",
        "cumulative": false
    },
    {
        "date": "2020-09-11T15:12:04Z",
        "value": "2249.4453125",
        "cumulative": false
    },
    {
        "date": "2020-09-11T15:12:20Z",
        "value": "2322.6953125",
        "cumulative": false
    },
    {
        "date": "2020-09-11T15:12:31Z",
        "value": "2249.4453125",
        "cumulative": false
    },
    {
        "date": "2020-09-11T15:12:45Z",
        "value": "2249.4453125",
        "cumulative": false
    },
    {
        "date": "2020-09-11T15:12:57Z",
        "value": "2249.4453125",
        "cumulative": false
    },
    {
        "date": "2020-09-11T15:13:14Z",
        "value": "2249.4453125",
        "cumulative": false
    },
    {
        "date": "2020-09-11T15:13:25Z",
        "value": "2249.55078125",
        "cumulative": false
    },
    {
        "date": "2020-09-11T15:13:39Z",
        "value": "2249.4453125",
        "cumulative": false
    },
    {
        "date": "2020-09-11T15:13:53Z",
        "value": "2249.4453125",
        "cumulative": false
    },
    {
        "date": "2020-09-11T15:14:05Z",
        "value": "2520.1953125",
        "cumulative": false
    },
    {
        "date": "2020-09-11T15:14:19Z",
        "value": "2249.4453125",
        "cumulative": false
    },
    {
        "date": "2020-09-11T15:14:30Z",
        "value": "2249.4453125",
        "cumulative": false
    },
    {
        "date": "2020-09-11T15:14:50Z",
        "value": "2553.09765625",
        "cumulative": false
    },
    {
        "date": "2020-09-11T15:15:05Z",
        "value": "2552.8828125",
        "cumulative": false
    },
    {
        "date": "2020-09-11T15:15:15Z",
        "value": "2552.8828125",
        "cumulative": false
    },
    {
        "date": "2020-09-11T15:15:31Z",
        "value": "2552.8828125",
        "cumulative": false
    },
    {
        "date": "2020-09-11T15:15:45Z",
        "value": "2552.8828125",
        "cumulative": false
    },
    {
        "date": "2020-09-11T15:15:59Z",
        "value": "2673.2578125",
        "cumulative": false
    },
    {
        "date": "2020-09-11T15:16:13Z",
        "value": "2552.8828125",
        "cumulative": false
    },
    {
        "date": "2020-09-11T15:16:25Z",
        "value": "2838.6328125",
        "cumulative": false
    },
    {
        "date": "2020-09-11T15:16:36Z",
        "value": "2552.8828125",
        "cumulative": false
    },
    {
        "date": "2020-09-11T15:16:50Z",
        "value": "2714.2578125",
        "cumulative": false
    },
    {
        "date": "2020-09-11T15:17:06Z",
        "value": "2742.76171875",
        "cumulative": false
    },
    {
        "date": "2020-09-11T15:17:22Z",
        "value": "2552.8828125",
        "cumulative": false
    },
    {
        "date": "2020-09-11T15:17:36Z",
        "value": "2833.1328125",
        "cumulative": false
    },
    {
        "date": "2020-09-11T15:17:51Z",
        "value": "2552.8828125",
        "cumulative": false
    },
    {
        "date": "2020-09-11T15:18:06Z",
        "value": "2786.73828125",
        "cumulative": false
    },
    {
        "date": "2020-09-11T15:18:21Z",
        "value": "2552.8828125",
        "cumulative": false
    },
    {
        "date": "2020-09-11T15:18:32Z",
        "value": "2619.8828125",
        "cumulative": false
    },
    {
        "date": "2020-09-11T15:18:43Z",
        "value": "2552.8828125",
        "cumulative": false
    },
    {
        "date": "2020-09-11T15:19:01Z",
        "value": "2552.8828125",
        "cumulative": false
    },
    {
        "date": "2020-09-11T15:19:12Z",
        "value": "2552.8828125",
        "cumulative": false
    },
    {
        "date": "2020-09-11T15:19:22Z",
        "value": "2924.3828125",
        "cumulative": false
    },
    {
        "date": "2020-09-11T15:19:41Z",
        "value": "2552.8828125",
        "cumulative": false
    },
    {
        "date": "2020-09-11T15:20:00Z",
        "value": "2552.8828125",
        "cumulative": false
    },
    {
        "date": "2020-09-11T15:20:10Z",
        "value": "2744.3828125",
        "cumulative": false
    },
    {
        "date": "2020-09-11T15:20:27Z",
        "value": "2822.5078125",
        "cumulative": false
    },
    {
        "date": "2020-09-11T15:20:38Z",
        "value": "2662.6328125",
        "cumulative": false
    },
    {
        "date": "2020-09-11T15:20:51Z",
        "value": "2552.91796875",
        "cumulative": false
    },
    {
        "date": "2020-09-11T15:21:07Z",
        "value": "2552.8828125",
        "cumulative": false
    },
    {
        "date": "2020-09-11T15:21:19Z",
        "value": "2552.8828125",
        "cumulative": false
    },
    {
        "date": "2020-09-11T15:21:37Z",
        "value": "2789.6328125",
        "cumulative": false
    },
    {
        "date": "2020-09-11T15:21:53Z",
        "value": "2768.3828125",
        "cumulative": false
    },
    {
        "date": "2020-09-11T15:22:09Z",
        "value": "2659.7578125",
        "cumulative": false
    },
    {
        "date": "2020-09-11T15:22:19Z",
        "value": "2552.8828125",
        "cumulative": false
    },
    {
        "date": "2020-09-11T15:22:36Z",
        "value": "2552.8828125",
        "cumulative": false
    },
    {
        "date": "2020-09-11T15:22:53Z",
        "value": "2552.8828125",
        "cumulative": false
    },
    {
        "date": "2020-09-11T15:23:12Z",
        "value": "2552.8828125",
        "cumulative": false
    },
    {
        "date": "2020-09-11T15:23:23Z",
        "value": "2552.8828125",
        "cumulative": false
    },
    {
        "date": "2020-09-11T15:23:38Z",
        "value": "2862.0078125",
        "cumulative": false
    },
    {
        "date": "2020-09-11T15:23:49Z",
        "value": "2617.0078125",
        "cumulative": false
    },
    {
        "date": "2020-09-11T15:24:02Z",
        "value": "3005.44921875",
        "cumulative": false
    },
    {
        "date": "2020-09-11T15:24:18Z",
        "value": "2878.5078125",
        "cumulative": false
    },
    {
        "date": "2020-09-11T15:24:28Z",
        "value": "2552.8828125",
        "cumulative": false
    },
    {
        "date": "2020-09-11T15:24:44Z",
        "value": "2552.8828125",
        "cumulative": false
    },
    {
        "date": "2020-09-11T15:24:57Z",
        "value": "2795.5078125",
        "cumulative": false
    },
    {
        "date": "2020-09-11T15:25:09Z",
        "value": "2552.8828125",
        "cumulative": false
    },
    {
        "date": "2020-09-11T15:25:25Z",
        "value": "2552.8828125",
        "cumulative": false
    },
    {
        "date": "2020-09-11T15:25:40Z",
        "value": "2936.0",
        "cumulative": false
    },
    {
        "date": "2020-09-11T15:25:52Z",
        "value": "2935.96875",
        "cumulative": false
    },
    {
        "date": "2020-09-11T15:26:02Z",
        "value": "2935.96875",
        "cumulative": false
    },
    {
        "date": "2020-09-11T15:26:21Z",
        "value": "2935.96875",
        "cumulative": false
    },
    {
        "date": "2020-09-11T15:26:37Z",
        "value": "2935.96875",
        "cumulative": false
    },
    {
        "date": "2020-09-11T15:26:50Z",
        "value": "2935.96875",
        "cumulative": false
    },
    {
        "date": "2020-09-11T15:27:09Z",
        "value": "3318.34375",
        "cumulative": false
    },
    {
        "date": "2020-09-11T15:27:25Z",
        "value": "2935.96875",
        "cumulative": false
    },
    {
        "date": "2020-09-11T15:27:45Z",
        "value": "2935.96875",
        "cumulative": false
    },
    {
        "date": "2020-09-11T15:28:03Z",
        "value": "2954.84375",
        "cumulative": false
    },
    {
        "date": "2020-09-11T15:28:19Z",
        "value": "2935.96875",
        "cumulative": false
    },
    {
        "date": "2020-09-11T15:28:35Z",
        "value": "2936.0",
        "cumulative": false
    },
    {
        "date": "2020-09-11T15:28:45Z",
        "value": "2935.96875",
        "cumulative": false
    },
    {
        "date": "2020-09-11T15:29:03Z",
        "value": "2935.96875",
        "cumulative": false
    },
    {
        "date": "2020-09-11T15:29:14Z",
        "value": "3155.59375",
        "cumulative": false
    },
    {
        "date": "2020-09-11T15:29:29Z",
        "value": "3008.59375",
        "cumulative": false
    },
    {
        "date": "2020-09-11T15:29:45Z",
        "value": "3164.46875",
        "cumulative": false
    },
    {
        "date": "2020-09-11T15:29:58Z",
        "value": "2936.0",
        "cumulative": false
    },
    {
        "date": "2020-09-11T15:30:10Z",
        "value": "2955.59375",
        "cumulative": false
    },
    {
        "date": "2020-09-11T15:30:29Z",
        "value": "3274.96875",
        "cumulative": false
    },
    {
        "date": "2020-09-11T15:30:39Z",
        "value": "2935.96875",
        "cumulative": false
    },
    {
        "date": "2020-09-11T15:30:53Z",
        "value": "2935.96875",
        "cumulative": false
    },
    {
        "date": "2020-09-11T15:31:04Z",
        "value": "3281.59375",
        "cumulative": false
    },
    {
        "date": "2020-09-11T15:31:18Z",
        "value": "3273.84375",
        "cumulative": false
    },
    {
        "date": "2020-09-11T15:31:31Z",
        "value": "2935.96875",
        "cumulative": false
    },
    {
        "date": "2020-09-11T15:31:47Z",
        "value": "3141.42578125",
        "cumulative": false
    },
    {
        "date": "2020-09-11T15:32:01Z",
        "value": "2935.96875",
        "cumulative": false
    },
    {
        "date": "2020-09-11T15:32:12Z",
        "value": "2950.96875",
        "cumulative": false
    },
    {
        "date": "2020-09-11T15:32:30Z",
        "value": "2935.96875",
        "cumulative": false
    },
    {
        "date": "2020-09-11T15:32:44Z",
        "value": "2935.96875",
        "cumulative": false
    },
    {
        "date": "2020-09-11T15:32:55Z",
        "value": "2935.96875",
        "cumulative": false
    },
    {
        "date": "2020-09-11T15:33:15Z",
        "value": "2935.96875",
        "cumulative": false
    },
    {
        "date": "2020-09-11T15:33:30Z",
        "value": "3089.84375",
        "cumulative": false
    },
    {
        "date": "2020-09-11T15:33:47Z",
        "value": "2935.96875",
        "cumulative": false
    },
    {
        "date": "2020-09-11T15:33:58Z",
        "value": "2935.96875",
        "cumulative": false
    },
    {
        "date": "2020-09-11T15:34:10Z",
        "value": "3137.34375",
        "cumulative": false
    },
    {
        "date": "2020-09-11T15:34:26Z",
        "value": "2935.96875",
        "cumulative": false
    },
    {
        "date": "2020-09-11T15:34:37Z",
        "value": "2935.96875",
        "cumulative": false
    },
    {
        "date": "2020-09-11T15:34:56Z",
        "value": "3385.71875",
        "cumulative": false
    },
    {
        "date": "2020-09-11T15:35:13Z",
        "value": "2935.96875",
        "cumulative": false
    },
    {
        "date": "2020-09-11T15:35:23Z",
        "value": "2935.96875",
        "cumulative": false
    },
    {
        "date": "2020-09-11T15:35:36Z",
        "value": "2935.96875",
        "cumulative": false
    },
    {
        "date": "2020-09-11T15:35:55Z",
        "value": "3350.71875",
        "cumulative": false
    },
    {
        "date": "2020-09-11T15:36:14Z",
        "value": "3100.21875",
        "cumulative": false
    },
    {
        "date": "2020-09-11T15:36:29Z",
        "value": "3345.21875",
        "cumulative": false
    },
    {
        "date": "2020-09-11T15:36:46Z",
        "value": "2935.96875",
        "cumulative": false
    },
    {
        "date": "2020-09-11T15:37:03Z",
        "value": "2935.96875",
        "cumulative": false
    },
    {
        "date": "2020-09-11T15:37:23Z",
        "value": "3061.71875",
        "cumulative": false
    },
    {
        "date": "2020-09-11T15:37:38Z",
        "value": "3177.34375",
        "cumulative": false
    },
    {
        "date": "2020-09-11T15:37:53Z",
        "value": "2935.96875",
        "cumulative": false
    },
    {
        "date": "2020-09-11T15:38:04Z",
        "value": "2936.01171875",
        "cumulative": false
    },
    {
        "date": "2020-09-11T15:38:17Z",
        "value": "2935.96875",
        "cumulative": false
    },
    {
        "date": "2020-09-11T15:38:32Z",
        "value": "2935.96875",
        "cumulative": false
    },
    {
        "date": "2020-09-11T15:38:50Z",
        "value": "2936.01171875",
        "cumulative": false
    },
    {
        "date": "2020-09-11T15:39:01Z",
        "value": "2935.96875",
        "cumulative": false
    }
]