[
    {
        "date": "2020-09-11T14:32:42Z",
        "value": "4.00543212890625e-05",
        "cumulative": true
    },
    {
        "date": "2020-09-11T14:33:01Z",
        "value": "28.23997688293457",
        "cumulative": true
    },
    {
        "date": "2020-09-11T14:33:13Z",
        "value": "88.43107223510742",
        "cumulative": true
    },
    {
        "date": "2020-09-11T14:33:27Z",
        "value": "775.1728515625",
        "cumulative": true
    },
    {
        "date": "2020-09-11T14:33:43Z",
        "value": "2280.5186109542847",
        "cumulative": true
    },
    {
        "date": "2020-09-11T14:34:01Z",
        "value": "4326.6318616867065",
        "cumulative": true
    },
    {
        "date": "2020-09-11T14:34:19Z",
        "value": "6158.34024143219",
        "cumulative": true
    },
    {
        "date": "2020-09-11T14:34:30Z",
        "value": "7353.0670709609985",
        "cumulative": true
    },
    {
        "date": "2020-09-11T14:34:47Z",
        "value": "9485.408164024353",
        "cumulative": true
    },
    {
        "date": "2020-09-11T14:35:00Z",
        "value": "11334.565979003906",
        "cumulative": true
    },
    {
        "date": "2020-09-11T14:35:12Z",
        "value": "12870.374351501465",
        "cumulative": true
    },
    {
        "date": "2020-09-11T14:35:23Z",
        "value": "14260.291230201721",
        "cumulative": true
    },
    {
        "date": "2020-09-11T14:35:43Z",
        "value": "17375.44559764862",
        "cumulative": true
    },
    {
        "date": "2020-09-11T14:35:56Z",
        "value": "18259.981459617615",
        "cumulative": true
    },
    {
        "date": "2020-09-11T14:36:06Z",
        "value": "19551.782388687134",
        "cumulative": true
    },
    {
        "date": "2020-09-11T14:36:18Z",
        "value": "22003.534945487976",
        "cumulative": true
    },
    {
        "date": "2020-09-11T14:36:36Z",
        "value": "23252.89851665497",
        "cumulative": true
    },
    {
        "date": "2020-09-11T14:36:54Z",
        "value": "26506.038142204285",
        "cumulative": true
    },
    {
        "date": "2020-09-11T14:37:08Z",
        "value": "28273.159116744995",
        "cumulative": true
    },
    {
        "date": "2020-09-11T14:37:18Z",
        "value": "28976.472610473633",
        "cumulative": true
    },
    {
        "date": "2020-09-11T14:37:29Z",
        "value": "29783.573390960693",
        "cumulative": true
    },
    {
        "date": "2020-09-11T14:37:41Z",
        "value": "32486.421255111694",
        "cumulative": true
    },
    {
        "date": "2020-09-11T14:37:54Z",
        "value": "35038.46959590912",
        "cumulative": true
    },
    {
        "date": "2020-09-11T14:38:14Z",
        "value": "36429.16273212433",
        "cumulative": true
    },
    {
        "date": "2020-09-11T14:38:32Z",
        "value": "38084.14238166809",
        "cumulative": true
    },
    {
        "date": "2020-09-11T14:38:51Z",
        "value": "42001.58048629761",
        "cumulative": true
    },
    {
        "date": "2020-09-11T14:39:04Z",
        "value": "44292.270424842834",
        "cumulative": true
    },
    {
        "date": "2020-09-11T14:39:23Z",
        "value": "45531.28621959686",
        "cumulative": true
    },
    {
        "date": "2020-09-11T14:39:40Z",
        "value": "46707.48337268829",
        "cumulative": true
    },
    {
        "date": "2020-09-11T14:39:58Z",
        "value": "49236.93131351471",
        "cumulative": true
    },
    {
        "date": "2020-09-11T14:40:17Z",
        "value": "53520.10357379913",
        "cumulative": true
    },
    {
        "date": "2020-09-11T14:40:33Z",
        "value": "55989.69201183319",
        "cumulative": true
    },
    {
        "date": "2020-09-11T14:40:53Z",
        "value": "57285.54065799713",
        "cumulative": true
    },
    {
        "date": "2020-09-11T14:41:05Z",
        "value": "58162.591965675354",
        "cumulative": true
    },
    {
        "date": "2020-09-11T14:41:24Z",
        "value": "59386.17291927338",
        "cumulative": true
    },
    {
        "date": "2020-09-11T14:41:38Z",
        "value": "61526.33633995056",
        "cumulative": true
    },
    {
        "date": "2020-09-11T14:41:53Z",
        "value": "64524.87020301819",
        "cumulative": true
    },
    {
        "date": "2020-09-11T14:42:07Z",
        "value": "67227.91864204407",
        "cumulative": true
    },
    {
        "date": "2020-09-11T14:42:26Z",
        "value": "70563.28139019012",
        "cumulative": true
    },
    {
        "date": "2020-09-11T14:42:44Z",
        "value": "71762.44275188446",
        "cumulative": true
    },
    {
        "date": "2020-09-11T14:42:57Z",
        "value": "72636.44073581696",
        "cumulative": true
    },
    {
        "date": "2020-09-11T14:43:08Z",
        "value": "73365.38524150848",
        "cumulative": true
    },
    {
        "date": "2020-09-11T14:43:22Z",
        "value": "74345.33912754059",
        "cumulative": true
    },
    {
        "date": "2020-09-11T14:43:39Z",
        "value": "75564.1799068451",
        "cumulative": true
    },
    {
        "date": "2020-09-11T14:43:58Z",
        "value": "79644.95507240295",
        "cumulative": true
    },
    {
        "date": "2020-09-11T14:44:11Z",
        "value": "82436.91837692261",
        "cumulative": true
    },
    {
        "date": "2020-09-11T14:44:31Z",
        "value": "86714.98352622986",
        "cumulative": true
    },
    {
        "date": "2020-09-11T14:44:42Z",
        "value": "88745.7235879898",
        "cumulative": true
    },
    {
        "date": "2020-09-11T14:45:00Z",
        "value": "89954.8678483963",
        "cumulative": true
    },
    {
        "date": "2020-09-11T14:45:20Z",
        "value": "91232.53261089325",
        "cumulative": true
    },
    {
        "date": "2020-09-11T14:45:36Z",
        "value": "92235.18017101288",
        "cumulative": true
    },
    {
        "date": "2020-09-11T14:45:48Z",
        "value": "93027.05141353607",
        "cumulative": true
    },
    {
        "date": "2020-09-11T14:46:01Z",
        "value": "93878.76029872894",
        "cumulative": true
    },
    {
        "date": "2020-09-11T14:46:12Z",
        "value": "94603.50245189667",
        "cumulative": true
    },
    {
        "date": "2020-09-11T14:46:30Z",
        "value": "97088.84055328369",
        "cumulative": true
    },
    {
        "date": "2020-09-11T14:46:50Z",
        "value": "101096.64016723633",
        "cumulative": true
    },
    {
        "date": "2020-09-11T14:47:00Z",
        "value": "103393.98990249634",
        "cumulative": true
    },
    {
        "date": "2020-09-11T14:47:19Z",
        "value": "107453.81049156189",
        "cumulative": true
    },
    {
        "date": "2020-09-11T14:47:36Z",
        "value": "110967.85373687744",
        "cumulative": true
    },
    {
        "date": "2020-09-11T14:47:50Z",
        "value": "112561.51031780243",
        "cumulative": true
    },
    {
        "date": "2020-09-11T14:48:01Z",
        "value": "113322.80120944977",
        "cumulative": true
    },
    {
        "date": "2020-09-11T14:48:13Z",
        "value": "114087.00097179413",
        "cumulative": true
    },
    {
        "date": "2020-09-11T14:48:26Z",
        "value": "114958.44948673248",
        "cumulative": true
    },
    {
        "date": "2020-09-11T14:48:40Z",
        "value": "115883.20226192474",
        "cumulative": true
    },
    {
        "date": "2020-09-11T14:48:59Z",
        "value": "117067.99363231659",
        "cumulative": true
    },
    {
        "date": "2020-09-11T14:49:10Z",
        "value": "117785.65378856659",
        "cumulative": true
    },
    {
        "date": "2020-09-11T14:49:22Z",
        "value": "118611.99359607697",
        "cumulative": true
    },
    {
        "date": "2020-09-11T14:49:35Z",
        "value": "119441.65374088287",
        "cumulative": true
    },
    {
        "date": "2020-09-11T14:49:52Z",
        "value": "121475.2015953064",
        "cumulative": true
    },
    {
        "date": "2020-09-11T14:50:11Z",
        "value": "125548.33973693848",
        "cumulative": true
    },
    {
        "date": "2020-09-11T14:50:28Z",
        "value": "128792.63605499268",
        "cumulative": true
    },
    {
        "date": "2020-09-11T14:50:44Z",
        "value": "132042.97225761414",
        "cumulative": true
    },
    {
        "date": "2020-09-11T14:50:56Z",
        "value": "134604.11823272705",
        "cumulative": true
    },
    {
        "date": "2020-09-11T14:51:09Z",
        "value": "137375.518201828",
        "cumulative": true
    },
    {
        "date": "2020-09-11T14:51:21Z",
        "value": "139903.8180999756",
        "cumulative": true
    },
    {
        "date": "2020-09-11T14:51:39Z",
        "value": "142029.33669757843",
        "cumulative": true
    },
    {
        "date": "2020-09-11T14:51:51Z",
        "value": "142798.359000206",
        "cumulative": true
    },
    {
        "date": "2020-09-11T14:52:11Z",
        "value": "144109.78118228912",
        "cumulative": true
    },
    {
        "date": "2020-09-11T14:52:26Z",
        "value": "145075.65986347198",
        "cumulative": true
    },
    {
        "date": "2020-09-11T14:52:44Z",
        "value": "146250.75640392303",
        "cumulative": true
    },
    {
        "date": "2020-09-11T14:52:59Z",
        "value": "147260.52505779266",
        "cumulative": true
    },
    {
        "date": "2020-09-11T14:53:15Z",
        "value": "148323.82449626923",
        "cumulative": true
    },
    {
        "date": "2020-09-11T14:53:26Z",
        "value": "149052.8520936966",
        "cumulative": true
    },
    {
        "date": "2020-09-11T14:53:44Z",
        "value": "150223.14078235626",
        "cumulative": true
    },
    {
        "date": "2020-09-11T14:53:58Z",
        "value": "151141.28395175934",
        "cumulative": true
    },
    {
        "date": "2020-09-11T14:54:10Z",
        "value": "151877.29543304443",
        "cumulative": true
    },
    {
        "date": "2020-09-11T14:54:25Z",
        "value": "155075.74705314636",
        "cumulative": true
    },
    {
        "date": "2020-09-11T14:54:43Z",
        "value": "159214.9144859314",
        "cumulative": true
    },
    {
        "date": "2020-09-11T14:55:01Z",
        "value": "163307.08383369446",
        "cumulative": true
    },
    {
        "date": "2020-09-11T14:55:19Z",
        "value": "167081.79389572144",
        "cumulative": true
    },
    {
        "date": "2020-09-11T14:55:36Z",
        "value": "170512.65950393677",
        "cumulative": true
    },
    {
        "date": "2020-09-11T14:55:55Z",
        "value": "174562.00855064392",
        "cumulative": true
    },
    {
        "date": "2020-09-11T14:56:13Z",
        "value": "178283.80653190613",
        "cumulative": true
    },
    {
        "date": "2020-09-11T14:56:27Z",
        "value": "179343.6615667343",
        "cumulative": true
    },
    {
        "date": "2020-09-11T14:56:46Z",
        "value": "180663.2048215866",
        "cumulative": true
    },
    {
        "date": "2020-09-11T14:56:59Z",
        "value": "181491.19811534882",
        "cumulative": true
    },
    {
        "date": "2020-09-11T14:57:10Z",
        "value": "182181.02040195465",
        "cumulative": true
    },
    {
        "date": "2020-09-11T14:57:20Z",
        "value": "182854.1939382553",
        "cumulative": true
    },
    {
        "date": "2020-09-11T14:57:35Z",
        "value": "183843.7669992447",
        "cumulative": true
    },
    {
        "date": "2020-09-11T14:57:46Z",
        "value": "184524.7228860855",
        "cumulative": true
    },
    {
        "date": "2020-09-11T14:58:05Z",
        "value": "185810.0268201828",
        "cumulative": true
    },
    {
        "date": "2020-09-11T14:58:23Z",
        "value": "187020.3774728775",
        "cumulative": true
    },
    {
        "date": "2020-09-11T14:58:41Z",
        "value": "188141.00174427032",
        "cumulative": true
    },
    {
        "date": "2020-09-11T14:58:58Z",
        "value": "189291.93096637726",
        "cumulative": true
    },
    {
        "date": "2020-09-11T14:59:15Z",
        "value": "190459.4387254715",
        "cumulative": true
    },
    {
        "date": "2020-09-11T14:59:26Z",
        "value": "191245.983502388",
        "cumulative": true
    },
    {
        "date": "2020-09-11T14:59:45Z",
        "value": "194041.0960483551",
        "cumulative": true
    },
    {
        "date": "2020-09-11T14:59:55Z",
        "value": "196189.55836296082",
        "cumulative": true
    },
    {
        "date": "2020-09-11T15:00:15Z",
        "value": "200560.32972335815",
        "cumulative": true
    },
    {
        "date": "2020-09-11T15:00:29Z",
        "value": "203590.13801574707",
        "cumulative": true
    },
    {
        "date": "2020-09-11T15:00:39Z",
        "value": "205920.4948940277",
        "cumulative": true
    },
    {
        "date": "2020-09-11T15:00:49Z",
        "value": "208040.1157360077",
        "cumulative": true
    },
    {
        "date": "2020-09-11T15:00:59Z",
        "value": "210330.35912704468",
        "cumulative": true
    },
    {
        "date": "2020-09-11T15:01:13Z",
        "value": "213444.01438331604",
        "cumulative": true
    },
    {
        "date": "2020-09-11T15:01:31Z",
        "value": "217411.16034126282",
        "cumulative": true
    },
    {
        "date": "2020-09-11T15:01:47Z",
        "value": "220860.75116157532",
        "cumulative": true
    },
    {
        "date": "2020-09-11T15:01:58Z",
        "value": "223146.77431869507",
        "cumulative": true
    },
    {
        "date": "2020-09-11T15:02:16Z",
        "value": "226008.7148256302",
        "cumulative": true
    },
    {
        "date": "2020-09-11T15:02:29Z",
        "value": "226862.3301782608",
        "cumulative": true
    },
    {
        "date": "2020-09-11T15:02:40Z",
        "value": "227566.80835819244",
        "cumulative": true
    },
    {
        "date": "2020-09-11T15:02:54Z",
        "value": "228541.75310993195",
        "cumulative": true
    },
    {
        "date": "2020-09-11T15:03:11Z",
        "value": "229650.52977085114",
        "cumulative": true
    },
    {
        "date": "2020-09-11T15:03:29Z",
        "value": "230860.1439886093",
        "cumulative": true
    },
    {
        "date": "2020-09-11T15:03:49Z",
        "value": "232195.7035226822",
        "cumulative": true
    },
    {
        "date": "2020-09-11T15:04:02Z",
        "value": "233031.90863323212",
        "cumulative": true
    },
    {
        "date": "2020-09-11T15:04:15Z",
        "value": "233911.1195230484",
        "cumulative": true
    },
    {
        "date": "2020-09-11T15:04:31Z",
        "value": "234872.15708637238",
        "cumulative": true
    },
    {
        "date": "2020-09-11T15:04:49Z",
        "value": "236061.8760061264",
        "cumulative": true
    },
    {
        "date": "2020-09-11T15:05:03Z",
        "value": "236994.9634695053",
        "cumulative": true
    },
    {
        "date": "2020-09-11T15:05:20Z",
        "value": "238099.81742572784",
        "cumulative": true
    },
    {
        "date": "2020-09-11T15:05:31Z",
        "value": "238906.6905145645",
        "cumulative": true
    },
    {
        "date": "2020-09-11T15:05:50Z",
        "value": "240082.9648923874",
        "cumulative": true
    },
    {
        "date": "2020-09-11T15:06:00Z",
        "value": "240769.08918476105",
        "cumulative": true
    },
    {
        "date": "2020-09-11T15:06:11Z",
        "value": "241440.8257856369",
        "cumulative": true
    },
    {
        "date": "2020-09-11T15:06:28Z",
        "value": "243510.43063354492",
        "cumulative": true
    },
    {
        "date": "2020-09-11T15:06:39Z",
        "value": "246052.1010093689",
        "cumulative": true
    },
    {
        "date": "2020-09-11T15:06:55Z",
        "value": "249842.88441848755",
        "cumulative": true
    },
    {
        "date": "2020-09-11T15:07:06Z",
        "value": "252006.7050075531",
        "cumulative": true
    },
    {
        "date": "2020-09-11T15:07:21Z",
        "value": "255407.08934402466",
        "cumulative": true
    },
    {
        "date": "2020-09-11T15:07:37Z",
        "value": "258787.78460502625",
        "cumulative": true
    },
    {
        "date": "2020-09-11T15:07:52Z",
        "value": "261998.4820213318",
        "cumulative": true
    },
    {
        "date": "2020-09-11T15:08:03Z",
        "value": "264449.8236732483",
        "cumulative": true
    },
    {
        "date": "2020-09-11T15:08:16Z",
        "value": "267189.52480888367",
        "cumulative": true
    },
    {
        "date": "2020-09-11T15:08:31Z",
        "value": "270686.1818084717",
        "cumulative": true
    },
    {
        "date": "2020-09-11T15:08:42Z",
        "value": "272844.50613212585",
        "cumulative": true
    },
    {
        "date": "2020-09-11T15:09:01Z",
        "value": "276883.79269218445",
        "cumulative": true
    },
    {
        "date": "2020-09-11T15:09:16Z",
        "value": "280290.70104789734",
        "cumulative": true
    },
    {
        "date": "2020-09-11T15:09:32Z",
        "value": "283773.27809906006",
        "cumulative": true
    },
    {
        "date": "2020-09-11T15:09:43Z",
        "value": "285205.297167778",
        "cumulative": true
    },
    {
        "date": "2020-09-11T15:09:53Z",
        "value": "285868.2798986435",
        "cumulative": true
    },
    {
        "date": "2020-09-11T15:10:11Z",
        "value": "287116.4343214035",
        "cumulative": true
    },
    {
        "date": "2020-09-11T15:10:21Z",
        "value": "287810.4380712509",
        "cumulative": true
    },
    {
        "date": "2020-09-11T15:10:40Z",
        "value": "289067.343211174",
        "cumulative": true
    },
    {
        "date": "2020-09-11T15:10:53Z",
        "value": "289976.3774385452",
        "cumulative": true
    },
    {
        "date": "2020-09-11T15:11:06Z",
        "value": "290903.792845726",
        "cumulative": true
    },
    {
        "date": "2020-09-11T15:11:24Z",
        "value": "292052.06182193756",
        "cumulative": true
    },
    {
        "date": "2020-09-11T15:11:40Z",
        "value": "293227.47901439667",
        "cumulative": true
    },
    {
        "date": "2020-09-11T15:11:59Z",
        "value": "294494.6142911911",
        "cumulative": true
    },
    {
        "date": "2020-09-11T15:12:10Z",
        "value": "295172.9183778763",
        "cumulative": true
    },
    {
        "date": "2020-09-11T15:12:20Z",
        "value": "295975.42075252533",
        "cumulative": true
    },
    {
        "date": "2020-09-11T15:12:38Z",
        "value": "297052.7490129471",
        "cumulative": true
    },
    {
        "date": "2020-09-11T15:12:53Z",
        "value": "298089.7461004257",
        "cumulative": true
    },
    {
        "date": "2020-09-11T15:13:11Z",
        "value": "299278.4108800888",
        "cumulative": true
    },
    {
        "date": "2020-09-11T15:13:24Z",
        "value": "300201.63021183014",
        "cumulative": true
    },
    {
        "date": "2020-09-11T15:13:37Z",
        "value": "301048.50587558746",
        "cumulative": true
    },
    {
        "date": "2020-09-11T15:13:56Z",
        "value": "302318.4116888046",
        "cumulative": true
    },
    {
        "date": "2020-09-11T15:14:14Z",
        "value": "303552.82399463654",
        "cumulative": true
    },
    {
        "date": "2020-09-11T15:14:32Z",
        "value": "304682.61408519745",
        "cumulative": true
    },
    {
        "date": "2020-09-11T15:14:51Z",
        "value": "306363.9297981262",
        "cumulative": true
    },
    {
        "date": "2020-09-11T15:15:06Z",
        "value": "309514.7700443268",
        "cumulative": true
    },
    {
        "date": "2020-09-11T15:15:19Z",
        "value": "312365.8854980469",
        "cumulative": true
    },
    {
        "date": "2020-09-11T15:15:38Z",
        "value": "316511.83393859863",
        "cumulative": true
    },
    {
        "date": "2020-09-11T15:15:48Z",
        "value": "318819.50641441345",
        "cumulative": true
    },
    {
        "date": "2020-09-11T15:16:07Z",
        "value": "322595.5120353699",
        "cumulative": true
    },
    {
        "date": "2020-09-11T15:16:22Z",
        "value": "326357.3427734375",
        "cumulative": true
    },
    {
        "date": "2020-09-11T15:16:34Z",
        "value": "328984.91774749756",
        "cumulative": true
    },
    {
        "date": "2020-09-11T15:16:52Z",
        "value": "332811.90683555603",
        "cumulative": true
    },
    {
        "date": "2020-09-11T15:17:07Z",
        "value": "336238.42276382446",
        "cumulative": true
    },
    {
        "date": "2020-09-11T15:17:18Z",
        "value": "338733.3043193817",
        "cumulative": true
    },
    {
        "date": "2020-09-11T15:17:33Z",
        "value": "341945.2037887573",
        "cumulative": true
    },
    {
        "date": "2020-09-11T15:17:49Z",
        "value": "345191.7569618225",
        "cumulative": true
    },
    {
        "date": "2020-09-11T15:18:08Z",
        "value": "349488.3633880615",
        "cumulative": true
    },
    {
        "date": "2020-09-11T15:18:27Z",
        "value": "353674.28347969055",
        "cumulative": true
    },
    {
        "date": "2020-09-11T15:18:42Z",
        "value": "357015.4320259094",
        "cumulative": true
    },
    {
        "date": "2020-09-11T15:18:59Z",
        "value": "359992.30614566803",
        "cumulative": true
    },
    {
        "date": "2020-09-11T15:19:14Z",
        "value": "361044.5876092911",
        "cumulative": true
    },
    {
        "date": "2020-09-11T15:19:31Z",
        "value": "362150.98411655426",
        "cumulative": true
    },
    {
        "date": "2020-09-11T15:19:43Z",
        "value": "362946.3443078995",
        "cumulative": true
    },
    {
        "date": "2020-09-11T15:19:53Z",
        "value": "363624.19466876984",
        "cumulative": true
    },
    {
        "date": "2020-09-11T15:20:07Z",
        "value": "364543.5096883774",
        "cumulative": true
    },
    {
        "date": "2020-09-11T15:20:22Z",
        "value": "365508.8400182724",
        "cumulative": true
    },
    {
        "date": "2020-09-11T15:20:38Z",
        "value": "366572.54874897003",
        "cumulative": true
    },
    {
        "date": "2020-09-11T15:20:57Z",
        "value": "367850.54501628876",
        "cumulative": true
    },
    {
        "date": "2020-09-11T15:21:14Z",
        "value": "369063.64944553375",
        "cumulative": true
    },
    {
        "date": "2020-09-11T15:21:32Z",
        "value": "370400.8620862961",
        "cumulative": true
    },
    {
        "date": "2020-09-11T15:21:48Z",
        "value": "371470.0839281082",
        "cumulative": true
    },
    {
        "date": "2020-09-11T15:22:02Z",
        "value": "372299.10859012604",
        "cumulative": true
    },
    {
        "date": "2020-09-11T15:22:15Z",
        "value": "373124.3748922348",
        "cumulative": true
    },
    {
        "date": "2020-09-11T15:22:30Z",
        "value": "374162.63261699677",
        "cumulative": true
    },
    {
        "date": "2020-09-11T15:22:45Z",
        "value": "375109.14133167267",
        "cumulative": true
    },
    {
        "date": "2020-09-11T15:22:57Z",
        "value": "376007.7517709732",
        "cumulative": true
    },
    {
        "date": "2020-09-11T15:23:14Z",
        "value": "377083.3912744522",
        "cumulative": true
    },
    {
        "date": "2020-09-11T15:23:30Z",
        "value": "378143.72280979156",
        "cumulative": true
    },
    {
        "date": "2020-09-11T15:23:44Z",
        "value": "379026.92025852203",
        "cumulative": true
    },
    {
        "date": "2020-09-11T15:23:57Z",
        "value": "380010.47243213654",
        "cumulative": true
    },
    {
        "date": "2020-09-11T15:24:12Z",
        "value": "380919.85591602325",
        "cumulative": true
    },
    {
        "date": "2020-09-11T15:24:28Z",
        "value": "381984.8402147293",
        "cumulative": true
    },
    {
        "date": "2020-09-11T15:24:42Z",
        "value": "382962.12281513214",
        "cumulative": true
    },
    {
        "date": "2020-09-11T15:24:58Z",
        "value": "384041.8563299179",
        "cumulative": true
    },
    {
        "date": "2020-09-11T15:25:17Z",
        "value": "385350.86916828156",
        "cumulative": true
    },
    {
        "date": "2020-09-11T15:25:34Z",
        "value": "386416.3873157501",
        "cumulative": true
    },
    {
        "date": "2020-09-11T15:25:52Z",
        "value": "390612.6087322235",
        "cumulative": true
    },
    {
        "date": "2020-09-11T15:26:11Z",
        "value": "395083.05210876465",
        "cumulative": true
    },
    {
        "date": "2020-09-11T15:26:29Z",
        "value": "398899.4294834137",
        "cumulative": true
    },
    {
        "date": "2020-09-11T15:26:40Z",
        "value": "401351.15827178955",
        "cumulative": true
    },
    {
        "date": "2020-09-11T15:26:51Z",
        "value": "403748.003200531",
        "cumulative": true
    },
    {
        "date": "2020-09-11T15:27:05Z",
        "value": "406785.89249420166",
        "cumulative": true
    },
    {
        "date": "2020-09-11T15:27:16Z",
        "value": "409074.49946403503",
        "cumulative": true
    },
    {
        "date": "2020-09-11T15:27:28Z",
        "value": "411688.8513622284",
        "cumulative": true
    },
    {
        "date": "2020-09-11T15:27:42Z",
        "value": "414585.39626693726",
        "cumulative": true
    },
    {
        "date": "2020-09-11T15:27:55Z",
        "value": "417014.50269317627",
        "cumulative": true
    },
    {
        "date": "2020-09-11T15:28:06Z",
        "value": "419689.5591106415",
        "cumulative": true
    },
    {
        "date": "2020-09-11T15:28:23Z",
        "value": "423368.57252311707",
        "cumulative": true
    },
    {
        "date": "2020-09-11T15:28:37Z",
        "value": "426478.3277950287",
        "cumulative": true
    },
    {
        "date": "2020-09-11T15:28:56Z",
        "value": "430570.9046802521",
        "cumulative": true
    },
    {
        "date": "2020-09-11T15:29:13Z",
        "value": "434378.05246925354",
        "cumulative": true
    },
    {
        "date": "2020-09-11T15:29:30Z",
        "value": "438018.28125953674",
        "cumulative": true
    },
    {
        "date": "2020-09-11T15:29:43Z",
        "value": "440840.86028289795",
        "cumulative": true
    },
    {
        "date": "2020-09-11T15:29:54Z",
        "value": "443459.76784324646",
        "cumulative": true
    },
    {
        "date": "2020-09-11T15:30:12Z",
        "value": "447484.7490615845",
        "cumulative": true
    },
    {
        "date": "2020-09-11T15:30:24Z",
        "value": "449965.5460700989",
        "cumulative": true
    },
    {
        "date": "2020-09-11T15:30:40Z",
        "value": "453637.1105480194",
        "cumulative": true
    },
    {
        "date": "2020-09-11T15:30:55Z",
        "value": "455023.59933280945",
        "cumulative": true
    },
    {
        "date": "2020-09-11T15:31:10Z",
        "value": "456058.4713230133",
        "cumulative": true
    },
    {
        "date": "2020-09-11T15:31:30Z",
        "value": "457416.0817012787",
        "cumulative": true
    },
    {
        "date": "2020-09-11T15:31:47Z",
        "value": "458681.4188194275",
        "cumulative": true
    },
    {
        "date": "2020-09-11T15:32:03Z",
        "value": "459713.9692592621",
        "cumulative": true
    },
    {
        "date": "2020-09-11T15:32:16Z",
        "value": "460540.6984653473",
        "cumulative": true
    },
    {
        "date": "2020-09-11T15:32:35Z",
        "value": "461860.1908683777",
        "cumulative": true
    },
    {
        "date": "2020-09-11T15:32:51Z",
        "value": "463085.06321525574",
        "cumulative": true
    },
    {
        "date": "2020-09-11T15:33:04Z",
        "value": "463890.49666786194",
        "cumulative": true
    },
    {
        "date": "2020-09-11T15:33:17Z",
        "value": "464789.1160373688",
        "cumulative": true
    },
    {
        "date": "2020-09-11T15:33:30Z",
        "value": "465781.85880851746",
        "cumulative": true
    },
    {
        "date": "2020-09-11T15:33:43Z",
        "value": "466550.8665962219",
        "cumulative": true
    },
    {
        "date": "2020-09-11T15:34:00Z",
        "value": "467804.73430252075",
        "cumulative": true
    },
    {
        "date": "2020-09-11T15:34:14Z",
        "value": "468625.5591278076",
        "cumulative": true
    },
    {
        "date": "2020-09-11T15:34:29Z",
        "value": "469646.1709976196",
        "cumulative": true
    },
    {
        "date": "2020-09-11T15:34:39Z",
        "value": "470328.2886066437",
        "cumulative": true
    },
    {
        "date": "2020-09-11T15:34:51Z",
        "value": "471179.7300682068",
        "cumulative": true
    },
    {
        "date": "2020-09-11T15:35:09Z",
        "value": "472492.1261520386",
        "cumulative": true
    },
    {
        "date": "2020-09-11T15:35:20Z",
        "value": "473200.0078125",
        "cumulative": true
    },
    {
        "date": "2020-09-11T15:35:40Z",
        "value": "474549.753452301",
        "cumulative": true
    },
    {
        "date": "2020-09-11T15:35:54Z",
        "value": "475563.9116077423",
        "cumulative": true
    },
    {
        "date": "2020-09-11T15:36:06Z",
        "value": "476286.39918518066",
        "cumulative": true
    },
    {
        "date": "2020-09-11T15:36:23Z",
        "value": "477519.64399147034",
        "cumulative": true
    },
    {
        "date": "2020-09-11T15:36:43Z",
        "value": "478899.72205352783",
        "cumulative": true
    },
    {
        "date": "2020-09-11T15:36:57Z",
        "value": "479755.54442214966",
        "cumulative": true
    },
    {
        "date": "2020-09-11T15:37:15Z",
        "value": "481048.2773628235",
        "cumulative": true
    },
    {
        "date": "2020-09-11T15:37:30Z",
        "value": "482038.4360961914",
        "cumulative": true
    },
    {
        "date": "2020-09-11T15:37:44Z",
        "value": "483011.19685935974",
        "cumulative": true
    },
    {
        "date": "2020-09-11T15:37:55Z",
        "value": "483709.99379730225",
        "cumulative": true
    },
    {
        "date": "2020-09-11T15:38:05Z",
        "value": "484404.41746520996",
        "cumulative": true
    },
    {
        "date": "2020-09-11T15:38:15Z",
        "value": "485071.7505569458",
        "cumulative": true
    },
    {
        "date": "2020-09-11T15:38:33Z",
        "value": "486354.76947021484",
        "cumulative": true
    },
    {
        "date": "2020-09-11T15:38:49Z",
        "value": "487367.6562347412",
        "cumulative": true
    },
    {
        "date": "2020-09-11T15:39:03Z",
        "value": "488044.8098258972",
        "cumulative": true
    }
]