[
    {
        "date": "2020-09-11T14:32:37Z",
        "value": "0.0009593963623046875",
        "cumulative": true
    },
    {
        "date": "2020-09-11T14:32:57Z",
        "value": "16.850104331970215",
        "cumulative": true
    },
    {
        "date": "2020-09-11T14:33:13Z",
        "value": "94.7245512008667",
        "cumulative": true
    },
    {
        "date": "2020-09-11T14:33:26Z",
        "value": "628.6497688293457",
        "cumulative": true
    },
    {
        "date": "2020-09-11T14:33:44Z",
        "value": "2426.6382637023926",
        "cumulative": true
    },
    {
        "date": "2020-09-11T14:34:04Z",
        "value": "4539.852370262146",
        "cumulative": true
    },
    {
        "date": "2020-09-11T14:34:15Z",
        "value": "5765.563097953796",
        "cumulative": true
    },
    {
        "date": "2020-09-11T14:34:35Z",
        "value": "8302.763619422913",
        "cumulative": true
    },
    {
        "date": "2020-09-11T14:34:54Z",
        "value": "10961.085639953613",
        "cumulative": true
    },
    {
        "date": "2020-09-11T14:35:07Z",
        "value": "11887.912428855896",
        "cumulative": true
    },
    {
        "date": "2020-09-11T14:35:19Z",
        "value": "14000.387113571167",
        "cumulative": true
    },
    {
        "date": "2020-09-11T14:35:34Z",
        "value": "15227.826939582825",
        "cumulative": true
    },
    {
        "date": "2020-09-11T14:35:45Z",
        "value": "17549.23053741455",
        "cumulative": true
    },
    {
        "date": "2020-09-11T14:35:55Z",
        "value": "18230.790979385376",
        "cumulative": true
    },
    {
        "date": "2020-09-11T14:36:06Z",
        "value": "19589.385369300842",
        "cumulative": true
    },
    {
        "date": "2020-09-11T14:36:20Z",
        "value": "22143.140979766846",
        "cumulative": true
    },
    {
        "date": "2020-09-11T14:36:31Z",
        "value": "22980.163146972656",
        "cumulative": true
    },
    {
        "date": "2020-09-11T14:36:51Z",
        "value": "25815.686053276062",
        "cumulative": true
    },
    {
        "date": "2020-09-11T14:37:10Z",
        "value": "28498.622460365295",
        "cumulative": true
    },
    {
        "date": "2020-09-11T14:37:23Z",
        "value": "29360.985531806946",
        "cumulative": true
    },
    {
        "date": "2020-09-11T14:37:37Z",
        "value": "31738.865443229675",
        "cumulative": true
    },
    {
        "date": "2020-09-11T14:37:56Z",
        "value": "35229.61399269104",
        "cumulative": true
    },
    {
        "date": "2020-09-11T14:38:07Z",
        "value": "36040.40090751648",
        "cumulative": true
    },
    {
        "date": "2020-09-11T14:38:27Z",
        "value": "37386.56772041321",
        "cumulative": true
    },
    {
        "date": "2020-09-11T14:38:43Z",
        "value": "40472.47128391266",
        "cumulative": true
    },
    {
        "date": "2020-09-11T14:38:57Z",
        "value": "43211.92289829254",
        "cumulative": true
    },
    {
        "date": "2020-09-11T14:39:07Z",
        "value": "44585.07301616669",
        "cumulative": true
    },
    {
        "date": "2020-09-11T14:39:25Z",
        "value": "45795.841685295105",
        "cumulative": true
    },
    {
        "date": "2020-09-11T14:39:40Z",
        "value": "46833.20131969452",
        "cumulative": true
    },
    {
        "date": "2020-09-11T14:39:58Z",
        "value": "49258.1475610733",
        "cumulative": true
    },
    {
        "date": "2020-09-11T14:40:15Z",
        "value": "53114.28816509247",
        "cumulative": true
    },
    {
        "date": "2020-09-11T14:40:28Z",
        "value": "55725.92465019226",
        "cumulative": true
    },
    {
        "date": "2020-09-11T14:40:48Z",
        "value": "57059.67037010193",
        "cumulative": true
    },
    {
        "date": "2020-09-11T14:41:03Z",
        "value": "58082.02960777283",
        "cumulative": true
    },
    {
        "date": "2020-09-11T14:41:18Z",
        "value": "59101.89120674133",
        "cumulative": true
    },
    {
        "date": "2020-09-11T14:41:34Z",
        "value": "60722.295731544495",
        "cumulative": true
    },
    {
        "date": "2020-09-11T14:41:48Z",
        "value": "63607.3502702713",
        "cumulative": true
    },
    {
        "date": "2020-09-11T14:42:01Z",
        "value": "66190.84365177155",
        "cumulative": true
    },
    {
        "date": "2020-09-11T14:42:17Z",
        "value": "69558.66747570038",
        "cumulative": true
    },
    {
        "date": "2020-09-11T14:42:31Z",
        "value": "71028.11383628845",
        "cumulative": true
    },
    {
        "date": "2020-09-11T14:42:50Z",
        "value": "72292.91591072083",
        "cumulative": true
    },
    {
        "date": "2020-09-11T14:43:03Z",
        "value": "73172.15361976624",
        "cumulative": true
    },
    {
        "date": "2020-09-11T14:43:21Z",
        "value": "74424.29130363464",
        "cumulative": true
    },
    {
        "date": "2020-09-11T14:43:33Z",
        "value": "75201.80918121338",
        "cumulative": true
    },
    {
        "date": "2020-09-11T14:43:48Z",
        "value": "77566.9391374588",
        "cumulative": true
    },
    {
        "date": "2020-09-11T14:43:59Z",
        "value": "79894.0005941391",
        "cumulative": true
    },
    {
        "date": "2020-09-11T14:44:10Z",
        "value": "82447.24302577972",
        "cumulative": true
    },
    {
        "date": "2020-09-11T14:44:30Z",
        "value": "86667.51200008392",
        "cumulative": true
    },
    {
        "date": "2020-09-11T14:44:47Z",
        "value": "89262.26890468597",
        "cumulative": true
    },
    {
        "date": "2020-09-11T14:45:03Z",
        "value": "90320.8822259903",
        "cumulative": true
    },
    {
        "date": "2020-09-11T14:45:23Z",
        "value": "91601.87164402008",
        "cumulative": true
    },
    {
        "date": "2020-09-11T14:45:41Z",
        "value": "92760.87558460236",
        "cumulative": true
    },
    {
        "date": "2020-09-11T14:45:53Z",
        "value": "93533.82637882233",
        "cumulative": true
    },
    {
        "date": "2020-09-11T14:46:05Z",
        "value": "94314.02361392975",
        "cumulative": true
    },
    {
        "date": "2020-09-11T14:46:24Z",
        "value": "96099.25436210632",
        "cumulative": true
    },
    {
        "date": "2020-09-11T14:46:42Z",
        "value": "99802.97802734375",
        "cumulative": true
    },
    {
        "date": "2020-09-11T14:47:02Z",
        "value": "103811.71380996704",
        "cumulative": true
    },
    {
        "date": "2020-09-11T14:47:14Z",
        "value": "106495.91857528687",
        "cumulative": true
    },
    {
        "date": "2020-09-11T14:47:27Z",
        "value": "109280.42456245422",
        "cumulative": true
    },
    {
        "date": "2020-09-11T14:47:44Z",
        "value": "112443.23055744171",
        "cumulative": true
    },
    {
        "date": "2020-09-11T14:48:04Z",
        "value": "113729.36908626556",
        "cumulative": true
    },
    {
        "date": "2020-09-11T14:48:20Z",
        "value": "114780.57684993744",
        "cumulative": true
    },
    {
        "date": "2020-09-11T14:48:34Z",
        "value": "115696.59249782562",
        "cumulative": true
    },
    {
        "date": "2020-09-11T14:48:51Z",
        "value": "116853.25877857208",
        "cumulative": true
    },
    {
        "date": "2020-09-11T14:49:05Z",
        "value": "117766.32498836517",
        "cumulative": true
    },
    {
        "date": "2020-09-11T14:49:20Z",
        "value": "118684.11946773529",
        "cumulative": true
    },
    {
        "date": "2020-09-11T14:49:34Z",
        "value": "119679.94112491608",
        "cumulative": true
    },
    {
        "date": "2020-09-11T14:49:48Z",
        "value": "120722.22205734253",
        "cumulative": true
    },
    {
        "date": "2020-09-11T14:50:04Z",
        "value": "124294.79972076416",
        "cumulative": true
    },
    {
        "date": "2020-09-11T14:50:19Z",
        "value": "127295.07434654236",
        "cumulative": true
    },
    {
        "date": "2020-09-11T14:50:38Z",
        "value": "131192.9563522339",
        "cumulative": true
    },
    {
        "date": "2020-09-11T14:50:50Z",
        "value": "133698.64546966553",
        "cumulative": true
    },
    {
        "date": "2020-09-11T14:51:04Z",
        "value": "136756.96363639832",
        "cumulative": true
    },
    {
        "date": "2020-09-11T14:51:15Z",
        "value": "138889.81664085388",
        "cumulative": true
    },
    {
        "date": "2020-09-11T14:51:29Z",
        "value": "141694.33220100403",
        "cumulative": true
    },
    {
        "date": "2020-09-11T14:51:40Z",
        "value": "142437.7714662552",
        "cumulative": true
    },
    {
        "date": "2020-09-11T14:51:54Z",
        "value": "143293.59587574005",
        "cumulative": true
    },
    {
        "date": "2020-09-11T14:52:06Z",
        "value": "144131.56532764435",
        "cumulative": true
    },
    {
        "date": "2020-09-11T14:52:18Z",
        "value": "144885.090798378",
        "cumulative": true
    },
    {
        "date": "2020-09-11T14:52:36Z",
        "value": "146105.66869831085",
        "cumulative": true
    },
    {
        "date": "2020-09-11T14:52:50Z",
        "value": "146983.15202999115",
        "cumulative": true
    },
    {
        "date": "2020-09-11T14:53:06Z",
        "value": "148025.19887065887",
        "cumulative": true
    },
    {
        "date": "2020-09-11T14:53:19Z",
        "value": "148869.65983104706",
        "cumulative": true
    },
    {
        "date": "2020-09-11T14:53:35Z",
        "value": "149990.43657398224",
        "cumulative": true
    },
    {
        "date": "2020-09-11T14:53:55Z",
        "value": "151253.08912944794",
        "cumulative": true
    },
    {
        "date": "2020-09-11T14:54:14Z",
        "value": "153221.86641693115",
        "cumulative": true
    },
    {
        "date": "2020-09-11T14:54:30Z",
        "value": "156574.51711845398",
        "cumulative": true
    },
    {
        "date": "2020-09-11T14:54:41Z",
        "value": "159156.45783805847",
        "cumulative": true
    },
    {
        "date": "2020-09-11T14:54:56Z",
        "value": "162423.34019851685",
        "cumulative": true
    },
    {
        "date": "2020-09-11T14:55:15Z",
        "value": "166639.22777938843",
        "cumulative": true
    },
    {
        "date": "2020-09-11T14:55:30Z",
        "value": "169590.59203720093",
        "cumulative": true
    },
    {
        "date": "2020-09-11T14:55:46Z",
        "value": "173059.9151687622",
        "cumulative": true
    },
    {
        "date": "2020-09-11T14:56:00Z",
        "value": "176005.2724094391",
        "cumulative": true
    },
    {
        "date": "2020-09-11T14:56:18Z",
        "value": "179160.2149438858",
        "cumulative": true
    },
    {
        "date": "2020-09-11T14:56:37Z",
        "value": "180422.6516160965",
        "cumulative": true
    },
    {
        "date": "2020-09-11T14:56:50Z",
        "value": "181256.61042881012",
        "cumulative": true
    },
    {
        "date": "2020-09-11T14:57:04Z",
        "value": "182228.3529024124",
        "cumulative": true
    },
    {
        "date": "2020-09-11T14:57:16Z",
        "value": "182948.95205020905",
        "cumulative": true
    },
    {
        "date": "2020-09-11T14:57:34Z",
        "value": "184149.62652111053",
        "cumulative": true
    },
    {
        "date": "2020-09-11T14:57:50Z",
        "value": "185201.9749727249",
        "cumulative": true
    },
    {
        "date": "2020-09-11T14:58:00Z",
        "value": "185910.44552135468",
        "cumulative": true
    },
    {
        "date": "2020-09-11T14:58:14Z",
        "value": "186863.87801647186",
        "cumulative": true
    },
    {
        "date": "2020-09-11T14:58:25Z",
        "value": "187571.1184949875",
        "cumulative": true
    },
    {
        "date": "2020-09-11T14:58:40Z",
        "value": "188528.01847171783",
        "cumulative": true
    },
    {
        "date": "2020-09-11T14:58:50Z",
        "value": "189200.82037258148",
        "cumulative": true
    },
    {
        "date": "2020-09-11T14:59:09Z",
        "value": "190499.03145694733",
        "cumulative": true
    },
    {
        "date": "2020-09-11T14:59:28Z",
        "value": "191756.21903705597",
        "cumulative": true
    },
    {
        "date": "2020-09-11T14:59:41Z",
        "value": "193573.4441242218",
        "cumulative": true
    },
    {
        "date": "2020-09-11T14:59:51Z",
        "value": "195812.72980690002",
        "cumulative": true
    },
    {
        "date": "2020-09-11T15:00:05Z",
        "value": "198972.6215839386",
        "cumulative": true
    },
    {
        "date": "2020-09-11T15:00:17Z",
        "value": "201541.5138874054",
        "cumulative": true
    },
    {
        "date": "2020-09-11T15:00:31Z",
        "value": "204657.64738464355",
        "cumulative": true
    },
    {
        "date": "2020-09-11T15:00:43Z",
        "value": "207217.23238945007",
        "cumulative": true
    },
    {
        "date": "2020-09-11T15:00:53Z",
        "value": "209475.23079681396",
        "cumulative": true
    },
    {
        "date": "2020-09-11T15:01:11Z",
        "value": "213533.23795890808",
        "cumulative": true
    },
    {
        "date": "2020-09-11T15:01:22Z",
        "value": "216133.6334991455",
        "cumulative": true
    },
    {
        "date": "2020-09-11T15:01:34Z",
        "value": "218623.14713478088",
        "cumulative": true
    },
    {
        "date": "2020-09-11T15:01:47Z",
        "value": "221375.6566028595",
        "cumulative": true
    },
    {
        "date": "2020-09-11T15:01:59Z",
        "value": "223931.2226371765",
        "cumulative": true
    },
    {
        "date": "2020-09-11T15:02:10Z",
        "value": "226130.4574842453",
        "cumulative": true
    },
    {
        "date": "2020-09-11T15:02:22Z",
        "value": "226921.10149288177",
        "cumulative": true
    },
    {
        "date": "2020-09-11T15:02:41Z",
        "value": "228249.64342021942",
        "cumulative": true
    },
    {
        "date": "2020-09-11T15:03:00Z",
        "value": "229453.62705898285",
        "cumulative": true
    },
    {
        "date": "2020-09-11T15:03:15Z",
        "value": "230445.24419879913",
        "cumulative": true
    },
    {
        "date": "2020-09-11T15:03:25Z",
        "value": "231126.338681221",
        "cumulative": true
    },
    {
        "date": "2020-09-11T15:03:39Z",
        "value": "232101.43407344818",
        "cumulative": true
    },
    {
        "date": "2020-09-11T15:03:59Z",
        "value": "233441.44480228424",
        "cumulative": true
    },
    {
        "date": "2020-09-11T15:04:11Z",
        "value": "234278.49590587616",
        "cumulative": true
    },
    {
        "date": "2020-09-11T15:04:24Z",
        "value": "235115.3422384262",
        "cumulative": true
    },
    {
        "date": "2020-09-11T15:04:37Z",
        "value": "235868.7893781662",
        "cumulative": true
    },
    {
        "date": "2020-09-11T15:04:53Z",
        "value": "236958.38254070282",
        "cumulative": true
    },
    {
        "date": "2020-09-11T15:05:08Z",
        "value": "237914.80579090118",
        "cumulative": true
    },
    {
        "date": "2020-09-11T15:05:22Z",
        "value": "238864.26605129242",
        "cumulative": true
    },
    {
        "date": "2020-09-11T15:05:35Z",
        "value": "239759.107796669",
        "cumulative": true
    },
    {
        "date": "2020-09-11T15:05:46Z",
        "value": "240475.13517093658",
        "cumulative": true
    },
    {
        "date": "2020-09-11T15:05:59Z",
        "value": "241222.2356481552",
        "cumulative": true
    },
    {
        "date": "2020-09-11T15:06:13Z",
        "value": "242219.5971403122",
        "cumulative": true
    },
    {
        "date": "2020-09-11T15:06:28Z",
        "value": "244174.06765651703",
        "cumulative": true
    },
    {
        "date": "2020-09-11T15:06:42Z",
        "value": "247262.48206996918",
        "cumulative": true
    },
    {
        "date": "2020-09-11T15:06:53Z",
        "value": "249998.357796669",
        "cumulative": true
    },
    {
        "date": "2020-09-11T15:07:08Z",
        "value": "253065.417096138",
        "cumulative": true
    },
    {
        "date": "2020-09-11T15:07:20Z",
        "value": "255629.0486688614",
        "cumulative": true
    },
    {
        "date": "2020-09-11T15:07:38Z",
        "value": "259690.27887630463",
        "cumulative": true
    },
    {
        "date": "2020-09-11T15:07:52Z",
        "value": "262549.35475444794",
        "cumulative": true
    },
    {
        "date": "2020-09-11T15:08:06Z",
        "value": "265824.66317272186",
        "cumulative": true
    },
    {
        "date": "2020-09-11T15:08:21Z",
        "value": "269059.65243053436",
        "cumulative": true
    },
    {
        "date": "2020-09-11T15:08:39Z",
        "value": "272758.7588605881",
        "cumulative": true
    },
    {
        "date": "2020-09-11T15:08:55Z",
        "value": "276296.6236085892",
        "cumulative": true
    },
    {
        "date": "2020-09-11T15:09:08Z",
        "value": "279099.80352306366",
        "cumulative": true
    },
    {
        "date": "2020-09-11T15:09:18Z",
        "value": "281444.50838184357",
        "cumulative": true
    },
    {
        "date": "2020-09-11T15:09:29Z",
        "value": "283808.2339220047",
        "cumulative": true
    },
    {
        "date": "2020-09-11T15:09:43Z",
        "value": "285944.2893791199",
        "cumulative": true
    },
    {
        "date": "2020-09-11T15:10:01Z",
        "value": "287120.67485046387",
        "cumulative": true
    },
    {
        "date": "2020-09-11T15:10:14Z",
        "value": "288071.35834503174",
        "cumulative": true
    },
    {
        "date": "2020-09-11T15:10:31Z",
        "value": "289202.2733860016",
        "cumulative": true
    },
    {
        "date": "2020-09-11T15:10:50Z",
        "value": "290472.1596279144",
        "cumulative": true
    },
    {
        "date": "2020-09-11T15:11:03Z",
        "value": "291432.5047836304",
        "cumulative": true
    },
    {
        "date": "2020-09-11T15:11:23Z",
        "value": "292716.2431259155",
        "cumulative": true
    },
    {
        "date": "2020-09-11T15:11:33Z",
        "value": "293400.47159957886",
        "cumulative": true
    },
    {
        "date": "2020-09-11T15:11:49Z",
        "value": "294482.7749481201",
        "cumulative": true
    },
    {
        "date": "2020-09-11T15:12:00Z",
        "value": "295268.4256706238",
        "cumulative": true
    },
    {
        "date": "2020-09-11T15:12:12Z",
        "value": "296085.14185905457",
        "cumulative": true
    },
    {
        "date": "2020-09-11T15:12:28Z",
        "value": "297174.7217140198",
        "cumulative": true
    },
    {
        "date": "2020-09-11T15:12:48Z",
        "value": "298454.73514175415",
        "cumulative": true
    },
    {
        "date": "2020-09-11T15:13:06Z",
        "value": "299685.5337944031",
        "cumulative": true
    },
    {
        "date": "2020-09-11T15:13:21Z",
        "value": "300743.16679763794",
        "cumulative": true
    },
    {
        "date": "2020-09-11T15:13:39Z",
        "value": "301884.82946395874",
        "cumulative": true
    },
    {
        "date": "2020-09-11T15:13:50Z",
        "value": "302648.225233078",
        "cumulative": true
    },
    {
        "date": "2020-09-11T15:14:03Z",
        "value": "303507.9775161743",
        "cumulative": true
    },
    {
        "date": "2020-09-11T15:14:13Z",
        "value": "304198.69320106506",
        "cumulative": true
    },
    {
        "date": "2020-09-11T15:14:27Z",
        "value": "305189.15348625183",
        "cumulative": true
    },
    {
        "date": "2020-09-11T15:14:42Z",
        "value": "306131.47711753845",
        "cumulative": true
    },
    {
        "date": "2020-09-11T15:14:52Z",
        "value": "307207.4139623642",
        "cumulative": true
    },
    {
        "date": "2020-09-11T15:15:02Z",
        "value": "309366.6184091568",
        "cumulative": true
    },
    {
        "date": "2020-09-11T15:15:21Z",
        "value": "313549.9176492691",
        "cumulative": true
    },
    {
        "date": "2020-09-11T15:15:35Z",
        "value": "316715.7223405838",
        "cumulative": true
    },
    {
        "date": "2020-09-11T15:15:47Z",
        "value": "319136.2711305618",
        "cumulative": true
    },
    {
        "date": "2020-09-11T15:16:01Z",
        "value": "322297.53786182404",
        "cumulative": true
    },
    {
        "date": "2020-09-11T15:16:15Z",
        "value": "325327.41807460785",
        "cumulative": true
    },
    {
        "date": "2020-09-11T15:16:26Z",
        "value": "327993.84391498566",
        "cumulative": true
    },
    {
        "date": "2020-09-11T15:16:41Z",
        "value": "331055.51613903046",
        "cumulative": true
    },
    {
        "date": "2020-09-11T15:16:54Z",
        "value": "333926.01998806",
        "cumulative": true
    },
    {
        "date": "2020-09-11T15:17:11Z",
        "value": "337950.1194086075",
        "cumulative": true
    },
    {
        "date": "2020-09-11T15:17:26Z",
        "value": "341187.1185655594",
        "cumulative": true
    },
    {
        "date": "2020-09-11T15:17:40Z",
        "value": "344345.89029979706",
        "cumulative": true
    },
    {
        "date": "2020-09-11T15:18:00Z",
        "value": "348203.8128671646",
        "cumulative": true
    },
    {
        "date": "2020-09-11T15:18:12Z",
        "value": "351128.72575473785",
        "cumulative": true
    },
    {
        "date": "2020-09-11T15:18:27Z",
        "value": "354559.7238435745",
        "cumulative": true
    },
    {
        "date": "2020-09-11T15:18:44Z",
        "value": "358376.5699853897",
        "cumulative": true
    },
    {
        "date": "2020-09-11T15:19:01Z",
        "value": "360995.4545536041",
        "cumulative": true
    },
    {
        "date": "2020-09-11T15:19:15Z",
        "value": "361961.1470413208",
        "cumulative": true
    },
    {
        "date": "2020-09-11T15:19:34Z",
        "value": "363284.094417572",
        "cumulative": true
    },
    {
        "date": "2020-09-11T15:19:49Z",
        "value": "364201.5844078064",
        "cumulative": true
    },
    {
        "date": "2020-09-11T15:20:01Z",
        "value": "365092.3528022766",
        "cumulative": true
    },
    {
        "date": "2020-09-11T15:20:17Z",
        "value": "366068.53324890137",
        "cumulative": true
    },
    {
        "date": "2020-09-11T15:20:28Z",
        "value": "366822.42416381836",
        "cumulative": true
    },
    {
        "date": "2020-09-11T15:20:45Z",
        "value": "367951.58324432373",
        "cumulative": true
    },
    {
        "date": "2020-09-11T15:20:57Z",
        "value": "368798.8760585785",
        "cumulative": true
    },
    {
        "date": "2020-09-11T15:21:10Z",
        "value": "369700.2765636444",
        "cumulative": true
    },
    {
        "date": "2020-09-11T15:21:26Z",
        "value": "370816.3332309723",
        "cumulative": true
    },
    {
        "date": "2020-09-11T15:21:38Z",
        "value": "371604.88353157043",
        "cumulative": true
    },
    {
        "date": "2020-09-11T15:21:54Z",
        "value": "372672.09891319275",
        "cumulative": true
    },
    {
        "date": "2020-09-11T15:22:04Z",
        "value": "373404.2775707245",
        "cumulative": true
    },
    {
        "date": "2020-09-11T15:22:19Z",
        "value": "374307.99601745605",
        "cumulative": true
    },
    {
        "date": "2020-09-11T15:22:38Z",
        "value": "375614.6275577545",
        "cumulative": true
    },
    {
        "date": "2020-09-11T15:22:56Z",
        "value": "376782.44649505615",
        "cumulative": true
    },
    {
        "date": "2020-09-11T15:23:12Z",
        "value": "377838.2947444916",
        "cumulative": true
    },
    {
        "date": "2020-09-11T15:23:23Z",
        "value": "378548.5383281708",
        "cumulative": true
    },
    {
        "date": "2020-09-11T15:23:38Z",
        "value": "379587.9118080139",
        "cumulative": true
    },
    {
        "date": "2020-09-11T15:23:55Z",
        "value": "380682.4284133911",
        "cumulative": true
    },
    {
        "date": "2020-09-11T15:24:05Z",
        "value": "381389.6281681061",
        "cumulative": true
    },
    {
        "date": "2020-09-11T15:24:16Z",
        "value": "382091.1718387604",
        "cumulative": true
    },
    {
        "date": "2020-09-11T15:24:31Z",
        "value": "383106.79110717773",
        "cumulative": true
    },
    {
        "date": "2020-09-11T15:24:46Z",
        "value": "384125.57305336",
        "cumulative": true
    },
    {
        "date": "2020-09-11T15:25:03Z",
        "value": "385262.0348186493",
        "cumulative": true
    },
    {
        "date": "2020-09-11T15:25:19Z",
        "value": "386327.2618598938",
        "cumulative": true
    },
    {
        "date": "2020-09-11T15:25:38Z",
        "value": "388209.22044563293",
        "cumulative": true
    },
    {
        "date": "2020-09-11T15:25:52Z",
        "value": "391570.5770072937",
        "cumulative": true
    },
    {
        "date": "2020-09-11T15:26:08Z",
        "value": "395285.693693161",
        "cumulative": true
    },
    {
        "date": "2020-09-11T15:26:26Z",
        "value": "398966.4782028198",
        "cumulative": true
    },
    {
        "date": "2020-09-11T15:26:44Z",
        "value": "403049.98173332214",
        "cumulative": true
    },
    {
        "date": "2020-09-11T15:26:59Z",
        "value": "406368.6862678528",
        "cumulative": true
    },
    {
        "date": "2020-09-11T15:27:12Z",
        "value": "409128.05010795593",
        "cumulative": true
    },
    {
        "date": "2020-09-11T15:27:32Z",
        "value": "413346.6146030426",
        "cumulative": true
    },
    {
        "date": "2020-09-11T15:27:42Z",
        "value": "415606.6393890381",
        "cumulative": true
    },
    {
        "date": "2020-09-11T15:27:56Z",
        "value": "418608.93599128723",
        "cumulative": true
    },
    {
        "date": "2020-09-11T15:28:15Z",
        "value": "422725.68561553955",
        "cumulative": true
    },
    {
        "date": "2020-09-11T15:28:33Z",
        "value": "426698.4881629944",
        "cumulative": true
    },
    {
        "date": "2020-09-11T15:28:50Z",
        "value": "430328.0355358124",
        "cumulative": true
    },
    {
        "date": "2020-09-11T15:29:10Z",
        "value": "434762.020072937",
        "cumulative": true
    },
    {
        "date": "2020-09-11T15:29:26Z",
        "value": "438290.4461402893",
        "cumulative": true
    },
    {
        "date": "2020-09-11T15:29:44Z",
        "value": "442169.75796699524",
        "cumulative": true
    },
    {
        "date": "2020-09-11T15:30:02Z",
        "value": "446261.3800201416",
        "cumulative": true
    },
    {
        "date": "2020-09-11T15:30:19Z",
        "value": "449873.3992958069",
        "cumulative": true
    },
    {
        "date": "2020-09-11T15:30:29Z",
        "value": "452057.022190094",
        "cumulative": true
    },
    {
        "date": "2020-09-11T15:30:39Z",
        "value": "454511.18882751465",
        "cumulative": true
    },
    {
        "date": "2020-09-11T15:30:55Z",
        "value": "456158.92518520355",
        "cumulative": true
    },
    {
        "date": "2020-09-11T15:31:06Z",
        "value": "456873.58030605316",
        "cumulative": true
    },
    {
        "date": "2020-09-11T15:31:21Z",
        "value": "457893.60015010834",
        "cumulative": true
    },
    {
        "date": "2020-09-11T15:31:33Z",
        "value": "458821.1750383377",
        "cumulative": true
    },
    {
        "date": "2020-09-11T15:31:50Z",
        "value": "459945.63932323456",
        "cumulative": true
    },
    {
        "date": "2020-09-11T15:32:07Z",
        "value": "461178.0864534378",
        "cumulative": true
    },
    {
        "date": "2020-09-11T15:32:18Z",
        "value": "461883.28428173065",
        "cumulative": true
    },
    {
        "date": "2020-09-11T15:32:33Z",
        "value": "462912.13509082794",
        "cumulative": true
    },
    {
        "date": "2020-09-11T15:32:48Z",
        "value": "463959.37505817413",
        "cumulative": true
    },
    {
        "date": "2020-09-11T15:33:08Z",
        "value": "465321.71613407135",
        "cumulative": true
    },
    {
        "date": "2020-09-11T15:33:27Z",
        "value": "466585.85144519806",
        "cumulative": true
    },
    {
        "date": "2020-09-11T15:33:42Z",
        "value": "467636.70580005646",
        "cumulative": true
    },
    {
        "date": "2020-09-11T15:33:57Z",
        "value": "468641.8539838791",
        "cumulative": true
    },
    {
        "date": "2020-09-11T15:34:15Z",
        "value": "469961.83507823944",
        "cumulative": true
    },
    {
        "date": "2020-09-11T15:34:25Z",
        "value": "470637.1896505356",
        "cumulative": true
    },
    {
        "date": "2020-09-11T15:34:45Z",
        "value": "471984.2631807327",
        "cumulative": true
    },
    {
        "date": "2020-09-11T15:34:56Z",
        "value": "472657.21610736847",
        "cumulative": true
    },
    {
        "date": "2020-09-11T15:35:06Z",
        "value": "473341.38676929474",
        "cumulative": true
    },
    {
        "date": "2020-09-11T15:35:25Z",
        "value": "474683.9456243515",
        "cumulative": true
    },
    {
        "date": "2020-09-11T15:35:41Z",
        "value": "475709.7300977707",
        "cumulative": true
    },
    {
        "date": "2020-09-11T15:35:55Z",
        "value": "476727.93425655365",
        "cumulative": true
    },
    {
        "date": "2020-09-11T15:36:11Z",
        "value": "477781.78636074066",
        "cumulative": true
    },
    {
        "date": "2020-09-11T15:36:22Z",
        "value": "478511.9893770218",
        "cumulative": true
    },
    {
        "date": "2020-09-11T15:36:33Z",
        "value": "479216.3289117813",
        "cumulative": true
    },
    {
        "date": "2020-09-11T15:36:45Z",
        "value": "480090.99871349335",
        "cumulative": true
    },
    {
        "date": "2020-09-11T15:37:00Z",
        "value": "481136.57720661163",
        "cumulative": true
    },
    {
        "date": "2020-09-11T15:37:12Z",
        "value": "481939.5002222061",
        "cumulative": true
    },
    {
        "date": "2020-09-11T15:37:27Z",
        "value": "483125.1535329819",
        "cumulative": true
    },
    {
        "date": "2020-09-11T15:37:41Z",
        "value": "483909.5157251358",
        "cumulative": true
    },
    {
        "date": "2020-09-11T15:37:55Z",
        "value": "484855.8586053848",
        "cumulative": true
    },
    {
        "date": "2020-09-11T15:38:12Z",
        "value": "485988.446600914",
        "cumulative": true
    },
    {
        "date": "2020-09-11T15:38:23Z",
        "value": "486826.75945568085",
        "cumulative": true
    },
    {
        "date": "2020-09-11T15:38:40Z",
        "value": "487876.7587080002",
        "cumulative": true
    },
    {
        "date": "2020-09-11T15:38:57Z",
        "value": "489033.22533512115",
        "cumulative": true
    }
]