[
    {
        "date": "2020-09-11T14:32:30Z",
        "value": "3.80078125",
        "cumulative": false
    },
    {
        "date": "2020-09-11T14:32:45Z",
        "value": "33.22265625",
        "cumulative": false
    },
    {
        "date": "2020-09-11T14:33:01Z",
        "value": "1054.88671875",
        "cumulative": false
    },
    {
        "date": "2020-09-11T14:33:16Z",
        "value": "1055.1875",
        "cumulative": false
    },
    {
        "date": "2020-09-11T14:33:33Z",
        "value": "1063.5859375",
        "cumulative": false
    },
    {
        "date": "2020-09-11T14:33:47Z",
        "value": "1072.5546875",
        "cumulative": false
    },
    {
        "date": "2020-09-11T14:34:02Z",
        "value": "1081.2890625",
        "cumulative": false
    },
    {
        "date": "2020-09-11T14:34:16Z",
        "value": "1087.52734375",
        "cumulative": false
    },
    {
        "date": "2020-09-11T14:34:27Z",
        "value": "1095.390625",
        "cumulative": false
    },
    {
        "date": "2020-09-11T14:34:44Z",
        "value": "1105.30859375",
        "cumulative": false
    },
    {
        "date": "2020-09-11T14:34:57Z",
        "value": "1117.828125",
        "cumulative": false
    },
    {
        "date": "2020-09-11T14:35:11Z",
        "value": "1130.03125",
        "cumulative": false
    },
    {
        "date": "2020-09-11T14:35:24Z",
        "value": "1133.63671875",
        "cumulative": false
    },
    {
        "date": "2020-09-11T14:35:41Z",
        "value": "1149.046875",
        "cumulative": false
    },
    {
        "date": "2020-09-11T14:35:59Z",
        "value": "1153.609375",
        "cumulative": false
    },
    {
        "date": "2020-09-11T14:36:15Z",
        "value": "1172.109375",
        "cumulative": false
    },
    {
        "date": "2020-09-11T14:36:31Z",
        "value": "1177.859375",
        "cumulative": false
    },
    {
        "date": "2020-09-11T14:36:44Z",
        "value": "1201.42578125",
        "cumulative": false
    },
    {
        "date": "2020-09-11T14:37:01Z",
        "value": "1208.69921875",
        "cumulative": false
    },
    {
        "date": "2020-09-11T14:37:12Z",
        "value": "1208.69921875",
        "cumulative": false
    },
    {
        "date": "2020-09-11T14:37:25Z",
        "value": "1208.69921875",
        "cumulative": false
    },
    {
        "date": "2020-09-11T14:37:44Z",
        "value": "1238.18359375",
        "cumulative": false
    },
    {
        "date": "2020-09-11T14:38:01Z",
        "value": "1247.359375",
        "cumulative": false
    },
    {
        "date": "2020-09-11T14:38:17Z",
        "value": "1247.359375",
        "cumulative": false
    },
    {
        "date": "2020-09-11T14:38:30Z",
        "value": "1284.56640625",
        "cumulative": false
    },
    {
        "date": "2020-09-11T14:38:48Z",
        "value": "1284.56640625",
        "cumulative": false
    },
    {
        "date": "2020-09-11T14:39:01Z",
        "value": "1259.0859375",
        "cumulative": false
    },
    {
        "date": "2020-09-11T14:39:18Z",
        "value": "1259.14453125",
        "cumulative": false
    },
    {
        "date": "2020-09-11T14:39:30Z",
        "value": "1259.14453125",
        "cumulative": false
    },
    {
        "date": "2020-09-11T14:39:45Z",
        "value": "1263.7734375",
        "cumulative": false
    },
    {
        "date": "2020-09-11T14:39:59Z",
        "value": "1306.03515625",
        "cumulative": false
    },
    {
        "date": "2020-09-11T14:40:16Z",
        "value": "1306.03515625",
        "cumulative": false
    },
    {
        "date": "2020-09-11T14:40:34Z",
        "value": "1310.90625",
        "cumulative": false
    },
    {
        "date": "2020-09-11T14:40:45Z",
        "value": "1352.65625",
        "cumulative": false
    },
    {
        "date": "2020-09-11T14:41:02Z",
        "value": "1310.90625",
        "cumulative": false
    },
    {
        "date": "2020-09-11T14:41:12Z",
        "value": "1310.90625",
        "cumulative": false
    },
    {
        "date": "2020-09-11T14:41:26Z",
        "value": "1310.90625",
        "cumulative": false
    },
    {
        "date": "2020-09-11T14:41:37Z",
        "value": "1387.22265625",
        "cumulative": false
    },
    {
        "date": "2020-09-11T14:41:50Z",
        "value": "1370.31640625",
        "cumulative": false
    },
    {
        "date": "2020-09-11T14:42:09Z",
        "value": "1383.31640625",
        "cumulative": false
    },
    {
        "date": "2020-09-11T14:42:19Z",
        "value": "1370.31640625",
        "cumulative": false
    },
    {
        "date": "2020-09-11T14:42:31Z",
        "value": "1376.47265625",
        "cumulative": false
    },
    {
        "date": "2020-09-11T14:42:41Z",
        "value": "1376.40625",
        "cumulative": false
    },
    {
        "date": "2020-09-11T14:42:52Z",
        "value": "1376.47265625",
        "cumulative": false
    },
    {
        "date": "2020-09-11T14:43:06Z",
        "value": "1376.40625",
        "cumulative": false
    },
    {
        "date": "2020-09-11T14:43:22Z",
        "value": "1376.54296875",
        "cumulative": false
    },
    {
        "date": "2020-09-11T14:43:38Z",
        "value": "1376.40625",
        "cumulative": false
    },
    {
        "date": "2020-09-11T14:43:51Z",
        "value": "1451.35546875",
        "cumulative": false
    },
    {
        "date": "2020-09-11T14:44:11Z",
        "value": "1451.33203125",
        "cumulative": false
    },
    {
        "date": "2020-09-11T14:44:21Z",
        "value": "1451.30859375",
        "cumulative": false
    },
    {
        "date": "2020-09-11T14:44:33Z",
        "value": "1526.05859375",
        "cumulative": false
    },
    {
        "date": "2020-09-11T14:44:50Z",
        "value": "1473.078125",
        "cumulative": false
    },
    {
        "date": "2020-09-11T14:45:08Z",
        "value": "1530.55859375",
        "cumulative": false
    },
    {
        "date": "2020-09-11T14:45:22Z",
        "value": "1451.33984375",
        "cumulative": false
    },
    {
        "date": "2020-09-11T14:45:40Z",
        "value": "1451.30859375",
        "cumulative": false
    },
    {
        "date": "2020-09-11T14:45:56Z",
        "value": "1451.44140625",
        "cumulative": false
    },
    {
        "date": "2020-09-11T14:46:11Z",
        "value": "1451.30859375",
        "cumulative": false
    },
    {
        "date": "2020-09-11T14:46:23Z",
        "value": "1558.01953125",
        "cumulative": false
    },
    {
        "date": "2020-09-11T14:46:43Z",
        "value": "1545.8828125",
        "cumulative": false
    },
    {
        "date": "2020-09-11T14:47:01Z",
        "value": "1545.9375",
        "cumulative": false
    },
    {
        "date": "2020-09-11T14:47:18Z",
        "value": "1545.91015625",
        "cumulative": false
    },
    {
        "date": "2020-09-11T14:47:32Z",
        "value": "1545.8828125",
        "cumulative": false
    },
    {
        "date": "2020-09-11T14:47:47Z",
        "value": "1546.00390625",
        "cumulative": false
    },
    {
        "date": "2020-09-11T14:48:02Z",
        "value": "1546.03125",
        "cumulative": false
    },
    {
        "date": "2020-09-11T14:48:17Z",
        "value": "1658.44921875",
        "cumulative": false
    },
    {
        "date": "2020-09-11T14:48:37Z",
        "value": "1545.96484375",
        "cumulative": false
    },
    {
        "date": "2020-09-11T14:48:54Z",
        "value": "1546.00390625",
        "cumulative": false
    },
    {
        "date": "2020-09-11T14:49:14Z",
        "value": "1572.69140625",
        "cumulative": false
    },
    {
        "date": "2020-09-11T14:49:26Z",
        "value": "1545.8828125",
        "cumulative": false
    },
    {
        "date": "2020-09-11T14:49:38Z",
        "value": "1657.07421875",
        "cumulative": false
    },
    {
        "date": "2020-09-11T14:49:50Z",
        "value": "1665.328125",
        "cumulative": false
    },
    {
        "date": "2020-09-11T14:50:04Z",
        "value": "1712.07421875",
        "cumulative": false
    },
    {
        "date": "2020-09-11T14:50:21Z",
        "value": "1665.32421875",
        "cumulative": false
    },
    {
        "date": "2020-09-11T14:50:33Z",
        "value": "1665.328125",
        "cumulative": false
    },
    {
        "date": "2020-09-11T14:50:45Z",
        "value": "1665.328125",
        "cumulative": false
    },
    {
        "date": "2020-09-11T14:51:02Z",
        "value": "1665.32421875",
        "cumulative": false
    },
    {
        "date": "2020-09-11T14:51:17Z",
        "value": "1716.2890625",
        "cumulative": false
    },
    {
        "date": "2020-09-11T14:51:34Z",
        "value": "1665.53515625",
        "cumulative": false
    },
    {
        "date": "2020-09-11T14:51:51Z",
        "value": "1698.32421875",
        "cumulative": false
    },
    {
        "date": "2020-09-11T14:52:04Z",
        "value": "1665.32421875",
        "cumulative": false
    },
    {
        "date": "2020-09-11T14:52:21Z",
        "value": "1665.52734375",
        "cumulative": false
    },
    {
        "date": "2020-09-11T14:52:37Z",
        "value": "1665.4140625",
        "cumulative": false
    },
    {
        "date": "2020-09-11T14:52:54Z",
        "value": "1665.4453125",
        "cumulative": false
    },
    {
        "date": "2020-09-11T14:53:11Z",
        "value": "1665.32421875",
        "cumulative": false
    },
    {
        "date": "2020-09-11T14:53:25Z",
        "value": "1665.453125",
        "cumulative": false
    },
    {
        "date": "2020-09-11T14:53:44Z",
        "value": "1665.34375",
        "cumulative": false
    },
    {
        "date": "2020-09-11T14:54:03Z",
        "value": "1665.42578125",
        "cumulative": false
    },
    {
        "date": "2020-09-11T14:54:18Z",
        "value": "1816.0859375",
        "cumulative": false
    },
    {
        "date": "2020-09-11T14:54:32Z",
        "value": "1816.1796875",
        "cumulative": false
    },
    {
        "date": "2020-09-11T14:54:49Z",
        "value": "1966.5859375",
        "cumulative": false
    },
    {
        "date": "2020-09-11T14:55:00Z",
        "value": "1816.140625",
        "cumulative": false
    },
    {
        "date": "2020-09-11T14:55:15Z",
        "value": "1816.0859375",
        "cumulative": false
    },
    {
        "date": "2020-09-11T14:55:27Z",
        "value": "1816.1796875",
        "cumulative": false
    },
    {
        "date": "2020-09-11T14:55:38Z",
        "value": "1816.1796875",
        "cumulative": false
    },
    {
        "date": "2020-09-11T14:55:50Z",
        "value": "1816.0859375",
        "cumulative": false
    },
    {
        "date": "2020-09-11T14:56:02Z",
        "value": "1816.0859375",
        "cumulative": false
    },
    {
        "date": "2020-09-11T14:56:15Z",
        "value": "1816.1171875",
        "cumulative": false
    },
    {
        "date": "2020-09-11T14:56:30Z",
        "value": "1816.0859375",
        "cumulative": false
    },
    {
        "date": "2020-09-11T14:56:48Z",
        "value": "1816.0859375",
        "cumulative": false
    },
    {
        "date": "2020-09-11T14:57:00Z",
        "value": "1816.21484375",
        "cumulative": false
    },
    {
        "date": "2020-09-11T14:57:13Z",
        "value": "1990.7109375",
        "cumulative": false
    },
    {
        "date": "2020-09-11T14:57:30Z",
        "value": "1816.0859375",
        "cumulative": false
    },
    {
        "date": "2020-09-11T14:57:41Z",
        "value": "1936.3359375",
        "cumulative": false
    },
    {
        "date": "2020-09-11T14:57:55Z",
        "value": "1816.125",
        "cumulative": false
    },
    {
        "date": "2020-09-11T14:58:13Z",
        "value": "2035.8359375",
        "cumulative": false
    },
    {
        "date": "2020-09-11T14:58:27Z",
        "value": "1845.9609375",
        "cumulative": false
    },
    {
        "date": "2020-09-11T14:58:46Z",
        "value": "1816.13671875",
        "cumulative": false
    },
    {
        "date": "2020-09-11T14:59:02Z",
        "value": "1816.12890625",
        "cumulative": false
    },
    {
        "date": "2020-09-11T14:59:13Z",
        "value": "1932.24609375",
        "cumulative": false
    },
    {
        "date": "2020-09-11T14:59:30Z",
        "value": "1816.11328125",
        "cumulative": false
    },
    {
        "date": "2020-09-11T14:59:48Z",
        "value": "2080.03125",
        "cumulative": false
    },
    {
        "date": "2020-09-11T15:00:08Z",
        "value": "2006.51171875",
        "cumulative": false
    },
    {
        "date": "2020-09-11T15:00:18Z",
        "value": "2196.40625",
        "cumulative": false
    },
    {
        "date": "2020-09-11T15:00:37Z",
        "value": "2006.40625",
        "cumulative": false
    },
    {
        "date": "2020-09-11T15:00:52Z",
        "value": "2006.51171875",
        "cumulative": false
    },
    {
        "date": "2020-09-11T15:01:11Z",
        "value": "2006.40625",
        "cumulative": false
    },
    {
        "date": "2020-09-11T15:01:27Z",
        "value": "2006.40625",
        "cumulative": false
    },
    {
        "date": "2020-09-11T15:01:40Z",
        "value": "2119.28125",
        "cumulative": false
    },
    {
        "date": "2020-09-11T15:01:52Z",
        "value": "2006.40625",
        "cumulative": false
    },
    {
        "date": "2020-09-11T15:02:06Z",
        "value": "2006.51171875",
        "cumulative": false
    },
    {
        "date": "2020-09-11T15:02:24Z",
        "value": "2006.40625",
        "cumulative": false
    },
    {
        "date": "2020-09-11T15:02:37Z",
        "value": "2006.41015625",
        "cumulative": false
    },
    {
        "date": "2020-09-11T15:02:52Z",
        "value": "2006.53125",
        "cumulative": false
    },
    {
        "date": "2020-09-11T15:03:06Z",
        "value": "2006.43359375",
        "cumulative": false
    },
    {
        "date": "2020-09-11T15:03:20Z",
        "value": "2006.48046875",
        "cumulative": false
    },
    {
        "date": "2020-09-11T15:03:31Z",
        "value": "2048.91015625",
        "cumulative": false
    },
    {
        "date": "2020-09-11T15:03:43Z",
        "value": "2006.41015625",
        "cumulative": false
    },
    {
        "date": "2020-09-11T15:03:54Z",
        "value": "2155.79296875",
        "cumulative": false
    },
    {
        "date": "2020-09-11T15:04:07Z",
        "value": "2006.4609375",
        "cumulative": false
    },
    {
        "date": "2020-09-11T15:04:24Z",
        "value": "2037.6171875",
        "cumulative": false
    },
    {
        "date": "2020-09-11T15:04:43Z",
        "value": "2179.16015625",
        "cumulative": false
    },
    {
        "date": "2020-09-11T15:05:03Z",
        "value": "2159.03515625",
        "cumulative": false
    },
    {
        "date": "2020-09-11T15:05:14Z",
        "value": "2006.48046875",
        "cumulative": false
    },
    {
        "date": "2020-09-11T15:05:26Z",
        "value": "2006.41015625",
        "cumulative": false
    },
    {
        "date": "2020-09-11T15:05:44Z",
        "value": "2006.4609375",
        "cumulative": false
    },
    {
        "date": "2020-09-11T15:05:59Z",
        "value": "2006.41015625",
        "cumulative": false
    },
    {
        "date": "2020-09-11T15:06:10Z",
        "value": "2006.44140625",
        "cumulative": false
    },
    {
        "date": "2020-09-11T15:06:21Z",
        "value": "2006.41015625",
        "cumulative": false
    },
    {
        "date": "2020-09-11T15:06:38Z",
        "value": "2246.87890625",
        "cumulative": false
    },
    {
        "date": "2020-09-11T15:06:54Z",
        "value": "2370.640625",
        "cumulative": false
    },
    {
        "date": "2020-09-11T15:07:11Z",
        "value": "2246.765625",
        "cumulative": false
    },
    {
        "date": "2020-09-11T15:07:23Z",
        "value": "2246.8125",
        "cumulative": false
    },
    {
        "date": "2020-09-11T15:07:43Z",
        "value": "2246.765625",
        "cumulative": false
    },
    {
        "date": "2020-09-11T15:07:58Z",
        "value": "2246.765625",
        "cumulative": false
    },
    {
        "date": "2020-09-11T15:08:16Z",
        "value": "2246.765625",
        "cumulative": false
    },
    {
        "date": "2020-09-11T15:08:31Z",
        "value": "2246.765625",
        "cumulative": false
    },
    {
        "date": "2020-09-11T15:08:47Z",
        "value": "2246.765625",
        "cumulative": false
    },
    {
        "date": "2020-09-11T15:09:07Z",
        "value": "2246.765625",
        "cumulative": false
    },
    {
        "date": "2020-09-11T15:09:19Z",
        "value": "2246.87890625",
        "cumulative": false
    },
    {
        "date": "2020-09-11T15:09:33Z",
        "value": "2486.640625",
        "cumulative": false
    },
    {
        "date": "2020-09-11T15:09:53Z",
        "value": "2246.8984375",
        "cumulative": false
    },
    {
        "date": "2020-09-11T15:10:12Z",
        "value": "2246.7890625",
        "cumulative": false
    },
    {
        "date": "2020-09-11T15:10:24Z",
        "value": "2246.80078125",
        "cumulative": false
    },
    {
        "date": "2020-09-11T15:10:42Z",
        "value": "2538.640625",
        "cumulative": false
    },
    {
        "date": "2020-09-11T15:10:56Z",
        "value": "2246.765625",
        "cumulative": false
    },
    {
        "date": "2020-09-11T15:11:15Z",
        "value": "2246.8046875",
        "cumulative": false
    },
    {
        "date": "2020-09-11T15:11:26Z",
        "value": "2246.765625",
        "cumulative": false
    },
    {
        "date": "2020-09-11T15:11:37Z",
        "value": "2248.34765625",
        "cumulative": false
    },
    {
        "date": "2020-09-11T15:11:57Z",
        "value": "2246.93359375",
        "cumulative": false
    },
    {
        "date": "2020-09-11T15:12:08Z",
        "value": "2246.765625",
        "cumulative": false
    },
    {
        "date": "2020-09-11T15:12:22Z",
        "value": "2246.76953125",
        "cumulative": false
    },
    {
        "date": "2020-09-11T15:12:33Z",
        "value": "2246.7734375",
        "cumulative": false
    },
    {
        "date": "2020-09-11T15:12:47Z",
        "value": "2246.77734375",
        "cumulative": false
    },
    {
        "date": "2020-09-11T15:13:06Z",
        "value": "2419.140625",
        "cumulative": false
    },
    {
        "date": "2020-09-11T15:13:23Z",
        "value": "2246.82421875",
        "cumulative": false
    },
    {
        "date": "2020-09-11T15:13:42Z",
        "value": "2246.765625",
        "cumulative": false
    },
    {
        "date": "2020-09-11T15:13:54Z",
        "value": "2246.8671875",
        "cumulative": false
    },
    {
        "date": "2020-09-11T15:14:05Z",
        "value": "2366.75390625",
        "cumulative": false
    },
    {
        "date": "2020-09-11T15:14:21Z",
        "value": "2247.51953125",
        "cumulative": false
    },
    {
        "date": "2020-09-11T15:14:40Z",
        "value": "2502.828125",
        "cumulative": false
    },
    {
        "date": "2020-09-11T15:14:56Z",
        "value": "2550.18359375",
        "cumulative": false
    },
    {
        "date": "2020-09-11T15:15:10Z",
        "value": "2550.23046875",
        "cumulative": false
    },
    {
        "date": "2020-09-11T15:15:23Z",
        "value": "2550.20703125",
        "cumulative": false
    },
    {
        "date": "2020-09-11T15:15:36Z",
        "value": "2550.18359375",
        "cumulative": false
    },
    {
        "date": "2020-09-11T15:15:51Z",
        "value": "2602.30859375",
        "cumulative": false
    },
    {
        "date": "2020-09-11T15:16:08Z",
        "value": "2550.18359375",
        "cumulative": false
    },
    {
        "date": "2020-09-11T15:16:22Z",
        "value": "2550.18359375",
        "cumulative": false
    },
    {
        "date": "2020-09-11T15:16:37Z",
        "value": "2550.18359375",
        "cumulative": false
    },
    {
        "date": "2020-09-11T15:16:51Z",
        "value": "2550.18359375",
        "cumulative": false
    },
    {
        "date": "2020-09-11T15:17:10Z",
        "value": "2550.18359375",
        "cumulative": false
    },
    {
        "date": "2020-09-11T15:17:21Z",
        "value": "2550.18359375",
        "cumulative": false
    },
    {
        "date": "2020-09-11T15:17:34Z",
        "value": "2783.30859375",
        "cumulative": false
    },
    {
        "date": "2020-09-11T15:17:49Z",
        "value": "2550.18359375",
        "cumulative": false
    },
    {
        "date": "2020-09-11T15:18:07Z",
        "value": "2550.18359375",
        "cumulative": false
    },
    {
        "date": "2020-09-11T15:18:23Z",
        "value": "2550.20703125",
        "cumulative": false
    },
    {
        "date": "2020-09-11T15:18:35Z",
        "value": "2550.20703125",
        "cumulative": false
    },
    {
        "date": "2020-09-11T15:18:51Z",
        "value": "2550.20703125",
        "cumulative": false
    },
    {
        "date": "2020-09-11T15:19:07Z",
        "value": "2748.68359375",
        "cumulative": false
    },
    {
        "date": "2020-09-11T15:19:24Z",
        "value": "2550.2578125",
        "cumulative": false
    },
    {
        "date": "2020-09-11T15:19:37Z",
        "value": "2550.19140625",
        "cumulative": false
    },
    {
        "date": "2020-09-11T15:19:50Z",
        "value": "2980.05859375",
        "cumulative": false
    },
    {
        "date": "2020-09-11T15:20:06Z",
        "value": "2633.55859375",
        "cumulative": false
    },
    {
        "date": "2020-09-11T15:20:25Z",
        "value": "2550.18359375",
        "cumulative": false
    },
    {
        "date": "2020-09-11T15:20:40Z",
        "value": "2550.18359375",
        "cumulative": false
    },
    {
        "date": "2020-09-11T15:20:58Z",
        "value": "2831.30859375",
        "cumulative": false
    },
    {
        "date": "2020-09-11T15:21:08Z",
        "value": "2550.18359375",
        "cumulative": false
    },
    {
        "date": "2020-09-11T15:21:21Z",
        "value": "2562.18359375",
        "cumulative": false
    },
    {
        "date": "2020-09-11T15:21:31Z",
        "value": "2550.18359375",
        "cumulative": false
    },
    {
        "date": "2020-09-11T15:21:43Z",
        "value": "2550.18359375",
        "cumulative": false
    },
    {
        "date": "2020-09-11T15:22:02Z",
        "value": "2550.21875",
        "cumulative": false
    },
    {
        "date": "2020-09-11T15:22:14Z",
        "value": "2910.05859375",
        "cumulative": false
    },
    {
        "date": "2020-09-11T15:22:33Z",
        "value": "2588.30859375",
        "cumulative": false
    },
    {
        "date": "2020-09-11T15:22:44Z",
        "value": "2550.18359375",
        "cumulative": false
    },
    {
        "date": "2020-09-11T15:22:58Z",
        "value": "2550.21875",
        "cumulative": false
    },
    {
        "date": "2020-09-11T15:23:14Z",
        "value": "2550.21875",
        "cumulative": false
    },
    {
        "date": "2020-09-11T15:23:27Z",
        "value": "2550.18359375",
        "cumulative": false
    },
    {
        "date": "2020-09-11T15:23:43Z",
        "value": "2550.18359375",
        "cumulative": false
    },
    {
        "date": "2020-09-11T15:24:02Z",
        "value": "2887.43359375",
        "cumulative": false
    },
    {
        "date": "2020-09-11T15:24:17Z",
        "value": "2811.30859375",
        "cumulative": false
    },
    {
        "date": "2020-09-11T15:24:28Z",
        "value": "2550.18359375",
        "cumulative": false
    },
    {
        "date": "2020-09-11T15:24:45Z",
        "value": "2745.80859375",
        "cumulative": false
    },
    {
        "date": "2020-09-11T15:24:59Z",
        "value": "2550.18359375",
        "cumulative": false
    },
    {
        "date": "2020-09-11T15:25:14Z",
        "value": "2550.21875",
        "cumulative": false
    },
    {
        "date": "2020-09-11T15:25:25Z",
        "value": "2799.30859375",
        "cumulative": false
    },
    {
        "date": "2020-09-11T15:25:37Z",
        "value": "2933.28125",
        "cumulative": false
    },
    {
        "date": "2020-09-11T15:25:55Z",
        "value": "2933.3125",
        "cumulative": false
    },
    {
        "date": "2020-09-11T15:26:14Z",
        "value": "2933.28125",
        "cumulative": false
    },
    {
        "date": "2020-09-11T15:26:30Z",
        "value": "2933.28125",
        "cumulative": false
    },
    {
        "date": "2020-09-11T15:26:48Z",
        "value": "2933.28125",
        "cumulative": false
    },
    {
        "date": "2020-09-11T15:26:59Z",
        "value": "2937.28125",
        "cumulative": false
    },
    {
        "date": "2020-09-11T15:27:10Z",
        "value": "2933.28125",
        "cumulative": false
    },
    {
        "date": "2020-09-11T15:27:23Z",
        "value": "2933.28125",
        "cumulative": false
    },
    {
        "date": "2020-09-11T15:27:39Z",
        "value": "2933.28125",
        "cumulative": false
    },
    {
        "date": "2020-09-11T15:27:55Z",
        "value": "2933.34765625",
        "cumulative": false
    },
    {
        "date": "2020-09-11T15:28:10Z",
        "value": "2933.3125",
        "cumulative": false
    },
    {
        "date": "2020-09-11T15:28:26Z",
        "value": "2933.28125",
        "cumulative": false
    },
    {
        "date": "2020-09-11T15:28:40Z",
        "value": "3230.78125",
        "cumulative": false
    },
    {
        "date": "2020-09-11T15:28:58Z",
        "value": "2933.28125",
        "cumulative": false
    },
    {
        "date": "2020-09-11T15:29:17Z",
        "value": "3016.15625",
        "cumulative": false
    },
    {
        "date": "2020-09-11T15:29:32Z",
        "value": "2937.65625",
        "cumulative": false
    },
    {
        "date": "2020-09-11T15:29:46Z",
        "value": "2933.28125",
        "cumulative": false
    },
    {
        "date": "2020-09-11T15:30:04Z",
        "value": "2933.3125",
        "cumulative": false
    },
    {
        "date": "2020-09-11T15:30:22Z",
        "value": "3295.03125",
        "cumulative": false
    },
    {
        "date": "2020-09-11T15:30:42Z",
        "value": "2933.28125",
        "cumulative": false
    },
    {
        "date": "2020-09-11T15:30:56Z",
        "value": "2933.28125",
        "cumulative": false
    },
    {
        "date": "2020-09-11T15:31:09Z",
        "value": "2933.48828125",
        "cumulative": false
    },
    {
        "date": "2020-09-11T15:31:21Z",
        "value": "2933.28125",
        "cumulative": false
    },
    {
        "date": "2020-09-11T15:31:40Z",
        "value": "2933.28125",
        "cumulative": false
    },
    {
        "date": "2020-09-11T15:31:58Z",
        "value": "2933.48828125",
        "cumulative": false
    },
    {
        "date": "2020-09-11T15:32:09Z",
        "value": "2933.28125",
        "cumulative": false
    },
    {
        "date": "2020-09-11T15:32:28Z",
        "value": "2933.390625",
        "cumulative": false
    },
    {
        "date": "2020-09-11T15:32:41Z",
        "value": "2933.28125",
        "cumulative": false
    },
    {
        "date": "2020-09-11T15:32:55Z",
        "value": "2933.28125",
        "cumulative": false
    },
    {
        "date": "2020-09-11T15:33:06Z",
        "value": "3441.65625",
        "cumulative": false
    },
    {
        "date": "2020-09-11T15:33:24Z",
        "value": "2933.28125",
        "cumulative": false
    },
    {
        "date": "2020-09-11T15:33:35Z",
        "value": "3083.78125",
        "cumulative": false
    },
    {
        "date": "2020-09-11T15:33:51Z",
        "value": "3260.8203125",
        "cumulative": false
    },
    {
        "date": "2020-09-11T15:34:09Z",
        "value": "2933.28125",
        "cumulative": false
    },
    {
        "date": "2020-09-11T15:34:26Z",
        "value": "2933.28125",
        "cumulative": false
    },
    {
        "date": "2020-09-11T15:34:39Z",
        "value": "2933.28125",
        "cumulative": false
    },
    {
        "date": "2020-09-11T15:34:58Z",
        "value": "2933.28125",
        "cumulative": false
    },
    {
        "date": "2020-09-11T15:35:10Z",
        "value": "2967.90625",
        "cumulative": false
    },
    {
        "date": "2020-09-11T15:35:20Z",
        "value": "3245.90625",
        "cumulative": false
    },
    {
        "date": "2020-09-11T15:35:33Z",
        "value": "2933.28125",
        "cumulative": false
    },
    {
        "date": "2020-09-11T15:35:51Z",
        "value": "2933.3203125",
        "cumulative": false
    },
    {
        "date": "2020-09-11T15:36:02Z",
        "value": "2933.28125",
        "cumulative": false
    },
    {
        "date": "2020-09-11T15:36:16Z",
        "value": "2933.3203125",
        "cumulative": false
    },
    {
        "date": "2020-09-11T15:36:31Z",
        "value": "2933.28125",
        "cumulative": false
    },
    {
        "date": "2020-09-11T15:36:43Z",
        "value": "2933.28125",
        "cumulative": false
    },
    {
        "date": "2020-09-11T15:36:55Z",
        "value": "2933.37890625",
        "cumulative": false
    },
    {
        "date": "2020-09-11T15:37:15Z",
        "value": "2933.3828125",
        "cumulative": false
    },
    {
        "date": "2020-09-11T15:37:26Z",
        "value": "2933.28125",
        "cumulative": false
    },
    {
        "date": "2020-09-11T15:37:39Z",
        "value": "3124.4375",
        "cumulative": false
    },
    {
        "date": "2020-09-11T15:37:53Z",
        "value": "2955.40625",
        "cumulative": false
    },
    {
        "date": "2020-09-11T15:38:09Z",
        "value": "2933.42578125",
        "cumulative": false
    },
    {
        "date": "2020-09-11T15:38:21Z",
        "value": "2933.28125",
        "cumulative": false
    },
    {
        "date": "2020-09-11T15:38:36Z",
        "value": "2933.28125",
        "cumulative": false
    },
    {
        "date": "2020-09-11T15:38:49Z",
        "value": "3124.5234375",
        "cumulative": false
    },
    {
        "date": "2020-09-11T15:39:05Z",
        "value": "2933.28125",
        "cumulative": false
    }
]