[
    {
        "date": "2020-09-11T14:32:33Z",
        "value": "4.00543212890625e-05",
        "cumulative": true
    },
    {
        "date": "2020-09-11T14:32:54Z",
        "value": "9.326029777526855",
        "cumulative": true
    },
    {
        "date": "2020-09-11T14:33:10Z",
        "value": "63.63204765319824",
        "cumulative": true
    },
    {
        "date": "2020-09-11T14:33:27Z",
        "value": "740.2009944915771",
        "cumulative": true
    },
    {
        "date": "2020-09-11T14:33:44Z",
        "value": "2364.4397401809692",
        "cumulative": true
    },
    {
        "date": "2020-09-11T14:33:54Z",
        "value": "3541.0076818466187",
        "cumulative": true
    },
    {
        "date": "2020-09-11T14:34:10Z",
        "value": "5405.451144218445",
        "cumulative": true
    },
    {
        "date": "2020-09-11T14:34:21Z",
        "value": "6624.252972602844",
        "cumulative": true
    },
    {
        "date": "2020-09-11T14:34:34Z",
        "value": "8210.768232345581",
        "cumulative": true
    },
    {
        "date": "2020-09-11T14:34:48Z",
        "value": "9611.597608566284",
        "cumulative": true
    },
    {
        "date": "2020-09-11T14:35:02Z",
        "value": "11480.007225990295",
        "cumulative": true
    },
    {
        "date": "2020-09-11T14:35:13Z",
        "value": "13131.985145568848",
        "cumulative": true
    },
    {
        "date": "2020-09-11T14:35:28Z",
        "value": "14528.411675453186",
        "cumulative": true
    },
    {
        "date": "2020-09-11T14:35:41Z",
        "value": "16966.294675827026",
        "cumulative": true
    },
    {
        "date": "2020-09-11T14:35:56Z",
        "value": "18232.393681526184",
        "cumulative": true
    },
    {
        "date": "2020-09-11T14:36:09Z",
        "value": "20016.019953727722",
        "cumulative": true
    },
    {
        "date": "2020-09-11T14:36:21Z",
        "value": "22180.575477600098",
        "cumulative": true
    },
    {
        "date": "2020-09-11T14:36:33Z",
        "value": "23044.009973526",
        "cumulative": true
    },
    {
        "date": "2020-09-11T14:36:52Z",
        "value": "26088.324080467224",
        "cumulative": true
    },
    {
        "date": "2020-09-11T14:37:08Z",
        "value": "28312.53896522522",
        "cumulative": true
    },
    {
        "date": "2020-09-11T14:37:21Z",
        "value": "29135.537366867065",
        "cumulative": true
    },
    {
        "date": "2020-09-11T14:37:39Z",
        "value": "32086.423407554626",
        "cumulative": true
    },
    {
        "date": "2020-09-11T14:37:53Z",
        "value": "34948.82692527771",
        "cumulative": true
    },
    {
        "date": "2020-09-11T14:38:05Z",
        "value": "35754.186504364014",
        "cumulative": true
    },
    {
        "date": "2020-09-11T14:38:19Z",
        "value": "36729.61645317078",
        "cumulative": true
    },
    {
        "date": "2020-09-11T14:38:36Z",
        "value": "38777.18755340576",
        "cumulative": true
    },
    {
        "date": "2020-09-11T14:38:54Z",
        "value": "42711.88855743408",
        "cumulative": true
    },
    {
        "date": "2020-09-11T14:39:14Z",
        "value": "44969.172852516174",
        "cumulative": true
    },
    {
        "date": "2020-09-11T14:39:28Z",
        "value": "45864.51406764984",
        "cumulative": true
    },
    {
        "date": "2020-09-11T14:39:40Z",
        "value": "46713.28392314911",
        "cumulative": true
    },
    {
        "date": "2020-09-11T14:39:51Z",
        "value": "47771.489793777466",
        "cumulative": true
    },
    {
        "date": "2020-09-11T14:40:11Z",
        "value": "52129.1296081543",
        "cumulative": true
    },
    {
        "date": "2020-09-11T14:40:28Z",
        "value": "55594.64191532135",
        "cumulative": true
    },
    {
        "date": "2020-09-11T14:40:41Z",
        "value": "56471.74007892609",
        "cumulative": true
    },
    {
        "date": "2020-09-11T14:40:51Z",
        "value": "57161.626288414",
        "cumulative": true
    },
    {
        "date": "2020-09-11T14:41:10Z",
        "value": "58417.89746761322",
        "cumulative": true
    },
    {
        "date": "2020-09-11T14:41:29Z",
        "value": "59774.242752075195",
        "cumulative": true
    },
    {
        "date": "2020-09-11T14:41:46Z",
        "value": "63003.40529632568",
        "cumulative": true
    },
    {
        "date": "2020-09-11T14:42:04Z",
        "value": "66523.4758605957",
        "cumulative": true
    },
    {
        "date": "2020-09-11T14:42:17Z",
        "value": "69359.2765789032",
        "cumulative": true
    },
    {
        "date": "2020-09-11T14:42:31Z",
        "value": "70831.24249458313",
        "cumulative": true
    },
    {
        "date": "2020-09-11T14:42:50Z",
        "value": "72139.57553482056",
        "cumulative": true
    },
    {
        "date": "2020-09-11T14:43:09Z",
        "value": "73445.01481628418",
        "cumulative": true
    },
    {
        "date": "2020-09-11T14:43:22Z",
        "value": "74282.3019657135",
        "cumulative": true
    },
    {
        "date": "2020-09-11T14:43:39Z",
        "value": "75397.22346401215",
        "cumulative": true
    },
    {
        "date": "2020-09-11T14:43:58Z",
        "value": "79619.86231708527",
        "cumulative": true
    },
    {
        "date": "2020-09-11T14:44:14Z",
        "value": "83179.8197221756",
        "cumulative": true
    },
    {
        "date": "2020-09-11T14:44:30Z",
        "value": "86513.33099651337",
        "cumulative": true
    },
    {
        "date": "2020-09-11T14:44:43Z",
        "value": "88778.36242485046",
        "cumulative": true
    },
    {
        "date": "2020-09-11T14:45:02Z",
        "value": "90033.06177330017",
        "cumulative": true
    },
    {
        "date": "2020-09-11T14:45:14Z",
        "value": "90840.55380058289",
        "cumulative": true
    },
    {
        "date": "2020-09-11T14:45:26Z",
        "value": "91585.09122276306",
        "cumulative": true
    },
    {
        "date": "2020-09-11T14:45:42Z",
        "value": "92571.7294921875",
        "cumulative": true
    },
    {
        "date": "2020-09-11T14:45:52Z",
        "value": "93253.44736480713",
        "cumulative": true
    },
    {
        "date": "2020-09-11T14:46:03Z",
        "value": "93949.66609954834",
        "cumulative": true
    },
    {
        "date": "2020-09-11T14:46:16Z",
        "value": "94803.09727859497",
        "cumulative": true
    },
    {
        "date": "2020-09-11T14:46:28Z",
        "value": "96663.36374950409",
        "cumulative": true
    },
    {
        "date": "2020-09-11T14:46:42Z",
        "value": "99581.72048091888",
        "cumulative": true
    },
    {
        "date": "2020-09-11T14:46:55Z",
        "value": "102040.01271533966",
        "cumulative": true
    },
    {
        "date": "2020-09-11T14:47:06Z",
        "value": "104548.26054096222",
        "cumulative": true
    },
    {
        "date": "2020-09-11T14:47:23Z",
        "value": "108221.901968956",
        "cumulative": true
    },
    {
        "date": "2020-09-11T14:47:39Z",
        "value": "111562.3363199234",
        "cumulative": true
    },
    {
        "date": "2020-09-11T14:47:49Z",
        "value": "112481.2916507721",
        "cumulative": true
    },
    {
        "date": "2020-09-11T14:48:03Z",
        "value": "113346.303150177",
        "cumulative": true
    },
    {
        "date": "2020-09-11T14:48:16Z",
        "value": "114224.50086402893",
        "cumulative": true
    },
    {
        "date": "2020-09-11T14:48:30Z",
        "value": "115138.37699127197",
        "cumulative": true
    },
    {
        "date": "2020-09-11T14:48:41Z",
        "value": "115885.97647857666",
        "cumulative": true
    },
    {
        "date": "2020-09-11T14:48:57Z",
        "value": "116881.41981697083",
        "cumulative": true
    },
    {
        "date": "2020-09-11T14:49:08Z",
        "value": "117629.37812614441",
        "cumulative": true
    },
    {
        "date": "2020-09-11T14:49:21Z",
        "value": "118480.44425201416",
        "cumulative": true
    },
    {
        "date": "2020-09-11T14:49:33Z",
        "value": "119235.92078781128",
        "cumulative": true
    },
    {
        "date": "2020-09-11T14:49:47Z",
        "value": "120181.02826309204",
        "cumulative": true
    },
    {
        "date": "2020-09-11T14:50:01Z",
        "value": "123120.11482524872",
        "cumulative": true
    },
    {
        "date": "2020-09-11T14:50:19Z",
        "value": "126928.44406223297",
        "cumulative": true
    },
    {
        "date": "2020-09-11T14:50:34Z",
        "value": "130106.67193126678",
        "cumulative": true
    },
    {
        "date": "2020-09-11T14:50:53Z",
        "value": "133756.69704341888",
        "cumulative": true
    },
    {
        "date": "2020-09-11T14:51:13Z",
        "value": "138076.2146692276",
        "cumulative": true
    },
    {
        "date": "2020-09-11T14:51:28Z",
        "value": "141076.19598674774",
        "cumulative": true
    },
    {
        "date": "2020-09-11T14:51:44Z",
        "value": "142278.4621372223",
        "cumulative": true
    },
    {
        "date": "2020-09-11T14:51:55Z",
        "value": "142986.94523620605",
        "cumulative": true
    },
    {
        "date": "2020-09-11T14:52:08Z",
        "value": "143799.67981529236",
        "cumulative": true
    },
    {
        "date": "2020-09-11T14:52:19Z",
        "value": "144544.3144493103",
        "cumulative": true
    },
    {
        "date": "2020-09-11T14:52:33Z",
        "value": "145488.9644165039",
        "cumulative": true
    },
    {
        "date": "2020-09-11T14:52:52Z",
        "value": "146735.66274642944",
        "cumulative": true
    },
    {
        "date": "2020-09-11T14:53:04Z",
        "value": "147467.32076072693",
        "cumulative": true
    },
    {
        "date": "2020-09-11T14:53:15Z",
        "value": "148208.19863510132",
        "cumulative": true
    },
    {
        "date": "2020-09-11T14:53:25Z",
        "value": "148869.7713317871",
        "cumulative": true
    },
    {
        "date": "2020-09-11T14:53:37Z",
        "value": "149682.03420639038",
        "cumulative": true
    },
    {
        "date": "2020-09-11T14:53:52Z",
        "value": "150622.90845298767",
        "cumulative": true
    },
    {
        "date": "2020-09-11T14:54:08Z",
        "value": "151666.11883926392",
        "cumulative": true
    },
    {
        "date": "2020-09-11T14:54:24Z",
        "value": "154695.2069120407",
        "cumulative": true
    },
    {
        "date": "2020-09-11T14:54:36Z",
        "value": "157578.63955402374",
        "cumulative": true
    },
    {
        "date": "2020-09-11T14:54:46Z",
        "value": "159690.6977968216",
        "cumulative": true
    },
    {
        "date": "2020-09-11T14:55:03Z",
        "value": "163490.45708942413",
        "cumulative": true
    },
    {
        "date": "2020-09-11T14:55:15Z",
        "value": "166084.4323759079",
        "cumulative": true
    },
    {
        "date": "2020-09-11T14:55:34Z",
        "value": "169946.76399326324",
        "cumulative": true
    },
    {
        "date": "2020-09-11T14:55:46Z",
        "value": "172647.86063671112",
        "cumulative": true
    },
    {
        "date": "2020-09-11T14:56:00Z",
        "value": "175563.80839252472",
        "cumulative": true
    },
    {
        "date": "2020-09-11T14:56:15Z",
        "value": "178418.39187049866",
        "cumulative": true
    },
    {
        "date": "2020-09-11T14:56:30Z",
        "value": "179381.3859577179",
        "cumulative": true
    },
    {
        "date": "2020-09-11T14:56:44Z",
        "value": "180384.01335525513",
        "cumulative": true
    },
    {
        "date": "2020-09-11T14:57:00Z",
        "value": "181437.1123828888",
        "cumulative": true
    },
    {
        "date": "2020-09-11T14:57:16Z",
        "value": "182388.11869239807",
        "cumulative": true
    },
    {
        "date": "2020-09-11T14:57:34Z",
        "value": "183669.07351493835",
        "cumulative": true
    },
    {
        "date": "2020-09-11T14:57:48Z",
        "value": "184509.94251060486",
        "cumulative": true
    },
    {
        "date": "2020-09-11T14:58:02Z",
        "value": "185456.63626670837",
        "cumulative": true
    },
    {
        "date": "2020-09-11T14:58:16Z",
        "value": "186371.30925750732",
        "cumulative": true
    },
    {
        "date": "2020-09-11T14:58:34Z",
        "value": "187545.41306495667",
        "cumulative": true
    },
    {
        "date": "2020-09-11T14:58:48Z",
        "value": "188475.0724925995",
        "cumulative": true
    },
    {
        "date": "2020-09-11T14:59:06Z",
        "value": "189692.94066238403",
        "cumulative": true
    },
    {
        "date": "2020-09-11T14:59:22Z",
        "value": "190753.36667060852",
        "cumulative": true
    },
    {
        "date": "2020-09-11T14:59:37Z",
        "value": "192048.25168704987",
        "cumulative": true
    },
    {
        "date": "2020-09-11T14:59:55Z",
        "value": "195996.84970378876",
        "cumulative": true
    },
    {
        "date": "2020-09-11T15:00:09Z",
        "value": "199025.40458011627",
        "cumulative": true
    },
    {
        "date": "2020-09-11T15:00:22Z",
        "value": "201916.56668949127",
        "cumulative": true
    },
    {
        "date": "2020-09-11T15:00:36Z",
        "value": "205062.49149417877",
        "cumulative": true
    },
    {
        "date": "2020-09-11T15:00:53Z",
        "value": "208780.45288562775",
        "cumulative": true
    },
    {
        "date": "2020-09-11T15:01:10Z",
        "value": "212566.8167695999",
        "cumulative": true
    },
    {
        "date": "2020-09-11T15:01:24Z",
        "value": "215635.58674144745",
        "cumulative": true
    },
    {
        "date": "2020-09-11T15:01:37Z",
        "value": "218648.1149187088",
        "cumulative": true
    },
    {
        "date": "2020-09-11T15:01:48Z",
        "value": "220814.71253299713",
        "cumulative": true
    },
    {
        "date": "2020-09-11T15:02:08Z",
        "value": "225071.39306735992",
        "cumulative": true
    },
    {
        "date": "2020-09-11T15:02:20Z",
        "value": "225989.15062522888",
        "cumulative": true
    },
    {
        "date": "2020-09-11T15:02:36Z",
        "value": "227097.99206352234",
        "cumulative": true
    },
    {
        "date": "2020-09-11T15:02:47Z",
        "value": "227767.81563568115",
        "cumulative": true
    },
    {
        "date": "2020-09-11T15:03:02Z",
        "value": "228792.87253761292",
        "cumulative": true
    },
    {
        "date": "2020-09-11T15:03:16Z",
        "value": "229702.44243621826",
        "cumulative": true
    },
    {
        "date": "2020-09-11T15:03:30Z",
        "value": "230644.7986793518",
        "cumulative": true
    },
    {
        "date": "2020-09-11T15:03:47Z",
        "value": "231803.82157325745",
        "cumulative": true
    },
    {
        "date": "2020-09-11T15:04:03Z",
        "value": "232859.57139015198",
        "cumulative": true
    },
    {
        "date": "2020-09-11T15:04:22Z",
        "value": "234136.6480693817",
        "cumulative": true
    },
    {
        "date": "2020-09-11T15:04:37Z",
        "value": "235019.40156936646",
        "cumulative": true
    },
    {
        "date": "2020-09-11T15:04:57Z",
        "value": "236310.28963279724",
        "cumulative": true
    },
    {
        "date": "2020-09-11T15:05:13Z",
        "value": "237456.48810958862",
        "cumulative": true
    },
    {
        "date": "2020-09-11T15:05:25Z",
        "value": "238291.0883140564",
        "cumulative": true
    },
    {
        "date": "2020-09-11T15:05:42Z",
        "value": "239347.31143569946",
        "cumulative": true
    },
    {
        "date": "2020-09-11T15:05:55Z",
        "value": "240126.67775917053",
        "cumulative": true
    },
    {
        "date": "2020-09-11T15:06:10Z",
        "value": "241154.81350898743",
        "cumulative": true
    },
    {
        "date": "2020-09-11T15:06:24Z",
        "value": "242322.07929897308",
        "cumulative": true
    },
    {
        "date": "2020-09-11T15:06:35Z",
        "value": "244937.90133953094",
        "cumulative": true
    },
    {
        "date": "2020-09-11T15:06:47Z",
        "value": "247591.07673549652",
        "cumulative": true
    },
    {
        "date": "2020-09-11T15:06:59Z",
        "value": "250254.3407754898",
        "cumulative": true
    },
    {
        "date": "2020-09-11T15:07:10Z",
        "value": "252586.70353031158",
        "cumulative": true
    },
    {
        "date": "2020-09-11T15:07:25Z",
        "value": "255981.61347866058",
        "cumulative": true
    },
    {
        "date": "2020-09-11T15:07:37Z",
        "value": "258526.36368083954",
        "cumulative": true
    },
    {
        "date": "2020-09-11T15:07:51Z",
        "value": "261408.6253938675",
        "cumulative": true
    },
    {
        "date": "2020-09-11T15:08:07Z",
        "value": "264894.7846250534",
        "cumulative": true
    },
    {
        "date": "2020-09-11T15:08:22Z",
        "value": "268305.37724781036",
        "cumulative": true
    },
    {
        "date": "2020-09-11T15:08:40Z",
        "value": "271993.81677150726",
        "cumulative": true
    },
    {
        "date": "2020-09-11T15:08:50Z",
        "value": "274235.974732399",
        "cumulative": true
    },
    {
        "date": "2020-09-11T15:09:09Z",
        "value": "278384.7920026779",
        "cumulative": true
    },
    {
        "date": "2020-09-11T15:09:22Z",
        "value": "281220.74800014496",
        "cumulative": true
    },
    {
        "date": "2020-09-11T15:09:32Z",
        "value": "283473.0908899307",
        "cumulative": true
    },
    {
        "date": "2020-09-11T15:09:48Z",
        "value": "285156.84752082825",
        "cumulative": true
    },
    {
        "date": "2020-09-11T15:10:00Z",
        "value": "285977.79609298706",
        "cumulative": true
    },
    {
        "date": "2020-09-11T15:10:17Z",
        "value": "287166.4434604645",
        "cumulative": true
    },
    {
        "date": "2020-09-11T15:10:33Z",
        "value": "288230.4762058258",
        "cumulative": true
    },
    {
        "date": "2020-09-11T15:10:44Z",
        "value": "288952.7930679321",
        "cumulative": true
    },
    {
        "date": "2020-09-11T15:10:58Z",
        "value": "289937.5892486572",
        "cumulative": true
    },
    {
        "date": "2020-09-11T15:11:12Z",
        "value": "290923.84614372253",
        "cumulative": true
    },
    {
        "date": "2020-09-11T15:11:31Z",
        "value": "292229.15669441223",
        "cumulative": true
    },
    {
        "date": "2020-09-11T15:11:49Z",
        "value": "293362.64555740356",
        "cumulative": true
    },
    {
        "date": "2020-09-11T15:12:08Z",
        "value": "294659.98016166687",
        "cumulative": true
    },
    {
        "date": "2020-09-11T15:12:22Z",
        "value": "295657.93692970276",
        "cumulative": true
    },
    {
        "date": "2020-09-11T15:12:36Z",
        "value": "296522.43938446045",
        "cumulative": true
    },
    {
        "date": "2020-09-11T15:12:49Z",
        "value": "297485.24150276184",
        "cumulative": true
    },
    {
        "date": "2020-09-11T15:13:07Z",
        "value": "298603.7233028412",
        "cumulative": true
    },
    {
        "date": "2020-09-11T15:13:18Z",
        "value": "299407.76274108887",
        "cumulative": true
    },
    {
        "date": "2020-09-11T15:13:29Z",
        "value": "300112.98498535156",
        "cumulative": true
    },
    {
        "date": "2020-09-11T15:13:45Z",
        "value": "301177.41025161743",
        "cumulative": true
    },
    {
        "date": "2020-09-11T15:13:58Z",
        "value": "302039.3283138275",
        "cumulative": true
    },
    {
        "date": "2020-09-11T15:14:16Z",
        "value": "303242.1303577423",
        "cumulative": true
    },
    {
        "date": "2020-09-11T15:14:26Z",
        "value": "303921.5989933014",
        "cumulative": true
    },
    {
        "date": "2020-09-11T15:14:46Z",
        "value": "305315.28229904175",
        "cumulative": true
    },
    {
        "date": "2020-09-11T15:15:00Z",
        "value": "307703.99293994904",
        "cumulative": true
    },
    {
        "date": "2020-09-11T15:15:19Z",
        "value": "311973.675992012",
        "cumulative": true
    },
    {
        "date": "2020-09-11T15:15:35Z",
        "value": "315292.3075361252",
        "cumulative": true
    },
    {
        "date": "2020-09-11T15:15:48Z",
        "value": "318415.92922115326",
        "cumulative": true
    },
    {
        "date": "2020-09-11T15:16:07Z",
        "value": "322167.21910762787",
        "cumulative": true
    },
    {
        "date": "2020-09-11T15:16:25Z",
        "value": "326467.8987798691",
        "cumulative": true
    },
    {
        "date": "2020-09-11T15:16:40Z",
        "value": "329683.0004911423",
        "cumulative": true
    },
    {
        "date": "2020-09-11T15:16:59Z",
        "value": "333973.3264017105",
        "cumulative": true
    },
    {
        "date": "2020-09-11T15:17:17Z",
        "value": "337970.55002498627",
        "cumulative": true
    },
    {
        "date": "2020-09-11T15:17:27Z",
        "value": "340088.41797733307",
        "cumulative": true
    },
    {
        "date": "2020-09-11T15:17:44Z",
        "value": "343653.2546930313",
        "cumulative": true
    },
    {
        "date": "2020-09-11T15:18:04Z",
        "value": "347930.1597356796",
        "cumulative": true
    },
    {
        "date": "2020-09-11T15:18:22Z",
        "value": "352219.78545856476",
        "cumulative": true
    },
    {
        "date": "2020-09-11T15:18:34Z",
        "value": "354795.6883134842",
        "cumulative": true
    },
    {
        "date": "2020-09-11T15:18:53Z",
        "value": "358913.8791818619",
        "cumulative": true
    },
    {
        "date": "2020-09-11T15:19:10Z",
        "value": "360259.0340309143",
        "cumulative": true
    },
    {
        "date": "2020-09-11T15:19:28Z",
        "value": "361422.16810417175",
        "cumulative": true
    },
    {
        "date": "2020-09-11T15:19:41Z",
        "value": "362234.12088775635",
        "cumulative": true
    },
    {
        "date": "2020-09-11T15:20:00Z",
        "value": "363557.74667549133",
        "cumulative": true
    },
    {
        "date": "2020-09-11T15:20:16Z",
        "value": "364555.88548469543",
        "cumulative": true
    },
    {
        "date": "2020-09-11T15:20:31Z",
        "value": "365590.52993392944",
        "cumulative": true
    },
    {
        "date": "2020-09-11T15:20:44Z",
        "value": "366482.1675128937",
        "cumulative": true
    },
    {
        "date": "2020-09-11T15:20:59Z",
        "value": "367510.1227054596",
        "cumulative": true
    },
    {
        "date": "2020-09-11T15:21:11Z",
        "value": "368290.26825141907",
        "cumulative": true
    },
    {
        "date": "2020-09-11T15:21:30Z",
        "value": "369614.8940963745",
        "cumulative": true
    },
    {
        "date": "2020-09-11T15:21:49Z",
        "value": "370920.39849090576",
        "cumulative": true
    },
    {
        "date": "2020-09-11T15:22:08Z",
        "value": "372108.1973400116",
        "cumulative": true
    },
    {
        "date": "2020-09-11T15:22:28Z",
        "value": "373438.2753582001",
        "cumulative": true
    },
    {
        "date": "2020-09-11T15:22:43Z",
        "value": "374436.16036605835",
        "cumulative": true
    },
    {
        "date": "2020-09-11T15:22:55Z",
        "value": "375266.07963371277",
        "cumulative": true
    },
    {
        "date": "2020-09-11T15:23:09Z",
        "value": "376249.1837711334",
        "cumulative": true
    },
    {
        "date": "2020-09-11T15:23:19Z",
        "value": "376850.72929000854",
        "cumulative": true
    },
    {
        "date": "2020-09-11T15:23:37Z",
        "value": "378118.94616127014",
        "cumulative": true
    },
    {
        "date": "2020-09-11T15:23:51Z",
        "value": "378958.14183044434",
        "cumulative": true
    },
    {
        "date": "2020-09-11T15:24:01Z",
        "value": "379715.65184020996",
        "cumulative": true
    },
    {
        "date": "2020-09-11T15:24:19Z",
        "value": "380859.93456459045",
        "cumulative": true
    },
    {
        "date": "2020-09-11T15:24:31Z",
        "value": "381605.8283367157",
        "cumulative": true
    },
    {
        "date": "2020-09-11T15:24:43Z",
        "value": "382451.02000808716",
        "cumulative": true
    },
    {
        "date": "2020-09-11T15:24:58Z",
        "value": "383485.8730697632",
        "cumulative": true
    },
    {
        "date": "2020-09-11T15:25:15Z",
        "value": "384564.44337272644",
        "cumulative": true
    },
    {
        "date": "2020-09-11T15:25:30Z",
        "value": "385580.9168548584",
        "cumulative": true
    },
    {
        "date": "2020-09-11T15:25:50Z",
        "value": "389587.4812383652",
        "cumulative": true
    },
    {
        "date": "2020-09-11T15:26:01Z",
        "value": "391959.75491428375",
        "cumulative": true
    },
    {
        "date": "2020-09-11T15:26:19Z",
        "value": "396045.9269800186",
        "cumulative": true
    },
    {
        "date": "2020-09-11T15:26:33Z",
        "value": "399274.37850284576",
        "cumulative": true
    },
    {
        "date": "2020-09-11T15:26:53Z",
        "value": "403406.5976495743",
        "cumulative": true
    },
    {
        "date": "2020-09-11T15:27:05Z",
        "value": "406167.9278078079",
        "cumulative": true
    },
    {
        "date": "2020-09-11T15:27:25Z",
        "value": "410228.6420068741",
        "cumulative": true
    },
    {
        "date": "2020-09-11T15:27:36Z",
        "value": "412741.67919254303",
        "cumulative": true
    },
    {
        "date": "2020-09-11T15:27:55Z",
        "value": "416538.0146436691",
        "cumulative": true
    },
    {
        "date": "2020-09-11T15:28:14Z",
        "value": "420655.33911418915",
        "cumulative": true
    },
    {
        "date": "2020-09-11T15:28:31Z",
        "value": "424427.29625606537",
        "cumulative": true
    },
    {
        "date": "2020-09-11T15:28:47Z",
        "value": "427907.3279466629",
        "cumulative": true
    },
    {
        "date": "2020-09-11T15:28:59Z",
        "value": "430611.90009593964",
        "cumulative": true
    },
    {
        "date": "2020-09-11T15:29:15Z",
        "value": "433937.7616472244",
        "cumulative": true
    },
    {
        "date": "2020-09-11T15:29:30Z",
        "value": "437324.7377920151",
        "cumulative": true
    },
    {
        "date": "2020-09-11T15:29:46Z",
        "value": "441022.42427539825",
        "cumulative": true
    },
    {
        "date": "2020-09-11T15:30:05Z",
        "value": "445227.5720682144",
        "cumulative": true
    },
    {
        "date": "2020-09-11T15:30:18Z",
        "value": "447939.652964592",
        "cumulative": true
    },
    {
        "date": "2020-09-11T15:30:36Z",
        "value": "451825.27559375763",
        "cumulative": true
    },
    {
        "date": "2020-09-11T15:30:46Z",
        "value": "453678.7581090927",
        "cumulative": true
    },
    {
        "date": "2020-09-11T15:31:02Z",
        "value": "454745.2432374954",
        "cumulative": true
    },
    {
        "date": "2020-09-11T15:31:22Z",
        "value": "456085.12812900543",
        "cumulative": true
    },
    {
        "date": "2020-09-11T15:31:35Z",
        "value": "457044.2163286209",
        "cumulative": true
    },
    {
        "date": "2020-09-11T15:31:51Z",
        "value": "458120.47882938385",
        "cumulative": true
    },
    {
        "date": "2020-09-11T15:32:02Z",
        "value": "458964.2639398575",
        "cumulative": true
    },
    {
        "date": "2020-09-11T15:32:17Z",
        "value": "459973.12893009186",
        "cumulative": true
    },
    {
        "date": "2020-09-11T15:32:36Z",
        "value": "461195.0089483261",
        "cumulative": true
    },
    {
        "date": "2020-09-11T15:32:54Z",
        "value": "462450.26908397675",
        "cumulative": true
    },
    {
        "date": "2020-09-11T15:33:13Z",
        "value": "463742.8940591812",
        "cumulative": true
    },
    {
        "date": "2020-09-11T15:33:25Z",
        "value": "464523.40568447113",
        "cumulative": true
    },
    {
        "date": "2020-09-11T15:33:44Z",
        "value": "465848.8441095352",
        "cumulative": true
    },
    {
        "date": "2020-09-11T15:34:02Z",
        "value": "467101.92233371735",
        "cumulative": true
    },
    {
        "date": "2020-09-11T15:34:13Z",
        "value": "467828.83403110504",
        "cumulative": true
    },
    {
        "date": "2020-09-11T15:34:32Z",
        "value": "469123.11967372894",
        "cumulative": true
    },
    {
        "date": "2020-09-11T15:34:43Z",
        "value": "469823.42297267914",
        "cumulative": true
    },
    {
        "date": "2020-09-11T15:34:59Z",
        "value": "471025.11283016205",
        "cumulative": true
    },
    {
        "date": "2020-09-11T15:35:17Z",
        "value": "472181.3533639908",
        "cumulative": true
    },
    {
        "date": "2020-09-11T15:35:34Z",
        "value": "473438.36912822723",
        "cumulative": true
    },
    {
        "date": "2020-09-11T15:35:50Z",
        "value": "474462.4553194046",
        "cumulative": true
    },
    {
        "date": "2020-09-11T15:36:10Z",
        "value": "475791.8062353134",
        "cumulative": true
    },
    {
        "date": "2020-09-11T15:36:29Z",
        "value": "477140.1320543289",
        "cumulative": true
    },
    {
        "date": "2020-09-11T15:36:44Z",
        "value": "478148.1618795395",
        "cumulative": true
    },
    {
        "date": "2020-09-11T15:36:56Z",
        "value": "478891.5717573166",
        "cumulative": true
    },
    {
        "date": "2020-09-11T15:37:06Z",
        "value": "479588.645567894",
        "cumulative": true
    },
    {
        "date": "2020-09-11T15:37:19Z",
        "value": "480534.88153743744",
        "cumulative": true
    },
    {
        "date": "2020-09-11T15:37:37Z",
        "value": "481812.1775751114",
        "cumulative": true
    },
    {
        "date": "2020-09-11T15:37:54Z",
        "value": "482861.53005695343",
        "cumulative": true
    },
    {
        "date": "2020-09-11T15:38:14Z",
        "value": "484209.5369310379",
        "cumulative": true
    },
    {
        "date": "2020-09-11T15:38:30Z",
        "value": "485272.994389534",
        "cumulative": true
    },
    {
        "date": "2020-09-11T15:38:43Z",
        "value": "486228.3763666153",
        "cumulative": true
    },
    {
        "date": "2020-09-11T15:38:56Z",
        "value": "486996.13151073456",
        "cumulative": true
    }
]