[
    {
        "date": "2020-09-11T14:32:37Z",
        "value": "4.00543212890625e-05",
        "cumulative": true
    },
    {
        "date": "2020-09-11T14:32:59Z",
        "value": "19.984442710876465",
        "cumulative": true
    },
    {
        "date": "2020-09-11T14:33:15Z",
        "value": "117.35900020599365",
        "cumulative": true
    },
    {
        "date": "2020-09-11T14:33:34Z",
        "value": "1427.311734199524",
        "cumulative": true
    },
    {
        "date": "2020-09-11T14:33:45Z",
        "value": "2600.811191558838",
        "cumulative": true
    },
    {
        "date": "2020-09-11T14:34:01Z",
        "value": "4338.952333450317",
        "cumulative": true
    },
    {
        "date": "2020-09-11T14:34:21Z",
        "value": "6580.470165252686",
        "cumulative": true
    },
    {
        "date": "2020-09-11T14:34:40Z",
        "value": "8880.360087394714",
        "cumulative": true
    },
    {
        "date": "2020-09-11T14:34:55Z",
        "value": "11028.991170883179",
        "cumulative": true
    },
    {
        "date": "2020-09-11T14:35:13Z",
        "value": "13048.479846000671",
        "cumulative": true
    },
    {
        "date": "2020-09-11T14:35:23Z",
        "value": "14240.026935577393",
        "cumulative": true
    },
    {
        "date": "2020-09-11T14:35:36Z",
        "value": "15791.719201087952",
        "cumulative": true
    },
    {
        "date": "2020-09-11T14:35:49Z",
        "value": "17833.174243927002",
        "cumulative": true
    },
    {
        "date": "2020-09-11T14:36:00Z",
        "value": "18547.06106185913",
        "cumulative": true
    },
    {
        "date": "2020-09-11T14:36:15Z",
        "value": "21339.14839076996",
        "cumulative": true
    },
    {
        "date": "2020-09-11T14:36:29Z",
        "value": "22771.48090362549",
        "cumulative": true
    },
    {
        "date": "2020-09-11T14:36:49Z",
        "value": "25339.343467712402",
        "cumulative": true
    },
    {
        "date": "2020-09-11T14:37:01Z",
        "value": "27804.242141723633",
        "cumulative": true
    },
    {
        "date": "2020-09-11T14:37:16Z",
        "value": "28817.84450149536",
        "cumulative": true
    },
    {
        "date": "2020-09-11T14:37:35Z",
        "value": "31207.519656181335",
        "cumulative": true
    },
    {
        "date": "2020-09-11T14:37:49Z",
        "value": "34350.03610134125",
        "cumulative": true
    },
    {
        "date": "2020-09-11T14:38:02Z",
        "value": "35592.22278594971",
        "cumulative": true
    },
    {
        "date": "2020-09-11T14:38:14Z",
        "value": "36426.79669761658",
        "cumulative": true
    },
    {
        "date": "2020-09-11T14:38:26Z",
        "value": "37244.139934539795",
        "cumulative": true
    },
    {
        "date": "2020-09-11T14:38:44Z",
        "value": "40622.78614234924",
        "cumulative": true
    },
    {
        "date": "2020-09-11T14:38:58Z",
        "value": "43491.75298118591",
        "cumulative": true
    },
    {
        "date": "2020-09-11T14:39:16Z",
        "value": "45116.86782646179",
        "cumulative": true
    },
    {
        "date": "2020-09-11T14:39:29Z",
        "value": "46004.877824783325",
        "cumulative": true
    },
    {
        "date": "2020-09-11T14:39:41Z",
        "value": "46779.52024650574",
        "cumulative": true
    },
    {
        "date": "2020-09-11T14:39:58Z",
        "value": "49330.10801124573",
        "cumulative": true
    },
    {
        "date": "2020-09-11T14:40:14Z",
        "value": "52809.45730781555",
        "cumulative": true
    },
    {
        "date": "2020-09-11T14:40:34Z",
        "value": "56014.22278022766",
        "cumulative": true
    },
    {
        "date": "2020-09-11T14:40:47Z",
        "value": "56945.880432128906",
        "cumulative": true
    },
    {
        "date": "2020-09-11T14:40:58Z",
        "value": "57692.21953201294",
        "cumulative": true
    },
    {
        "date": "2020-09-11T14:41:12Z",
        "value": "58612.424364089966",
        "cumulative": true
    },
    {
        "date": "2020-09-11T14:41:30Z",
        "value": "59979.73062705994",
        "cumulative": true
    },
    {
        "date": "2020-09-11T14:41:45Z",
        "value": "62895.94863700867",
        "cumulative": true
    },
    {
        "date": "2020-09-11T14:42:03Z",
        "value": "66461.67273712158",
        "cumulative": true
    },
    {
        "date": "2020-09-11T14:42:21Z",
        "value": "70256.53984832764",
        "cumulative": true
    },
    {
        "date": "2020-09-11T14:42:39Z",
        "value": "71402.43174171448",
        "cumulative": true
    },
    {
        "date": "2020-09-11T14:42:53Z",
        "value": "72390.22036361694",
        "cumulative": true
    },
    {
        "date": "2020-09-11T14:43:06Z",
        "value": "73252.94616889954",
        "cumulative": true
    },
    {
        "date": "2020-09-11T14:43:23Z",
        "value": "74416.89846420288",
        "cumulative": true
    },
    {
        "date": "2020-09-11T14:43:37Z",
        "value": "75347.8452835083",
        "cumulative": true
    },
    {
        "date": "2020-09-11T14:43:53Z",
        "value": "78588.22351551056",
        "cumulative": true
    },
    {
        "date": "2020-09-11T14:44:05Z",
        "value": "81146.99556064606",
        "cumulative": true
    },
    {
        "date": "2020-09-11T14:44:18Z",
        "value": "83902.50334262848",
        "cumulative": true
    },
    {
        "date": "2020-09-11T14:44:31Z",
        "value": "86775.83604717255",
        "cumulative": true
    },
    {
        "date": "2020-09-11T14:44:45Z",
        "value": "88939.20049762726",
        "cumulative": true
    },
    {
        "date": "2020-09-11T14:44:58Z",
        "value": "89802.24098682404",
        "cumulative": true
    },
    {
        "date": "2020-09-11T14:45:11Z",
        "value": "90681.914103508",
        "cumulative": true
    },
    {
        "date": "2020-09-11T14:45:30Z",
        "value": "91898.38664531708",
        "cumulative": true
    },
    {
        "date": "2020-09-11T14:45:46Z",
        "value": "92935.06956386566",
        "cumulative": true
    },
    {
        "date": "2020-09-11T14:45:58Z",
        "value": "93736.44302082062",
        "cumulative": true
    },
    {
        "date": "2020-09-11T14:46:14Z",
        "value": "94791.07489681244",
        "cumulative": true
    },
    {
        "date": "2020-09-11T14:46:26Z",
        "value": "96219.88538360596",
        "cumulative": true
    },
    {
        "date": "2020-09-11T14:46:41Z",
        "value": "99428.54953575134",
        "cumulative": true
    },
    {
        "date": "2020-09-11T14:46:53Z",
        "value": "101752.12056732178",
        "cumulative": true
    },
    {
        "date": "2020-09-11T14:47:08Z",
        "value": "104979.72164154053",
        "cumulative": true
    },
    {
        "date": "2020-09-11T14:47:26Z",
        "value": "108955.25128173828",
        "cumulative": true
    },
    {
        "date": "2020-09-11T14:47:45Z",
        "value": "112235.1032743454",
        "cumulative": true
    },
    {
        "date": "2020-09-11T14:48:01Z",
        "value": "113291.05330181122",
        "cumulative": true
    },
    {
        "date": "2020-09-11T14:48:16Z",
        "value": "114284.16656208038",
        "cumulative": true
    },
    {
        "date": "2020-09-11T14:48:28Z",
        "value": "115052.4330034256",
        "cumulative": true
    },
    {
        "date": "2020-09-11T14:48:45Z",
        "value": "116180.02822971344",
        "cumulative": true
    },
    {
        "date": "2020-09-11T14:49:00Z",
        "value": "117098.06710910797",
        "cumulative": true
    },
    {
        "date": "2020-09-11T14:49:16Z",
        "value": "118186.36901187897",
        "cumulative": true
    },
    {
        "date": "2020-09-11T14:49:29Z",
        "value": "119029.4081773758",
        "cumulative": true
    },
    {
        "date": "2020-09-11T14:49:39Z",
        "value": "119759.76026821136",
        "cumulative": true
    },
    {
        "date": "2020-09-11T14:49:59Z",
        "value": "122786.58092308044",
        "cumulative": true
    },
    {
        "date": "2020-09-11T14:50:13Z",
        "value": "125932.41864585876",
        "cumulative": true
    },
    {
        "date": "2020-09-11T14:50:31Z",
        "value": "129368.8028717041",
        "cumulative": true
    },
    {
        "date": "2020-09-11T14:50:44Z",
        "value": "132075.04184150696",
        "cumulative": true
    },
    {
        "date": "2020-09-11T14:51:00Z",
        "value": "135374.86322021484",
        "cumulative": true
    },
    {
        "date": "2020-09-11T14:51:15Z",
        "value": "138460.14388656616",
        "cumulative": true
    },
    {
        "date": "2020-09-11T14:51:33Z",
        "value": "141591.74797534943",
        "cumulative": true
    },
    {
        "date": "2020-09-11T14:51:49Z",
        "value": "142641.24116039276",
        "cumulative": true
    },
    {
        "date": "2020-09-11T14:52:00Z",
        "value": "143383.027510643",
        "cumulative": true
    },
    {
        "date": "2020-09-11T14:52:16Z",
        "value": "144413.8080072403",
        "cumulative": true
    },
    {
        "date": "2020-09-11T14:52:29Z",
        "value": "145256.09796237946",
        "cumulative": true
    },
    {
        "date": "2020-09-11T14:52:40Z",
        "value": "145992.45807933807",
        "cumulative": true
    },
    {
        "date": "2020-09-11T14:52:56Z",
        "value": "147030.49975681305",
        "cumulative": true
    },
    {
        "date": "2020-09-11T14:53:07Z",
        "value": "147744.37721538544",
        "cumulative": true
    },
    {
        "date": "2020-09-11T14:53:25Z",
        "value": "148954.6273202896",
        "cumulative": true
    },
    {
        "date": "2020-09-11T14:53:36Z",
        "value": "149686.0688943863",
        "cumulative": true
    },
    {
        "date": "2020-09-11T14:53:55Z",
        "value": "150889.9544649124",
        "cumulative": true
    },
    {
        "date": "2020-09-11T14:54:10Z",
        "value": "151832.89175987244",
        "cumulative": true
    },
    {
        "date": "2020-09-11T14:54:28Z",
        "value": "155836.00798606873",
        "cumulative": true
    },
    {
        "date": "2020-09-11T14:54:47Z",
        "value": "159944.40422058105",
        "cumulative": true
    },
    {
        "date": "2020-09-11T14:55:07Z",
        "value": "164146.85321998596",
        "cumulative": true
    },
    {
        "date": "2020-09-11T14:55:18Z",
        "value": "166760.73979759216",
        "cumulative": true
    },
    {
        "date": "2020-09-11T14:55:30Z",
        "value": "169153.5195350647",
        "cumulative": true
    },
    {
        "date": "2020-09-11T14:55:43Z",
        "value": "172083.19338607788",
        "cumulative": true
    },
    {
        "date": "2020-09-11T14:56:01Z",
        "value": "175744.0221862793",
        "cumulative": true
    },
    {
        "date": "2020-09-11T14:56:18Z",
        "value": "178738.656832695",
        "cumulative": true
    },
    {
        "date": "2020-09-11T14:56:33Z",
        "value": "179693.13820171356",
        "cumulative": true
    },
    {
        "date": "2020-09-11T14:56:46Z",
        "value": "180591.56494045258",
        "cumulative": true
    },
    {
        "date": "2020-09-11T14:57:02Z",
        "value": "181571.03244113922",
        "cumulative": true
    },
    {
        "date": "2020-09-11T14:57:15Z",
        "value": "182447.6505804062",
        "cumulative": true
    },
    {
        "date": "2020-09-11T14:57:34Z",
        "value": "183698.0038022995",
        "cumulative": true
    },
    {
        "date": "2020-09-11T14:57:51Z",
        "value": "184833.68626880646",
        "cumulative": true
    },
    {
        "date": "2020-09-11T14:58:03Z",
        "value": "185641.92471027374",
        "cumulative": true
    },
    {
        "date": "2020-09-11T14:58:21Z",
        "value": "186819.39481258392",
        "cumulative": true
    },
    {
        "date": "2020-09-11T14:58:37Z",
        "value": "187818.87555408478",
        "cumulative": true
    },
    {
        "date": "2020-09-11T14:58:54Z",
        "value": "188978.01526737213",
        "cumulative": true
    },
    {
        "date": "2020-09-11T14:59:07Z",
        "value": "189868.62483501434",
        "cumulative": true
    },
    {
        "date": "2020-09-11T14:59:21Z",
        "value": "190791.64749622345",
        "cumulative": true
    },
    {
        "date": "2020-09-11T14:59:32Z",
        "value": "191587.01459407806",
        "cumulative": true
    },
    {
        "date": "2020-09-11T14:59:51Z",
        "value": "195085.15081977844",
        "cumulative": true
    },
    {
        "date": "2020-09-11T15:00:08Z",
        "value": "199127.9810256958",
        "cumulative": true
    },
    {
        "date": "2020-09-11T15:00:25Z",
        "value": "202761.8408241272",
        "cumulative": true
    },
    {
        "date": "2020-09-11T15:00:44Z",
        "value": "206869.92295074463",
        "cumulative": true
    },
    {
        "date": "2020-09-11T15:01:00Z",
        "value": "210469.7249660492",
        "cumulative": true
    },
    {
        "date": "2020-09-11T15:01:13Z",
        "value": "213259.68334770203",
        "cumulative": true
    },
    {
        "date": "2020-09-11T15:01:33Z",
        "value": "217654.62133789062",
        "cumulative": true
    },
    {
        "date": "2020-09-11T15:01:52Z",
        "value": "221811.89976882935",
        "cumulative": true
    },
    {
        "date": "2020-09-11T15:02:10Z",
        "value": "225406.82701778412",
        "cumulative": true
    },
    {
        "date": "2020-09-11T15:02:22Z",
        "value": "226232.09062290192",
        "cumulative": true
    },
    {
        "date": "2020-09-11T15:02:41Z",
        "value": "227545.90965366364",
        "cumulative": true
    },
    {
        "date": "2020-09-11T15:02:56Z",
        "value": "228529.4491071701",
        "cumulative": true
    },
    {
        "date": "2020-09-11T15:03:08Z",
        "value": "229277.94789791107",
        "cumulative": true
    },
    {
        "date": "2020-09-11T15:03:24Z",
        "value": "230382.4893503189",
        "cumulative": true
    },
    {
        "date": "2020-09-11T15:03:40Z",
        "value": "231411.36896038055",
        "cumulative": true
    },
    {
        "date": "2020-09-11T15:03:59Z",
        "value": "232726.30382823944",
        "cumulative": true
    },
    {
        "date": "2020-09-11T15:04:10Z",
        "value": "233418.87143802643",
        "cumulative": true
    },
    {
        "date": "2020-09-11T15:04:30Z",
        "value": "234696.11575984955",
        "cumulative": true
    },
    {
        "date": "2020-09-11T15:04:41Z",
        "value": "235416.36731243134",
        "cumulative": true
    },
    {
        "date": "2020-09-11T15:05:01Z",
        "value": "236745.96280956268",
        "cumulative": true
    },
    {
        "date": "2020-09-11T15:05:16Z",
        "value": "237751.75017642975",
        "cumulative": true
    },
    {
        "date": "2020-09-11T15:05:33Z",
        "value": "238891.45757579803",
        "cumulative": true
    },
    {
        "date": "2020-09-11T15:05:45Z",
        "value": "239634.93352794647",
        "cumulative": true
    },
    {
        "date": "2020-09-11T15:06:04Z",
        "value": "240839.3925333023",
        "cumulative": true
    },
    {
        "date": "2020-09-11T15:06:23Z",
        "value": "242207.43688201904",
        "cumulative": true
    },
    {
        "date": "2020-09-11T15:06:34Z",
        "value": "244819.1725139618",
        "cumulative": true
    },
    {
        "date": "2020-09-11T15:06:45Z",
        "value": "247202.89068984985",
        "cumulative": true
    },
    {
        "date": "2020-09-11T15:06:56Z",
        "value": "249761.02388191223",
        "cumulative": true
    },
    {
        "date": "2020-09-11T15:07:08Z",
        "value": "252301.0761127472",
        "cumulative": true
    },
    {
        "date": "2020-09-11T15:07:19Z",
        "value": "254574.20241737366",
        "cumulative": true
    },
    {
        "date": "2020-09-11T15:07:30Z",
        "value": "257024.12387275696",
        "cumulative": true
    },
    {
        "date": "2020-09-11T15:07:44Z",
        "value": "260184.31354904175",
        "cumulative": true
    },
    {
        "date": "2020-09-11T15:07:57Z",
        "value": "262923.0972003937",
        "cumulative": true
    },
    {
        "date": "2020-09-11T15:08:14Z",
        "value": "266587.0635356903",
        "cumulative": true
    },
    {
        "date": "2020-09-11T15:08:32Z",
        "value": "270561.8860359192",
        "cumulative": true
    },
    {
        "date": "2020-09-11T15:08:48Z",
        "value": "273928.61565208435",
        "cumulative": true
    },
    {
        "date": "2020-09-11T15:09:05Z",
        "value": "277410.3348789215",
        "cumulative": true
    },
    {
        "date": "2020-09-11T15:09:18Z",
        "value": "280654.87323760986",
        "cumulative": true
    },
    {
        "date": "2020-09-11T15:09:31Z",
        "value": "283407.7256336212",
        "cumulative": true
    },
    {
        "date": "2020-09-11T15:09:47Z",
        "value": "285244.4196720123",
        "cumulative": true
    },
    {
        "date": "2020-09-11T15:10:03Z",
        "value": "286333.3200626373",
        "cumulative": true
    },
    {
        "date": "2020-09-11T15:10:13Z",
        "value": "287055.22640419006",
        "cumulative": true
    },
    {
        "date": "2020-09-11T15:10:30Z",
        "value": "288207.0992870331",
        "cumulative": true
    },
    {
        "date": "2020-09-11T15:10:45Z",
        "value": "289258.36109924316",
        "cumulative": true
    },
    {
        "date": "2020-09-11T15:10:59Z",
        "value": "290164.2738056183",
        "cumulative": true
    },
    {
        "date": "2020-09-11T15:11:11Z",
        "value": "290947.97656822205",
        "cumulative": true
    },
    {
        "date": "2020-09-11T15:11:25Z",
        "value": "291980.1022872925",
        "cumulative": true
    },
    {
        "date": "2020-09-11T15:11:39Z",
        "value": "292887.2283744812",
        "cumulative": true
    },
    {
        "date": "2020-09-11T15:11:53Z",
        "value": "293882.58691215515",
        "cumulative": true
    },
    {
        "date": "2020-09-11T15:12:08Z",
        "value": "294940.66718292236",
        "cumulative": true
    },
    {
        "date": "2020-09-11T15:12:19Z",
        "value": "295623.0181617737",
        "cumulative": true
    },
    {
        "date": "2020-09-11T15:12:36Z",
        "value": "296706.2942276001",
        "cumulative": true
    },
    {
        "date": "2020-09-11T15:12:50Z",
        "value": "297705.373670578",
        "cumulative": true
    },
    {
        "date": "2020-09-11T15:13:10Z",
        "value": "298986.0541629791",
        "cumulative": true
    },
    {
        "date": "2020-09-11T15:13:27Z",
        "value": "300217.4932384491",
        "cumulative": true
    },
    {
        "date": "2020-09-11T15:13:47Z",
        "value": "301498.1296234131",
        "cumulative": true
    },
    {
        "date": "2020-09-11T15:13:58Z",
        "value": "302204.5414009094",
        "cumulative": true
    },
    {
        "date": "2020-09-11T15:14:13Z",
        "value": "303253.0803089142",
        "cumulative": true
    },
    {
        "date": "2020-09-11T15:14:27Z",
        "value": "304226.6408634186",
        "cumulative": true
    },
    {
        "date": "2020-09-11T15:14:40Z",
        "value": "305090.5185909271",
        "cumulative": true
    },
    {
        "date": "2020-09-11T15:14:59Z",
        "value": "307817.4011297226",
        "cumulative": true
    },
    {
        "date": "2020-09-11T15:15:19Z",
        "value": "312148.5316324234",
        "cumulative": true
    },
    {
        "date": "2020-09-11T15:15:33Z",
        "value": "315154.0894575119",
        "cumulative": true
    },
    {
        "date": "2020-09-11T15:15:46Z",
        "value": "318064.0796175003",
        "cumulative": true
    },
    {
        "date": "2020-09-11T15:16:05Z",
        "value": "322076.22613811493",
        "cumulative": true
    },
    {
        "date": "2020-09-11T15:16:20Z",
        "value": "325535.08221530914",
        "cumulative": true
    },
    {
        "date": "2020-09-11T15:16:38Z",
        "value": "329454.0251073837",
        "cumulative": true
    },
    {
        "date": "2020-09-11T15:16:50Z",
        "value": "332019.0285921097",
        "cumulative": true
    },
    {
        "date": "2020-09-11T15:17:09Z",
        "value": "336364.3524045944",
        "cumulative": true
    },
    {
        "date": "2020-09-11T15:17:23Z",
        "value": "339524.66465854645",
        "cumulative": true
    },
    {
        "date": "2020-09-11T15:17:43Z",
        "value": "343763.57516765594",
        "cumulative": true
    },
    {
        "date": "2020-09-11T15:17:53Z",
        "value": "345629.1200399399",
        "cumulative": true
    },
    {
        "date": "2020-09-11T15:18:05Z",
        "value": "348312.3045988083",
        "cumulative": true
    },
    {
        "date": "2020-09-11T15:18:23Z",
        "value": "352440.2841863632",
        "cumulative": true
    },
    {
        "date": "2020-09-11T15:18:37Z",
        "value": "355615.7508382797",
        "cumulative": true
    },
    {
        "date": "2020-09-11T15:18:48Z",
        "value": "357972.9234838486",
        "cumulative": true
    },
    {
        "date": "2020-09-11T15:19:01Z",
        "value": "359873.0044307709",
        "cumulative": true
    },
    {
        "date": "2020-09-11T15:19:16Z",
        "value": "360796.6829586029",
        "cumulative": true
    },
    {
        "date": "2020-09-11T15:19:35Z",
        "value": "362098.51730918884",
        "cumulative": true
    },
    {
        "date": "2020-09-11T15:19:54Z",
        "value": "363424.11133003235",
        "cumulative": true
    },
    {
        "date": "2020-09-11T15:20:10Z",
        "value": "364470.05589675903",
        "cumulative": true
    },
    {
        "date": "2020-09-11T15:20:29Z",
        "value": "365630.1963882446",
        "cumulative": true
    },
    {
        "date": "2020-09-11T15:20:42Z",
        "value": "366614.28378868103",
        "cumulative": true
    },
    {
        "date": "2020-09-11T15:20:58Z",
        "value": "367678.99364852905",
        "cumulative": true
    },
    {
        "date": "2020-09-11T15:21:15Z",
        "value": "368786.9106349945",
        "cumulative": true
    },
    {
        "date": "2020-09-11T15:21:25Z",
        "value": "369543.2930793762",
        "cumulative": true
    },
    {
        "date": "2020-09-11T15:21:43Z",
        "value": "370702.33737945557",
        "cumulative": true
    },
    {
        "date": "2020-09-11T15:21:55Z",
        "value": "371495.72670936584",
        "cumulative": true
    },
    {
        "date": "2020-09-11T15:22:06Z",
        "value": "372213.9771308899",
        "cumulative": true
    },
    {
        "date": "2020-09-11T15:22:25Z",
        "value": "373514.9981403351",
        "cumulative": true
    },
    {
        "date": "2020-09-11T15:22:39Z",
        "value": "374431.2650794983",
        "cumulative": true
    },
    {
        "date": "2020-09-11T15:22:50Z",
        "value": "375145.7132472992",
        "cumulative": true
    },
    {
        "date": "2020-09-11T15:23:05Z",
        "value": "376196.65608787537",
        "cumulative": true
    },
    {
        "date": "2020-09-11T15:23:18Z",
        "value": "377010.6843109131",
        "cumulative": true
    },
    {
        "date": "2020-09-11T15:23:32Z",
        "value": "377889.7302932739",
        "cumulative": true
    },
    {
        "date": "2020-09-11T15:23:49Z",
        "value": "379144.1043663025",
        "cumulative": true
    },
    {
        "date": "2020-09-11T15:24:02Z",
        "value": "379947.18438720703",
        "cumulative": true
    },
    {
        "date": "2020-09-11T15:24:18Z",
        "value": "381031.5502281189",
        "cumulative": true
    },
    {
        "date": "2020-09-11T15:24:35Z",
        "value": "382105.9166736603",
        "cumulative": true
    },
    {
        "date": "2020-09-11T15:24:45Z",
        "value": "382877.6025981903",
        "cumulative": true
    },
    {
        "date": "2020-09-11T15:25:03Z",
        "value": "383997.3584804535",
        "cumulative": true
    },
    {
        "date": "2020-09-11T15:25:17Z",
        "value": "385011.6397457123",
        "cumulative": true
    },
    {
        "date": "2020-09-11T15:25:34Z",
        "value": "386079.6628789902",
        "cumulative": true
    },
    {
        "date": "2020-09-11T15:25:52Z",
        "value": "390243.640583992",
        "cumulative": true
    },
    {
        "date": "2020-09-11T15:26:06Z",
        "value": "393540.7050771713",
        "cumulative": true
    },
    {
        "date": "2020-09-11T15:26:26Z",
        "value": "397697.8603105545",
        "cumulative": true
    },
    {
        "date": "2020-09-11T15:26:39Z",
        "value": "400795.95799160004",
        "cumulative": true
    },
    {
        "date": "2020-09-11T15:26:51Z",
        "value": "403294.44557476044",
        "cumulative": true
    },
    {
        "date": "2020-09-11T15:27:01Z",
        "value": "405534.9991865158",
        "cumulative": true
    },
    {
        "date": "2020-09-11T15:27:21Z",
        "value": "409817.7216463089",
        "cumulative": true
    },
    {
        "date": "2020-09-11T15:27:40Z",
        "value": "413888.95617961884",
        "cumulative": true
    },
    {
        "date": "2020-09-11T15:27:57Z",
        "value": "417277.75608348846",
        "cumulative": true
    },
    {
        "date": "2020-09-11T15:28:07Z",
        "value": "419323.46336841583",
        "cumulative": true
    },
    {
        "date": "2020-09-11T15:28:20Z",
        "value": "422479.4419736862",
        "cumulative": true
    },
    {
        "date": "2020-09-11T15:28:39Z",
        "value": "426564.7102022171",
        "cumulative": true
    },
    {
        "date": "2020-09-11T15:28:52Z",
        "value": "429408.05215358734",
        "cumulative": true
    },
    {
        "date": "2020-09-11T15:29:07Z",
        "value": "432556.99336338043",
        "cumulative": true
    },
    {
        "date": "2020-09-11T15:29:26Z",
        "value": "436900.8272371292",
        "cumulative": true
    },
    {
        "date": "2020-09-11T15:29:45Z",
        "value": "441015.3777742386",
        "cumulative": true
    },
    {
        "date": "2020-09-11T15:30:02Z",
        "value": "444714.19552898407",
        "cumulative": true
    },
    {
        "date": "2020-09-11T15:30:21Z",
        "value": "448712.3726167679",
        "cumulative": true
    },
    {
        "date": "2020-09-11T15:30:37Z",
        "value": "452439.47813129425",
        "cumulative": true
    },
    {
        "date": "2020-09-11T15:30:53Z",
        "value": "454580.54374599457",
        "cumulative": true
    },
    {
        "date": "2020-09-11T15:31:06Z",
        "value": "455363.4218053818",
        "cumulative": true
    },
    {
        "date": "2020-09-11T15:31:20Z",
        "value": "456323.1862859726",
        "cumulative": true
    },
    {
        "date": "2020-09-11T15:31:36Z",
        "value": "457401.61700725555",
        "cumulative": true
    },
    {
        "date": "2020-09-11T15:31:52Z",
        "value": "458626.0747537613",
        "cumulative": true
    },
    {
        "date": "2020-09-11T15:32:12Z",
        "value": "459972.3656606674",
        "cumulative": true
    },
    {
        "date": "2020-09-11T15:32:30Z",
        "value": "461123.97646427155",
        "cumulative": true
    },
    {
        "date": "2020-09-11T15:32:45Z",
        "value": "462192.47580623627",
        "cumulative": true
    },
    {
        "date": "2020-09-11T15:32:59Z",
        "value": "463138.8945016861",
        "cumulative": true
    },
    {
        "date": "2020-09-11T15:33:12Z",
        "value": "464048.7747030258",
        "cumulative": true
    },
    {
        "date": "2020-09-11T15:33:27Z",
        "value": "465025.1371450424",
        "cumulative": true
    },
    {
        "date": "2020-09-11T15:33:38Z",
        "value": "465765.2190961838",
        "cumulative": true
    },
    {
        "date": "2020-09-11T15:33:55Z",
        "value": "467045.17951107025",
        "cumulative": true
    },
    {
        "date": "2020-09-11T15:34:08Z",
        "value": "467830.25196552277",
        "cumulative": true
    },
    {
        "date": "2020-09-11T15:34:21Z",
        "value": "468740.65542316437",
        "cumulative": true
    },
    {
        "date": "2020-09-11T15:34:38Z",
        "value": "469851.37398815155",
        "cumulative": true
    },
    {
        "date": "2020-09-11T15:34:50Z",
        "value": "470749.0882730484",
        "cumulative": true
    },
    {
        "date": "2020-09-11T15:35:04Z",
        "value": "471578.122508049",
        "cumulative": true
    },
    {
        "date": "2020-09-11T15:35:16Z",
        "value": "472449.0920686722",
        "cumulative": true
    },
    {
        "date": "2020-09-11T15:35:35Z",
        "value": "473776.9427022934",
        "cumulative": true
    },
    {
        "date": "2020-09-11T15:35:48Z",
        "value": "474605.93846797943",
        "cumulative": true
    },
    {
        "date": "2020-09-11T15:36:03Z",
        "value": "475749.1943616867",
        "cumulative": true
    },
    {
        "date": "2020-09-11T15:36:19Z",
        "value": "476806.6410112381",
        "cumulative": true
    },
    {
        "date": "2020-09-11T15:36:30Z",
        "value": "477482.0083799362",
        "cumulative": true
    },
    {
        "date": "2020-09-11T15:36:44Z",
        "value": "478490.1784734726",
        "cumulative": true
    },
    {
        "date": "2020-09-11T15:36:54Z",
        "value": "479164.1024637222",
        "cumulative": true
    },
    {
        "date": "2020-09-11T15:37:07Z",
        "value": "480000.5243425369",
        "cumulative": true
    },
    {
        "date": "2020-09-11T15:37:27Z",
        "value": "481394.37965869904",
        "cumulative": true
    },
    {
        "date": "2020-09-11T15:37:38Z",
        "value": "482192.48566913605",
        "cumulative": true
    },
    {
        "date": "2020-09-11T15:37:52Z",
        "value": "483083.013215065",
        "cumulative": true
    },
    {
        "date": "2020-09-11T15:38:06Z",
        "value": "484008.40905857086",
        "cumulative": true
    },
    {
        "date": "2020-09-11T15:38:20Z",
        "value": "484946.4610414505",
        "cumulative": true
    },
    {
        "date": "2020-09-11T15:38:36Z",
        "value": "486001.069609642",
        "cumulative": true
    },
    {
        "date": "2020-09-11T15:38:54Z",
        "value": "487240.5326166153",
        "cumulative": true
    }
]