[
    {
        "date": "2020-09-11T14:32:42Z",
        "value": "0.0009593963623046875",
        "cumulative": true
    },
    {
        "date": "2020-09-11T14:33:01Z",
        "value": "28.502022743225098",
        "cumulative": true
    },
    {
        "date": "2020-09-11T14:33:13Z",
        "value": "88.98287963867188",
        "cumulative": true
    },
    {
        "date": "2020-09-11T14:33:27Z",
        "value": "775.9154958724976",
        "cumulative": true
    },
    {
        "date": "2020-09-11T14:33:43Z",
        "value": "2281.5324306488037",
        "cumulative": true
    },
    {
        "date": "2020-09-11T14:34:01Z",
        "value": "4334.5397872924805",
        "cumulative": true
    },
    {
        "date": "2020-09-11T14:34:19Z",
        "value": "6174.577020645142",
        "cumulative": true
    },
    {
        "date": "2020-09-11T14:34:30Z",
        "value": "7367.784442901611",
        "cumulative": true
    },
    {
        "date": "2020-09-11T14:34:47Z",
        "value": "9498.52474784851",
        "cumulative": true
    },
    {
        "date": "2020-09-11T14:35:00Z",
        "value": "11357.351422309875",
        "cumulative": true
    },
    {
        "date": "2020-09-11T14:35:12Z",
        "value": "12903.685055732727",
        "cumulative": true
    },
    {
        "date": "2020-09-11T14:35:23Z",
        "value": "14293.987657546997",
        "cumulative": true
    },
    {
        "date": "2020-09-11T14:35:43Z",
        "value": "17417.174456596375",
        "cumulative": true
    },
    {
        "date": "2020-09-11T14:35:56Z",
        "value": "18300.282527923584",
        "cumulative": true
    },
    {
        "date": "2020-09-11T14:36:06Z",
        "value": "19591.529200553894",
        "cumulative": true
    },
    {
        "date": "2020-09-11T14:36:18Z",
        "value": "22053.83901977539",
        "cumulative": true
    },
    {
        "date": "2020-09-11T14:36:36Z",
        "value": "23306.441818237305",
        "cumulative": true
    },
    {
        "date": "2020-09-11T14:36:54Z",
        "value": "26571.36745452881",
        "cumulative": true
    },
    {
        "date": "2020-09-11T14:37:08Z",
        "value": "28341.701998710632",
        "cumulative": true
    },
    {
        "date": "2020-09-11T14:37:18Z",
        "value": "29047.71587085724",
        "cumulative": true
    },
    {
        "date": "2020-09-11T14:37:29Z",
        "value": "29853.645573616028",
        "cumulative": true
    },
    {
        "date": "2020-09-11T14:37:41Z",
        "value": "32571.156460762024",
        "cumulative": true
    },
    {
        "date": "2020-09-11T14:37:54Z",
        "value": "35133.67154121399",
        "cumulative": true
    },
    {
        "date": "2020-09-11T14:38:14Z",
        "value": "36527.42885971069",
        "cumulative": true
    },
    {
        "date": "2020-09-11T14:38:32Z",
        "value": "38178.9006319046",
        "cumulative": true
    },
    {
        "date": "2020-09-11T14:38:51Z",
        "value": "42100.506949424744",
        "cumulative": true
    },
    {
        "date": "2020-09-11T14:39:04Z",
        "value": "44396.45326805115",
        "cumulative": true
    },
    {
        "date": "2020-09-11T14:39:23Z",
        "value": "45636.05552101135",
        "cumulative": true
    },
    {
        "date": "2020-09-11T14:39:40Z",
        "value": "46814.12664413452",
        "cumulative": true
    },
    {
        "date": "2020-09-11T14:39:58Z",
        "value": "49338.39278793335",
        "cumulative": true
    },
    {
        "date": "2020-09-11T14:40:17Z",
        "value": "53626.75740432739",
        "cumulative": true
    },
    {
        "date": "2020-09-11T14:40:33Z",
        "value": "56105.8881855011",
        "cumulative": true
    },
    {
        "date": "2020-09-11T14:40:53Z",
        "value": "57405.73473930359",
        "cumulative": true
    },
    {
        "date": "2020-09-11T14:41:05Z",
        "value": "58282.39573097229",
        "cumulative": true
    },
    {
        "date": "2020-09-11T14:41:24Z",
        "value": "59508.033264160156",
        "cumulative": true
    },
    {
        "date": "2020-09-11T14:41:38Z",
        "value": "61650.48967075348",
        "cumulative": true
    },
    {
        "date": "2020-09-11T14:41:53Z",
        "value": "64650.28158283234",
        "cumulative": true
    },
    {
        "date": "2020-09-11T14:42:07Z",
        "value": "67368.11345386505",
        "cumulative": true
    },
    {
        "date": "2020-09-11T14:42:26Z",
        "value": "70710.80800247192",
        "cumulative": true
    },
    {
        "date": "2020-09-11T14:42:44Z",
        "value": "71911.58616065979",
        "cumulative": true
    },
    {
        "date": "2020-09-11T14:42:57Z",
        "value": "72787.09133148193",
        "cumulative": true
    },
    {
        "date": "2020-09-11T14:43:08Z",
        "value": "73517.42614936829",
        "cumulative": true
    },
    {
        "date": "2020-09-11T14:43:22Z",
        "value": "74498.0708732605",
        "cumulative": true
    },
    {
        "date": "2020-09-11T14:43:39Z",
        "value": "75715.04696178436",
        "cumulative": true
    },
    {
        "date": "2020-09-11T14:43:58Z",
        "value": "79802.5264081955",
        "cumulative": true
    },
    {
        "date": "2020-09-11T14:44:11Z",
        "value": "82590.24156665802",
        "cumulative": true
    },
    {
        "date": "2020-09-11T14:44:31Z",
        "value": "86874.95905017853",
        "cumulative": true
    },
    {
        "date": "2020-09-11T14:44:42Z",
        "value": "88898.95771598816",
        "cumulative": true
    },
    {
        "date": "2020-09-11T14:45:00Z",
        "value": "90112.46337127686",
        "cumulative": true
    },
    {
        "date": "2020-09-11T14:45:20Z",
        "value": "91386.0221748352",
        "cumulative": true
    },
    {
        "date": "2020-09-11T14:45:36Z",
        "value": "92396.5676574707",
        "cumulative": true
    },
    {
        "date": "2020-09-11T14:45:48Z",
        "value": "93190.44715881348",
        "cumulative": true
    },
    {
        "date": "2020-09-11T14:46:01Z",
        "value": "94040.77610206604",
        "cumulative": true
    },
    {
        "date": "2020-09-11T14:46:12Z",
        "value": "94767.99475479126",
        "cumulative": true
    },
    {
        "date": "2020-09-11T14:46:30Z",
        "value": "97261.84100818634",
        "cumulative": true
    },
    {
        "date": "2020-09-11T14:46:50Z",
        "value": "101281.50458240509",
        "cumulative": true
    },
    {
        "date": "2020-09-11T14:47:00Z",
        "value": "103585.35949993134",
        "cumulative": true
    },
    {
        "date": "2020-09-11T14:47:19Z",
        "value": "107643.01945209503",
        "cumulative": true
    },
    {
        "date": "2020-09-11T14:47:36Z",
        "value": "111169.05233287811",
        "cumulative": true
    },
    {
        "date": "2020-09-11T14:47:50Z",
        "value": "112766.67113494873",
        "cumulative": true
    },
    {
        "date": "2020-09-11T14:48:01Z",
        "value": "113529.32956695557",
        "cumulative": true
    },
    {
        "date": "2020-09-11T14:48:13Z",
        "value": "114294.82502174377",
        "cumulative": true
    },
    {
        "date": "2020-09-11T14:48:26Z",
        "value": "115166.34650802612",
        "cumulative": true
    },
    {
        "date": "2020-09-11T14:48:40Z",
        "value": "116087.95956611633",
        "cumulative": true
    },
    {
        "date": "2020-09-11T14:48:59Z",
        "value": "117270.72017669678",
        "cumulative": true
    },
    {
        "date": "2020-09-11T14:49:10Z",
        "value": "117988.81399345398",
        "cumulative": true
    },
    {
        "date": "2020-09-11T14:49:22Z",
        "value": "118816.13111686707",
        "cumulative": true
    },
    {
        "date": "2020-09-11T14:49:35Z",
        "value": "119649.44535827637",
        "cumulative": true
    },
    {
        "date": "2020-09-11T14:49:52Z",
        "value": "121679.81715869904",
        "cumulative": true
    },
    {
        "date": "2020-09-11T14:50:11Z",
        "value": "125776.25184726715",
        "cumulative": true
    },
    {
        "date": "2020-09-11T14:50:28Z",
        "value": "129029.94709682465",
        "cumulative": true
    },
    {
        "date": "2020-09-11T14:50:44Z",
        "value": "132299.18709659576",
        "cumulative": true
    },
    {
        "date": "2020-09-11T14:50:56Z",
        "value": "134863.11558628082",
        "cumulative": true
    },
    {
        "date": "2020-09-11T14:51:09Z",
        "value": "137638.6594839096",
        "cumulative": true
    },
    {
        "date": "2020-09-11T14:51:21Z",
        "value": "140175.53511714935",
        "cumulative": true
    },
    {
        "date": "2020-09-11T14:51:39Z",
        "value": "142303.99014282227",
        "cumulative": true
    },
    {
        "date": "2020-09-11T14:51:51Z",
        "value": "143072.96370506287",
        "cumulative": true
    },
    {
        "date": "2020-09-11T14:52:11Z",
        "value": "144389.33459854126",
        "cumulative": true
    },
    {
        "date": "2020-09-11T14:52:26Z",
        "value": "145356.25962257385",
        "cumulative": true
    },
    {
        "date": "2020-09-11T14:52:44Z",
        "value": "146531.37539291382",
        "cumulative": true
    },
    {
        "date": "2020-09-11T14:52:59Z",
        "value": "147545.50947761536",
        "cumulative": true
    },
    {
        "date": "2020-09-11T14:53:15Z",
        "value": "148610.51478767395",
        "cumulative": true
    },
    {
        "date": "2020-09-11T14:53:26Z",
        "value": "149340.1722869873",
        "cumulative": true
    },
    {
        "date": "2020-09-11T14:53:44Z",
        "value": "150509.90021514893",
        "cumulative": true
    },
    {
        "date": "2020-09-11T14:53:58Z",
        "value": "151430.3064212799",
        "cumulative": true
    },
    {
        "date": "2020-09-11T14:54:10Z",
        "value": "152163.88712787628",
        "cumulative": true
    },
    {
        "date": "2020-09-11T14:54:25Z",
        "value": "155378.28623867035",
        "cumulative": true
    },
    {
        "date": "2020-09-11T14:54:43Z",
        "value": "159526.13036823273",
        "cumulative": true
    },
    {
        "date": "2020-09-11T14:55:01Z",
        "value": "163615.03416919708",
        "cumulative": true
    },
    {
        "date": "2020-09-11T14:55:19Z",
        "value": "167397.2193994522",
        "cumulative": true
    },
    {
        "date": "2020-09-11T14:55:36Z",
        "value": "170845.1102991104",
        "cumulative": true
    },
    {
        "date": "2020-09-11T14:55:55Z",
        "value": "174906.4883737564",
        "cumulative": true
    },
    {
        "date": "2020-09-11T14:56:13Z",
        "value": "178623.4897813797",
        "cumulative": true
    },
    {
        "date": "2020-09-11T14:56:27Z",
        "value": "179687.45310211182",
        "cumulative": true
    },
    {
        "date": "2020-09-11T14:56:46Z",
        "value": "181005.55306053162",
        "cumulative": true
    },
    {
        "date": "2020-09-11T14:56:59Z",
        "value": "181836.09249305725",
        "cumulative": true
    },
    {
        "date": "2020-09-11T14:57:10Z",
        "value": "182526.08059692383",
        "cumulative": true
    },
    {
        "date": "2020-09-11T14:57:20Z",
        "value": "183202.77291297913",
        "cumulative": true
    },
    {
        "date": "2020-09-11T14:57:35Z",
        "value": "184191.90360069275",
        "cumulative": true
    },
    {
        "date": "2020-09-11T14:57:46Z",
        "value": "184875.36147117615",
        "cumulative": true
    },
    {
        "date": "2020-09-11T14:58:05Z",
        "value": "186164.28256988525",
        "cumulative": true
    },
    {
        "date": "2020-09-11T14:58:23Z",
        "value": "187375.60014915466",
        "cumulative": true
    },
    {
        "date": "2020-09-11T14:58:41Z",
        "value": "188498.085603714",
        "cumulative": true
    },
    {
        "date": "2020-09-11T14:58:58Z",
        "value": "189647.71281814575",
        "cumulative": true
    },
    {
        "date": "2020-09-11T14:59:15Z",
        "value": "190814.40503692627",
        "cumulative": true
    },
    {
        "date": "2020-09-11T14:59:26Z",
        "value": "191605.67792129517",
        "cumulative": true
    },
    {
        "date": "2020-09-11T14:59:45Z",
        "value": "194398.68914699554",
        "cumulative": true
    },
    {
        "date": "2020-09-11T14:59:55Z",
        "value": "196544.3764333725",
        "cumulative": true
    },
    {
        "date": "2020-09-11T15:00:15Z",
        "value": "200922.7831583023",
        "cumulative": true
    },
    {
        "date": "2020-09-11T15:00:29Z",
        "value": "203959.6067457199",
        "cumulative": true
    },
    {
        "date": "2020-09-11T15:00:39Z",
        "value": "206296.6680059433",
        "cumulative": true
    },
    {
        "date": "2020-09-11T15:00:49Z",
        "value": "208416.26158237457",
        "cumulative": true
    },
    {
        "date": "2020-09-11T15:00:59Z",
        "value": "210708.920378685",
        "cumulative": true
    },
    {
        "date": "2020-09-11T15:01:13Z",
        "value": "213823.97501850128",
        "cumulative": true
    },
    {
        "date": "2020-09-11T15:01:31Z",
        "value": "217795.9385290146",
        "cumulative": true
    },
    {
        "date": "2020-09-11T15:01:47Z",
        "value": "221259.58740329742",
        "cumulative": true
    },
    {
        "date": "2020-09-11T15:01:58Z",
        "value": "223553.24387264252",
        "cumulative": true
    },
    {
        "date": "2020-09-11T15:02:16Z",
        "value": "226424.63248062134",
        "cumulative": true
    },
    {
        "date": "2020-09-11T15:02:29Z",
        "value": "227277.63692855835",
        "cumulative": true
    },
    {
        "date": "2020-09-11T15:02:40Z",
        "value": "227984.98216056824",
        "cumulative": true
    },
    {
        "date": "2020-09-11T15:02:54Z",
        "value": "228961.88952445984",
        "cumulative": true
    },
    {
        "date": "2020-09-11T15:03:11Z",
        "value": "230071.7600364685",
        "cumulative": true
    },
    {
        "date": "2020-09-11T15:03:29Z",
        "value": "231279.92175483704",
        "cumulative": true
    },
    {
        "date": "2020-09-11T15:03:49Z",
        "value": "232618.3374633789",
        "cumulative": true
    },
    {
        "date": "2020-09-11T15:04:02Z",
        "value": "233456.2604598999",
        "cumulative": true
    },
    {
        "date": "2020-09-11T15:04:15Z",
        "value": "234336.0784549713",
        "cumulative": true
    },
    {
        "date": "2020-09-11T15:04:31Z",
        "value": "235295.96787261963",
        "cumulative": true
    },
    {
        "date": "2020-09-11T15:04:49Z",
        "value": "236483.44167518616",
        "cumulative": true
    },
    {
        "date": "2020-09-11T15:05:03Z",
        "value": "237418.10987091064",
        "cumulative": true
    },
    {
        "date": "2020-09-11T15:05:20Z",
        "value": "238525.5613899231",
        "cumulative": true
    },
    {
        "date": "2020-09-11T15:05:31Z",
        "value": "239332.6074409485",
        "cumulative": true
    },
    {
        "date": "2020-09-11T15:05:50Z",
        "value": "240507.17156600952",
        "cumulative": true
    },
    {
        "date": "2020-09-11T15:06:00Z",
        "value": "241193.40580940247",
        "cumulative": true
    },
    {
        "date": "2020-09-11T15:06:11Z",
        "value": "241864.66459083557",
        "cumulative": true
    },
    {
        "date": "2020-09-11T15:06:28Z",
        "value": "243936.98832035065",
        "cumulative": true
    },
    {
        "date": "2020-09-11T15:06:39Z",
        "value": "246497.19441509247",
        "cumulative": true
    },
    {
        "date": "2020-09-11T15:06:55Z",
        "value": "250295.30572795868",
        "cumulative": true
    },
    {
        "date": "2020-09-11T15:07:06Z",
        "value": "252467.8619737625",
        "cumulative": true
    },
    {
        "date": "2020-09-11T15:07:21Z",
        "value": "255881.1810388565",
        "cumulative": true
    },
    {
        "date": "2020-09-11T15:07:37Z",
        "value": "259277.18071842194",
        "cumulative": true
    },
    {
        "date": "2020-09-11T15:07:52Z",
        "value": "262505.05082416534",
        "cumulative": true
    },
    {
        "date": "2020-09-11T15:08:03Z",
        "value": "264956.9778928757",
        "cumulative": true
    },
    {
        "date": "2020-09-11T15:08:16Z",
        "value": "267706.7348585129",
        "cumulative": true
    },
    {
        "date": "2020-09-11T15:08:31Z",
        "value": "271221.73941898346",
        "cumulative": true
    },
    {
        "date": "2020-09-11T15:08:42Z",
        "value": "273392.70342731476",
        "cumulative": true
    },
    {
        "date": "2020-09-11T15:09:01Z",
        "value": "277438.631278038",
        "cumulative": true
    },
    {
        "date": "2020-09-11T15:09:16Z",
        "value": "280845.29895305634",
        "cumulative": true
    },
    {
        "date": "2020-09-11T15:09:32Z",
        "value": "284326.3304243088",
        "cumulative": true
    },
    {
        "date": "2020-09-11T15:09:43Z",
        "value": "285757.4926700592",
        "cumulative": true
    },
    {
        "date": "2020-09-11T15:09:53Z",
        "value": "286420.66613197327",
        "cumulative": true
    },
    {
        "date": "2020-09-11T15:10:11Z",
        "value": "287672.15675354004",
        "cumulative": true
    },
    {
        "date": "2020-09-11T15:10:21Z",
        "value": "288368.1706123352",
        "cumulative": true
    },
    {
        "date": "2020-09-11T15:10:40Z",
        "value": "289630.6144695282",
        "cumulative": true
    },
    {
        "date": "2020-09-11T15:10:53Z",
        "value": "290543.3180580139",
        "cumulative": true
    },
    {
        "date": "2020-09-11T15:11:06Z",
        "value": "291469.7170753479",
        "cumulative": true
    },
    {
        "date": "2020-09-11T15:11:24Z",
        "value": "292619.605134964",
        "cumulative": true
    },
    {
        "date": "2020-09-11T15:11:40Z",
        "value": "293796.7991847992",
        "cumulative": true
    },
    {
        "date": "2020-09-11T15:11:59Z",
        "value": "295065.54114341736",
        "cumulative": true
    },
    {
        "date": "2020-09-11T15:12:10Z",
        "value": "295747.6921005249",
        "cumulative": true
    },
    {
        "date": "2020-09-11T15:12:20Z",
        "value": "296548.5302810669",
        "cumulative": true
    },
    {
        "date": "2020-09-11T15:12:38Z",
        "value": "297626.19812202454",
        "cumulative": true
    },
    {
        "date": "2020-09-11T15:12:53Z",
        "value": "298661.52817344666",
        "cumulative": true
    },
    {
        "date": "2020-09-11T15:13:11Z",
        "value": "299851.01870918274",
        "cumulative": true
    },
    {
        "date": "2020-09-11T15:13:24Z",
        "value": "300775.16889572144",
        "cumulative": true
    },
    {
        "date": "2020-09-11T15:13:37Z",
        "value": "301620.1707420349",
        "cumulative": true
    },
    {
        "date": "2020-09-11T15:13:56Z",
        "value": "302891.8123950958",
        "cumulative": true
    },
    {
        "date": "2020-09-11T15:14:14Z",
        "value": "304131.2490901947",
        "cumulative": true
    },
    {
        "date": "2020-09-11T15:14:32Z",
        "value": "305258.29406929016",
        "cumulative": true
    },
    {
        "date": "2020-09-11T15:14:51Z",
        "value": "306938.9623479843",
        "cumulative": true
    },
    {
        "date": "2020-09-11T15:15:06Z",
        "value": "310098.56728076935",
        "cumulative": true
    },
    {
        "date": "2020-09-11T15:15:19Z",
        "value": "312948.33034801483",
        "cumulative": true
    },
    {
        "date": "2020-09-11T15:15:38Z",
        "value": "317107.15292835236",
        "cumulative": true
    },
    {
        "date": "2020-09-11T15:15:48Z",
        "value": "319425.7631139755",
        "cumulative": true
    },
    {
        "date": "2020-09-11T15:16:07Z",
        "value": "323199.22716617584",
        "cumulative": true
    },
    {
        "date": "2020-09-11T15:16:22Z",
        "value": "326966.3246870041",
        "cumulative": true
    },
    {
        "date": "2020-09-11T15:16:34Z",
        "value": "329597.3255815506",
        "cumulative": true
    },
    {
        "date": "2020-09-11T15:16:52Z",
        "value": "333430.90605449677",
        "cumulative": true
    },
    {
        "date": "2020-09-11T15:17:07Z",
        "value": "336857.89639377594",
        "cumulative": true
    },
    {
        "date": "2020-09-11T15:17:18Z",
        "value": "339350.3158121109",
        "cumulative": true
    },
    {
        "date": "2020-09-11T15:17:33Z",
        "value": "342563.64298152924",
        "cumulative": true
    },
    {
        "date": "2020-09-11T15:17:49Z",
        "value": "345824.01986789703",
        "cumulative": true
    },
    {
        "date": "2020-09-11T15:18:08Z",
        "value": "350131.41488170624",
        "cumulative": true
    },
    {
        "date": "2020-09-11T15:18:27Z",
        "value": "354325.10798740387",
        "cumulative": true
    },
    {
        "date": "2020-09-11T15:18:42Z",
        "value": "357670.5577363968",
        "cumulative": true
    },
    {
        "date": "2020-09-11T15:18:59Z",
        "value": "360644.74080467224",
        "cumulative": true
    },
    {
        "date": "2020-09-11T15:19:14Z",
        "value": "361695.32491111755",
        "cumulative": true
    },
    {
        "date": "2020-09-11T15:19:31Z",
        "value": "362802.7992553711",
        "cumulative": true
    },
    {
        "date": "2020-09-11T15:19:43Z",
        "value": "363594.8325328827",
        "cumulative": true
    },
    {
        "date": "2020-09-11T15:19:53Z",
        "value": "364268.97957229614",
        "cumulative": true
    },
    {
        "date": "2020-09-11T15:20:07Z",
        "value": "365191.24706459045",
        "cumulative": true
    },
    {
        "date": "2020-09-11T15:20:22Z",
        "value": "366155.1743373871",
        "cumulative": true
    },
    {
        "date": "2020-09-11T15:20:38Z",
        "value": "367222.3383655548",
        "cumulative": true
    },
    {
        "date": "2020-09-11T15:20:57Z",
        "value": "368503.2743396759",
        "cumulative": true
    },
    {
        "date": "2020-09-11T15:21:14Z",
        "value": "369716.96315956116",
        "cumulative": true
    },
    {
        "date": "2020-09-11T15:21:32Z",
        "value": "371048.1681537628",
        "cumulative": true
    },
    {
        "date": "2020-09-11T15:21:48Z",
        "value": "372119.78241729736",
        "cumulative": true
    },
    {
        "date": "2020-09-11T15:22:02Z",
        "value": "372949.7165184021",
        "cumulative": true
    },
    {
        "date": "2020-09-11T15:22:15Z",
        "value": "373772.7728462219",
        "cumulative": true
    },
    {
        "date": "2020-09-11T15:22:30Z",
        "value": "374808.12508773804",
        "cumulative": true
    },
    {
        "date": "2020-09-11T15:22:45Z",
        "value": "375758.6047401428",
        "cumulative": true
    },
    {
        "date": "2020-09-11T15:22:57Z",
        "value": "376655.25733184814",
        "cumulative": true
    },
    {
        "date": "2020-09-11T15:23:14Z",
        "value": "377728.89774131775",
        "cumulative": true
    },
    {
        "date": "2020-09-11T15:23:30Z",
        "value": "378790.56477355957",
        "cumulative": true
    },
    {
        "date": "2020-09-11T15:23:44Z",
        "value": "379675.35047340393",
        "cumulative": true
    },
    {
        "date": "2020-09-11T15:23:57Z",
        "value": "380660.5738067627",
        "cumulative": true
    },
    {
        "date": "2020-09-11T15:24:12Z",
        "value": "381570.1174144745",
        "cumulative": true
    },
    {
        "date": "2020-09-11T15:24:28Z",
        "value": "382633.4152240753",
        "cumulative": true
    },
    {
        "date": "2020-09-11T15:24:42Z",
        "value": "383608.7385253906",
        "cumulative": true
    },
    {
        "date": "2020-09-11T15:24:58Z",
        "value": "384686.2612285614",
        "cumulative": true
    },
    {
        "date": "2020-09-11T15:25:17Z",
        "value": "385998.1194591522",
        "cumulative": true
    },
    {
        "date": "2020-09-11T15:25:34Z",
        "value": "387065.5005273819",
        "cumulative": true
    },
    {
        "date": "2020-09-11T15:25:52Z",
        "value": "391267.53914165497",
        "cumulative": true
    },
    {
        "date": "2020-09-11T15:26:11Z",
        "value": "395750.19443035126",
        "cumulative": true
    },
    {
        "date": "2020-09-11T15:26:29Z",
        "value": "399566.0535440445",
        "cumulative": true
    },
    {
        "date": "2020-09-11T15:26:40Z",
        "value": "402019.36117076874",
        "cumulative": true
    },
    {
        "date": "2020-09-11T15:26:51Z",
        "value": "404417.7646341324",
        "cumulative": true
    },
    {
        "date": "2020-09-11T15:27:05Z",
        "value": "407460.28499889374",
        "cumulative": true
    },
    {
        "date": "2020-09-11T15:27:16Z",
        "value": "409758.1362981796",
        "cumulative": true
    },
    {
        "date": "2020-09-11T15:27:28Z",
        "value": "412371.96958065033",
        "cumulative": true
    },
    {
        "date": "2020-09-11T15:27:42Z",
        "value": "415269.1472635269",
        "cumulative": true
    },
    {
        "date": "2020-09-11T15:27:55Z",
        "value": "417700.8790445328",
        "cumulative": true
    },
    {
        "date": "2020-09-11T15:28:06Z",
        "value": "420394.4445428848",
        "cumulative": true
    },
    {
        "date": "2020-09-11T15:28:23Z",
        "value": "424064.3141736984",
        "cumulative": true
    },
    {
        "date": "2020-09-11T15:28:37Z",
        "value": "427194.4307870865",
        "cumulative": true
    },
    {
        "date": "2020-09-11T15:28:56Z",
        "value": "431290.25589466095",
        "cumulative": true
    },
    {
        "date": "2020-09-11T15:29:13Z",
        "value": "435106.5079393387",
        "cumulative": true
    },
    {
        "date": "2020-09-11T15:29:30Z",
        "value": "438753.77144145966",
        "cumulative": true
    },
    {
        "date": "2020-09-11T15:29:43Z",
        "value": "441590.5149755478",
        "cumulative": true
    },
    {
        "date": "2020-09-11T15:29:54Z",
        "value": "444210.84034252167",
        "cumulative": true
    },
    {
        "date": "2020-09-11T15:30:12Z",
        "value": "448248.8376169205",
        "cumulative": true
    },
    {
        "date": "2020-09-11T15:30:24Z",
        "value": "450735.7587156296",
        "cumulative": true
    },
    {
        "date": "2020-09-11T15:30:40Z",
        "value": "454422.551615715",
        "cumulative": true
    },
    {
        "date": "2020-09-11T15:30:55Z",
        "value": "455806.38310718536",
        "cumulative": true
    },
    {
        "date": "2020-09-11T15:31:10Z",
        "value": "456841.2387571335",
        "cumulative": true
    },
    {
        "date": "2020-09-11T15:31:30Z",
        "value": "458197.66505146027",
        "cumulative": true
    },
    {
        "date": "2020-09-11T15:31:47Z",
        "value": "459460.1376504898",
        "cumulative": true
    },
    {
        "date": "2020-09-11T15:32:03Z",
        "value": "460498.5364923477",
        "cumulative": true
    },
    {
        "date": "2020-09-11T15:32:16Z",
        "value": "461329.0280637741",
        "cumulative": true
    },
    {
        "date": "2020-09-11T15:32:35Z",
        "value": "462648.8987150192",
        "cumulative": true
    },
    {
        "date": "2020-09-11T15:32:51Z",
        "value": "463868.40677928925",
        "cumulative": true
    },
    {
        "date": "2020-09-11T15:33:04Z",
        "value": "464677.3613805771",
        "cumulative": true
    },
    {
        "date": "2020-09-11T15:33:17Z",
        "value": "465573.88633823395",
        "cumulative": true
    },
    {
        "date": "2020-09-11T15:33:30Z",
        "value": "466565.6086702347",
        "cumulative": true
    },
    {
        "date": "2020-09-11T15:33:43Z",
        "value": "467335.15002155304",
        "cumulative": true
    },
    {
        "date": "2020-09-11T15:34:00Z",
        "value": "468585.2769384384",
        "cumulative": true
    },
    {
        "date": "2020-09-11T15:34:14Z",
        "value": "469408.6631383896",
        "cumulative": true
    },
    {
        "date": "2020-09-11T15:34:29Z",
        "value": "470423.1832227707",
        "cumulative": true
    },
    {
        "date": "2020-09-11T15:34:39Z",
        "value": "471108.0484457016",
        "cumulative": true
    },
    {
        "date": "2020-09-11T15:34:51Z",
        "value": "471962.24035167694",
        "cumulative": true
    },
    {
        "date": "2020-09-11T15:35:09Z",
        "value": "473276.8178052902",
        "cumulative": true
    },
    {
        "date": "2020-09-11T15:35:20Z",
        "value": "473986.96563243866",
        "cumulative": true
    },
    {
        "date": "2020-09-11T15:35:40Z",
        "value": "475335.55414295197",
        "cumulative": true
    },
    {
        "date": "2020-09-11T15:35:54Z",
        "value": "476345.8972272873",
        "cumulative": true
    },
    {
        "date": "2020-09-11T15:36:06Z",
        "value": "477066.8628168106",
        "cumulative": true
    },
    {
        "date": "2020-09-11T15:36:23Z",
        "value": "478297.3040895462",
        "cumulative": true
    },
    {
        "date": "2020-09-11T15:36:43Z",
        "value": "479679.54811382294",
        "cumulative": true
    },
    {
        "date": "2020-09-11T15:36:57Z",
        "value": "480534.99600696564",
        "cumulative": true
    },
    {
        "date": "2020-09-11T15:37:15Z",
        "value": "481824.9546365738",
        "cumulative": true
    },
    {
        "date": "2020-09-11T15:37:30Z",
        "value": "482817.09671115875",
        "cumulative": true
    },
    {
        "date": "2020-09-11T15:37:44Z",
        "value": "483788.695101738",
        "cumulative": true
    },
    {
        "date": "2020-09-11T15:37:55Z",
        "value": "484485.2736825943",
        "cumulative": true
    },
    {
        "date": "2020-09-11T15:38:05Z",
        "value": "485181.4724149704",
        "cumulative": true
    },
    {
        "date": "2020-09-11T15:38:15Z",
        "value": "485851.2162466049",
        "cumulative": true
    },
    {
        "date": "2020-09-11T15:38:33Z",
        "value": "487135.43306827545",
        "cumulative": true
    },
    {
        "date": "2020-09-11T15:38:49Z",
        "value": "488148.8595132828",
        "cumulative": true
    },
    {
        "date": "2020-09-11T15:39:03Z",
        "value": "488821.34990024567",
        "cumulative": true
    }
]