[
    {
        "date": "2020-09-11T14:32:44Z",
        "value": "2.73046875",
        "cumulative": false
    },
    {
        "date": "2020-09-11T14:32:57Z",
        "value": "1057.22265625",
        "cumulative": false
    },
    {
        "date": "2020-09-11T14:33:14Z",
        "value": "1057.546875",
        "cumulative": false
    },
    {
        "date": "2020-09-11T14:33:31Z",
        "value": "1061.57421875",
        "cumulative": false
    },
    {
        "date": "2020-09-11T14:33:42Z",
        "value": "1067.84375",
        "cumulative": false
    },
    {
        "date": "2020-09-11T14:33:57Z",
        "value": "1077.05078125",
        "cumulative": false
    },
    {
        "date": "2020-09-11T14:34:08Z",
        "value": "1086.421875",
        "cumulative": false
    },
    {
        "date": "2020-09-11T14:34:19Z",
        "value": "1093.68359375",
        "cumulative": false
    },
    {
        "date": "2020-09-11T14:34:39Z",
        "value": "1106.48046875",
        "cumulative": false
    },
    {
        "date": "2020-09-11T14:34:51Z",
        "value": "1116.15625",
        "cumulative": false
    },
    {
        "date": "2020-09-11T14:35:07Z",
        "value": "1131.22265625",
        "cumulative": false
    },
    {
        "date": "2020-09-11T14:35:20Z",
        "value": "1134.83203125",
        "cumulative": false
    },
    {
        "date": "2020-09-11T14:35:35Z",
        "value": "1162.09765625",
        "cumulative": false
    },
    {
        "date": "2020-09-11T14:35:49Z",
        "value": "1162.09765625",
        "cumulative": false
    },
    {
        "date": "2020-09-11T14:36:05Z",
        "value": "1184.4296875",
        "cumulative": false
    },
    {
        "date": "2020-09-11T14:36:17Z",
        "value": "1184.43359375",
        "cumulative": false
    },
    {
        "date": "2020-09-11T14:36:34Z",
        "value": "1184.43359375",
        "cumulative": false
    },
    {
        "date": "2020-09-11T14:36:49Z",
        "value": "1212.84765625",
        "cumulative": false
    },
    {
        "date": "2020-09-11T14:37:05Z",
        "value": "1212.84765625",
        "cumulative": false
    },
    {
        "date": "2020-09-11T14:37:25Z",
        "value": "1212.84765625",
        "cumulative": false
    },
    {
        "date": "2020-09-11T14:37:36Z",
        "value": "1248.43359375",
        "cumulative": false
    },
    {
        "date": "2020-09-11T14:37:55Z",
        "value": "1263.13671875",
        "cumulative": false
    },
    {
        "date": "2020-09-11T14:38:10Z",
        "value": "1263.13671875",
        "cumulative": false
    },
    {
        "date": "2020-09-11T14:38:25Z",
        "value": "1263.13671875",
        "cumulative": false
    },
    {
        "date": "2020-09-11T14:38:36Z",
        "value": "1300.34375",
        "cumulative": false
    },
    {
        "date": "2020-09-11T14:38:51Z",
        "value": "1300.34375",
        "cumulative": false
    },
    {
        "date": "2020-09-11T14:39:09Z",
        "value": "1311.921875",
        "cumulative": false
    },
    {
        "date": "2020-09-11T14:39:23Z",
        "value": "1311.921875",
        "cumulative": false
    },
    {
        "date": "2020-09-11T14:39:41Z",
        "value": "1311.921875",
        "cumulative": false
    },
    {
        "date": "2020-09-11T14:39:57Z",
        "value": "1358.9296875",
        "cumulative": false
    },
    {
        "date": "2020-09-11T14:40:07Z",
        "value": "1358.9296875",
        "cumulative": false
    },
    {
        "date": "2020-09-11T14:40:26Z",
        "value": "1358.9296875",
        "cumulative": false
    },
    {
        "date": "2020-09-11T14:40:38Z",
        "value": "1326.6796875",
        "cumulative": false
    },
    {
        "date": "2020-09-11T14:40:51Z",
        "value": "1326.6796875",
        "cumulative": false
    },
    {
        "date": "2020-09-11T14:41:03Z",
        "value": "1326.6796875",
        "cumulative": false
    },
    {
        "date": "2020-09-11T14:41:22Z",
        "value": "1326.6796875",
        "cumulative": false
    },
    {
        "date": "2020-09-11T14:41:38Z",
        "value": "1386.04296875",
        "cumulative": false
    },
    {
        "date": "2020-09-11T14:41:52Z",
        "value": "1385.99609375",
        "cumulative": false
    },
    {
        "date": "2020-09-11T14:42:07Z",
        "value": "1423.6796875",
        "cumulative": false
    },
    {
        "date": "2020-09-11T14:42:19Z",
        "value": "1386.0546875",
        "cumulative": false
    },
    {
        "date": "2020-09-11T14:42:32Z",
        "value": "1451.39453125",
        "cumulative": false
    },
    {
        "date": "2020-09-11T14:42:42Z",
        "value": "1392.14453125",
        "cumulative": false
    },
    {
        "date": "2020-09-11T14:42:57Z",
        "value": "1413.89453125",
        "cumulative": false
    },
    {
        "date": "2020-09-11T14:43:16Z",
        "value": "1408.2109375",
        "cumulative": false
    },
    {
        "date": "2020-09-11T14:43:36Z",
        "value": "1392.2109375",
        "cumulative": false
    },
    {
        "date": "2020-09-11T14:43:49Z",
        "value": "1467.09375",
        "cumulative": false
    },
    {
        "date": "2020-09-11T14:44:05Z",
        "value": "1541.796875",
        "cumulative": false
    },
    {
        "date": "2020-09-11T14:44:23Z",
        "value": "1493.6171875",
        "cumulative": false
    },
    {
        "date": "2020-09-11T14:44:36Z",
        "value": "1468.96875",
        "cumulative": false
    },
    {
        "date": "2020-09-11T14:44:56Z",
        "value": "1467.25",
        "cumulative": false
    },
    {
        "date": "2020-09-11T14:45:09Z",
        "value": "1467.11328125",
        "cumulative": false
    },
    {
        "date": "2020-09-11T14:45:27Z",
        "value": "1467.0625",
        "cumulative": false
    },
    {
        "date": "2020-09-11T14:45:44Z",
        "value": "1535.796875",
        "cumulative": false
    },
    {
        "date": "2020-09-11T14:45:55Z",
        "value": "1467.046875",
        "cumulative": false
    },
    {
        "date": "2020-09-11T14:46:05Z",
        "value": "1467.046875",
        "cumulative": false
    },
    {
        "date": "2020-09-11T14:46:20Z",
        "value": "1467.046875",
        "cumulative": false
    },
    {
        "date": "2020-09-11T14:46:36Z",
        "value": "1561.6640625",
        "cumulative": false
    },
    {
        "date": "2020-09-11T14:46:54Z",
        "value": "1561.63671875",
        "cumulative": false
    },
    {
        "date": "2020-09-11T14:47:12Z",
        "value": "1561.63671875",
        "cumulative": false
    },
    {
        "date": "2020-09-11T14:47:27Z",
        "value": "1561.6640625",
        "cumulative": false
    },
    {
        "date": "2020-09-11T14:47:44Z",
        "value": "1561.75",
        "cumulative": false
    },
    {
        "date": "2020-09-11T14:47:56Z",
        "value": "1561.6875",
        "cumulative": false
    },
    {
        "date": "2020-09-11T14:48:07Z",
        "value": "1561.72265625",
        "cumulative": false
    },
    {
        "date": "2020-09-11T14:48:26Z",
        "value": "1561.63671875",
        "cumulative": false
    },
    {
        "date": "2020-09-11T14:48:42Z",
        "value": "1561.9453125",
        "cumulative": false
    },
    {
        "date": "2020-09-11T14:48:58Z",
        "value": "1561.71875",
        "cumulative": false
    },
    {
        "date": "2020-09-11T14:49:16Z",
        "value": "1587.26171875",
        "cumulative": false
    },
    {
        "date": "2020-09-11T14:49:26Z",
        "value": "1561.765625",
        "cumulative": false
    },
    {
        "date": "2020-09-11T14:49:42Z",
        "value": "1561.6875",
        "cumulative": false
    },
    {
        "date": "2020-09-11T14:49:59Z",
        "value": "1681.0859375",
        "cumulative": false
    },
    {
        "date": "2020-09-11T14:50:11Z",
        "value": "1681.0859375",
        "cumulative": false
    },
    {
        "date": "2020-09-11T14:50:26Z",
        "value": "1681.0859375",
        "cumulative": false
    },
    {
        "date": "2020-09-11T14:50:45Z",
        "value": "1738.2109375",
        "cumulative": false
    },
    {
        "date": "2020-09-11T14:51:01Z",
        "value": "1681.0859375",
        "cumulative": false
    },
    {
        "date": "2020-09-11T14:51:14Z",
        "value": "1751.4609375",
        "cumulative": false
    },
    {
        "date": "2020-09-11T14:51:33Z",
        "value": "1681.234375",
        "cumulative": false
    },
    {
        "date": "2020-09-11T14:51:43Z",
        "value": "1681.140625",
        "cumulative": false
    },
    {
        "date": "2020-09-11T14:52:00Z",
        "value": "1681.203125",
        "cumulative": false
    },
    {
        "date": "2020-09-11T14:52:16Z",
        "value": "1681.1875",
        "cumulative": false
    },
    {
        "date": "2020-09-11T14:52:28Z",
        "value": "1822.3359375",
        "cumulative": false
    },
    {
        "date": "2020-09-11T14:52:42Z",
        "value": "1681.1875",
        "cumulative": false
    },
    {
        "date": "2020-09-11T14:52:53Z",
        "value": "1681.2265625",
        "cumulative": false
    },
    {
        "date": "2020-09-11T14:53:05Z",
        "value": "1681.2421875",
        "cumulative": false
    },
    {
        "date": "2020-09-11T14:53:21Z",
        "value": "1681.19921875",
        "cumulative": false
    },
    {
        "date": "2020-09-11T14:53:34Z",
        "value": "1681.21484375",
        "cumulative": false
    },
    {
        "date": "2020-09-11T14:53:49Z",
        "value": "1681.1875",
        "cumulative": false
    },
    {
        "date": "2020-09-11T14:54:05Z",
        "value": "1681.31640625",
        "cumulative": false
    },
    {
        "date": "2020-09-11T14:54:21Z",
        "value": "1831.83984375",
        "cumulative": false
    },
    {
        "date": "2020-09-11T14:54:40Z",
        "value": "1831.93359375",
        "cumulative": false
    },
    {
        "date": "2020-09-11T14:54:51Z",
        "value": "1918.21484375",
        "cumulative": false
    },
    {
        "date": "2020-09-11T14:55:02Z",
        "value": "1966.46484375",
        "cumulative": false
    },
    {
        "date": "2020-09-11T14:55:15Z",
        "value": "1889.7421875",
        "cumulative": false
    },
    {
        "date": "2020-09-11T14:55:28Z",
        "value": "1831.93359375",
        "cumulative": false
    },
    {
        "date": "2020-09-11T14:55:46Z",
        "value": "1831.83984375",
        "cumulative": false
    },
    {
        "date": "2020-09-11T14:56:05Z",
        "value": "1840.21484375",
        "cumulative": false
    },
    {
        "date": "2020-09-11T14:56:23Z",
        "value": "1832.015625",
        "cumulative": false
    },
    {
        "date": "2020-09-11T14:56:38Z",
        "value": "1831.9609375",
        "cumulative": false
    },
    {
        "date": "2020-09-11T14:56:57Z",
        "value": "1831.89453125",
        "cumulative": false
    },
    {
        "date": "2020-09-11T14:57:15Z",
        "value": "1832.01171875",
        "cumulative": false
    },
    {
        "date": "2020-09-11T14:57:30Z",
        "value": "1831.83984375",
        "cumulative": false
    },
    {
        "date": "2020-09-11T14:57:44Z",
        "value": "1831.875",
        "cumulative": false
    },
    {
        "date": "2020-09-11T14:57:54Z",
        "value": "1831.890625",
        "cumulative": false
    },
    {
        "date": "2020-09-11T14:58:07Z",
        "value": "1831.83984375",
        "cumulative": false
    },
    {
        "date": "2020-09-11T14:58:21Z",
        "value": "1831.83984375",
        "cumulative": false
    },
    {
        "date": "2020-09-11T14:58:39Z",
        "value": "1933.46484375",
        "cumulative": false
    },
    {
        "date": "2020-09-11T14:58:57Z",
        "value": "1907.05859375",
        "cumulative": false
    },
    {
        "date": "2020-09-11T14:59:17Z",
        "value": "1831.83984375",
        "cumulative": false
    },
    {
        "date": "2020-09-11T14:59:32Z",
        "value": "1920.96484375",
        "cumulative": false
    },
    {
        "date": "2020-09-11T14:59:44Z",
        "value": "2022.17578125",
        "cumulative": false
    },
    {
        "date": "2020-09-11T15:00:02Z",
        "value": "2022.17578125",
        "cumulative": false
    },
    {
        "date": "2020-09-11T15:00:17Z",
        "value": "2022.17578125",
        "cumulative": false
    },
    {
        "date": "2020-09-11T15:00:34Z",
        "value": "2167.30078125",
        "cumulative": false
    },
    {
        "date": "2020-09-11T15:00:54Z",
        "value": "2022.17578125",
        "cumulative": false
    },
    {
        "date": "2020-09-11T15:01:12Z",
        "value": "2022.28125",
        "cumulative": false
    },
    {
        "date": "2020-09-11T15:01:23Z",
        "value": "2022.28125",
        "cumulative": false
    },
    {
        "date": "2020-09-11T15:01:37Z",
        "value": "2051.8046875",
        "cumulative": false
    },
    {
        "date": "2020-09-11T15:01:49Z",
        "value": "2022.17578125",
        "cumulative": false
    },
    {
        "date": "2020-09-11T15:02:04Z",
        "value": "2022.28125",
        "cumulative": false
    },
    {
        "date": "2020-09-11T15:02:20Z",
        "value": "2022.1796875",
        "cumulative": false
    },
    {
        "date": "2020-09-11T15:02:33Z",
        "value": "2038.4609375",
        "cumulative": false
    },
    {
        "date": "2020-09-11T15:02:44Z",
        "value": "2133.5625",
        "cumulative": false
    },
    {
        "date": "2020-09-11T15:03:01Z",
        "value": "2022.25",
        "cumulative": false
    },
    {
        "date": "2020-09-11T15:03:21Z",
        "value": "2022.1796875",
        "cumulative": false
    },
    {
        "date": "2020-09-11T15:03:32Z",
        "value": "2022.21875",
        "cumulative": false
    },
    {
        "date": "2020-09-11T15:03:44Z",
        "value": "2182.1796875",
        "cumulative": false
    },
    {
        "date": "2020-09-11T15:03:57Z",
        "value": "2022.25",
        "cumulative": false
    },
    {
        "date": "2020-09-11T15:04:15Z",
        "value": "2022.23046875",
        "cumulative": false
    },
    {
        "date": "2020-09-11T15:04:28Z",
        "value": "2022.21875",
        "cumulative": false
    },
    {
        "date": "2020-09-11T15:04:40Z",
        "value": "2107.6796875",
        "cumulative": false
    },
    {
        "date": "2020-09-11T15:04:56Z",
        "value": "2291.1796875",
        "cumulative": false
    },
    {
        "date": "2020-09-11T15:05:13Z",
        "value": "2077.5546875",
        "cumulative": false
    },
    {
        "date": "2020-09-11T15:05:24Z",
        "value": "2022.2109375",
        "cumulative": false
    },
    {
        "date": "2020-09-11T15:05:34Z",
        "value": "2022.30078125",
        "cumulative": false
    },
    {
        "date": "2020-09-11T15:05:45Z",
        "value": "2022.1796875",
        "cumulative": false
    },
    {
        "date": "2020-09-11T15:06:03Z",
        "value": "2022.1796875",
        "cumulative": false
    },
    {
        "date": "2020-09-11T15:06:17Z",
        "value": "2064.1796875",
        "cumulative": false
    },
    {
        "date": "2020-09-11T15:06:34Z",
        "value": "2262.640625",
        "cumulative": false
    },
    {
        "date": "2020-09-11T15:06:49Z",
        "value": "2262.66796875",
        "cumulative": false
    },
    {
        "date": "2020-09-11T15:07:01Z",
        "value": "2262.52734375",
        "cumulative": false
    },
    {
        "date": "2020-09-11T15:07:18Z",
        "value": "2502.40234375",
        "cumulative": false
    },
    {
        "date": "2020-09-11T15:07:36Z",
        "value": "2502.40234375",
        "cumulative": false
    },
    {
        "date": "2020-09-11T15:07:55Z",
        "value": "2262.640625",
        "cumulative": false
    },
    {
        "date": "2020-09-11T15:08:11Z",
        "value": "2262.640625",
        "cumulative": false
    },
    {
        "date": "2020-09-11T15:08:30Z",
        "value": "2400.77734375",
        "cumulative": false
    },
    {
        "date": "2020-09-11T15:08:50Z",
        "value": "2262.52734375",
        "cumulative": false
    },
    {
        "date": "2020-09-11T15:09:09Z",
        "value": "2262.52734375",
        "cumulative": false
    },
    {
        "date": "2020-09-11T15:09:23Z",
        "value": "2449.52734375",
        "cumulative": false
    },
    {
        "date": "2020-09-11T15:09:33Z",
        "value": "2262.640625",
        "cumulative": false
    },
    {
        "date": "2020-09-11T15:09:43Z",
        "value": "2262.5859375",
        "cumulative": false
    },
    {
        "date": "2020-09-11T15:09:56Z",
        "value": "2262.60546875",
        "cumulative": false
    },
    {
        "date": "2020-09-11T15:10:10Z",
        "value": "2262.52734375",
        "cumulative": false
    },
    {
        "date": "2020-09-11T15:10:23Z",
        "value": "2262.63671875",
        "cumulative": false
    },
    {
        "date": "2020-09-11T15:10:42Z",
        "value": "2512.77734375",
        "cumulative": false
    },
    {
        "date": "2020-09-11T15:10:58Z",
        "value": "2262.53125",
        "cumulative": false
    },
    {
        "date": "2020-09-11T15:11:14Z",
        "value": "2262.52734375",
        "cumulative": false
    },
    {
        "date": "2020-09-11T15:11:26Z",
        "value": "2262.52734375",
        "cumulative": false
    },
    {
        "date": "2020-09-11T15:11:45Z",
        "value": "2262.66015625",
        "cumulative": false
    },
    {
        "date": "2020-09-11T15:12:00Z",
        "value": "2262.52734375",
        "cumulative": false
    },
    {
        "date": "2020-09-11T15:12:18Z",
        "value": "2447.40234375",
        "cumulative": false
    },
    {
        "date": "2020-09-11T15:12:29Z",
        "value": "2262.52734375",
        "cumulative": false
    },
    {
        "date": "2020-09-11T15:12:45Z",
        "value": "2262.52734375",
        "cumulative": false
    },
    {
        "date": "2020-09-11T15:13:04Z",
        "value": "2262.52734375",
        "cumulative": false
    },
    {
        "date": "2020-09-11T15:13:15Z",
        "value": "2402.02734375",
        "cumulative": false
    },
    {
        "date": "2020-09-11T15:13:33Z",
        "value": "2310.77734375",
        "cumulative": false
    },
    {
        "date": "2020-09-11T15:13:45Z",
        "value": "2262.52734375",
        "cumulative": false
    },
    {
        "date": "2020-09-11T15:14:04Z",
        "value": "2262.52734375",
        "cumulative": false
    },
    {
        "date": "2020-09-11T15:14:14Z",
        "value": "2276.65234375",
        "cumulative": false
    },
    {
        "date": "2020-09-11T15:14:26Z",
        "value": "2262.52734375",
        "cumulative": false
    },
    {
        "date": "2020-09-11T15:14:43Z",
        "value": "2398.40234375",
        "cumulative": false
    },
    {
        "date": "2020-09-11T15:14:56Z",
        "value": "2565.9453125",
        "cumulative": false
    },
    {
        "date": "2020-09-11T15:15:12Z",
        "value": "2565.9453125",
        "cumulative": false
    },
    {
        "date": "2020-09-11T15:15:31Z",
        "value": "2565.9453125",
        "cumulative": false
    },
    {
        "date": "2020-09-11T15:15:41Z",
        "value": "2565.96875",
        "cumulative": false
    },
    {
        "date": "2020-09-11T15:15:54Z",
        "value": "2868.6953125",
        "cumulative": false
    },
    {
        "date": "2020-09-11T15:16:12Z",
        "value": "2565.9453125",
        "cumulative": false
    },
    {
        "date": "2020-09-11T15:16:26Z",
        "value": "2565.9453125",
        "cumulative": false
    },
    {
        "date": "2020-09-11T15:16:38Z",
        "value": "2744.8203125",
        "cumulative": false
    },
    {
        "date": "2020-09-11T15:16:57Z",
        "value": "2863.8203125",
        "cumulative": false
    },
    {
        "date": "2020-09-11T15:17:14Z",
        "value": "2565.96875",
        "cumulative": false
    },
    {
        "date": "2020-09-11T15:17:29Z",
        "value": "2565.9453125",
        "cumulative": false
    },
    {
        "date": "2020-09-11T15:17:41Z",
        "value": "2565.9453125",
        "cumulative": false
    },
    {
        "date": "2020-09-11T15:17:55Z",
        "value": "2868.73828125",
        "cumulative": false
    },
    {
        "date": "2020-09-11T15:18:08Z",
        "value": "2670.6953125",
        "cumulative": false
    },
    {
        "date": "2020-09-11T15:18:26Z",
        "value": "2565.9453125",
        "cumulative": false
    },
    {
        "date": "2020-09-11T15:18:41Z",
        "value": "2565.96875",
        "cumulative": false
    },
    {
        "date": "2020-09-11T15:19:00Z",
        "value": "2565.9453125",
        "cumulative": false
    },
    {
        "date": "2020-09-11T15:19:17Z",
        "value": "2565.9453125",
        "cumulative": false
    },
    {
        "date": "2020-09-11T15:19:29Z",
        "value": "2565.9453125",
        "cumulative": false
    },
    {
        "date": "2020-09-11T15:19:41Z",
        "value": "2565.9453125",
        "cumulative": false
    },
    {
        "date": "2020-09-11T15:20:01Z",
        "value": "2565.9453125",
        "cumulative": false
    },
    {
        "date": "2020-09-11T15:20:12Z",
        "value": "2565.9453125",
        "cumulative": false
    },
    {
        "date": "2020-09-11T15:20:32Z",
        "value": "2565.953125",
        "cumulative": false
    },
    {
        "date": "2020-09-11T15:20:51Z",
        "value": "2566.046875",
        "cumulative": false
    },
    {
        "date": "2020-09-11T15:21:06Z",
        "value": "2889.8203125",
        "cumulative": false
    },
    {
        "date": "2020-09-11T15:21:25Z",
        "value": "2741.39453125",
        "cumulative": false
    },
    {
        "date": "2020-09-11T15:21:36Z",
        "value": "2592.5703125",
        "cumulative": false
    },
    {
        "date": "2020-09-11T15:21:49Z",
        "value": "2750.4453125",
        "cumulative": false
    },
    {
        "date": "2020-09-11T15:22:07Z",
        "value": "2566.04296875",
        "cumulative": false
    },
    {
        "date": "2020-09-11T15:22:19Z",
        "value": "2565.9453125",
        "cumulative": false
    },
    {
        "date": "2020-09-11T15:22:38Z",
        "value": "2565.953125",
        "cumulative": false
    },
    {
        "date": "2020-09-11T15:22:56Z",
        "value": "2565.953125",
        "cumulative": false
    },
    {
        "date": "2020-09-11T15:23:11Z",
        "value": "2565.9453125",
        "cumulative": false
    },
    {
        "date": "2020-09-11T15:23:30Z",
        "value": "2566.01953125",
        "cumulative": false
    },
    {
        "date": "2020-09-11T15:23:50Z",
        "value": "2894.3203125",
        "cumulative": false
    },
    {
        "date": "2020-09-11T15:24:09Z",
        "value": "2708.83203125",
        "cumulative": false
    },
    {
        "date": "2020-09-11T15:24:20Z",
        "value": "2565.953125",
        "cumulative": false
    },
    {
        "date": "2020-09-11T15:24:35Z",
        "value": "2566.06640625",
        "cumulative": false
    },
    {
        "date": "2020-09-11T15:24:46Z",
        "value": "2565.9453125",
        "cumulative": false
    },
    {
        "date": "2020-09-11T15:25:00Z",
        "value": "2565.9453125",
        "cumulative": false
    },
    {
        "date": "2020-09-11T15:25:11Z",
        "value": "2565.9453125",
        "cumulative": false
    },
    {
        "date": "2020-09-11T15:25:28Z",
        "value": "2565.9453125",
        "cumulative": false
    },
    {
        "date": "2020-09-11T15:25:39Z",
        "value": "2949.02734375",
        "cumulative": false
    },
    {
        "date": "2020-09-11T15:25:53Z",
        "value": "2949.02734375",
        "cumulative": false
    },
    {
        "date": "2020-09-11T15:26:06Z",
        "value": "3240.77734375",
        "cumulative": false
    },
    {
        "date": "2020-09-11T15:26:22Z",
        "value": "3312.77734375",
        "cumulative": false
    },
    {
        "date": "2020-09-11T15:26:37Z",
        "value": "3104.65234375",
        "cumulative": false
    },
    {
        "date": "2020-09-11T15:26:48Z",
        "value": "2949.02734375",
        "cumulative": false
    },
    {
        "date": "2020-09-11T15:27:04Z",
        "value": "2949.02734375",
        "cumulative": false
    },
    {
        "date": "2020-09-11T15:27:15Z",
        "value": "2949.02734375",
        "cumulative": false
    },
    {
        "date": "2020-09-11T15:27:29Z",
        "value": "2949.02734375",
        "cumulative": false
    },
    {
        "date": "2020-09-11T15:27:48Z",
        "value": "2949.05859375",
        "cumulative": false
    },
    {
        "date": "2020-09-11T15:28:08Z",
        "value": "2949.02734375",
        "cumulative": false
    },
    {
        "date": "2020-09-11T15:28:18Z",
        "value": "2984.15234375",
        "cumulative": false
    },
    {
        "date": "2020-09-11T15:28:33Z",
        "value": "2949.02734375",
        "cumulative": false
    },
    {
        "date": "2020-09-11T15:28:51Z",
        "value": "2949.05859375",
        "cumulative": false
    },
    {
        "date": "2020-09-11T15:29:05Z",
        "value": "2949.02734375",
        "cumulative": false
    },
    {
        "date": "2020-09-11T15:29:18Z",
        "value": "2949.02734375",
        "cumulative": false
    },
    {
        "date": "2020-09-11T15:29:37Z",
        "value": "2949.02734375",
        "cumulative": false
    },
    {
        "date": "2020-09-11T15:29:55Z",
        "value": "2949.05859375",
        "cumulative": false
    },
    {
        "date": "2020-09-11T15:30:09Z",
        "value": "2949.02734375",
        "cumulative": false
    },
    {
        "date": "2020-09-11T15:30:20Z",
        "value": "2949.02734375",
        "cumulative": false
    },
    {
        "date": "2020-09-11T15:30:35Z",
        "value": "2949.02734375",
        "cumulative": false
    },
    {
        "date": "2020-09-11T15:30:54Z",
        "value": "2949.234375",
        "cumulative": false
    },
    {
        "date": "2020-09-11T15:31:08Z",
        "value": "3252.77734375",
        "cumulative": false
    },
    {
        "date": "2020-09-11T15:31:20Z",
        "value": "2949.02734375",
        "cumulative": false
    },
    {
        "date": "2020-09-11T15:31:36Z",
        "value": "2949.02734375",
        "cumulative": false
    },
    {
        "date": "2020-09-11T15:31:52Z",
        "value": "3296.02734375",
        "cumulative": false
    },
    {
        "date": "2020-09-11T15:32:03Z",
        "value": "3330.90234375",
        "cumulative": false
    },
    {
        "date": "2020-09-11T15:32:14Z",
        "value": "2949.05859375",
        "cumulative": false
    },
    {
        "date": "2020-09-11T15:32:31Z",
        "value": "2949.02734375",
        "cumulative": false
    },
    {
        "date": "2020-09-11T15:32:42Z",
        "value": "2949.06640625",
        "cumulative": false
    },
    {
        "date": "2020-09-11T15:32:56Z",
        "value": "3056.65234375",
        "cumulative": false
    },
    {
        "date": "2020-09-11T15:33:10Z",
        "value": "2949.02734375",
        "cumulative": false
    },
    {
        "date": "2020-09-11T15:33:27Z",
        "value": "2949.02734375",
        "cumulative": false
    },
    {
        "date": "2020-09-11T15:33:40Z",
        "value": "2949.02734375",
        "cumulative": false
    },
    {
        "date": "2020-09-11T15:33:54Z",
        "value": "2949.02734375",
        "cumulative": false
    },
    {
        "date": "2020-09-11T15:34:08Z",
        "value": "2949.02734375",
        "cumulative": false
    },
    {
        "date": "2020-09-11T15:34:28Z",
        "value": "2949.02734375",
        "cumulative": false
    },
    {
        "date": "2020-09-11T15:34:43Z",
        "value": "2949.06640625",
        "cumulative": false
    },
    {
        "date": "2020-09-11T15:34:56Z",
        "value": "3447.140625",
        "cumulative": false
    },
    {
        "date": "2020-09-11T15:35:07Z",
        "value": "2949.06640625",
        "cumulative": false
    },
    {
        "date": "2020-09-11T15:35:20Z",
        "value": "3411.65234375",
        "cumulative": false
    },
    {
        "date": "2020-09-11T15:35:38Z",
        "value": "2949.02734375",
        "cumulative": false
    },
    {
        "date": "2020-09-11T15:35:48Z",
        "value": "2949.02734375",
        "cumulative": false
    },
    {
        "date": "2020-09-11T15:36:01Z",
        "value": "2949.07421875",
        "cumulative": false
    },
    {
        "date": "2020-09-11T15:36:16Z",
        "value": "2949.02734375",
        "cumulative": false
    },
    {
        "date": "2020-09-11T15:36:34Z",
        "value": "3040.02734375",
        "cumulative": false
    },
    {
        "date": "2020-09-11T15:36:48Z",
        "value": "3005.77734375",
        "cumulative": false
    },
    {
        "date": "2020-09-11T15:37:04Z",
        "value": "2949.02734375",
        "cumulative": false
    },
    {
        "date": "2020-09-11T15:37:20Z",
        "value": "2949.13671875",
        "cumulative": false
    },
    {
        "date": "2020-09-11T15:37:40Z",
        "value": "2949.02734375",
        "cumulative": false
    },
    {
        "date": "2020-09-11T15:37:51Z",
        "value": "2949.02734375",
        "cumulative": false
    },
    {
        "date": "2020-09-11T15:38:08Z",
        "value": "2949.02734375",
        "cumulative": false
    },
    {
        "date": "2020-09-11T15:38:25Z",
        "value": "2949.02734375",
        "cumulative": false
    },
    {
        "date": "2020-09-11T15:38:42Z",
        "value": "2949.02734375",
        "cumulative": false
    },
    {
        "date": "2020-09-11T15:39:01Z",
        "value": "2949.02734375",
        "cumulative": false
    }
]