[
    {
        "date": "2020-09-11T14:32:30Z",
        "value": "0.018424039",
        "cumulative": false
    },
    {
        "date": "2020-09-11T14:32:46Z",
        "value": "0.103142768",
        "cumulative": false
    },
    {
        "date": "2020-09-11T14:33:01Z",
        "value": "0.770625278",
        "cumulative": false
    },
    {
        "date": "2020-09-11T14:33:13Z",
        "value": "0.965147939",
        "cumulative": false
    },
    {
        "date": "2020-09-11T14:33:25Z",
        "value": "1.267830068",
        "cumulative": false
    },
    {
        "date": "2020-09-11T14:33:43Z",
        "value": "1.356611366",
        "cumulative": false
    },
    {
        "date": "2020-09-11T14:34:00Z",
        "value": "0.981644996",
        "cumulative": false
    },
    {
        "date": "2020-09-11T14:34:18Z",
        "value": "0.944607027",
        "cumulative": false
    },
    {
        "date": "2020-09-11T14:34:33Z",
        "value": "0.851865165",
        "cumulative": false
    },
    {
        "date": "2020-09-11T14:34:46Z",
        "value": "0.967075408",
        "cumulative": false
    },
    {
        "date": "2020-09-11T14:35:02Z",
        "value": "0.813735646",
        "cumulative": false
    },
    {
        "date": "2020-09-11T14:35:14Z",
        "value": "0.706911415",
        "cumulative": false
    },
    {
        "date": "2020-09-11T14:35:25Z",
        "value": "0.967929217",
        "cumulative": false
    },
    {
        "date": "2020-09-11T14:35:42Z",
        "value": "0.734723598",
        "cumulative": false
    },
    {
        "date": "2020-09-11T14:35:54Z",
        "value": "0.989645242",
        "cumulative": false
    },
    {
        "date": "2020-09-11T14:36:10Z",
        "value": "0.773975474",
        "cumulative": false
    },
    {
        "date": "2020-09-11T14:36:29Z",
        "value": "0.867020862",
        "cumulative": false
    },
    {
        "date": "2020-09-11T14:36:41Z",
        "value": "0.977350701",
        "cumulative": false
    },
    {
        "date": "2020-09-11T14:36:55Z",
        "value": "0.515258686",
        "cumulative": false
    },
    {
        "date": "2020-09-11T14:37:06Z",
        "value": "0.820406257",
        "cumulative": false
    },
    {
        "date": "2020-09-11T14:37:20Z",
        "value": "0.996625679",
        "cumulative": false
    },
    {
        "date": "2020-09-11T14:37:37Z",
        "value": "0.771760697",
        "cumulative": false
    },
    {
        "date": "2020-09-11T14:37:57Z",
        "value": "0.622173722",
        "cumulative": false
    },
    {
        "date": "2020-09-11T14:38:09Z",
        "value": "1.004712159",
        "cumulative": false
    },
    {
        "date": "2020-09-11T14:38:29Z",
        "value": "0.983509105",
        "cumulative": false
    },
    {
        "date": "2020-09-11T14:38:46Z",
        "value": "0.511050474",
        "cumulative": false
    },
    {
        "date": "2020-09-11T14:38:58Z",
        "value": "0.503384276",
        "cumulative": false
    },
    {
        "date": "2020-09-11T14:39:12Z",
        "value": "0.90130559",
        "cumulative": false
    },
    {
        "date": "2020-09-11T14:39:30Z",
        "value": "0.994533059",
        "cumulative": false
    },
    {
        "date": "2020-09-11T14:39:49Z",
        "value": "0.987720048",
        "cumulative": false
    },
    {
        "date": "2020-09-11T14:40:03Z",
        "value": "0.596929894",
        "cumulative": false
    },
    {
        "date": "2020-09-11T14:40:13Z",
        "value": "0.596097793",
        "cumulative": false
    },
    {
        "date": "2020-09-11T14:40:29Z",
        "value": "0.600388487",
        "cumulative": false
    },
    {
        "date": "2020-09-11T14:40:40Z",
        "value": "0.978402173",
        "cumulative": false
    },
    {
        "date": "2020-09-11T14:40:53Z",
        "value": "0.97806206",
        "cumulative": false
    },
    {
        "date": "2020-09-11T14:41:11Z",
        "value": "0.983901166",
        "cumulative": false
    },
    {
        "date": "2020-09-11T14:41:30Z",
        "value": "0.960241179",
        "cumulative": false
    },
    {
        "date": "2020-09-11T14:41:49Z",
        "value": "0.516060174",
        "cumulative": false
    },
    {
        "date": "2020-09-11T14:42:05Z",
        "value": "0.533610789",
        "cumulative": false
    },
    {
        "date": "2020-09-11T14:42:25Z",
        "value": "0.658327679",
        "cumulative": false
    },
    {
        "date": "2020-09-11T14:42:45Z",
        "value": "0.958126795",
        "cumulative": false
    },
    {
        "date": "2020-09-11T14:43:01Z",
        "value": "0.984550912",
        "cumulative": false
    },
    {
        "date": "2020-09-11T14:43:17Z",
        "value": "0.972400009",
        "cumulative": false
    },
    {
        "date": "2020-09-11T14:43:34Z",
        "value": "0.963575554",
        "cumulative": false
    },
    {
        "date": "2020-09-11T14:43:52Z",
        "value": "0.671076859",
        "cumulative": false
    },
    {
        "date": "2020-09-11T14:44:12Z",
        "value": "0.585652855",
        "cumulative": false
    },
    {
        "date": "2020-09-11T14:44:25Z",
        "value": "0.578327591",
        "cumulative": false
    },
    {
        "date": "2020-09-11T14:44:36Z",
        "value": "0.553711893",
        "cumulative": false
    },
    {
        "date": "2020-09-11T14:44:48Z",
        "value": "0.78518156",
        "cumulative": false
    },
    {
        "date": "2020-09-11T14:45:00Z",
        "value": "0.952744067",
        "cumulative": false
    },
    {
        "date": "2020-09-11T14:45:15Z",
        "value": "0.952948015",
        "cumulative": false
    },
    {
        "date": "2020-09-11T14:45:33Z",
        "value": "0.93210039",
        "cumulative": false
    },
    {
        "date": "2020-09-11T14:45:51Z",
        "value": "0.97611801",
        "cumulative": false
    },
    {
        "date": "2020-09-11T14:46:09Z",
        "value": "0.960312509",
        "cumulative": false
    },
    {
        "date": "2020-09-11T14:46:19Z",
        "value": "0.995631602",
        "cumulative": false
    },
    {
        "date": "2020-09-11T14:46:32Z",
        "value": "0.657736636",
        "cumulative": false
    },
    {
        "date": "2020-09-11T14:46:49Z",
        "value": "0.539524882",
        "cumulative": false
    },
    {
        "date": "2020-09-11T14:47:04Z",
        "value": "0.534831589",
        "cumulative": false
    },
    {
        "date": "2020-09-11T14:47:22Z",
        "value": "0.567424686",
        "cumulative": false
    },
    {
        "date": "2020-09-11T14:47:38Z",
        "value": "0.584768672",
        "cumulative": false
    },
    {
        "date": "2020-09-11T14:47:55Z",
        "value": "0.912857873",
        "cumulative": false
    },
    {
        "date": "2020-09-11T14:48:12Z",
        "value": "0.942591754",
        "cumulative": false
    },
    {
        "date": "2020-09-11T14:48:30Z",
        "value": "0.95844342",
        "cumulative": false
    },
    {
        "date": "2020-09-11T14:48:46Z",
        "value": "0.962728669",
        "cumulative": false
    },
    {
        "date": "2020-09-11T14:48:56Z",
        "value": "0.963046529",
        "cumulative": false
    },
    {
        "date": "2020-09-11T14:49:14Z",
        "value": "0.939157219",
        "cumulative": false
    },
    {
        "date": "2020-09-11T14:49:25Z",
        "value": "0.95071285",
        "cumulative": false
    },
    {
        "date": "2020-09-11T14:49:39Z",
        "value": "0.96218191",
        "cumulative": false
    },
    {
        "date": "2020-09-11T14:49:58Z",
        "value": "0.729592583",
        "cumulative": false
    },
    {
        "date": "2020-09-11T14:50:10Z",
        "value": "0.59377973",
        "cumulative": false
    },
    {
        "date": "2020-09-11T14:50:21Z",
        "value": "0.529094955",
        "cumulative": false
    },
    {
        "date": "2020-09-11T14:50:37Z",
        "value": "0.546275062",
        "cumulative": false
    },
    {
        "date": "2020-09-11T14:50:53Z",
        "value": "0.544398355",
        "cumulative": false
    },
    {
        "date": "2020-09-11T14:51:09Z",
        "value": "0.573135887",
        "cumulative": false
    },
    {
        "date": "2020-09-11T14:51:27Z",
        "value": "0.540654983",
        "cumulative": false
    },
    {
        "date": "2020-09-11T14:51:42Z",
        "value": "0.90667366",
        "cumulative": false
    },
    {
        "date": "2020-09-11T14:51:58Z",
        "value": "0.935671449",
        "cumulative": false
    },
    {
        "date": "2020-09-11T14:52:11Z",
        "value": "0.913857063",
        "cumulative": false
    },
    {
        "date": "2020-09-11T14:52:22Z",
        "value": "0.963315447",
        "cumulative": false
    },
    {
        "date": "2020-09-11T14:52:33Z",
        "value": "0.954763788",
        "cumulative": false
    },
    {
        "date": "2020-09-11T14:52:46Z",
        "value": "0.925289077",
        "cumulative": false
    },
    {
        "date": "2020-09-11T14:53:04Z",
        "value": "0.957764672",
        "cumulative": false
    },
    {
        "date": "2020-09-11T14:53:21Z",
        "value": "0.960461971",
        "cumulative": false
    },
    {
        "date": "2020-09-11T14:53:32Z",
        "value": "0.931483541",
        "cumulative": false
    },
    {
        "date": "2020-09-11T14:53:44Z",
        "value": "0.952702347",
        "cumulative": false
    },
    {
        "date": "2020-09-11T14:54:00Z",
        "value": "0.92679773",
        "cumulative": false
    },
    {
        "date": "2020-09-11T14:54:14Z",
        "value": "0.747060493",
        "cumulative": false
    },
    {
        "date": "2020-09-11T14:54:33Z",
        "value": "0.579435533",
        "cumulative": false
    },
    {
        "date": "2020-09-11T14:54:49Z",
        "value": "0.567986784",
        "cumulative": false
    },
    {
        "date": "2020-09-11T14:55:08Z",
        "value": "0.521012392",
        "cumulative": false
    },
    {
        "date": "2020-09-11T14:55:26Z",
        "value": "0.573269585",
        "cumulative": false
    },
    {
        "date": "2020-09-11T14:55:44Z",
        "value": "0.534802747",
        "cumulative": false
    },
    {
        "date": "2020-09-11T14:56:04Z",
        "value": "0.520905656",
        "cumulative": false
    },
    {
        "date": "2020-09-11T14:56:21Z",
        "value": "0.692292193",
        "cumulative": false
    },
    {
        "date": "2020-09-11T14:56:37Z",
        "value": "0.951696439",
        "cumulative": false
    },
    {
        "date": "2020-09-11T14:56:56Z",
        "value": "0.95072203",
        "cumulative": false
    },
    {
        "date": "2020-09-11T14:57:11Z",
        "value": "0.926028765",
        "cumulative": false
    },
    {
        "date": "2020-09-11T14:57:26Z",
        "value": "0.916733616",
        "cumulative": false
    },
    {
        "date": "2020-09-11T14:57:40Z",
        "value": "0.901656529",
        "cumulative": false
    },
    {
        "date": "2020-09-11T14:57:58Z",
        "value": "0.92458574",
        "cumulative": false
    },
    {
        "date": "2020-09-11T14:58:10Z",
        "value": "0.935548096",
        "cumulative": false
    },
    {
        "date": "2020-09-11T14:58:29Z",
        "value": "0.871728365",
        "cumulative": false
    },
    {
        "date": "2020-09-11T14:58:39Z",
        "value": "0.924193474",
        "cumulative": false
    },
    {
        "date": "2020-09-11T14:58:57Z",
        "value": "0.946157345",
        "cumulative": false
    },
    {
        "date": "2020-09-11T14:59:08Z",
        "value": "0.942721638",
        "cumulative": false
    },
    {
        "date": "2020-09-11T14:59:19Z",
        "value": "0.903188362",
        "cumulative": false
    },
    {
        "date": "2020-09-11T14:59:32Z",
        "value": "0.953529177",
        "cumulative": false
    },
    {
        "date": "2020-09-11T14:59:50Z",
        "value": "0.577027826",
        "cumulative": false
    },
    {
        "date": "2020-09-11T15:00:01Z",
        "value": "0.564975239",
        "cumulative": false
    },
    {
        "date": "2020-09-11T15:00:19Z",
        "value": "0.527607312",
        "cumulative": false
    },
    {
        "date": "2020-09-11T15:00:38Z",
        "value": "0.552047781",
        "cumulative": false
    },
    {
        "date": "2020-09-11T15:00:51Z",
        "value": "0.528618614",
        "cumulative": false
    },
    {
        "date": "2020-09-11T15:01:07Z",
        "value": "0.558307303",
        "cumulative": false
    },
    {
        "date": "2020-09-11T15:01:19Z",
        "value": "0.538466556",
        "cumulative": false
    },
    {
        "date": "2020-09-11T15:01:35Z",
        "value": "0.548671245",
        "cumulative": false
    },
    {
        "date": "2020-09-11T15:01:52Z",
        "value": "0.519962553",
        "cumulative": false
    },
    {
        "date": "2020-09-11T15:02:04Z",
        "value": "0.534997884",
        "cumulative": false
    },
    {
        "date": "2020-09-11T15:02:21Z",
        "value": "0.835931574",
        "cumulative": false
    },
    {
        "date": "2020-09-11T15:02:39Z",
        "value": "0.916820736",
        "cumulative": false
    },
    {
        "date": "2020-09-11T15:02:53Z",
        "value": "0.918868001",
        "cumulative": false
    },
    {
        "date": "2020-09-11T15:03:10Z",
        "value": "0.92471456",
        "cumulative": false
    },
    {
        "date": "2020-09-11T15:03:28Z",
        "value": "0.918487198",
        "cumulative": false
    },
    {
        "date": "2020-09-11T15:03:40Z",
        "value": "0.947773979",
        "cumulative": false
    },
    {
        "date": "2020-09-11T15:03:55Z",
        "value": "0.951703212",
        "cumulative": false
    },
    {
        "date": "2020-09-11T15:04:13Z",
        "value": "0.923719732",
        "cumulative": false
    },
    {
        "date": "2020-09-11T15:04:25Z",
        "value": "0.904358865",
        "cumulative": false
    },
    {
        "date": "2020-09-11T15:04:42Z",
        "value": "0.859271694",
        "cumulative": false
    },
    {
        "date": "2020-09-11T15:04:52Z",
        "value": "0.915605351",
        "cumulative": false
    },
    {
        "date": "2020-09-11T15:05:07Z",
        "value": "0.937818766",
        "cumulative": false
    },
    {
        "date": "2020-09-11T15:05:27Z",
        "value": "0.935052619",
        "cumulative": false
    },
    {
        "date": "2020-09-11T15:05:40Z",
        "value": "0.929497014",
        "cumulative": false
    },
    {
        "date": "2020-09-11T15:05:51Z",
        "value": "0.823568892",
        "cumulative": false
    },
    {
        "date": "2020-09-11T15:06:09Z",
        "value": "0.923263699",
        "cumulative": false
    },
    {
        "date": "2020-09-11T15:06:20Z",
        "value": "0.905123578",
        "cumulative": false
    },
    {
        "date": "2020-09-11T15:06:36Z",
        "value": "0.609078853",
        "cumulative": false
    },
    {
        "date": "2020-09-11T15:06:50Z",
        "value": "0.572933406",
        "cumulative": false
    },
    {
        "date": "2020-09-11T15:07:07Z",
        "value": "0.526177419",
        "cumulative": false
    },
    {
        "date": "2020-09-11T15:07:23Z",
        "value": "0.537589009",
        "cumulative": false
    },
    {
        "date": "2020-09-11T15:07:36Z",
        "value": "0.535795556",
        "cumulative": false
    },
    {
        "date": "2020-09-11T15:07:55Z",
        "value": "0.526654507",
        "cumulative": false
    },
    {
        "date": "2020-09-11T15:08:13Z",
        "value": "0.532133962",
        "cumulative": false
    },
    {
        "date": "2020-09-11T15:08:24Z",
        "value": "0.522572558",
        "cumulative": false
    },
    {
        "date": "2020-09-11T15:08:41Z",
        "value": "0.522104727",
        "cumulative": false
    },
    {
        "date": "2020-09-11T15:08:52Z",
        "value": "0.511566684",
        "cumulative": false
    },
    {
        "date": "2020-09-11T15:09:09Z",
        "value": "0.517377695",
        "cumulative": false
    },
    {
        "date": "2020-09-11T15:09:24Z",
        "value": "0.546541516",
        "cumulative": false
    },
    {
        "date": "2020-09-11T15:09:41Z",
        "value": "0.64444472",
        "cumulative": false
    },
    {
        "date": "2020-09-11T15:09:56Z",
        "value": "0.93472053",
        "cumulative": false
    },
    {
        "date": "2020-09-11T15:10:12Z",
        "value": "0.945231821",
        "cumulative": false
    },
    {
        "date": "2020-09-11T15:10:28Z",
        "value": "0.935843204",
        "cumulative": false
    },
    {
        "date": "2020-09-11T15:10:40Z",
        "value": "0.909287119",
        "cumulative": false
    },
    {
        "date": "2020-09-11T15:10:58Z",
        "value": "0.918101725",
        "cumulative": false
    },
    {
        "date": "2020-09-11T15:11:18Z",
        "value": "0.927826088",
        "cumulative": false
    },
    {
        "date": "2020-09-11T15:11:31Z",
        "value": "0.949320516",
        "cumulative": false
    },
    {
        "date": "2020-09-11T15:11:51Z",
        "value": "0.928803621",
        "cumulative": false
    },
    {
        "date": "2020-09-11T15:12:10Z",
        "value": "0.948168121",
        "cumulative": false
    },
    {
        "date": "2020-09-11T15:12:23Z",
        "value": "0.945089188",
        "cumulative": false
    },
    {
        "date": "2020-09-11T15:12:42Z",
        "value": "0.87944189",
        "cumulative": false
    },
    {
        "date": "2020-09-11T15:12:55Z",
        "value": "0.917151434",
        "cumulative": false
    },
    {
        "date": "2020-09-11T15:13:09Z",
        "value": "0.896091987",
        "cumulative": false
    },
    {
        "date": "2020-09-11T15:13:25Z",
        "value": "0.906044474",
        "cumulative": false
    },
    {
        "date": "2020-09-11T15:13:43Z",
        "value": "0.88681231",
        "cumulative": false
    },
    {
        "date": "2020-09-11T15:13:57Z",
        "value": "0.896561607",
        "cumulative": false
    },
    {
        "date": "2020-09-11T15:14:11Z",
        "value": "0.88226741",
        "cumulative": false
    },
    {
        "date": "2020-09-11T15:14:29Z",
        "value": "0.887889262",
        "cumulative": false
    },
    {
        "date": "2020-09-11T15:14:47Z",
        "value": "0.900545514",
        "cumulative": false
    },
    {
        "date": "2020-09-11T15:15:05Z",
        "value": "0.551644132",
        "cumulative": false
    },
    {
        "date": "2020-09-11T15:15:21Z",
        "value": "0.485818967",
        "cumulative": false
    },
    {
        "date": "2020-09-11T15:15:35Z",
        "value": "0.502684662",
        "cumulative": false
    },
    {
        "date": "2020-09-11T15:15:46Z",
        "value": "0.522999466",
        "cumulative": false
    },
    {
        "date": "2020-09-11T15:16:05Z",
        "value": "0.469814297",
        "cumulative": false
    },
    {
        "date": "2020-09-11T15:16:18Z",
        "value": "0.525466609",
        "cumulative": false
    },
    {
        "date": "2020-09-11T15:16:31Z",
        "value": "0.516142879",
        "cumulative": false
    },
    {
        "date": "2020-09-11T15:16:41Z",
        "value": "0.485904172",
        "cumulative": false
    },
    {
        "date": "2020-09-11T15:16:53Z",
        "value": "0.507367242",
        "cumulative": false
    },
    {
        "date": "2020-09-11T15:17:06Z",
        "value": "0.516848696",
        "cumulative": false
    },
    {
        "date": "2020-09-11T15:17:18Z",
        "value": "0.51126662",
        "cumulative": false
    },
    {
        "date": "2020-09-11T15:17:38Z",
        "value": "0.461645519",
        "cumulative": false
    },
    {
        "date": "2020-09-11T15:17:58Z",
        "value": "0.47758785",
        "cumulative": false
    },
    {
        "date": "2020-09-11T15:18:11Z",
        "value": "0.538918353",
        "cumulative": false
    },
    {
        "date": "2020-09-11T15:18:21Z",
        "value": "0.512830305",
        "cumulative": false
    },
    {
        "date": "2020-09-11T15:18:37Z",
        "value": "0.490460547",
        "cumulative": false
    },
    {
        "date": "2020-09-11T15:18:54Z",
        "value": "0.516936078",
        "cumulative": false
    },
    {
        "date": "2020-09-11T15:19:09Z",
        "value": "0.863216617",
        "cumulative": false
    },
    {
        "date": "2020-09-11T15:19:25Z",
        "value": "0.880058986",
        "cumulative": false
    },
    {
        "date": "2020-09-11T15:19:42Z",
        "value": "0.871838293",
        "cumulative": false
    },
    {
        "date": "2020-09-11T15:19:55Z",
        "value": "0.83640788",
        "cumulative": false
    },
    {
        "date": "2020-09-11T15:20:11Z",
        "value": "0.828713139",
        "cumulative": false
    },
    {
        "date": "2020-09-11T15:20:30Z",
        "value": "0.853595996",
        "cumulative": false
    },
    {
        "date": "2020-09-11T15:20:49Z",
        "value": "0.875099955",
        "cumulative": false
    },
    {
        "date": "2020-09-11T15:21:09Z",
        "value": "0.88635247",
        "cumulative": false
    },
    {
        "date": "2020-09-11T15:21:23Z",
        "value": "0.888950516",
        "cumulative": false
    },
    {
        "date": "2020-09-11T15:21:38Z",
        "value": "0.870157075",
        "cumulative": false
    },
    {
        "date": "2020-09-11T15:21:56Z",
        "value": "0.854152333",
        "cumulative": false
    },
    {
        "date": "2020-09-11T15:22:09Z",
        "value": "0.829117064",
        "cumulative": false
    },
    {
        "date": "2020-09-11T15:22:20Z",
        "value": "0.880655936",
        "cumulative": false
    },
    {
        "date": "2020-09-11T15:22:31Z",
        "value": "0.869636232",
        "cumulative": false
    },
    {
        "date": "2020-09-11T15:22:43Z",
        "value": "0.83841991",
        "cumulative": false
    },
    {
        "date": "2020-09-11T15:22:57Z",
        "value": "0.851609688",
        "cumulative": false
    },
    {
        "date": "2020-09-11T15:23:08Z",
        "value": "0.881914708",
        "cumulative": false
    },
    {
        "date": "2020-09-11T15:23:27Z",
        "value": "0.83273958",
        "cumulative": false
    },
    {
        "date": "2020-09-11T15:23:44Z",
        "value": "0.846721845",
        "cumulative": false
    },
    {
        "date": "2020-09-11T15:24:02Z",
        "value": "0.86028439",
        "cumulative": false
    },
    {
        "date": "2020-09-11T15:24:16Z",
        "value": "0.847240265",
        "cumulative": false
    },
    {
        "date": "2020-09-11T15:24:31Z",
        "value": "0.825061039",
        "cumulative": false
    },
    {
        "date": "2020-09-11T15:24:47Z",
        "value": "0.846433375",
        "cumulative": false
    },
    {
        "date": "2020-09-11T15:24:59Z",
        "value": "0.862872367",
        "cumulative": false
    },
    {
        "date": "2020-09-11T15:25:19Z",
        "value": "0.833833936",
        "cumulative": false
    },
    {
        "date": "2020-09-11T15:25:32Z",
        "value": "0.852016715",
        "cumulative": false
    },
    {
        "date": "2020-09-11T15:25:48Z",
        "value": "0.530720042",
        "cumulative": false
    },
    {
        "date": "2020-09-11T15:26:05Z",
        "value": "0.525179878",
        "cumulative": false
    },
    {
        "date": "2020-09-11T15:26:25Z",
        "value": "0.527647586",
        "cumulative": false
    },
    {
        "date": "2020-09-11T15:26:45Z",
        "value": "0.503473133",
        "cumulative": false
    },
    {
        "date": "2020-09-11T15:26:55Z",
        "value": "0.487399211",
        "cumulative": false
    },
    {
        "date": "2020-09-11T15:27:05Z",
        "value": "0.558567917",
        "cumulative": false
    },
    {
        "date": "2020-09-11T15:27:23Z",
        "value": "0.467604593",
        "cumulative": false
    },
    {
        "date": "2020-09-11T15:27:41Z",
        "value": "0.511971642",
        "cumulative": false
    },
    {
        "date": "2020-09-11T15:27:58Z",
        "value": "0.477087153",
        "cumulative": false
    },
    {
        "date": "2020-09-11T15:28:11Z",
        "value": "0.482148778",
        "cumulative": false
    },
    {
        "date": "2020-09-11T15:28:26Z",
        "value": "0.526675329",
        "cumulative": false
    },
    {
        "date": "2020-09-11T15:28:45Z",
        "value": "0.504149142",
        "cumulative": false
    },
    {
        "date": "2020-09-11T15:29:00Z",
        "value": "0.491168788",
        "cumulative": false
    },
    {
        "date": "2020-09-11T15:29:15Z",
        "value": "0.511610209",
        "cumulative": false
    },
    {
        "date": "2020-09-11T15:29:27Z",
        "value": "0.506871129",
        "cumulative": false
    },
    {
        "date": "2020-09-11T15:29:38Z",
        "value": "0.481895066",
        "cumulative": false
    },
    {
        "date": "2020-09-11T15:29:55Z",
        "value": "0.499238223",
        "cumulative": false
    },
    {
        "date": "2020-09-11T15:30:09Z",
        "value": "0.483121574",
        "cumulative": false
    },
    {
        "date": "2020-09-11T15:30:24Z",
        "value": "0.511623693",
        "cumulative": false
    },
    {
        "date": "2020-09-11T15:30:39Z",
        "value": "0.526794975",
        "cumulative": false
    },
    {
        "date": "2020-09-11T15:30:54Z",
        "value": "0.776573122",
        "cumulative": false
    },
    {
        "date": "2020-09-11T15:31:12Z",
        "value": "0.910996874",
        "cumulative": false
    },
    {
        "date": "2020-09-11T15:31:29Z",
        "value": "0.876231006",
        "cumulative": false
    },
    {
        "date": "2020-09-11T15:31:41Z",
        "value": "0.90003067",
        "cumulative": false
    },
    {
        "date": "2020-09-11T15:31:52Z",
        "value": "0.865332012",
        "cumulative": false
    },
    {
        "date": "2020-09-11T15:32:05Z",
        "value": "0.868623909",
        "cumulative": false
    },
    {
        "date": "2020-09-11T15:32:18Z",
        "value": "0.895357832",
        "cumulative": false
    },
    {
        "date": "2020-09-11T15:32:30Z",
        "value": "0.905524434",
        "cumulative": false
    },
    {
        "date": "2020-09-11T15:32:41Z",
        "value": "0.844593623",
        "cumulative": false
    },
    {
        "date": "2020-09-11T15:32:54Z",
        "value": "0.900894833",
        "cumulative": false
    },
    {
        "date": "2020-09-11T15:33:05Z",
        "value": "0.884323497",
        "cumulative": false
    },
    {
        "date": "2020-09-11T15:33:16Z",
        "value": "0.847665395",
        "cumulative": false
    },
    {
        "date": "2020-09-11T15:33:34Z",
        "value": "0.913230598",
        "cumulative": false
    },
    {
        "date": "2020-09-11T15:33:48Z",
        "value": "0.867487176",
        "cumulative": false
    },
    {
        "date": "2020-09-11T15:34:06Z",
        "value": "0.869162309",
        "cumulative": false
    },
    {
        "date": "2020-09-11T15:34:17Z",
        "value": "0.877627244",
        "cumulative": false
    },
    {
        "date": "2020-09-11T15:34:35Z",
        "value": "0.844741628",
        "cumulative": false
    },
    {
        "date": "2020-09-11T15:34:54Z",
        "value": "0.888258187",
        "cumulative": false
    },
    {
        "date": "2020-09-11T15:35:12Z",
        "value": "0.862278952",
        "cumulative": false
    },
    {
        "date": "2020-09-11T15:35:23Z",
        "value": "0.89675955",
        "cumulative": false
    },
    {
        "date": "2020-09-11T15:35:34Z",
        "value": "0.868751683",
        "cumulative": false
    },
    {
        "date": "2020-09-11T15:35:53Z",
        "value": "0.877256792",
        "cumulative": false
    },
    {
        "date": "2020-09-11T15:36:03Z",
        "value": "0.871427193",
        "cumulative": false
    },
    {
        "date": "2020-09-11T15:36:17Z",
        "value": "0.857979945",
        "cumulative": false
    },
    {
        "date": "2020-09-11T15:36:33Z",
        "value": "0.857736577",
        "cumulative": false
    },
    {
        "date": "2020-09-11T15:36:47Z",
        "value": "0.863714456",
        "cumulative": false
    },
    {
        "date": "2020-09-11T15:36:59Z",
        "value": "0.903677948",
        "cumulative": false
    },
    {
        "date": "2020-09-11T15:37:09Z",
        "value": "0.851178244",
        "cumulative": false
    },
    {
        "date": "2020-09-11T15:37:22Z",
        "value": "0.887226136",
        "cumulative": false
    },
    {
        "date": "2020-09-11T15:37:34Z",
        "value": "0.890700715",
        "cumulative": false
    },
    {
        "date": "2020-09-11T15:37:51Z",
        "value": "0.837369326",
        "cumulative": false
    },
    {
        "date": "2020-09-11T15:38:05Z",
        "value": "0.845684068",
        "cumulative": false
    },
    {
        "date": "2020-09-11T15:38:18Z",
        "value": "0.836319223",
        "cumulative": false
    },
    {
        "date": "2020-09-11T15:38:35Z",
        "value": "0.851817274",
        "cumulative": false
    },
    {
        "date": "2020-09-11T15:38:45Z",
        "value": "0.862458154",
        "cumulative": false
    },
    {
        "date": "2020-09-11T15:39:05Z",
        "value": "0.520956301",
        "cumulative": false
    }
]