[
    {
        "date": "2020-09-11T14:32:27Z",
        "value": "2.953125",
        "cumulative": false
    },
    {
        "date": "2020-09-11T14:32:45Z",
        "value": "56.34765625",
        "cumulative": false
    },
    {
        "date": "2020-09-11T14:33:01Z",
        "value": "1053.55859375",
        "cumulative": false
    },
    {
        "date": "2020-09-11T14:33:16Z",
        "value": "1053.69921875",
        "cumulative": false
    },
    {
        "date": "2020-09-11T14:33:28Z",
        "value": "1056.859375",
        "cumulative": false
    },
    {
        "date": "2020-09-11T14:33:41Z",
        "value": "1066.14453125",
        "cumulative": false
    },
    {
        "date": "2020-09-11T14:33:58Z",
        "value": "1080.48046875",
        "cumulative": false
    },
    {
        "date": "2020-09-11T14:34:13Z",
        "value": "1087.1953125",
        "cumulative": false
    },
    {
        "date": "2020-09-11T14:34:27Z",
        "value": "1095.640625",
        "cumulative": false
    },
    {
        "date": "2020-09-11T14:34:42Z",
        "value": "1106.32421875",
        "cumulative": false
    },
    {
        "date": "2020-09-11T14:35:00Z",
        "value": "1119.796875",
        "cumulative": false
    },
    {
        "date": "2020-09-11T14:35:11Z",
        "value": "1136.82421875",
        "cumulative": false
    },
    {
        "date": "2020-09-11T14:35:24Z",
        "value": "1136.82421875",
        "cumulative": false
    },
    {
        "date": "2020-09-11T14:35:42Z",
        "value": "1155.26171875",
        "cumulative": false
    },
    {
        "date": "2020-09-11T14:35:55Z",
        "value": "1155.265625",
        "cumulative": false
    },
    {
        "date": "2020-09-11T14:36:09Z",
        "value": "1177.6015625",
        "cumulative": false
    },
    {
        "date": "2020-09-11T14:36:25Z",
        "value": "1177.60546875",
        "cumulative": false
    },
    {
        "date": "2020-09-11T14:36:36Z",
        "value": "1177.60546875",
        "cumulative": false
    },
    {
        "date": "2020-09-11T14:36:51Z",
        "value": "1206.015625",
        "cumulative": false
    },
    {
        "date": "2020-09-11T14:37:04Z",
        "value": "1217.65625",
        "cumulative": false
    },
    {
        "date": "2020-09-11T14:37:23Z",
        "value": "1217.65625",
        "cumulative": false
    },
    {
        "date": "2020-09-11T14:37:38Z",
        "value": "1247.140625",
        "cumulative": false
    },
    {
        "date": "2020-09-11T14:37:53Z",
        "value": "1256.3828125",
        "cumulative": false
    },
    {
        "date": "2020-09-11T14:38:12Z",
        "value": "1256.31640625",
        "cumulative": false
    },
    {
        "date": "2020-09-11T14:38:26Z",
        "value": "1256.31640625",
        "cumulative": false
    },
    {
        "date": "2020-09-11T14:38:37Z",
        "value": "1293.5390625",
        "cumulative": false
    },
    {
        "date": "2020-09-11T14:38:52Z",
        "value": "1293.5390625",
        "cumulative": false
    },
    {
        "date": "2020-09-11T14:39:12Z",
        "value": "1267.99609375",
        "cumulative": false
    },
    {
        "date": "2020-09-11T14:39:32Z",
        "value": "1268.1171875",
        "cumulative": false
    },
    {
        "date": "2020-09-11T14:39:43Z",
        "value": "1305.2421875",
        "cumulative": false
    },
    {
        "date": "2020-09-11T14:39:58Z",
        "value": "1315.00390625",
        "cumulative": false
    },
    {
        "date": "2020-09-11T14:40:09Z",
        "value": "1315.00390625",
        "cumulative": false
    },
    {
        "date": "2020-09-11T14:40:25Z",
        "value": "1315.00390625",
        "cumulative": false
    },
    {
        "date": "2020-09-11T14:40:40Z",
        "value": "1319.87890625",
        "cumulative": false
    },
    {
        "date": "2020-09-11T14:40:58Z",
        "value": "1319.87890625",
        "cumulative": false
    },
    {
        "date": "2020-09-11T14:41:17Z",
        "value": "1319.87890625",
        "cumulative": false
    },
    {
        "date": "2020-09-11T14:41:37Z",
        "value": "1379.2109375",
        "cumulative": false
    },
    {
        "date": "2020-09-11T14:41:52Z",
        "value": "1379.27734375",
        "cumulative": false
    },
    {
        "date": "2020-09-11T14:42:07Z",
        "value": "1379.2109375",
        "cumulative": false
    },
    {
        "date": "2020-09-11T14:42:21Z",
        "value": "1379.2109375",
        "cumulative": false
    },
    {
        "date": "2020-09-11T14:42:35Z",
        "value": "1385.4453125",
        "cumulative": false
    },
    {
        "date": "2020-09-11T14:42:50Z",
        "value": "1385.3671875",
        "cumulative": false
    },
    {
        "date": "2020-09-11T14:43:09Z",
        "value": "1385.3671875",
        "cumulative": false
    },
    {
        "date": "2020-09-11T14:43:26Z",
        "value": "1385.37890625",
        "cumulative": false
    },
    {
        "date": "2020-09-11T14:43:40Z",
        "value": "1460.2890625",
        "cumulative": false
    },
    {
        "date": "2020-09-11T14:43:55Z",
        "value": "1460.2890625",
        "cumulative": false
    },
    {
        "date": "2020-09-11T14:44:07Z",
        "value": "1460.2890625",
        "cumulative": false
    },
    {
        "date": "2020-09-11T14:44:27Z",
        "value": "1460.2890625",
        "cumulative": false
    },
    {
        "date": "2020-09-11T14:44:46Z",
        "value": "1460.265625",
        "cumulative": false
    },
    {
        "date": "2020-09-11T14:44:56Z",
        "value": "1492.640625",
        "cumulative": false
    },
    {
        "date": "2020-09-11T14:45:14Z",
        "value": "1460.28515625",
        "cumulative": false
    },
    {
        "date": "2020-09-11T14:45:27Z",
        "value": "1460.265625",
        "cumulative": false
    },
    {
        "date": "2020-09-11T14:45:45Z",
        "value": "1460.265625",
        "cumulative": false
    },
    {
        "date": "2020-09-11T14:46:03Z",
        "value": "1460.33203125",
        "cumulative": false
    },
    {
        "date": "2020-09-11T14:46:20Z",
        "value": "1460.4296875",
        "cumulative": false
    },
    {
        "date": "2020-09-11T14:46:35Z",
        "value": "1554.85546875",
        "cumulative": false
    },
    {
        "date": "2020-09-11T14:46:48Z",
        "value": "1554.8828125",
        "cumulative": false
    },
    {
        "date": "2020-09-11T14:46:58Z",
        "value": "1554.85546875",
        "cumulative": false
    },
    {
        "date": "2020-09-11T14:47:16Z",
        "value": "1554.8828125",
        "cumulative": false
    },
    {
        "date": "2020-09-11T14:47:28Z",
        "value": "1554.85546875",
        "cumulative": false
    },
    {
        "date": "2020-09-11T14:47:41Z",
        "value": "1554.85546875",
        "cumulative": false
    },
    {
        "date": "2020-09-11T14:48:00Z",
        "value": "1555.02734375",
        "cumulative": false
    },
    {
        "date": "2020-09-11T14:48:14Z",
        "value": "1554.87890625",
        "cumulative": false
    },
    {
        "date": "2020-09-11T14:48:28Z",
        "value": "1554.86328125",
        "cumulative": false
    },
    {
        "date": "2020-09-11T14:48:38Z",
        "value": "1554.85546875",
        "cumulative": false
    },
    {
        "date": "2020-09-11T14:48:50Z",
        "value": "1554.94140625",
        "cumulative": false
    },
    {
        "date": "2020-09-11T14:49:08Z",
        "value": "1555.0078125",
        "cumulative": false
    },
    {
        "date": "2020-09-11T14:49:28Z",
        "value": "1554.90625",
        "cumulative": false
    },
    {
        "date": "2020-09-11T14:49:41Z",
        "value": "1619.609375",
        "cumulative": false
    },
    {
        "date": "2020-09-11T14:49:57Z",
        "value": "1674.28515625",
        "cumulative": false
    },
    {
        "date": "2020-09-11T14:50:08Z",
        "value": "1674.2890625",
        "cumulative": false
    },
    {
        "date": "2020-09-11T14:50:24Z",
        "value": "1763.66796875",
        "cumulative": false
    },
    {
        "date": "2020-09-11T14:50:42Z",
        "value": "1674.28515625",
        "cumulative": false
    },
    {
        "date": "2020-09-11T14:50:58Z",
        "value": "1674.28515625",
        "cumulative": false
    },
    {
        "date": "2020-09-11T14:51:13Z",
        "value": "1674.28515625",
        "cumulative": false
    },
    {
        "date": "2020-09-11T14:51:26Z",
        "value": "1705.91015625",
        "cumulative": false
    },
    {
        "date": "2020-09-11T14:51:39Z",
        "value": "1674.28515625",
        "cumulative": false
    },
    {
        "date": "2020-09-11T14:51:58Z",
        "value": "1737.66015625",
        "cumulative": false
    },
    {
        "date": "2020-09-11T14:52:17Z",
        "value": "1674.28515625",
        "cumulative": false
    },
    {
        "date": "2020-09-11T14:52:28Z",
        "value": "1674.28515625",
        "cumulative": false
    },
    {
        "date": "2020-09-11T14:52:41Z",
        "value": "1674.3046875",
        "cumulative": false
    },
    {
        "date": "2020-09-11T14:52:58Z",
        "value": "1674.39453125",
        "cumulative": false
    },
    {
        "date": "2020-09-11T14:53:13Z",
        "value": "1674.328125",
        "cumulative": false
    },
    {
        "date": "2020-09-11T14:53:30Z",
        "value": "1675.16015625",
        "cumulative": false
    },
    {
        "date": "2020-09-11T14:53:49Z",
        "value": "1674.38671875",
        "cumulative": false
    },
    {
        "date": "2020-09-11T14:54:02Z",
        "value": "1674.28515625",
        "cumulative": false
    },
    {
        "date": "2020-09-11T14:54:22Z",
        "value": "1825.01953125",
        "cumulative": false
    },
    {
        "date": "2020-09-11T14:54:33Z",
        "value": "1825.01953125",
        "cumulative": false
    },
    {
        "date": "2020-09-11T14:54:48Z",
        "value": "1825.01953125",
        "cumulative": false
    },
    {
        "date": "2020-09-11T14:55:08Z",
        "value": "1825.11328125",
        "cumulative": false
    },
    {
        "date": "2020-09-11T14:55:21Z",
        "value": "1825.01953125",
        "cumulative": false
    },
    {
        "date": "2020-09-11T14:55:34Z",
        "value": "1825.11328125",
        "cumulative": false
    },
    {
        "date": "2020-09-11T14:55:49Z",
        "value": "1825.01953125",
        "cumulative": false
    },
    {
        "date": "2020-09-11T14:56:04Z",
        "value": "1825.11328125",
        "cumulative": false
    },
    {
        "date": "2020-09-11T14:56:18Z",
        "value": "1952.640625",
        "cumulative": false
    },
    {
        "date": "2020-09-11T14:56:31Z",
        "value": "1825.01953125",
        "cumulative": false
    },
    {
        "date": "2020-09-11T14:56:42Z",
        "value": "2039.64453125",
        "cumulative": false
    },
    {
        "date": "2020-09-11T14:57:02Z",
        "value": "1825.05078125",
        "cumulative": false
    },
    {
        "date": "2020-09-11T14:57:20Z",
        "value": "1825.01953125",
        "cumulative": false
    },
    {
        "date": "2020-09-11T14:57:35Z",
        "value": "1825.03515625",
        "cumulative": false
    },
    {
        "date": "2020-09-11T14:57:47Z",
        "value": "1825.22265625",
        "cumulative": false
    },
    {
        "date": "2020-09-11T14:57:58Z",
        "value": "1825.01953125",
        "cumulative": false
    },
    {
        "date": "2020-09-11T14:58:13Z",
        "value": "1825.01953125",
        "cumulative": false
    },
    {
        "date": "2020-09-11T14:58:24Z",
        "value": "1825.0703125",
        "cumulative": false
    },
    {
        "date": "2020-09-11T14:58:35Z",
        "value": "1825.0234375",
        "cumulative": false
    },
    {
        "date": "2020-09-11T14:58:48Z",
        "value": "1825.30078125",
        "cumulative": false
    },
    {
        "date": "2020-09-11T14:59:00Z",
        "value": "1825.01953125",
        "cumulative": false
    },
    {
        "date": "2020-09-11T14:59:17Z",
        "value": "1983.2890625",
        "cumulative": false
    },
    {
        "date": "2020-09-11T14:59:30Z",
        "value": "1835.26953125",
        "cumulative": false
    },
    {
        "date": "2020-09-11T14:59:48Z",
        "value": "2182.08984375",
        "cumulative": false
    },
    {
        "date": "2020-09-11T15:00:01Z",
        "value": "2205.33984375",
        "cumulative": false
    },
    {
        "date": "2020-09-11T15:00:16Z",
        "value": "2029.33984375",
        "cumulative": false
    },
    {
        "date": "2020-09-11T15:00:35Z",
        "value": "2015.40234375",
        "cumulative": false
    },
    {
        "date": "2020-09-11T15:00:47Z",
        "value": "2204.46484375",
        "cumulative": false
    },
    {
        "date": "2020-09-11T15:01:03Z",
        "value": "2015.33984375",
        "cumulative": false
    },
    {
        "date": "2020-09-11T15:01:19Z",
        "value": "2015.4453125",
        "cumulative": false
    },
    {
        "date": "2020-09-11T15:01:34Z",
        "value": "2015.4453125",
        "cumulative": false
    },
    {
        "date": "2020-09-11T15:01:48Z",
        "value": "2015.33984375",
        "cumulative": false
    },
    {
        "date": "2020-09-11T15:01:59Z",
        "value": "2124.08984375",
        "cumulative": false
    },
    {
        "date": "2020-09-11T15:02:19Z",
        "value": "2252.21875",
        "cumulative": false
    },
    {
        "date": "2020-09-11T15:02:38Z",
        "value": "2029.46875",
        "cumulative": false
    },
    {
        "date": "2020-09-11T15:02:50Z",
        "value": "2015.34375",
        "cumulative": false
    },
    {
        "date": "2020-09-11T15:03:03Z",
        "value": "2015.3828125",
        "cumulative": false
    },
    {
        "date": "2020-09-11T15:03:23Z",
        "value": "2015.3671875",
        "cumulative": false
    },
    {
        "date": "2020-09-11T15:03:37Z",
        "value": "2015.38671875",
        "cumulative": false
    },
    {
        "date": "2020-09-11T15:03:48Z",
        "value": "2015.3828125",
        "cumulative": false
    },
    {
        "date": "2020-09-11T15:04:07Z",
        "value": "2015.41796875",
        "cumulative": false
    },
    {
        "date": "2020-09-11T15:04:25Z",
        "value": "2015.34375",
        "cumulative": false
    },
    {
        "date": "2020-09-11T15:04:41Z",
        "value": "2015.34375",
        "cumulative": false
    },
    {
        "date": "2020-09-11T15:05:00Z",
        "value": "2015.34375",
        "cumulative": false
    },
    {
        "date": "2020-09-11T15:05:13Z",
        "value": "2141.4765625",
        "cumulative": false
    },
    {
        "date": "2020-09-11T15:05:33Z",
        "value": "2015.34375",
        "cumulative": false
    },
    {
        "date": "2020-09-11T15:05:47Z",
        "value": "2015.40234375",
        "cumulative": false
    },
    {
        "date": "2020-09-11T15:06:01Z",
        "value": "2015.34375",
        "cumulative": false
    },
    {
        "date": "2020-09-11T15:06:18Z",
        "value": "2015.35546875",
        "cumulative": false
    },
    {
        "date": "2020-09-11T15:06:29Z",
        "value": "2255.69140625",
        "cumulative": false
    },
    {
        "date": "2020-09-11T15:06:45Z",
        "value": "2255.69140625",
        "cumulative": false
    },
    {
        "date": "2020-09-11T15:06:57Z",
        "value": "2255.69140625",
        "cumulative": false
    },
    {
        "date": "2020-09-11T15:07:16Z",
        "value": "2494.19140625",
        "cumulative": false
    },
    {
        "date": "2020-09-11T15:07:31Z",
        "value": "2255.69140625",
        "cumulative": false
    },
    {
        "date": "2020-09-11T15:07:45Z",
        "value": "2255.69140625",
        "cumulative": false
    },
    {
        "date": "2020-09-11T15:08:04Z",
        "value": "2255.69140625",
        "cumulative": false
    },
    {
        "date": "2020-09-11T15:08:19Z",
        "value": "2255.74609375",
        "cumulative": false
    },
    {
        "date": "2020-09-11T15:08:32Z",
        "value": "2312.19140625",
        "cumulative": false
    },
    {
        "date": "2020-09-11T15:08:43Z",
        "value": "2255.69140625",
        "cumulative": false
    },
    {
        "date": "2020-09-11T15:08:59Z",
        "value": "2255.8046875",
        "cumulative": false
    },
    {
        "date": "2020-09-11T15:09:16Z",
        "value": "2255.69140625",
        "cumulative": false
    },
    {
        "date": "2020-09-11T15:09:31Z",
        "value": "2255.8046875",
        "cumulative": false
    },
    {
        "date": "2020-09-11T15:09:48Z",
        "value": "2255.69140625",
        "cumulative": false
    },
    {
        "date": "2020-09-11T15:10:02Z",
        "value": "2255.875",
        "cumulative": false
    },
    {
        "date": "2020-09-11T15:10:14Z",
        "value": "2255.85546875",
        "cumulative": false
    },
    {
        "date": "2020-09-11T15:10:31Z",
        "value": "2255.6953125",
        "cumulative": false
    },
    {
        "date": "2020-09-11T15:10:44Z",
        "value": "2307.8203125",
        "cumulative": false
    },
    {
        "date": "2020-09-11T15:10:56Z",
        "value": "2255.6953125",
        "cumulative": false
    },
    {
        "date": "2020-09-11T15:11:14Z",
        "value": "2255.6953125",
        "cumulative": false
    },
    {
        "date": "2020-09-11T15:11:33Z",
        "value": "2255.6953125",
        "cumulative": false
    },
    {
        "date": "2020-09-11T15:11:46Z",
        "value": "2255.6953125",
        "cumulative": false
    },
    {
        "date": "2020-09-11T15:12:04Z",
        "value": "2255.6953125",
        "cumulative": false
    },
    {
        "date": "2020-09-11T15:12:22Z",
        "value": "2255.6953125",
        "cumulative": false
    },
    {
        "date": "2020-09-11T15:12:34Z",
        "value": "2480.1953125",
        "cumulative": false
    },
    {
        "date": "2020-09-11T15:12:49Z",
        "value": "2255.6953125",
        "cumulative": false
    },
    {
        "date": "2020-09-11T15:13:07Z",
        "value": "2255.6953125",
        "cumulative": false
    },
    {
        "date": "2020-09-11T15:13:26Z",
        "value": "2255.6953125",
        "cumulative": false
    },
    {
        "date": "2020-09-11T15:13:40Z",
        "value": "2602.6171875",
        "cumulative": false
    },
    {
        "date": "2020-09-11T15:13:51Z",
        "value": "2255.6953125",
        "cumulative": false
    },
    {
        "date": "2020-09-11T15:14:02Z",
        "value": "2460.0703125",
        "cumulative": false
    },
    {
        "date": "2020-09-11T15:14:21Z",
        "value": "2255.69921875",
        "cumulative": false
    },
    {
        "date": "2020-09-11T15:14:35Z",
        "value": "2255.6953125",
        "cumulative": false
    },
    {
        "date": "2020-09-11T15:14:52Z",
        "value": "2559.13671875",
        "cumulative": false
    },
    {
        "date": "2020-09-11T15:15:09Z",
        "value": "2707.36328125",
        "cumulative": false
    },
    {
        "date": "2020-09-11T15:15:19Z",
        "value": "2559.13671875",
        "cumulative": false
    },
    {
        "date": "2020-09-11T15:15:37Z",
        "value": "2559.13671875",
        "cumulative": false
    },
    {
        "date": "2020-09-11T15:15:50Z",
        "value": "2559.11328125",
        "cumulative": false
    },
    {
        "date": "2020-09-11T15:16:02Z",
        "value": "2559.11328125",
        "cumulative": false
    },
    {
        "date": "2020-09-11T15:16:20Z",
        "value": "2729.36328125",
        "cumulative": false
    },
    {
        "date": "2020-09-11T15:16:36Z",
        "value": "2559.11328125",
        "cumulative": false
    },
    {
        "date": "2020-09-11T15:16:48Z",
        "value": "2559.11328125",
        "cumulative": false
    },
    {
        "date": "2020-09-11T15:17:05Z",
        "value": "2559.11328125",
        "cumulative": false
    },
    {
        "date": "2020-09-11T15:17:22Z",
        "value": "2559.11328125",
        "cumulative": false
    },
    {
        "date": "2020-09-11T15:17:42Z",
        "value": "2559.13671875",
        "cumulative": false
    },
    {
        "date": "2020-09-11T15:17:55Z",
        "value": "2559.13671875",
        "cumulative": false
    },
    {
        "date": "2020-09-11T15:18:06Z",
        "value": "2559.13671875",
        "cumulative": false
    },
    {
        "date": "2020-09-11T15:18:26Z",
        "value": "2559.11328125",
        "cumulative": false
    },
    {
        "date": "2020-09-11T15:18:43Z",
        "value": "2559.11328125",
        "cumulative": false
    },
    {
        "date": "2020-09-11T15:19:01Z",
        "value": "2559.11328125",
        "cumulative": false
    },
    {
        "date": "2020-09-11T15:19:18Z",
        "value": "2765.23828125",
        "cumulative": false
    },
    {
        "date": "2020-09-11T15:19:32Z",
        "value": "2559.11328125",
        "cumulative": false
    },
    {
        "date": "2020-09-11T15:19:43Z",
        "value": "2559.13671875",
        "cumulative": false
    },
    {
        "date": "2020-09-11T15:19:55Z",
        "value": "2559.12890625",
        "cumulative": false
    },
    {
        "date": "2020-09-11T15:20:08Z",
        "value": "2559.1171875",
        "cumulative": false
    },
    {
        "date": "2020-09-11T15:20:18Z",
        "value": "2843.36328125",
        "cumulative": false
    },
    {
        "date": "2020-09-11T15:20:31Z",
        "value": "2559.11328125",
        "cumulative": false
    },
    {
        "date": "2020-09-11T15:20:45Z",
        "value": "2559.11328125",
        "cumulative": false
    },
    {
        "date": "2020-09-11T15:21:03Z",
        "value": "2559.11328125",
        "cumulative": false
    },
    {
        "date": "2020-09-11T15:21:20Z",
        "value": "2559.12109375",
        "cumulative": false
    },
    {
        "date": "2020-09-11T15:21:33Z",
        "value": "2559.1484375",
        "cumulative": false
    },
    {
        "date": "2020-09-11T15:21:53Z",
        "value": "2924.48828125",
        "cumulative": false
    },
    {
        "date": "2020-09-11T15:22:09Z",
        "value": "2732.36328125",
        "cumulative": false
    },
    {
        "date": "2020-09-11T15:22:28Z",
        "value": "2559.11328125",
        "cumulative": false
    },
    {
        "date": "2020-09-11T15:22:40Z",
        "value": "2559.11328125",
        "cumulative": false
    },
    {
        "date": "2020-09-11T15:22:57Z",
        "value": "2599.23828125",
        "cumulative": false
    },
    {
        "date": "2020-09-11T15:23:12Z",
        "value": "2559.11328125",
        "cumulative": false
    },
    {
        "date": "2020-09-11T15:23:28Z",
        "value": "2559.11328125",
        "cumulative": false
    },
    {
        "date": "2020-09-11T15:23:41Z",
        "value": "2559.11328125",
        "cumulative": false
    },
    {
        "date": "2020-09-11T15:24:00Z",
        "value": "2559.11328125",
        "cumulative": false
    },
    {
        "date": "2020-09-11T15:24:17Z",
        "value": "2760.98828125",
        "cumulative": false
    },
    {
        "date": "2020-09-11T15:24:35Z",
        "value": "2559.11328125",
        "cumulative": false
    },
    {
        "date": "2020-09-11T15:24:50Z",
        "value": "2559.12109375",
        "cumulative": false
    },
    {
        "date": "2020-09-11T15:25:10Z",
        "value": "3007.36328125",
        "cumulative": false
    },
    {
        "date": "2020-09-11T15:25:24Z",
        "value": "2559.11328125",
        "cumulative": false
    },
    {
        "date": "2020-09-11T15:25:39Z",
        "value": "2942.19921875",
        "cumulative": false
    },
    {
        "date": "2020-09-11T15:25:58Z",
        "value": "2942.19921875",
        "cumulative": false
    },
    {
        "date": "2020-09-11T15:26:13Z",
        "value": "2942.19921875",
        "cumulative": false
    },
    {
        "date": "2020-09-11T15:26:27Z",
        "value": "2942.19921875",
        "cumulative": false
    },
    {
        "date": "2020-09-11T15:26:47Z",
        "value": "2942.19921875",
        "cumulative": false
    },
    {
        "date": "2020-09-11T15:27:00Z",
        "value": "3324.44921875",
        "cumulative": false
    },
    {
        "date": "2020-09-11T15:27:14Z",
        "value": "2942.19921875",
        "cumulative": false
    },
    {
        "date": "2020-09-11T15:27:26Z",
        "value": "2942.19921875",
        "cumulative": false
    },
    {
        "date": "2020-09-11T15:27:39Z",
        "value": "2942.19921875",
        "cumulative": false
    },
    {
        "date": "2020-09-11T15:27:54Z",
        "value": "3016.44921875",
        "cumulative": false
    },
    {
        "date": "2020-09-11T15:28:05Z",
        "value": "2942.2265625",
        "cumulative": false
    },
    {
        "date": "2020-09-11T15:28:17Z",
        "value": "2942.19921875",
        "cumulative": false
    },
    {
        "date": "2020-09-11T15:28:30Z",
        "value": "2942.19921875",
        "cumulative": false
    },
    {
        "date": "2020-09-11T15:28:46Z",
        "value": "2942.19921875",
        "cumulative": false
    },
    {
        "date": "2020-09-11T15:29:01Z",
        "value": "2942.19921875",
        "cumulative": false
    },
    {
        "date": "2020-09-11T15:29:17Z",
        "value": "3324.44921875",
        "cumulative": false
    },
    {
        "date": "2020-09-11T15:29:37Z",
        "value": "2942.19921875",
        "cumulative": false
    },
    {
        "date": "2020-09-11T15:29:52Z",
        "value": "2942.19921875",
        "cumulative": false
    },
    {
        "date": "2020-09-11T15:30:06Z",
        "value": "3062.32421875",
        "cumulative": false
    },
    {
        "date": "2020-09-11T15:30:25Z",
        "value": "3047.57421875",
        "cumulative": false
    },
    {
        "date": "2020-09-11T15:30:39Z",
        "value": "2942.19921875",
        "cumulative": false
    },
    {
        "date": "2020-09-11T15:30:58Z",
        "value": "3195.32421875",
        "cumulative": false
    },
    {
        "date": "2020-09-11T15:31:14Z",
        "value": "2942.23828125",
        "cumulative": false
    },
    {
        "date": "2020-09-11T15:31:31Z",
        "value": "2942.19921875",
        "cumulative": false
    },
    {
        "date": "2020-09-11T15:31:44Z",
        "value": "2942.23046875",
        "cumulative": false
    },
    {
        "date": "2020-09-11T15:32:02Z",
        "value": "3158.69921875",
        "cumulative": false
    },
    {
        "date": "2020-09-11T15:32:20Z",
        "value": "2942.19921875",
        "cumulative": false
    },
    {
        "date": "2020-09-11T15:32:40Z",
        "value": "2942.19921875",
        "cumulative": false
    },
    {
        "date": "2020-09-11T15:32:56Z",
        "value": "2942.3671875",
        "cumulative": false
    },
    {
        "date": "2020-09-11T15:33:08Z",
        "value": "2942.19921875",
        "cumulative": false
    },
    {
        "date": "2020-09-11T15:33:26Z",
        "value": "2942.30078125",
        "cumulative": false
    },
    {
        "date": "2020-09-11T15:33:38Z",
        "value": "2942.19921875",
        "cumulative": false
    },
    {
        "date": "2020-09-11T15:33:53Z",
        "value": "2942.22265625",
        "cumulative": false
    },
    {
        "date": "2020-09-11T15:34:10Z",
        "value": "3159.94921875",
        "cumulative": false
    },
    {
        "date": "2020-09-11T15:34:29Z",
        "value": "2942.19921875",
        "cumulative": false
    },
    {
        "date": "2020-09-11T15:34:45Z",
        "value": "3476.07421875",
        "cumulative": false
    },
    {
        "date": "2020-09-11T15:35:02Z",
        "value": "2942.19921875",
        "cumulative": false
    },
    {
        "date": "2020-09-11T15:35:14Z",
        "value": "2942.19921875",
        "cumulative": false
    },
    {
        "date": "2020-09-11T15:35:32Z",
        "value": "2942.19921875",
        "cumulative": false
    },
    {
        "date": "2020-09-11T15:35:52Z",
        "value": "2942.19921875",
        "cumulative": false
    },
    {
        "date": "2020-09-11T15:36:07Z",
        "value": "2942.19921875",
        "cumulative": false
    },
    {
        "date": "2020-09-11T15:36:21Z",
        "value": "2942.19921875",
        "cumulative": false
    },
    {
        "date": "2020-09-11T15:36:39Z",
        "value": "3076.69921875",
        "cumulative": false
    },
    {
        "date": "2020-09-11T15:36:56Z",
        "value": "2942.20703125",
        "cumulative": false
    },
    {
        "date": "2020-09-11T15:37:10Z",
        "value": "2942.19921875",
        "cumulative": false
    },
    {
        "date": "2020-09-11T15:37:21Z",
        "value": "2942.19921875",
        "cumulative": false
    },
    {
        "date": "2020-09-11T15:37:32Z",
        "value": "3066.19921875",
        "cumulative": false
    },
    {
        "date": "2020-09-11T15:37:43Z",
        "value": "3338.32421875",
        "cumulative": false
    },
    {
        "date": "2020-09-11T15:37:53Z",
        "value": "3259.57421875",
        "cumulative": false
    },
    {
        "date": "2020-09-11T15:38:07Z",
        "value": "2942.19921875",
        "cumulative": false
    },
    {
        "date": "2020-09-11T15:38:18Z",
        "value": "3269.57421875",
        "cumulative": false
    },
    {
        "date": "2020-09-11T15:38:32Z",
        "value": "2942.19921875",
        "cumulative": false
    },
    {
        "date": "2020-09-11T15:38:43Z",
        "value": "3248.94921875",
        "cumulative": false
    },
    {
        "date": "2020-09-11T15:39:03Z",
        "value": "2942.19921875",
        "cumulative": false
    }
]