[
    {
        "date": "2020-09-11T14:32:39Z",
        "value": "2.9296875",
        "cumulative": false
    },
    {
        "date": "2020-09-11T14:32:55Z",
        "value": "1059.01953125",
        "cumulative": false
    },
    {
        "date": "2020-09-11T14:33:14Z",
        "value": "1059.10546875",
        "cumulative": false
    },
    {
        "date": "2020-09-11T14:33:27Z",
        "value": "1061.3203125",
        "cumulative": false
    },
    {
        "date": "2020-09-11T14:33:39Z",
        "value": "1067.56640625",
        "cumulative": false
    },
    {
        "date": "2020-09-11T14:33:57Z",
        "value": "1078.92578125",
        "cumulative": false
    },
    {
        "date": "2020-09-11T14:34:11Z",
        "value": "1083.70703125",
        "cumulative": false
    },
    {
        "date": "2020-09-11T14:34:26Z",
        "value": "1092.6484375",
        "cumulative": false
    },
    {
        "date": "2020-09-11T14:34:39Z",
        "value": "1104.6875",
        "cumulative": false
    },
    {
        "date": "2020-09-11T14:34:50Z",
        "value": "1116.2734375",
        "cumulative": false
    },
    {
        "date": "2020-09-11T14:35:00Z",
        "value": "1116.2734375",
        "cumulative": false
    },
    {
        "date": "2020-09-11T14:35:15Z",
        "value": "1130.8828125",
        "cumulative": false
    },
    {
        "date": "2020-09-11T14:35:33Z",
        "value": "1149.7578125",
        "cumulative": false
    },
    {
        "date": "2020-09-11T14:35:52Z",
        "value": "1156.62890625",
        "cumulative": false
    },
    {
        "date": "2020-09-11T14:36:10Z",
        "value": "1175.125",
        "cumulative": false
    },
    {
        "date": "2020-09-11T14:36:26Z",
        "value": "1180.8828125",
        "cumulative": false
    },
    {
        "date": "2020-09-11T14:36:36Z",
        "value": "1180.8828125",
        "cumulative": false
    },
    {
        "date": "2020-09-11T14:36:56Z",
        "value": "1204.453125",
        "cumulative": false
    },
    {
        "date": "2020-09-11T14:37:07Z",
        "value": "1211.72265625",
        "cumulative": false
    },
    {
        "date": "2020-09-11T14:37:20Z",
        "value": "1211.72265625",
        "cumulative": false
    },
    {
        "date": "2020-09-11T14:37:31Z",
        "value": "1241.1953125",
        "cumulative": false
    },
    {
        "date": "2020-09-11T14:37:41Z",
        "value": "1241.1953125",
        "cumulative": false
    },
    {
        "date": "2020-09-11T14:38:01Z",
        "value": "1250.3671875",
        "cumulative": false
    },
    {
        "date": "2020-09-11T14:38:14Z",
        "value": "1250.3671875",
        "cumulative": false
    },
    {
        "date": "2020-09-11T14:38:30Z",
        "value": "1287.57421875",
        "cumulative": false
    },
    {
        "date": "2020-09-11T14:38:47Z",
        "value": "1287.57421875",
        "cumulative": false
    },
    {
        "date": "2020-09-11T14:39:07Z",
        "value": "1262.140625",
        "cumulative": false
    },
    {
        "date": "2020-09-11T14:39:18Z",
        "value": "1262.03125",
        "cumulative": false
    },
    {
        "date": "2020-09-11T14:39:32Z",
        "value": "1262.1484375",
        "cumulative": false
    },
    {
        "date": "2020-09-11T14:39:51Z",
        "value": "1309.04296875",
        "cumulative": false
    },
    {
        "date": "2020-09-11T14:40:08Z",
        "value": "1309.04296875",
        "cumulative": false
    },
    {
        "date": "2020-09-11T14:40:18Z",
        "value": "1309.04296875",
        "cumulative": false
    },
    {
        "date": "2020-09-11T14:40:30Z",
        "value": "1332.04296875",
        "cumulative": false
    },
    {
        "date": "2020-09-11T14:40:43Z",
        "value": "1313.91796875",
        "cumulative": false
    },
    {
        "date": "2020-09-11T14:41:01Z",
        "value": "1313.91796875",
        "cumulative": false
    },
    {
        "date": "2020-09-11T14:41:11Z",
        "value": "1313.91796875",
        "cumulative": false
    },
    {
        "date": "2020-09-11T14:41:30Z",
        "value": "1373.30859375",
        "cumulative": false
    },
    {
        "date": "2020-09-11T14:41:41Z",
        "value": "1373.30859375",
        "cumulative": false
    },
    {
        "date": "2020-09-11T14:41:53Z",
        "value": "1382.9921875",
        "cumulative": false
    },
    {
        "date": "2020-09-11T14:42:13Z",
        "value": "1373.30859375",
        "cumulative": false
    },
    {
        "date": "2020-09-11T14:42:26Z",
        "value": "1379.39453125",
        "cumulative": false
    },
    {
        "date": "2020-09-11T14:42:45Z",
        "value": "1379.39453125",
        "cumulative": false
    },
    {
        "date": "2020-09-11T14:42:58Z",
        "value": "1379.4609375",
        "cumulative": false
    },
    {
        "date": "2020-09-11T14:43:14Z",
        "value": "1379.48828125",
        "cumulative": false
    },
    {
        "date": "2020-09-11T14:43:25Z",
        "value": "1430.01953125",
        "cumulative": false
    },
    {
        "date": "2020-09-11T14:43:39Z",
        "value": "1454.29296875",
        "cumulative": false
    },
    {
        "date": "2020-09-11T14:43:51Z",
        "value": "1454.29296875",
        "cumulative": false
    },
    {
        "date": "2020-09-11T14:44:06Z",
        "value": "1494.69140625",
        "cumulative": false
    },
    {
        "date": "2020-09-11T14:44:25Z",
        "value": "1454.36328125",
        "cumulative": false
    },
    {
        "date": "2020-09-11T14:44:43Z",
        "value": "1454.45703125",
        "cumulative": false
    },
    {
        "date": "2020-09-11T14:45:03Z",
        "value": "1490.078125",
        "cumulative": false
    },
    {
        "date": "2020-09-11T14:45:17Z",
        "value": "1549.66796875",
        "cumulative": false
    },
    {
        "date": "2020-09-11T14:45:28Z",
        "value": "1495.41796875",
        "cumulative": false
    },
    {
        "date": "2020-09-11T14:45:43Z",
        "value": "1454.45703125",
        "cumulative": false
    },
    {
        "date": "2020-09-11T14:45:53Z",
        "value": "1454.5546875",
        "cumulative": false
    },
    {
        "date": "2020-09-11T14:46:04Z",
        "value": "1454.43359375",
        "cumulative": false
    },
    {
        "date": "2020-09-11T14:46:18Z",
        "value": "1454.29296875",
        "cumulative": false
    },
    {
        "date": "2020-09-11T14:46:35Z",
        "value": "1548.9921875",
        "cumulative": false
    },
    {
        "date": "2020-09-11T14:46:48Z",
        "value": "1548.91015625",
        "cumulative": false
    },
    {
        "date": "2020-09-11T14:47:02Z",
        "value": "1548.91015625",
        "cumulative": false
    },
    {
        "date": "2020-09-11T14:47:16Z",
        "value": "1560.1328125",
        "cumulative": false
    },
    {
        "date": "2020-09-11T14:47:35Z",
        "value": "1548.96484375",
        "cumulative": false
    },
    {
        "date": "2020-09-11T14:47:52Z",
        "value": "1548.96484375",
        "cumulative": false
    },
    {
        "date": "2020-09-11T14:48:11Z",
        "value": "1549.00390625",
        "cumulative": false
    },
    {
        "date": "2020-09-11T14:48:27Z",
        "value": "1548.9375",
        "cumulative": false
    },
    {
        "date": "2020-09-11T14:48:44Z",
        "value": "1549.0390625",
        "cumulative": false
    },
    {
        "date": "2020-09-11T14:48:54Z",
        "value": "1549.01953125",
        "cumulative": false
    },
    {
        "date": "2020-09-11T14:49:11Z",
        "value": "1548.9921875",
        "cumulative": false
    },
    {
        "date": "2020-09-11T14:49:26Z",
        "value": "1548.9296875",
        "cumulative": false
    },
    {
        "date": "2020-09-11T14:49:40Z",
        "value": "1548.96484375",
        "cumulative": false
    },
    {
        "date": "2020-09-11T14:49:54Z",
        "value": "1668.32421875",
        "cumulative": false
    },
    {
        "date": "2020-09-11T14:50:09Z",
        "value": "1668.31640625",
        "cumulative": false
    },
    {
        "date": "2020-09-11T14:50:26Z",
        "value": "1668.3203125",
        "cumulative": false
    },
    {
        "date": "2020-09-11T14:50:37Z",
        "value": "1668.31640625",
        "cumulative": false
    },
    {
        "date": "2020-09-11T14:50:51Z",
        "value": "1668.31640625",
        "cumulative": false
    },
    {
        "date": "2020-09-11T14:51:07Z",
        "value": "1668.32421875",
        "cumulative": false
    },
    {
        "date": "2020-09-11T14:51:23Z",
        "value": "1668.3203125",
        "cumulative": false
    },
    {
        "date": "2020-09-11T14:51:35Z",
        "value": "1668.35546875",
        "cumulative": false
    },
    {
        "date": "2020-09-11T14:51:51Z",
        "value": "1668.3359375",
        "cumulative": false
    },
    {
        "date": "2020-09-11T14:52:05Z",
        "value": "1668.35546875",
        "cumulative": false
    },
    {
        "date": "2020-09-11T14:52:20Z",
        "value": "1668.52734375",
        "cumulative": false
    },
    {
        "date": "2020-09-11T14:52:40Z",
        "value": "1668.31640625",
        "cumulative": false
    },
    {
        "date": "2020-09-11T14:52:51Z",
        "value": "1793.94140625",
        "cumulative": false
    },
    {
        "date": "2020-09-11T14:53:09Z",
        "value": "1668.3359375",
        "cumulative": false
    },
    {
        "date": "2020-09-11T14:53:22Z",
        "value": "1668.484375",
        "cumulative": false
    },
    {
        "date": "2020-09-11T14:53:35Z",
        "value": "1668.49609375",
        "cumulative": false
    },
    {
        "date": "2020-09-11T14:53:55Z",
        "value": "1727.44140625",
        "cumulative": false
    },
    {
        "date": "2020-09-11T14:54:05Z",
        "value": "1668.57421875",
        "cumulative": false
    },
    {
        "date": "2020-09-11T14:54:15Z",
        "value": "1819.12109375",
        "cumulative": false
    },
    {
        "date": "2020-09-11T14:54:32Z",
        "value": "1819.0703125",
        "cumulative": false
    },
    {
        "date": "2020-09-11T14:54:51Z",
        "value": "1819.0703125",
        "cumulative": false
    },
    {
        "date": "2020-09-11T14:55:06Z",
        "value": "1819.0703125",
        "cumulative": false
    },
    {
        "date": "2020-09-11T14:55:16Z",
        "value": "1850.5703125",
        "cumulative": false
    },
    {
        "date": "2020-09-11T14:55:36Z",
        "value": "1960.0703125",
        "cumulative": false
    },
    {
        "date": "2020-09-11T14:55:48Z",
        "value": "1819.0703125",
        "cumulative": false
    },
    {
        "date": "2020-09-11T14:56:08Z",
        "value": "1819.0703125",
        "cumulative": false
    },
    {
        "date": "2020-09-11T14:56:19Z",
        "value": "1819.0703125",
        "cumulative": false
    },
    {
        "date": "2020-09-11T14:56:38Z",
        "value": "1865.1953125",
        "cumulative": false
    },
    {
        "date": "2020-09-11T14:56:58Z",
        "value": "1819.1015625",
        "cumulative": false
    },
    {
        "date": "2020-09-11T14:57:16Z",
        "value": "1819.0703125",
        "cumulative": false
    },
    {
        "date": "2020-09-11T14:57:32Z",
        "value": "1819.1015625",
        "cumulative": false
    },
    {
        "date": "2020-09-11T14:57:48Z",
        "value": "1819.19140625",
        "cumulative": false
    },
    {
        "date": "2020-09-11T14:58:02Z",
        "value": "1819.1015625",
        "cumulative": false
    },
    {
        "date": "2020-09-11T14:58:13Z",
        "value": "1819.10546875",
        "cumulative": false
    },
    {
        "date": "2020-09-11T14:58:26Z",
        "value": "1819.07421875",
        "cumulative": false
    },
    {
        "date": "2020-09-11T14:58:42Z",
        "value": "1819.12890625",
        "cumulative": false
    },
    {
        "date": "2020-09-11T14:58:53Z",
        "value": "1819.1015625",
        "cumulative": false
    },
    {
        "date": "2020-09-11T14:59:04Z",
        "value": "1819.0703125",
        "cumulative": false
    },
    {
        "date": "2020-09-11T14:59:23Z",
        "value": "1819.12109375",
        "cumulative": false
    },
    {
        "date": "2020-09-11T14:59:38Z",
        "value": "2009.4140625",
        "cumulative": false
    },
    {
        "date": "2020-09-11T14:59:48Z",
        "value": "2072.52734375",
        "cumulative": false
    },
    {
        "date": "2020-09-11T15:00:00Z",
        "value": "2183.52734375",
        "cumulative": false
    },
    {
        "date": "2020-09-11T15:00:16Z",
        "value": "2009.40234375",
        "cumulative": false
    },
    {
        "date": "2020-09-11T15:00:26Z",
        "value": "2009.5078125",
        "cumulative": false
    },
    {
        "date": "2020-09-11T15:00:39Z",
        "value": "2009.40234375",
        "cumulative": false
    },
    {
        "date": "2020-09-11T15:00:54Z",
        "value": "2009.40234375",
        "cumulative": false
    },
    {
        "date": "2020-09-11T15:01:06Z",
        "value": "2009.40234375",
        "cumulative": false
    },
    {
        "date": "2020-09-11T15:01:25Z",
        "value": "2009.40234375",
        "cumulative": false
    },
    {
        "date": "2020-09-11T15:01:42Z",
        "value": "2090.52734375",
        "cumulative": false
    },
    {
        "date": "2020-09-11T15:01:59Z",
        "value": "2009.40234375",
        "cumulative": false
    },
    {
        "date": "2020-09-11T15:02:18Z",
        "value": "2009.41796875",
        "cumulative": false
    },
    {
        "date": "2020-09-11T15:02:30Z",
        "value": "2009.4453125",
        "cumulative": false
    },
    {
        "date": "2020-09-11T15:02:48Z",
        "value": "2009.453125",
        "cumulative": false
    },
    {
        "date": "2020-09-11T15:03:00Z",
        "value": "2009.40625",
        "cumulative": false
    },
    {
        "date": "2020-09-11T15:03:12Z",
        "value": "2104.38671875",
        "cumulative": false
    },
    {
        "date": "2020-09-11T15:03:23Z",
        "value": "2009.40625",
        "cumulative": false
    },
    {
        "date": "2020-09-11T15:03:38Z",
        "value": "2009.4453125",
        "cumulative": false
    },
    {
        "date": "2020-09-11T15:03:49Z",
        "value": "2009.4453125",
        "cumulative": false
    },
    {
        "date": "2020-09-11T15:04:05Z",
        "value": "2009.47265625",
        "cumulative": false
    },
    {
        "date": "2020-09-11T15:04:17Z",
        "value": "2009.46875",
        "cumulative": false
    },
    {
        "date": "2020-09-11T15:04:32Z",
        "value": "2009.4296875",
        "cumulative": false
    },
    {
        "date": "2020-09-11T15:04:42Z",
        "value": "2009.44140625",
        "cumulative": false
    },
    {
        "date": "2020-09-11T15:04:58Z",
        "value": "2167.28125",
        "cumulative": false
    },
    {
        "date": "2020-09-11T15:05:15Z",
        "value": "2009.40625",
        "cumulative": false
    },
    {
        "date": "2020-09-11T15:05:34Z",
        "value": "2009.40625",
        "cumulative": false
    },
    {
        "date": "2020-09-11T15:05:52Z",
        "value": "2009.49609375",
        "cumulative": false
    },
    {
        "date": "2020-09-11T15:06:09Z",
        "value": "2039.78125",
        "cumulative": false
    },
    {
        "date": "2020-09-11T15:06:20Z",
        "value": "2204.53125",
        "cumulative": false
    },
    {
        "date": "2020-09-11T15:06:33Z",
        "value": "2249.75390625",
        "cumulative": false
    },
    {
        "date": "2020-09-11T15:06:48Z",
        "value": "2249.75390625",
        "cumulative": false
    },
    {
        "date": "2020-09-11T15:07:07Z",
        "value": "2268.25390625",
        "cumulative": false
    },
    {
        "date": "2020-09-11T15:07:20Z",
        "value": "2379.87890625",
        "cumulative": false
    },
    {
        "date": "2020-09-11T15:07:40Z",
        "value": "2249.75390625",
        "cumulative": false
    },
    {
        "date": "2020-09-11T15:07:54Z",
        "value": "2249.8671875",
        "cumulative": false
    },
    {
        "date": "2020-09-11T15:08:08Z",
        "value": "2327.87890625",
        "cumulative": false
    },
    {
        "date": "2020-09-11T15:08:21Z",
        "value": "2249.8671875",
        "cumulative": false
    },
    {
        "date": "2020-09-11T15:08:33Z",
        "value": "2249.75390625",
        "cumulative": false
    },
    {
        "date": "2020-09-11T15:08:45Z",
        "value": "2249.8671875",
        "cumulative": false
    },
    {
        "date": "2020-09-11T15:09:01Z",
        "value": "2249.75390625",
        "cumulative": false
    },
    {
        "date": "2020-09-11T15:09:20Z",
        "value": "2249.75390625",
        "cumulative": false
    },
    {
        "date": "2020-09-11T15:09:31Z",
        "value": "2481.50390625",
        "cumulative": false
    },
    {
        "date": "2020-09-11T15:09:50Z",
        "value": "2249.75390625",
        "cumulative": false
    },
    {
        "date": "2020-09-11T15:10:09Z",
        "value": "2249.78125",
        "cumulative": false
    },
    {
        "date": "2020-09-11T15:10:22Z",
        "value": "2249.75390625",
        "cumulative": false
    },
    {
        "date": "2020-09-11T15:10:35Z",
        "value": "2249.75390625",
        "cumulative": false
    },
    {
        "date": "2020-09-11T15:10:46Z",
        "value": "2249.75390625",
        "cumulative": false
    },
    {
        "date": "2020-09-11T15:11:06Z",
        "value": "2249.75390625",
        "cumulative": false
    },
    {
        "date": "2020-09-11T15:11:19Z",
        "value": "2249.8828125",
        "cumulative": false
    },
    {
        "date": "2020-09-11T15:11:34Z",
        "value": "2414.6171875",
        "cumulative": false
    },
    {
        "date": "2020-09-11T15:11:51Z",
        "value": "2249.7578125",
        "cumulative": false
    },
    {
        "date": "2020-09-11T15:12:05Z",
        "value": "2249.75390625",
        "cumulative": false
    },
    {
        "date": "2020-09-11T15:12:18Z",
        "value": "2249.75390625",
        "cumulative": false
    },
    {
        "date": "2020-09-11T15:12:35Z",
        "value": "2249.75390625",
        "cumulative": false
    },
    {
        "date": "2020-09-11T15:12:51Z",
        "value": "2249.75390625",
        "cumulative": false
    },
    {
        "date": "2020-09-11T15:13:02Z",
        "value": "2249.7578125",
        "cumulative": false
    },
    {
        "date": "2020-09-11T15:13:14Z",
        "value": "2249.7578125",
        "cumulative": false
    },
    {
        "date": "2020-09-11T15:13:33Z",
        "value": "2249.86328125",
        "cumulative": false
    },
    {
        "date": "2020-09-11T15:13:48Z",
        "value": "2249.7578125",
        "cumulative": false
    },
    {
        "date": "2020-09-11T15:14:01Z",
        "value": "2249.7578125",
        "cumulative": false
    },
    {
        "date": "2020-09-11T15:14:14Z",
        "value": "2249.7578125",
        "cumulative": false
    },
    {
        "date": "2020-09-11T15:14:26Z",
        "value": "2249.7578125",
        "cumulative": false
    },
    {
        "date": "2020-09-11T15:14:44Z",
        "value": "2249.7578125",
        "cumulative": false
    },
    {
        "date": "2020-09-11T15:15:00Z",
        "value": "2803.05078125",
        "cumulative": false
    },
    {
        "date": "2020-09-11T15:15:15Z",
        "value": "2553.17578125",
        "cumulative": false
    },
    {
        "date": "2020-09-11T15:15:27Z",
        "value": "2741.17578125",
        "cumulative": false
    },
    {
        "date": "2020-09-11T15:15:38Z",
        "value": "2553.17578125",
        "cumulative": false
    },
    {
        "date": "2020-09-11T15:15:48Z",
        "value": "2643.80078125",
        "cumulative": false
    },
    {
        "date": "2020-09-11T15:15:59Z",
        "value": "2553.17578125",
        "cumulative": false
    },
    {
        "date": "2020-09-11T15:16:19Z",
        "value": "2553.17578125",
        "cumulative": false
    },
    {
        "date": "2020-09-11T15:16:37Z",
        "value": "2553.17578125",
        "cumulative": false
    },
    {
        "date": "2020-09-11T15:16:54Z",
        "value": "2553.17578125",
        "cumulative": false
    },
    {
        "date": "2020-09-11T15:17:10Z",
        "value": "2553.17578125",
        "cumulative": false
    },
    {
        "date": "2020-09-11T15:17:29Z",
        "value": "2553.17578125",
        "cumulative": false
    },
    {
        "date": "2020-09-11T15:17:42Z",
        "value": "2553.19921875",
        "cumulative": false
    },
    {
        "date": "2020-09-11T15:17:58Z",
        "value": "2553.17578125",
        "cumulative": false
    },
    {
        "date": "2020-09-11T15:18:11Z",
        "value": "2811.17578125",
        "cumulative": false
    },
    {
        "date": "2020-09-11T15:18:26Z",
        "value": "2553.17578125",
        "cumulative": false
    },
    {
        "date": "2020-09-11T15:18:42Z",
        "value": "2809.05078125",
        "cumulative": false
    },
    {
        "date": "2020-09-11T15:18:58Z",
        "value": "2554.55078125",
        "cumulative": false
    },
    {
        "date": "2020-09-11T15:19:12Z",
        "value": "2553.17578125",
        "cumulative": false
    },
    {
        "date": "2020-09-11T15:19:29Z",
        "value": "2553.17578125",
        "cumulative": false
    },
    {
        "date": "2020-09-11T15:19:40Z",
        "value": "2553.17578125",
        "cumulative": false
    },
    {
        "date": "2020-09-11T15:19:53Z",
        "value": "2553.2109375",
        "cumulative": false
    },
    {
        "date": "2020-09-11T15:20:12Z",
        "value": "2553.17578125",
        "cumulative": false
    },
    {
        "date": "2020-09-11T15:20:22Z",
        "value": "2553.17578125",
        "cumulative": false
    },
    {
        "date": "2020-09-11T15:20:40Z",
        "value": "2553.17578125",
        "cumulative": false
    },
    {
        "date": "2020-09-11T15:20:53Z",
        "value": "2553.17578125",
        "cumulative": false
    },
    {
        "date": "2020-09-11T15:21:11Z",
        "value": "2553.17578125",
        "cumulative": false
    },
    {
        "date": "2020-09-11T15:21:30Z",
        "value": "2553.2109375",
        "cumulative": false
    },
    {
        "date": "2020-09-11T15:21:46Z",
        "value": "2553.2109375",
        "cumulative": false
    },
    {
        "date": "2020-09-11T15:21:58Z",
        "value": "2553.17578125",
        "cumulative": false
    },
    {
        "date": "2020-09-11T15:22:10Z",
        "value": "2963.92578125",
        "cumulative": false
    },
    {
        "date": "2020-09-11T15:22:27Z",
        "value": "2553.17578125",
        "cumulative": false
    },
    {
        "date": "2020-09-11T15:22:37Z",
        "value": "2618.55078125",
        "cumulative": false
    },
    {
        "date": "2020-09-11T15:22:53Z",
        "value": "2704.67578125",
        "cumulative": false
    },
    {
        "date": "2020-09-11T15:23:11Z",
        "value": "2553.17578125",
        "cumulative": false
    },
    {
        "date": "2020-09-11T15:23:30Z",
        "value": "2957.80078125",
        "cumulative": false
    },
    {
        "date": "2020-09-11T15:23:42Z",
        "value": "2888.92578125",
        "cumulative": false
    },
    {
        "date": "2020-09-11T15:23:53Z",
        "value": "2702.30078125",
        "cumulative": false
    },
    {
        "date": "2020-09-11T15:24:06Z",
        "value": "2928.30078125",
        "cumulative": false
    },
    {
        "date": "2020-09-11T15:24:23Z",
        "value": "2553.17578125",
        "cumulative": false
    },
    {
        "date": "2020-09-11T15:24:37Z",
        "value": "2553.17578125",
        "cumulative": false
    },
    {
        "date": "2020-09-11T15:24:56Z",
        "value": "2553.17578125",
        "cumulative": false
    },
    {
        "date": "2020-09-11T15:25:12Z",
        "value": "2553.17578125",
        "cumulative": false
    },
    {
        "date": "2020-09-11T15:25:28Z",
        "value": "2553.17578125",
        "cumulative": false
    },
    {
        "date": "2020-09-11T15:25:43Z",
        "value": "2936.26171875",
        "cumulative": false
    },
    {
        "date": "2020-09-11T15:25:59Z",
        "value": "2936.26171875",
        "cumulative": false
    },
    {
        "date": "2020-09-11T15:26:12Z",
        "value": "2936.26171875",
        "cumulative": false
    },
    {
        "date": "2020-09-11T15:26:24Z",
        "value": "2936.29296875",
        "cumulative": false
    },
    {
        "date": "2020-09-11T15:26:43Z",
        "value": "3190.51171875",
        "cumulative": false
    },
    {
        "date": "2020-09-11T15:26:55Z",
        "value": "2936.26171875",
        "cumulative": false
    },
    {
        "date": "2020-09-11T15:27:11Z",
        "value": "2936.26171875",
        "cumulative": false
    },
    {
        "date": "2020-09-11T15:27:27Z",
        "value": "2936.26171875",
        "cumulative": false
    },
    {
        "date": "2020-09-11T15:27:37Z",
        "value": "3189.63671875",
        "cumulative": false
    },
    {
        "date": "2020-09-11T15:27:49Z",
        "value": "2936.26171875",
        "cumulative": false
    },
    {
        "date": "2020-09-11T15:28:07Z",
        "value": "2936.26171875",
        "cumulative": false
    },
    {
        "date": "2020-09-11T15:28:17Z",
        "value": "2936.26171875",
        "cumulative": false
    },
    {
        "date": "2020-09-11T15:28:31Z",
        "value": "3184.76171875",
        "cumulative": false
    },
    {
        "date": "2020-09-11T15:28:51Z",
        "value": "2936.26171875",
        "cumulative": false
    },
    {
        "date": "2020-09-11T15:29:08Z",
        "value": "3298.76171875",
        "cumulative": false
    },
    {
        "date": "2020-09-11T15:29:21Z",
        "value": "3195.5078125",
        "cumulative": false
    },
    {
        "date": "2020-09-11T15:29:37Z",
        "value": "2936.26171875",
        "cumulative": false
    },
    {
        "date": "2020-09-11T15:29:57Z",
        "value": "2936.26171875",
        "cumulative": false
    },
    {
        "date": "2020-09-11T15:30:07Z",
        "value": "2936.28515625",
        "cumulative": false
    },
    {
        "date": "2020-09-11T15:30:25Z",
        "value": "3051.63671875",
        "cumulative": false
    },
    {
        "date": "2020-09-11T15:30:43Z",
        "value": "2936.26171875",
        "cumulative": false
    },
    {
        "date": "2020-09-11T15:31:02Z",
        "value": "2936.37109375",
        "cumulative": false
    },
    {
        "date": "2020-09-11T15:31:15Z",
        "value": "2936.29296875",
        "cumulative": false
    },
    {
        "date": "2020-09-11T15:31:28Z",
        "value": "2936.484375",
        "cumulative": false
    },
    {
        "date": "2020-09-11T15:31:43Z",
        "value": "2936.36328125",
        "cumulative": false
    },
    {
        "date": "2020-09-11T15:31:55Z",
        "value": "2936.26171875",
        "cumulative": false
    },
    {
        "date": "2020-09-11T15:32:12Z",
        "value": "2936.26171875",
        "cumulative": false
    },
    {
        "date": "2020-09-11T15:32:24Z",
        "value": "2936.26171875",
        "cumulative": false
    },
    {
        "date": "2020-09-11T15:32:43Z",
        "value": "2936.26171875",
        "cumulative": false
    },
    {
        "date": "2020-09-11T15:33:01Z",
        "value": "3320.88671875",
        "cumulative": false
    },
    {
        "date": "2020-09-11T15:33:19Z",
        "value": "2936.26171875",
        "cumulative": false
    },
    {
        "date": "2020-09-11T15:33:31Z",
        "value": "3248.01171875",
        "cumulative": false
    },
    {
        "date": "2020-09-11T15:33:43Z",
        "value": "2936.26171875",
        "cumulative": false
    },
    {
        "date": "2020-09-11T15:34:03Z",
        "value": "2936.29296875",
        "cumulative": false
    },
    {
        "date": "2020-09-11T15:34:18Z",
        "value": "2936.26171875",
        "cumulative": false
    },
    {
        "date": "2020-09-11T15:34:28Z",
        "value": "2936.26171875",
        "cumulative": false
    },
    {
        "date": "2020-09-11T15:34:48Z",
        "value": "2936.26171875",
        "cumulative": false
    },
    {
        "date": "2020-09-11T15:35:01Z",
        "value": "3424.26171875",
        "cumulative": false
    },
    {
        "date": "2020-09-11T15:35:12Z",
        "value": "2936.26171875",
        "cumulative": false
    },
    {
        "date": "2020-09-11T15:35:23Z",
        "value": "2936.26171875",
        "cumulative": false
    },
    {
        "date": "2020-09-11T15:35:39Z",
        "value": "3241.76171875",
        "cumulative": false
    },
    {
        "date": "2020-09-11T15:35:55Z",
        "value": "2936.4765625",
        "cumulative": false
    },
    {
        "date": "2020-09-11T15:36:09Z",
        "value": "3180.88671875",
        "cumulative": false
    },
    {
        "date": "2020-09-11T15:36:28Z",
        "value": "2936.26171875",
        "cumulative": false
    },
    {
        "date": "2020-09-11T15:36:45Z",
        "value": "2936.3046875",
        "cumulative": false
    },
    {
        "date": "2020-09-11T15:36:56Z",
        "value": "2936.26171875",
        "cumulative": false
    },
    {
        "date": "2020-09-11T15:37:09Z",
        "value": "2936.3046875",
        "cumulative": false
    },
    {
        "date": "2020-09-11T15:37:27Z",
        "value": "2936.26171875",
        "cumulative": false
    },
    {
        "date": "2020-09-11T15:37:43Z",
        "value": "3400.88671875",
        "cumulative": false
    },
    {
        "date": "2020-09-11T15:37:57Z",
        "value": "2936.26171875",
        "cumulative": false
    },
    {
        "date": "2020-09-11T15:38:15Z",
        "value": "2936.3046875",
        "cumulative": false
    },
    {
        "date": "2020-09-11T15:38:27Z",
        "value": "2936.26171875",
        "cumulative": false
    },
    {
        "date": "2020-09-11T15:38:41Z",
        "value": "2936.26171875",
        "cumulative": false
    },
    {
        "date": "2020-09-11T15:38:53Z",
        "value": "3263.26171875",
        "cumulative": false
    }
]