[
    {
        "date": "2020-12-08T11:23:52.361Z",
        "value": "11.71875",
        "cumulative": false
    },
    {
        "date": "2020-12-08T11:23:54.457Z",
        "value": "37.5",
        "cumulative": false
    },
    {
        "date": "2020-12-08T11:23:56.639Z",
        "value": "35.9375",
        "cumulative": false
    },
    {
        "date": "2020-12-08T11:23:58.848Z",
        "value": "50.78125",
        "cumulative": false
    },
    {
        "date": "2020-12-08T11:24:01.078Z",
        "value": "49.21875",
        "cumulative": false
    },
    {
        "date": "2020-12-08T11:24:03.238Z",
        "value": "62.5",
        "cumulative": false
    },
    {
        "date": "2020-12-08T11:24:05.327Z",
        "value": "65.625",
        "cumulative": false
    },
    {
        "date": "2020-12-08T11:24:07.496Z",
        "value": "64.0625",
        "cumulative": false
    },
    {
        "date": "2020-12-08T11:24:09.672Z",
        "value": "59.375",
        "cumulative": false
    },
    {
        "date": "2020-12-08T11:24:11.838Z",
        "value": "67.96875",
        "cumulative": false
    },
    {
        "date": "2020-12-08T11:24:13.970Z",
        "value": "70.3125",
        "cumulative": false
    },
    {
        "date": "2020-12-08T11:24:16.209Z",
        "value": "68.75",
        "cumulative": false
    },
    {
        "date": "2020-12-08T11:24:18.302Z",
        "value": "75.0",
        "cumulative": false
    },
    {
        "date": "2020-12-08T11:24:20.513Z",
        "value": "80.46875",
        "cumulative": false
    },
    {
        "date": "2020-12-08T11:24:22.639Z",
        "value": "74.21875",
        "cumulative": false
    },
    {
        "date": "2020-12-08T11:24:24.723Z",
        "value": "78.125",
        "cumulative": false
    },
    {
        "date": "2020-12-08T11:24:26.898Z",
        "value": "86.71875",
        "cumulative": false
    },
    {
        "date": "2020-12-08T11:24:29.271Z",
        "value": "78.90625",
        "cumulative": false
    },
    {
        "date": "2020-12-08T11:24:31.441Z",
        "value": "81.25",
        "cumulative": false
    },
    {
        "date": "2020-12-08T11:24:33.644Z",
        "value": "79.6875",
        "cumulative": false
    },
    {
        "date": "2020-12-08T11:24:35.728Z",
        "value": "76.5625",
        "cumulative": false
    },
    {
        "date": "2020-12-08T11:24:37.866Z",
        "value": "76.5625",
        "cumulative": false
    },
    {
        "date": "2020-12-08T11:24:39.912Z",
        "value": "87.5",
        "cumulative": false
    },
    {
        "date": "2020-12-08T11:24:42.060Z",
        "value": "89.84375",
        "cumulative": false
    },
    {
        "date": "2020-12-08T11:24:44.349Z",
        "value": "82.03125",
        "cumulative": false
    },
    {
        "date": "2020-12-08T11:24:46.528Z",
        "value": "85.15625",
        "cumulative": false
    },
    {
        "date": "2020-12-08T11:24:48.670Z",
        "value": "85.15625",
        "cumulative": false
    },
    {
        "date": "2020-12-08T11:24:50.884Z",
        "value": "82.8125",
        "cumulative": false
    }
]