[
    {
        "date": "2020-12-08T11:23:53.795Z",
        "value": "0.11677694320678711",
        "cumulative": false
    },
    {
        "date": "2020-12-08T11:23:55.971Z",
        "value": "0.12179732322692871",
        "cumulative": false
    },
    {
        "date": "2020-12-08T11:23:58.187Z",
        "value": "0.12783098220825195",
        "cumulative": false
    },
    {
        "date": "2020-12-08T11:24:00.406Z",
        "value": "0.12555885314941406",
        "cumulative": false
    },
    {
        "date": "2020-12-08T11:24:02.578Z",
        "value": "0.12329936027526855",
        "cumulative": false
    },
    {
        "date": "2020-12-08T11:24:04.641Z",
        "value": "0.12304162979125977",
        "cumulative": false
    },
    {
        "date": "2020-12-08T11:24:06.800Z",
        "value": "0.1236870288848877",
        "cumulative": false
    },
    {
        "date": "2020-12-08T11:24:09.002Z",
        "value": "0.11773061752319336",
        "cumulative": false
    },
    {
        "date": "2020-12-08T11:24:11.139Z",
        "value": "0.11891698837280273",
        "cumulative": false
    },
    {
        "date": "2020-12-08T11:24:13.278Z",
        "value": "0.13109683990478516",
        "cumulative": false
    },
    {
        "date": "2020-12-08T11:24:15.535Z",
        "value": "0.1231849193572998",
        "cumulative": false
    },
    {
        "date": "2020-12-08T11:24:17.623Z",
        "value": "0.12261033058166504",
        "cumulative": false
    },
    {
        "date": "2020-12-08T11:24:19.766Z",
        "value": "0.12139272689819336",
        "cumulative": false
    },
    {
        "date": "2020-12-08T11:24:21.923Z",
        "value": "0.11998319625854492",
        "cumulative": false
    },
    {
        "date": "2020-12-08T11:24:24.040Z",
        "value": "0.12520432472229004",
        "cumulative": false
    },
    {
        "date": "2020-12-08T11:24:26.231Z",
        "value": "0.12691497802734375",
        "cumulative": false
    },
    {
        "date": "2020-12-08T11:24:28.525Z",
        "value": "0.11823558807373047",
        "cumulative": false
    },
    {
        "date": "2020-12-08T11:24:30.787Z",
        "value": "0.10959935188293457",
        "cumulative": false
    },
    {
        "date": "2020-12-08T11:24:32.962Z",
        "value": "0.13016319274902344",
        "cumulative": false
    },
    {
        "date": "2020-12-08T11:24:35.061Z",
        "value": "0.13653254508972168",
        "cumulative": false
    },
    {
        "date": "2020-12-08T11:24:37.173Z",
        "value": "0.11792635917663574",
        "cumulative": false
    },
    {
        "date": "2020-12-08T11:24:39.250Z",
        "value": "0.12037110328674316",
        "cumulative": false
    },
    {
        "date": "2020-12-08T11:24:41.350Z",
        "value": "0.12027859687805176",
        "cumulative": false
    },
    {
        "date": "2020-12-08T11:24:43.657Z",
        "value": "0.11585545539855957",
        "cumulative": false
    },
    {
        "date": "2020-12-08T11:24:45.856Z",
        "value": "0.13317632675170898",
        "cumulative": false
    },
    {
        "date": "2020-12-08T11:24:47.997Z",
        "value": "0.11530399322509766",
        "cumulative": false
    },
    {
        "date": "2020-12-08T11:24:50.105Z",
        "value": "0.13074922561645508",
        "cumulative": false
    },
    {
        "date": "2020-12-08T11:24:52.316Z",
        "value": "0.11609649658203125",
        "cumulative": false
    }
]