[
    {
        "date": "2020-12-08T11:23:53.784Z",
        "value": "0.10425353050231934",
        "cumulative": false
    },
    {
        "date": "2020-12-08T11:23:55.961Z",
        "value": "0.12425565719604492",
        "cumulative": false
    },
    {
        "date": "2020-12-08T11:23:58.180Z",
        "value": "0.11343550682067871",
        "cumulative": false
    },
    {
        "date": "2020-12-08T11:24:00.406Z",
        "value": "0.10394024848937988",
        "cumulative": false
    },
    {
        "date": "2020-12-08T11:24:02.568Z",
        "value": "0.11417698860168457",
        "cumulative": false
    },
    {
        "date": "2020-12-08T11:24:04.633Z",
        "value": "0.12363171577453613",
        "cumulative": false
    },
    {
        "date": "2020-12-08T11:24:06.796Z",
        "value": "0.11173152923583984",
        "cumulative": false
    },
    {
        "date": "2020-12-08T11:24:08.998Z",
        "value": "0.10143184661865234",
        "cumulative": false
    },
    {
        "date": "2020-12-08T11:24:11.143Z",
        "value": "0.10944986343383789",
        "cumulative": false
    },
    {
        "date": "2020-12-08T11:24:13.286Z",
        "value": "0.12034797668457031",
        "cumulative": false
    },
    {
        "date": "2020-12-08T11:24:15.522Z",
        "value": "0.11042976379394531",
        "cumulative": false
    },
    {
        "date": "2020-12-08T11:24:17.626Z",
        "value": "0.12308502197265625",
        "cumulative": false
    },
    {
        "date": "2020-12-08T11:24:19.757Z",
        "value": "0.11607789993286133",
        "cumulative": false
    },
    {
        "date": "2020-12-08T11:24:21.931Z",
        "value": "0.13234829902648926",
        "cumulative": false
    },
    {
        "date": "2020-12-08T11:24:24.037Z",
        "value": "0.11148381233215332",
        "cumulative": false
    },
    {
        "date": "2020-12-08T11:24:26.233Z",
        "value": "0.11871218681335449",
        "cumulative": false
    },
    {
        "date": "2020-12-08T11:24:28.521Z",
        "value": "0.10878562927246094",
        "cumulative": false
    },
    {
        "date": "2020-12-08T11:24:30.776Z",
        "value": "0.10291481018066406",
        "cumulative": false
    },
    {
        "date": "2020-12-08T11:24:32.962Z",
        "value": "0.10579538345336914",
        "cumulative": false
    },
    {
        "date": "2020-12-08T11:24:35.058Z",
        "value": "0.10913658142089844",
        "cumulative": false
    },
    {
        "date": "2020-12-08T11:24:37.169Z",
        "value": "0.10942459106445312",
        "cumulative": false
    },
    {
        "date": "2020-12-08T11:24:39.239Z",
        "value": "0.11456131935119629",
        "cumulative": false
    },
    {
        "date": "2020-12-08T11:24:41.345Z",
        "value": "0.11032700538635254",
        "cumulative": false
    },
    {
        "date": "2020-12-08T11:24:43.655Z",
        "value": "0.09731125831604004",
        "cumulative": false
    },
    {
        "date": "2020-12-08T11:24:45.848Z",
        "value": "0.10993790626525879",
        "cumulative": false
    },
    {
        "date": "2020-12-08T11:24:47.995Z",
        "value": "0.10872840881347656",
        "cumulative": false
    },
    {
        "date": "2020-12-08T11:24:50.111Z",
        "value": "0.12118124961853027",
        "cumulative": false
    },
    {
        "date": "2020-12-08T11:24:52.319Z",
        "value": "0.11294436454772949",
        "cumulative": false
    }
]