[
    {
        "date": "2020-12-08T11:23:53.795Z",
        "value": "0.9411470890045166",
        "cumulative": false
    },
    {
        "date": "2020-12-08T11:23:55.971Z",
        "value": "1.0030503273010254",
        "cumulative": false
    },
    {
        "date": "2020-12-08T11:23:58.187Z",
        "value": "0.9657015800476074",
        "cumulative": false
    },
    {
        "date": "2020-12-08T11:24:00.406Z",
        "value": "0.9788436889648438",
        "cumulative": false
    },
    {
        "date": "2020-12-08T11:24:02.578Z",
        "value": "0.9557721614837646",
        "cumulative": false
    },
    {
        "date": "2020-12-08T11:24:04.641Z",
        "value": "0.9272735118865967",
        "cumulative": false
    },
    {
        "date": "2020-12-08T11:24:06.800Z",
        "value": "0.9234118461608887",
        "cumulative": false
    },
    {
        "date": "2020-12-08T11:24:09.002Z",
        "value": "1.0329556465148926",
        "cumulative": false
    },
    {
        "date": "2020-12-08T11:24:11.139Z",
        "value": "0.8827822208404541",
        "cumulative": false
    },
    {
        "date": "2020-12-08T11:24:13.278Z",
        "value": "0.9638404846191406",
        "cumulative": false
    },
    {
        "date": "2020-12-08T11:24:15.535Z",
        "value": "0.9635434150695801",
        "cumulative": false
    },
    {
        "date": "2020-12-08T11:24:17.623Z",
        "value": "0.8963847160339355",
        "cumulative": false
    },
    {
        "date": "2020-12-08T11:24:19.766Z",
        "value": "0.9416401386260986",
        "cumulative": false
    },
    {
        "date": "2020-12-08T11:24:21.923Z",
        "value": "0.9757800102233887",
        "cumulative": false
    },
    {
        "date": "2020-12-08T11:24:24.040Z",
        "value": "0.9036605358123779",
        "cumulative": false
    },
    {
        "date": "2020-12-08T11:24:26.231Z",
        "value": "0.9689018726348877",
        "cumulative": false
    },
    {
        "date": "2020-12-08T11:24:28.525Z",
        "value": "1.0449187755584717",
        "cumulative": false
    },
    {
        "date": "2020-12-08T11:24:30.787Z",
        "value": "0.975578784942627",
        "cumulative": false
    },
    {
        "date": "2020-12-08T11:24:32.962Z",
        "value": "0.9743020534515381",
        "cumulative": false
    },
    {
        "date": "2020-12-08T11:24:35.061Z",
        "value": "0.9168374538421631",
        "cumulative": false
    },
    {
        "date": "2020-12-08T11:24:37.173Z",
        "value": "0.9410054683685303",
        "cumulative": false
    },
    {
        "date": "2020-12-08T11:24:39.250Z",
        "value": "0.8926262855529785",
        "cumulative": false
    },
    {
        "date": "2020-12-08T11:24:41.350Z",
        "value": "0.9334640502929688",
        "cumulative": false
    },
    {
        "date": "2020-12-08T11:24:43.657Z",
        "value": "1.0302340984344482",
        "cumulative": false
    },
    {
        "date": "2020-12-08T11:24:45.856Z",
        "value": "0.9830951690673828",
        "cumulative": false
    },
    {
        "date": "2020-12-08T11:24:47.997Z",
        "value": "0.9471988677978516",
        "cumulative": false
    },
    {
        "date": "2020-12-08T11:24:50.105Z",
        "value": "0.913226842880249",
        "cumulative": false
    },
    {
        "date": "2020-12-08T11:24:52.316Z",
        "value": "0.9480462074279785",
        "cumulative": false
    }
]