[
    {
        "date": "2020-12-08T11:23:52.356Z",
        "value": "11.71875",
        "cumulative": false
    },
    {
        "date": "2020-12-08T11:23:54.447Z",
        "value": "36.71875",
        "cumulative": false
    },
    {
        "date": "2020-12-08T11:23:56.634Z",
        "value": "39.84375",
        "cumulative": false
    },
    {
        "date": "2020-12-08T11:23:58.844Z",
        "value": "52.34375",
        "cumulative": false
    },
    {
        "date": "2020-12-08T11:24:01.072Z",
        "value": "60.9375",
        "cumulative": false
    },
    {
        "date": "2020-12-08T11:24:03.232Z",
        "value": "55.46875",
        "cumulative": false
    },
    {
        "date": "2020-12-08T11:24:05.322Z",
        "value": "57.03125",
        "cumulative": false
    },
    {
        "date": "2020-12-08T11:24:07.488Z",
        "value": "78.125",
        "cumulative": false
    },
    {
        "date": "2020-12-08T11:24:09.670Z",
        "value": "68.75",
        "cumulative": false
    },
    {
        "date": "2020-12-08T11:24:11.833Z",
        "value": "65.625",
        "cumulative": false
    },
    {
        "date": "2020-12-08T11:24:13.960Z",
        "value": "67.1875",
        "cumulative": false
    },
    {
        "date": "2020-12-08T11:24:16.202Z",
        "value": "73.4375",
        "cumulative": false
    },
    {
        "date": "2020-12-08T11:24:18.294Z",
        "value": "81.25",
        "cumulative": false
    },
    {
        "date": "2020-12-08T11:24:20.509Z",
        "value": "79.6875",
        "cumulative": false
    },
    {
        "date": "2020-12-08T11:24:22.631Z",
        "value": "74.21875",
        "cumulative": false
    },
    {
        "date": "2020-12-08T11:24:24.718Z",
        "value": "80.46875",
        "cumulative": false
    },
    {
        "date": "2020-12-08T11:24:26.892Z",
        "value": "81.25",
        "cumulative": false
    },
    {
        "date": "2020-12-08T11:24:29.265Z",
        "value": "79.6875",
        "cumulative": false
    },
    {
        "date": "2020-12-08T11:24:31.433Z",
        "value": "80.46875",
        "cumulative": false
    },
    {
        "date": "2020-12-08T11:24:33.638Z",
        "value": "82.8125",
        "cumulative": false
    },
    {
        "date": "2020-12-08T11:24:35.721Z",
        "value": "80.46875",
        "cumulative": false
    },
    {
        "date": "2020-12-08T11:24:37.861Z",
        "value": "75.78125",
        "cumulative": false
    },
    {
        "date": "2020-12-08T11:24:39.907Z",
        "value": "84.375",
        "cumulative": false
    },
    {
        "date": "2020-12-08T11:24:42.056Z",
        "value": "85.15625",
        "cumulative": false
    },
    {
        "date": "2020-12-08T11:24:44.344Z",
        "value": "81.25",
        "cumulative": false
    },
    {
        "date": "2020-12-08T11:24:46.524Z",
        "value": "84.375",
        "cumulative": false
    },
    {
        "date": "2020-12-08T11:24:48.665Z",
        "value": "87.5",
        "cumulative": false
    },
    {
        "date": "2020-12-08T11:24:50.878Z",
        "value": "87.5",
        "cumulative": false
    }
]