[
    {
        "date": "2020-12-08T11:23:53.804Z",
        "value": "0.12328743934631348",
        "cumulative": false
    },
    {
        "date": "2020-12-08T11:23:55.976Z",
        "value": "0.12942075729370117",
        "cumulative": false
    },
    {
        "date": "2020-12-08T11:23:58.195Z",
        "value": "0.11413812637329102",
        "cumulative": false
    },
    {
        "date": "2020-12-08T11:24:00.413Z",
        "value": "0.12292790412902832",
        "cumulative": false
    },
    {
        "date": "2020-12-08T11:24:02.580Z",
        "value": "0.13201332092285156",
        "cumulative": false
    },
    {
        "date": "2020-12-08T11:24:04.644Z",
        "value": "0.13056707382202148",
        "cumulative": false
    },
    {
        "date": "2020-12-08T11:24:06.809Z",
        "value": "0.13433408737182617",
        "cumulative": false
    },
    {
        "date": "2020-12-08T11:24:09.009Z",
        "value": "0.13955330848693848",
        "cumulative": false
    },
    {
        "date": "2020-12-08T11:24:11.156Z",
        "value": "0.12778353691101074",
        "cumulative": false
    },
    {
        "date": "2020-12-08T11:24:13.288Z",
        "value": "0.12270236015319824",
        "cumulative": false
    },
    {
        "date": "2020-12-08T11:24:15.534Z",
        "value": "0.11207175254821777",
        "cumulative": false
    },
    {
        "date": "2020-12-08T11:24:17.641Z",
        "value": "0.13070440292358398",
        "cumulative": false
    },
    {
        "date": "2020-12-08T11:24:19.772Z",
        "value": "0.12019872665405273",
        "cumulative": false
    },
    {
        "date": "2020-12-08T11:24:21.931Z",
        "value": "0.1252124309539795",
        "cumulative": false
    },
    {
        "date": "2020-12-08T11:24:24.050Z",
        "value": "0.12138605117797852",
        "cumulative": false
    },
    {
        "date": "2020-12-08T11:24:26.246Z",
        "value": "0.12133502960205078",
        "cumulative": false
    },
    {
        "date": "2020-12-08T11:24:28.552Z",
        "value": "0.119659423828125",
        "cumulative": false
    },
    {
        "date": "2020-12-08T11:24:30.789Z",
        "value": "0.11437702178955078",
        "cumulative": false
    },
    {
        "date": "2020-12-08T11:24:32.978Z",
        "value": "0.13249945640563965",
        "cumulative": false
    },
    {
        "date": "2020-12-08T11:24:35.068Z",
        "value": "0.12745165824890137",
        "cumulative": false
    },
    {
        "date": "2020-12-08T11:24:37.177Z",
        "value": "0.12446951866149902",
        "cumulative": false
    },
    {
        "date": "2020-12-08T11:24:39.258Z",
        "value": "0.12613272666931152",
        "cumulative": false
    },
    {
        "date": "2020-12-08T11:24:41.373Z",
        "value": "0.12128639221191406",
        "cumulative": false
    },
    {
        "date": "2020-12-08T11:24:43.666Z",
        "value": "0.13090300559997559",
        "cumulative": false
    },
    {
        "date": "2020-12-08T11:24:45.858Z",
        "value": "0.12673330307006836",
        "cumulative": false
    },
    {
        "date": "2020-12-08T11:24:48.007Z",
        "value": "0.12974786758422852",
        "cumulative": false
    },
    {
        "date": "2020-12-08T11:24:50.115Z",
        "value": "0.13033819198608398",
        "cumulative": false
    },
    {
        "date": "2020-12-08T11:24:52.329Z",
        "value": "0.1253039836883545",
        "cumulative": false
    }
]