[
    {
        "date": "2020-12-08T11:23:53.789Z",
        "value": "3.79008150100708",
        "cumulative": false
    },
    {
        "date": "2020-12-08T11:23:55.974Z",
        "value": "1.586763620376587",
        "cumulative": false
    },
    {
        "date": "2020-12-08T11:23:58.200Z",
        "value": "1.6276185512542725",
        "cumulative": false
    },
    {
        "date": "2020-12-08T11:24:00.413Z",
        "value": "1.6420578956604004",
        "cumulative": false
    },
    {
        "date": "2020-12-08T11:24:02.578Z",
        "value": "1.5861761569976807",
        "cumulative": false
    },
    {
        "date": "2020-12-08T11:24:04.641Z",
        "value": "1.4792191982269287",
        "cumulative": false
    },
    {
        "date": "2020-12-08T11:24:06.805Z",
        "value": "1.5344555377960205",
        "cumulative": false
    },
    {
        "date": "2020-12-08T11:24:09.007Z",
        "value": "1.5821075439453125",
        "cumulative": false
    },
    {
        "date": "2020-12-08T11:24:11.148Z",
        "value": "1.5240750312805176",
        "cumulative": false
    },
    {
        "date": "2020-12-08T11:24:13.288Z",
        "value": "1.5427212715148926",
        "cumulative": false
    },
    {
        "date": "2020-12-08T11:24:15.524Z",
        "value": "1.6103520393371582",
        "cumulative": false
    },
    {
        "date": "2020-12-08T11:24:17.638Z",
        "value": "1.4703419208526611",
        "cumulative": false
    },
    {
        "date": "2020-12-08T11:24:19.766Z",
        "value": "1.54374098777771",
        "cumulative": false
    },
    {
        "date": "2020-12-08T11:24:21.926Z",
        "value": "1.5588645935058594",
        "cumulative": false
    },
    {
        "date": "2020-12-08T11:24:24.049Z",
        "value": "1.4848837852478027",
        "cumulative": false
    },
    {
        "date": "2020-12-08T11:24:26.235Z",
        "value": "1.5832452774047852",
        "cumulative": false
    },
    {
        "date": "2020-12-08T11:24:28.531Z",
        "value": "1.7121398448944092",
        "cumulative": false
    },
    {
        "date": "2020-12-08T11:24:30.784Z",
        "value": "1.5817244052886963",
        "cumulative": false
    },
    {
        "date": "2020-12-08T11:24:32.965Z",
        "value": "1.5975902080535889",
        "cumulative": false
    },
    {
        "date": "2020-12-08T11:24:35.070Z",
        "value": "1.501966953277588",
        "cumulative": false
    },
    {
        "date": "2020-12-08T11:24:37.177Z",
        "value": "1.5014076232910156",
        "cumulative": false
    },
    {
        "date": "2020-12-08T11:24:39.252Z",
        "value": "1.4521217346191406",
        "cumulative": false
    },
    {
        "date": "2020-12-08T11:24:41.359Z",
        "value": "1.5143089294433594",
        "cumulative": false
    },
    {
        "date": "2020-12-08T11:24:43.661Z",
        "value": "1.687659502029419",
        "cumulative": false
    },
    {
        "date": "2020-12-08T11:24:45.859Z",
        "value": "1.5978903770446777",
        "cumulative": false
    },
    {
        "date": "2020-12-08T11:24:48.002Z",
        "value": "1.5328497886657715",
        "cumulative": false
    },
    {
        "date": "2020-12-08T11:24:50.111Z",
        "value": "1.5165784358978271",
        "cumulative": false
    },
    {
        "date": "2020-12-08T11:24:52.321Z",
        "value": "1.5339224338531494",
        "cumulative": false
    }
]