[
    {
        "date": "2020-12-08T11:23:52.352Z",
        "value": "2.311478614807129",
        "cumulative": false
    },
    {
        "date": "2020-12-08T11:23:54.448Z",
        "value": "1.7378016710281372",
        "cumulative": false
    },
    {
        "date": "2020-12-08T11:23:56.634Z",
        "value": "1.5211549997329712",
        "cumulative": false
    },
    {
        "date": "2020-12-08T11:23:58.841Z",
        "value": "1.3159334659576416",
        "cumulative": false
    },
    {
        "date": "2020-12-08T11:24:01.071Z",
        "value": "1.166373372077942",
        "cumulative": false
    },
    {
        "date": "2020-12-08T11:24:03.231Z",
        "value": "1.0961949825286865",
        "cumulative": false
    },
    {
        "date": "2020-12-08T11:24:05.320Z",
        "value": "0.9454423785209656",
        "cumulative": false
    },
    {
        "date": "2020-12-08T11:24:07.486Z",
        "value": "0.8172255754470825",
        "cumulative": false
    },
    {
        "date": "2020-12-08T11:24:09.667Z",
        "value": "0.9623198509216309",
        "cumulative": false
    },
    {
        "date": "2020-12-08T11:24:11.832Z",
        "value": "0.8971807360649109",
        "cumulative": false
    },
    {
        "date": "2020-12-08T11:24:13.958Z",
        "value": "0.6755833029747009",
        "cumulative": false
    },
    {
        "date": "2020-12-08T11:24:16.201Z",
        "value": "0.6492541432380676",
        "cumulative": false
    },
    {
        "date": "2020-12-08T11:24:18.298Z",
        "value": "0.7427526116371155",
        "cumulative": false
    },
    {
        "date": "2020-12-08T11:24:20.507Z",
        "value": "0.7156782746315002",
        "cumulative": false
    },
    {
        "date": "2020-12-08T11:24:22.628Z",
        "value": "0.6389709711074829",
        "cumulative": false
    },
    {
        "date": "2020-12-08T11:24:24.717Z",
        "value": "0.5810683369636536",
        "cumulative": false
    },
    {
        "date": "2020-12-08T11:24:26.890Z",
        "value": "0.8190770745277405",
        "cumulative": false
    },
    {
        "date": "2020-12-08T11:24:29.264Z",
        "value": "0.536372721195221",
        "cumulative": false
    },
    {
        "date": "2020-12-08T11:24:31.432Z",
        "value": "0.5682212710380554",
        "cumulative": false
    },
    {
        "date": "2020-12-08T11:24:33.637Z",
        "value": "0.5527061223983765",
        "cumulative": false
    },
    {
        "date": "2020-12-08T11:24:35.719Z",
        "value": "0.46468234062194824",
        "cumulative": false
    },
    {
        "date": "2020-12-08T11:24:37.861Z",
        "value": "0.4427177309989929",
        "cumulative": false
    },
    {
        "date": "2020-12-08T11:24:39.906Z",
        "value": "0.5482531189918518",
        "cumulative": false
    },
    {
        "date": "2020-12-08T11:24:42.057Z",
        "value": "0.5062758922576904",
        "cumulative": false
    },
    {
        "date": "2020-12-08T11:24:44.342Z",
        "value": "0.560359001159668",
        "cumulative": false
    },
    {
        "date": "2020-12-08T11:24:46.521Z",
        "value": "0.5682972073554993",
        "cumulative": false
    },
    {
        "date": "2020-12-08T11:24:48.666Z",
        "value": "0.39763879776000977",
        "cumulative": false
    },
    {
        "date": "2020-12-08T11:24:50.877Z",
        "value": "0.4262230396270752",
        "cumulative": false
    }
]