[
    {
        "date": "2020-12-08T11:23:53.790Z",
        "value": "0.09886312484741211",
        "cumulative": false
    },
    {
        "date": "2020-12-08T11:23:55.967Z",
        "value": "0.11974048614501953",
        "cumulative": false
    },
    {
        "date": "2020-12-08T11:23:58.190Z",
        "value": "0.10917305946350098",
        "cumulative": false
    },
    {
        "date": "2020-12-08T11:24:00.405Z",
        "value": "0.10683321952819824",
        "cumulative": false
    },
    {
        "date": "2020-12-08T11:24:02.574Z",
        "value": "0.10385370254516602",
        "cumulative": false
    },
    {
        "date": "2020-12-08T11:24:04.641Z",
        "value": "0.11709022521972656",
        "cumulative": false
    },
    {
        "date": "2020-12-08T11:24:06.802Z",
        "value": "0.11168026924133301",
        "cumulative": false
    },
    {
        "date": "2020-12-08T11:24:09.006Z",
        "value": "0.10448360443115234",
        "cumulative": false
    },
    {
        "date": "2020-12-08T11:24:11.146Z",
        "value": "0.10979080200195312",
        "cumulative": false
    },
    {
        "date": "2020-12-08T11:24:13.280Z",
        "value": "0.11006402969360352",
        "cumulative": false
    },
    {
        "date": "2020-12-08T11:24:15.520Z",
        "value": "0.10117745399475098",
        "cumulative": false
    },
    {
        "date": "2020-12-08T11:24:17.625Z",
        "value": "0.12452149391174316",
        "cumulative": false
    },
    {
        "date": "2020-12-08T11:24:19.776Z",
        "value": "0.10366535186767578",
        "cumulative": false
    },
    {
        "date": "2020-12-08T11:24:21.926Z",
        "value": "0.13306903839111328",
        "cumulative": false
    },
    {
        "date": "2020-12-08T11:24:24.048Z",
        "value": "0.10957598686218262",
        "cumulative": false
    },
    {
        "date": "2020-12-08T11:24:26.235Z",
        "value": "0.10308074951171875",
        "cumulative": false
    },
    {
        "date": "2020-12-08T11:24:28.530Z",
        "value": "0.10207033157348633",
        "cumulative": false
    },
    {
        "date": "2020-12-08T11:24:30.778Z",
        "value": "0.10477542877197266",
        "cumulative": false
    },
    {
        "date": "2020-12-08T11:24:32.963Z",
        "value": "0.11376070976257324",
        "cumulative": false
    },
    {
        "date": "2020-12-08T11:24:35.062Z",
        "value": "0.12072992324829102",
        "cumulative": false
    },
    {
        "date": "2020-12-08T11:24:37.172Z",
        "value": "0.12953686714172363",
        "cumulative": false
    },
    {
        "date": "2020-12-08T11:24:39.254Z",
        "value": "0.11139750480651855",
        "cumulative": false
    },
    {
        "date": "2020-12-08T11:24:41.351Z",
        "value": "0.12036800384521484",
        "cumulative": false
    },
    {
        "date": "2020-12-08T11:24:43.668Z",
        "value": "0.10517001152038574",
        "cumulative": false
    },
    {
        "date": "2020-12-08T11:24:45.852Z",
        "value": "0.10700654983520508",
        "cumulative": false
    },
    {
        "date": "2020-12-08T11:24:48.007Z",
        "value": "0.11376094818115234",
        "cumulative": false
    },
    {
        "date": "2020-12-08T11:24:50.109Z",
        "value": "0.11343789100646973",
        "cumulative": false
    },
    {
        "date": "2020-12-08T11:24:52.319Z",
        "value": "0.11005997657775879",
        "cumulative": false
    }
]