[
    {
        "date": "2020-12-08T11:23:53.793Z",
        "value": "0.005291938781738281",
        "cumulative": false
    },
    {
        "date": "2020-12-08T11:23:55.974Z",
        "value": "0.005012035369873047",
        "cumulative": false
    },
    {
        "date": "2020-12-08T11:23:58.200Z",
        "value": "0.005499601364135742",
        "cumulative": false
    },
    {
        "date": "2020-12-08T11:24:00.414Z",
        "value": "0.00491023063659668",
        "cumulative": false
    },
    {
        "date": "2020-12-08T11:24:02.578Z",
        "value": "0.005082607269287109",
        "cumulative": false
    },
    {
        "date": "2020-12-08T11:24:04.641Z",
        "value": "0.005089282989501953",
        "cumulative": false
    },
    {
        "date": "2020-12-08T11:24:06.805Z",
        "value": "0.0051441192626953125",
        "cumulative": false
    },
    {
        "date": "2020-12-08T11:24:09.007Z",
        "value": "0.005072832107543945",
        "cumulative": false
    },
    {
        "date": "2020-12-08T11:24:11.148Z",
        "value": "0.005296230316162109",
        "cumulative": false
    },
    {
        "date": "2020-12-08T11:24:13.288Z",
        "value": "0.005676984786987305",
        "cumulative": false
    },
    {
        "date": "2020-12-08T11:24:15.524Z",
        "value": "0.005360126495361328",
        "cumulative": false
    },
    {
        "date": "2020-12-08T11:24:17.638Z",
        "value": "0.005812168121337891",
        "cumulative": false
    },
    {
        "date": "2020-12-08T11:24:19.766Z",
        "value": "0.004897356033325195",
        "cumulative": false
    },
    {
        "date": "2020-12-08T11:24:21.926Z",
        "value": "0.00510859489440918",
        "cumulative": false
    },
    {
        "date": "2020-12-08T11:24:24.050Z",
        "value": "0.005040168762207031",
        "cumulative": false
    },
    {
        "date": "2020-12-08T11:24:26.235Z",
        "value": "0.004995584487915039",
        "cumulative": false
    },
    {
        "date": "2020-12-08T11:24:28.531Z",
        "value": "0.005017518997192383",
        "cumulative": false
    },
    {
        "date": "2020-12-08T11:24:30.784Z",
        "value": "0.005120515823364258",
        "cumulative": false
    },
    {
        "date": "2020-12-08T11:24:32.965Z",
        "value": "0.004874229431152344",
        "cumulative": false
    },
    {
        "date": "2020-12-08T11:24:35.071Z",
        "value": "0.005204677581787109",
        "cumulative": false
    },
    {
        "date": "2020-12-08T11:24:37.177Z",
        "value": "0.005702018737792969",
        "cumulative": false
    },
    {
        "date": "2020-12-08T11:24:39.252Z",
        "value": "0.006222248077392578",
        "cumulative": false
    },
    {
        "date": "2020-12-08T11:24:41.359Z",
        "value": "0.005407094955444336",
        "cumulative": false
    },
    {
        "date": "2020-12-08T11:24:43.661Z",
        "value": "0.005017280578613281",
        "cumulative": false
    },
    {
        "date": "2020-12-08T11:24:45.859Z",
        "value": "0.005060911178588867",
        "cumulative": false
    },
    {
        "date": "2020-12-08T11:24:48.002Z",
        "value": "0.00559234619140625",
        "cumulative": false
    },
    {
        "date": "2020-12-08T11:24:50.111Z",
        "value": "0.00483393669128418",
        "cumulative": false
    },
    {
        "date": "2020-12-08T11:24:52.321Z",
        "value": "0.004995822906494141",
        "cumulative": false
    }
]