[
    {
        "date": "2020-12-08T11:23:52.356Z",
        "value": "2.4456722736358643",
        "cumulative": false
    },
    {
        "date": "2020-12-08T11:23:54.455Z",
        "value": "1.8692134618759155",
        "cumulative": false
    },
    {
        "date": "2020-12-08T11:23:56.644Z",
        "value": "1.483789324760437",
        "cumulative": false
    },
    {
        "date": "2020-12-08T11:23:58.858Z",
        "value": "1.2636916637420654",
        "cumulative": false
    },
    {
        "date": "2020-12-08T11:24:01.080Z",
        "value": "1.2085477113723755",
        "cumulative": false
    },
    {
        "date": "2020-12-08T11:24:03.244Z",
        "value": "1.0910046100616455",
        "cumulative": false
    },
    {
        "date": "2020-12-08T11:24:05.332Z",
        "value": "0.9905412793159485",
        "cumulative": false
    },
    {
        "date": "2020-12-08T11:24:07.495Z",
        "value": "0.9254441857337952",
        "cumulative": false
    },
    {
        "date": "2020-12-08T11:24:09.680Z",
        "value": "0.8739361763000488",
        "cumulative": false
    },
    {
        "date": "2020-12-08T11:24:11.841Z",
        "value": "0.8881669044494629",
        "cumulative": false
    },
    {
        "date": "2020-12-08T11:24:13.969Z",
        "value": "0.8246262073516846",
        "cumulative": false
    },
    {
        "date": "2020-12-08T11:24:16.212Z",
        "value": "0.7250527143478394",
        "cumulative": false
    },
    {
        "date": "2020-12-08T11:24:18.310Z",
        "value": "0.6454730033874512",
        "cumulative": false
    },
    {
        "date": "2020-12-08T11:24:20.521Z",
        "value": "0.6486237049102783",
        "cumulative": false
    },
    {
        "date": "2020-12-08T11:24:22.641Z",
        "value": "0.6094575524330139",
        "cumulative": false
    },
    {
        "date": "2020-12-08T11:24:24.729Z",
        "value": "0.6570513248443604",
        "cumulative": false
    },
    {
        "date": "2020-12-08T11:24:26.900Z",
        "value": "0.5701974630355835",
        "cumulative": false
    },
    {
        "date": "2020-12-08T11:24:29.275Z",
        "value": "0.7164366245269775",
        "cumulative": false
    },
    {
        "date": "2020-12-08T11:24:31.445Z",
        "value": "0.5441207885742188",
        "cumulative": false
    },
    {
        "date": "2020-12-08T11:24:33.650Z",
        "value": "0.532025158405304",
        "cumulative": false
    },
    {
        "date": "2020-12-08T11:24:35.729Z",
        "value": "0.4518457353115082",
        "cumulative": false
    },
    {
        "date": "2020-12-08T11:24:37.870Z",
        "value": "0.6388807892799377",
        "cumulative": false
    },
    {
        "date": "2020-12-08T11:24:39.918Z",
        "value": "0.5321024656295776",
        "cumulative": false
    },
    {
        "date": "2020-12-08T11:24:42.072Z",
        "value": "0.43398749828338623",
        "cumulative": false
    },
    {
        "date": "2020-12-08T11:24:44.352Z",
        "value": "0.4793268144130707",
        "cumulative": false
    },
    {
        "date": "2020-12-08T11:24:46.528Z",
        "value": "0.5513061285018921",
        "cumulative": false
    },
    {
        "date": "2020-12-08T11:24:48.674Z",
        "value": "0.41342276334762573",
        "cumulative": false
    },
    {
        "date": "2020-12-08T11:24:50.891Z",
        "value": "0.4353237450122833",
        "cumulative": false
    }
]