[
    {
        "date": "2020-12-08T11:23:53.780Z",
        "value": "3.7951900959014893",
        "cumulative": false
    },
    {
        "date": "2020-12-08T11:23:55.962Z",
        "value": "1.5814433097839355",
        "cumulative": false
    },
    {
        "date": "2020-12-08T11:23:58.185Z",
        "value": "1.6265430450439453",
        "cumulative": false
    },
    {
        "date": "2020-12-08T11:24:00.401Z",
        "value": "1.6439487934112549",
        "cumulative": false
    },
    {
        "date": "2020-12-08T11:24:02.576Z",
        "value": "1.5977559089660645",
        "cumulative": false
    },
    {
        "date": "2020-12-08T11:24:04.647Z",
        "value": "1.4951543807983398",
        "cumulative": false
    },
    {
        "date": "2020-12-08T11:24:06.795Z",
        "value": "1.539261817932129",
        "cumulative": false
    },
    {
        "date": "2020-12-08T11:24:09.002Z",
        "value": "1.6042232513427734",
        "cumulative": false
    },
    {
        "date": "2020-12-08T11:24:11.139Z",
        "value": "1.52573561668396",
        "cumulative": false
    },
    {
        "date": "2020-12-08T11:24:13.277Z",
        "value": "1.5463385581970215",
        "cumulative": false
    },
    {
        "date": "2020-12-08T11:24:15.516Z",
        "value": "1.640406608581543",
        "cumulative": false
    },
    {
        "date": "2020-12-08T11:24:17.621Z",
        "value": "1.4875802993774414",
        "cumulative": false
    },
    {
        "date": "2020-12-08T11:24:19.759Z",
        "value": "1.5592615604400635",
        "cumulative": false
    },
    {
        "date": "2020-12-08T11:24:21.933Z",
        "value": "1.5600967407226562",
        "cumulative": false
    },
    {
        "date": "2020-12-08T11:24:24.044Z",
        "value": "1.481438159942627",
        "cumulative": false
    },
    {
        "date": "2020-12-08T11:24:26.235Z",
        "value": "1.6101651191711426",
        "cumulative": false
    },
    {
        "date": "2020-12-08T11:24:28.523Z",
        "value": "1.729219675064087",
        "cumulative": false
    },
    {
        "date": "2020-12-08T11:24:30.774Z",
        "value": "1.5958597660064697",
        "cumulative": false
    },
    {
        "date": "2020-12-08T11:24:32.961Z",
        "value": "1.6137404441833496",
        "cumulative": false
    },
    {
        "date": "2020-12-08T11:24:35.058Z",
        "value": "1.514927864074707",
        "cumulative": false
    },
    {
        "date": "2020-12-08T11:24:37.163Z",
        "value": "1.5177419185638428",
        "cumulative": false
    },
    {
        "date": "2020-12-08T11:24:39.241Z",
        "value": "1.4552767276763916",
        "cumulative": false
    },
    {
        "date": "2020-12-08T11:24:41.345Z",
        "value": "1.525054931640625",
        "cumulative": false
    },
    {
        "date": "2020-12-08T11:24:43.661Z",
        "value": "1.7017521858215332",
        "cumulative": false
    },
    {
        "date": "2020-12-08T11:24:45.854Z",
        "value": "1.617016077041626",
        "cumulative": false
    },
    {
        "date": "2020-12-08T11:24:48.003Z",
        "value": "1.5460641384124756",
        "cumulative": false
    },
    {
        "date": "2020-12-08T11:24:50.101Z",
        "value": "1.5289254188537598",
        "cumulative": false
    },
    {
        "date": "2020-12-08T11:24:52.320Z",
        "value": "1.5477478504180908",
        "cumulative": false
    }
]