[
    {
        "date": "2020-12-08T11:23:52.354Z",
        "value": "14.84375",
        "cumulative": false
    },
    {
        "date": "2020-12-08T11:23:54.449Z",
        "value": "34.375",
        "cumulative": false
    },
    {
        "date": "2020-12-08T11:23:56.634Z",
        "value": "43.75",
        "cumulative": false
    },
    {
        "date": "2020-12-08T11:23:58.841Z",
        "value": "51.5625",
        "cumulative": false
    },
    {
        "date": "2020-12-08T11:24:01.071Z",
        "value": "53.90625",
        "cumulative": false
    },
    {
        "date": "2020-12-08T11:24:03.231Z",
        "value": "57.03125",
        "cumulative": false
    },
    {
        "date": "2020-12-08T11:24:05.320Z",
        "value": "67.1875",
        "cumulative": false
    },
    {
        "date": "2020-12-08T11:24:07.486Z",
        "value": "70.3125",
        "cumulative": false
    },
    {
        "date": "2020-12-08T11:24:09.667Z",
        "value": "67.1875",
        "cumulative": false
    },
    {
        "date": "2020-12-08T11:24:11.832Z",
        "value": "69.53125",
        "cumulative": false
    },
    {
        "date": "2020-12-08T11:24:13.958Z",
        "value": "75.78125",
        "cumulative": false
    },
    {
        "date": "2020-12-08T11:24:16.201Z",
        "value": "74.21875",
        "cumulative": false
    },
    {
        "date": "2020-12-08T11:24:18.299Z",
        "value": "71.09375",
        "cumulative": false
    },
    {
        "date": "2020-12-08T11:24:20.507Z",
        "value": "75.78125",
        "cumulative": false
    },
    {
        "date": "2020-12-08T11:24:22.628Z",
        "value": "73.4375",
        "cumulative": false
    },
    {
        "date": "2020-12-08T11:24:24.717Z",
        "value": "78.90625",
        "cumulative": false
    },
    {
        "date": "2020-12-08T11:24:26.891Z",
        "value": "71.875",
        "cumulative": false
    },
    {
        "date": "2020-12-08T11:24:29.264Z",
        "value": "81.25",
        "cumulative": false
    },
    {
        "date": "2020-12-08T11:24:31.432Z",
        "value": "79.6875",
        "cumulative": false
    },
    {
        "date": "2020-12-08T11:24:33.637Z",
        "value": "77.34375",
        "cumulative": false
    },
    {
        "date": "2020-12-08T11:24:35.720Z",
        "value": "84.375",
        "cumulative": false
    },
    {
        "date": "2020-12-08T11:24:37.861Z",
        "value": "83.59375",
        "cumulative": false
    },
    {
        "date": "2020-12-08T11:24:39.906Z",
        "value": "82.03125",
        "cumulative": false
    },
    {
        "date": "2020-12-08T11:24:42.057Z",
        "value": "82.03125",
        "cumulative": false
    },
    {
        "date": "2020-12-08T11:24:44.343Z",
        "value": "77.34375",
        "cumulative": false
    },
    {
        "date": "2020-12-08T11:24:46.521Z",
        "value": "79.6875",
        "cumulative": false
    },
    {
        "date": "2020-12-08T11:24:48.667Z",
        "value": "87.5",
        "cumulative": false
    },
    {
        "date": "2020-12-08T11:24:50.877Z",
        "value": "83.59375",
        "cumulative": false
    }
]