[
    {
        "date": "2020-12-08T11:23:53.792Z",
        "value": "0.08618378639221191",
        "cumulative": false
    },
    {
        "date": "2020-12-08T11:23:55.989Z",
        "value": "0.08155441284179688",
        "cumulative": false
    },
    {
        "date": "2020-12-08T11:23:58.208Z",
        "value": "0.07998251914978027",
        "cumulative": false
    },
    {
        "date": "2020-12-08T11:24:00.432Z",
        "value": "0.0839536190032959",
        "cumulative": false
    },
    {
        "date": "2020-12-08T11:24:02.598Z",
        "value": "0.08299374580383301",
        "cumulative": false
    },
    {
        "date": "2020-12-08T11:24:04.665Z",
        "value": "0.07563304901123047",
        "cumulative": false
    },
    {
        "date": "2020-12-08T11:24:06.830Z",
        "value": "0.07714200019836426",
        "cumulative": false
    },
    {
        "date": "2020-12-08T11:24:09.025Z",
        "value": "0.07878684997558594",
        "cumulative": false
    },
    {
        "date": "2020-12-08T11:24:11.169Z",
        "value": "0.07953310012817383",
        "cumulative": false
    },
    {
        "date": "2020-12-08T11:24:13.307Z",
        "value": "0.06886100769042969",
        "cumulative": false
    },
    {
        "date": "2020-12-08T11:24:15.549Z",
        "value": "0.0811009407043457",
        "cumulative": false
    },
    {
        "date": "2020-12-08T11:24:17.651Z",
        "value": "0.0723414421081543",
        "cumulative": false
    },
    {
        "date": "2020-12-08T11:24:19.799Z",
        "value": "0.07973122596740723",
        "cumulative": false
    },
    {
        "date": "2020-12-08T11:24:21.944Z",
        "value": "0.0716395378112793",
        "cumulative": false
    },
    {
        "date": "2020-12-08T11:24:24.063Z",
        "value": "0.07947397232055664",
        "cumulative": false
    },
    {
        "date": "2020-12-08T11:24:26.261Z",
        "value": "0.07603955268859863",
        "cumulative": false
    },
    {
        "date": "2020-12-08T11:24:28.549Z",
        "value": "0.10136914253234863",
        "cumulative": false
    },
    {
        "date": "2020-12-08T11:24:30.805Z",
        "value": "0.07518434524536133",
        "cumulative": false
    },
    {
        "date": "2020-12-08T11:24:32.983Z",
        "value": "0.08450937271118164",
        "cumulative": false
    },
    {
        "date": "2020-12-08T11:24:35.087Z",
        "value": "0.0736546516418457",
        "cumulative": false
    },
    {
        "date": "2020-12-08T11:24:37.194Z",
        "value": "0.06964468955993652",
        "cumulative": false
    },
    {
        "date": "2020-12-08T11:24:39.268Z",
        "value": "0.07215595245361328",
        "cumulative": false
    },
    {
        "date": "2020-12-08T11:24:41.376Z",
        "value": "0.07144522666931152",
        "cumulative": false
    },
    {
        "date": "2020-12-08T11:24:43.681Z",
        "value": "0.07146453857421875",
        "cumulative": false
    },
    {
        "date": "2020-12-08T11:24:45.874Z",
        "value": "0.0845632553100586",
        "cumulative": false
    },
    {
        "date": "2020-12-08T11:24:48.027Z",
        "value": "0.0722494125366211",
        "cumulative": false
    },
    {
        "date": "2020-12-08T11:24:50.127Z",
        "value": "0.08065462112426758",
        "cumulative": false
    },
    {
        "date": "2020-12-08T11:24:52.332Z",
        "value": "0.0746455192565918",
        "cumulative": false
    }
]