[
    {
        "date": "2020-12-08T11:23:52.354Z",
        "value": "11.71875",
        "cumulative": false
    },
    {
        "date": "2020-12-08T11:23:54.446Z",
        "value": "29.6875",
        "cumulative": false
    },
    {
        "date": "2020-12-08T11:23:56.632Z",
        "value": "39.0625",
        "cumulative": false
    },
    {
        "date": "2020-12-08T11:23:58.842Z",
        "value": "50.78125",
        "cumulative": false
    },
    {
        "date": "2020-12-08T11:24:01.072Z",
        "value": "60.9375",
        "cumulative": false
    },
    {
        "date": "2020-12-08T11:24:03.231Z",
        "value": "60.15625",
        "cumulative": false
    },
    {
        "date": "2020-12-08T11:24:05.322Z",
        "value": "65.625",
        "cumulative": false
    },
    {
        "date": "2020-12-08T11:24:07.487Z",
        "value": "67.96875",
        "cumulative": false
    },
    {
        "date": "2020-12-08T11:24:09.668Z",
        "value": "67.1875",
        "cumulative": false
    },
    {
        "date": "2020-12-08T11:24:11.833Z",
        "value": "77.34375",
        "cumulative": false
    },
    {
        "date": "2020-12-08T11:24:13.957Z",
        "value": "74.21875",
        "cumulative": false
    },
    {
        "date": "2020-12-08T11:24:16.206Z",
        "value": "68.75",
        "cumulative": false
    },
    {
        "date": "2020-12-08T11:24:18.297Z",
        "value": "76.5625",
        "cumulative": false
    },
    {
        "date": "2020-12-08T11:24:20.507Z",
        "value": "77.34375",
        "cumulative": false
    },
    {
        "date": "2020-12-08T11:24:22.630Z",
        "value": "73.4375",
        "cumulative": false
    },
    {
        "date": "2020-12-08T11:24:24.717Z",
        "value": "74.21875",
        "cumulative": false
    },
    {
        "date": "2020-12-08T11:24:26.891Z",
        "value": "82.03125",
        "cumulative": false
    },
    {
        "date": "2020-12-08T11:24:29.264Z",
        "value": "82.03125",
        "cumulative": false
    },
    {
        "date": "2020-12-08T11:24:31.433Z",
        "value": "75.78125",
        "cumulative": false
    },
    {
        "date": "2020-12-08T11:24:33.637Z",
        "value": "78.125",
        "cumulative": false
    },
    {
        "date": "2020-12-08T11:24:35.719Z",
        "value": "82.8125",
        "cumulative": false
    },
    {
        "date": "2020-12-08T11:24:37.861Z",
        "value": "82.8125",
        "cumulative": false
    },
    {
        "date": "2020-12-08T11:24:39.907Z",
        "value": "80.46875",
        "cumulative": false
    },
    {
        "date": "2020-12-08T11:24:42.055Z",
        "value": "82.03125",
        "cumulative": false
    },
    {
        "date": "2020-12-08T11:24:44.342Z",
        "value": "82.8125",
        "cumulative": false
    },
    {
        "date": "2020-12-08T11:24:46.522Z",
        "value": "80.46875",
        "cumulative": false
    },
    {
        "date": "2020-12-08T11:24:48.663Z",
        "value": "83.59375",
        "cumulative": false
    },
    {
        "date": "2020-12-08T11:24:50.876Z",
        "value": "82.03125",
        "cumulative": false
    }
]