[
    {
        "date": "2020-12-08T11:23:53.791Z",
        "value": "0.11603951454162598",
        "cumulative": false
    },
    {
        "date": "2020-12-08T11:23:55.974Z",
        "value": "0.12116622924804688",
        "cumulative": false
    },
    {
        "date": "2020-12-08T11:23:58.193Z",
        "value": "0.1122746467590332",
        "cumulative": false
    },
    {
        "date": "2020-12-08T11:24:00.409Z",
        "value": "0.11665892601013184",
        "cumulative": false
    },
    {
        "date": "2020-12-08T11:24:02.584Z",
        "value": "0.12468957901000977",
        "cumulative": false
    },
    {
        "date": "2020-12-08T11:24:04.639Z",
        "value": "0.11815834045410156",
        "cumulative": false
    },
    {
        "date": "2020-12-08T11:24:06.811Z",
        "value": "0.12707853317260742",
        "cumulative": false
    },
    {
        "date": "2020-12-08T11:24:09.004Z",
        "value": "0.12172245979309082",
        "cumulative": false
    },
    {
        "date": "2020-12-08T11:24:11.144Z",
        "value": "0.1223759651184082",
        "cumulative": false
    },
    {
        "date": "2020-12-08T11:24:13.286Z",
        "value": "0.12278127670288086",
        "cumulative": false
    },
    {
        "date": "2020-12-08T11:24:15.524Z",
        "value": "0.12220263481140137",
        "cumulative": false
    },
    {
        "date": "2020-12-08T11:24:17.627Z",
        "value": "0.13016772270202637",
        "cumulative": false
    },
    {
        "date": "2020-12-08T11:24:19.766Z",
        "value": "0.12885403633117676",
        "cumulative": false
    },
    {
        "date": "2020-12-08T11:24:21.926Z",
        "value": "0.11306881904602051",
        "cumulative": false
    },
    {
        "date": "2020-12-08T11:24:24.051Z",
        "value": "0.11293959617614746",
        "cumulative": false
    },
    {
        "date": "2020-12-08T11:24:26.235Z",
        "value": "0.12694692611694336",
        "cumulative": false
    },
    {
        "date": "2020-12-08T11:24:28.531Z",
        "value": "0.12099313735961914",
        "cumulative": false
    },
    {
        "date": "2020-12-08T11:24:30.779Z",
        "value": "0.11663532257080078",
        "cumulative": false
    },
    {
        "date": "2020-12-08T11:24:32.963Z",
        "value": "0.12438392639160156",
        "cumulative": false
    },
    {
        "date": "2020-12-08T11:24:35.065Z",
        "value": "0.12046074867248535",
        "cumulative": false
    },
    {
        "date": "2020-12-08T11:24:37.179Z",
        "value": "0.1242072582244873",
        "cumulative": false
    },
    {
        "date": "2020-12-08T11:24:39.261Z",
        "value": "0.12779545783996582",
        "cumulative": false
    },
    {
        "date": "2020-12-08T11:24:41.361Z",
        "value": "0.12847352027893066",
        "cumulative": false
    },
    {
        "date": "2020-12-08T11:24:43.661Z",
        "value": "0.11690402030944824",
        "cumulative": false
    },
    {
        "date": "2020-12-08T11:24:45.858Z",
        "value": "0.12170267105102539",
        "cumulative": false
    },
    {
        "date": "2020-12-08T11:24:48.004Z",
        "value": "0.11130499839782715",
        "cumulative": false
    },
    {
        "date": "2020-12-08T11:24:50.110Z",
        "value": "0.11732769012451172",
        "cumulative": false
    },
    {
        "date": "2020-12-08T11:24:52.326Z",
        "value": "0.10967350006103516",
        "cumulative": false
    }
]