[
    {
        "date": "2020-12-08T11:23:53.782Z",
        "value": "0.056813955307006836",
        "cumulative": false
    },
    {
        "date": "2020-12-08T11:23:55.962Z",
        "value": "0.06596803665161133",
        "cumulative": false
    },
    {
        "date": "2020-12-08T11:23:58.185Z",
        "value": "0.05436873435974121",
        "cumulative": false
    },
    {
        "date": "2020-12-08T11:24:00.402Z",
        "value": "0.044960737228393555",
        "cumulative": false
    },
    {
        "date": "2020-12-08T11:24:02.576Z",
        "value": "0.04811739921569824",
        "cumulative": false
    },
    {
        "date": "2020-12-08T11:24:04.647Z",
        "value": "0.0480649471282959",
        "cumulative": false
    },
    {
        "date": "2020-12-08T11:24:06.795Z",
        "value": "0.05939173698425293",
        "cumulative": false
    },
    {
        "date": "2020-12-08T11:24:09.002Z",
        "value": "0.04876255989074707",
        "cumulative": false
    },
    {
        "date": "2020-12-08T11:24:11.139Z",
        "value": "0.05202198028564453",
        "cumulative": false
    },
    {
        "date": "2020-12-08T11:24:13.277Z",
        "value": "0.05303049087524414",
        "cumulative": false
    },
    {
        "date": "2020-12-08T11:24:15.516Z",
        "value": "0.05450272560119629",
        "cumulative": false
    },
    {
        "date": "2020-12-08T11:24:17.621Z",
        "value": "0.0618741512298584",
        "cumulative": false
    },
    {
        "date": "2020-12-08T11:24:19.760Z",
        "value": "0.05310940742492676",
        "cumulative": false
    },
    {
        "date": "2020-12-08T11:24:21.933Z",
        "value": "0.04857301712036133",
        "cumulative": false
    },
    {
        "date": "2020-12-08T11:24:24.044Z",
        "value": "0.05127239227294922",
        "cumulative": false
    },
    {
        "date": "2020-12-08T11:24:26.235Z",
        "value": "0.052374839782714844",
        "cumulative": false
    },
    {
        "date": "2020-12-08T11:24:28.523Z",
        "value": "0.04459238052368164",
        "cumulative": false
    },
    {
        "date": "2020-12-08T11:24:30.774Z",
        "value": "0.051817893981933594",
        "cumulative": false
    },
    {
        "date": "2020-12-08T11:24:32.961Z",
        "value": "0.05187797546386719",
        "cumulative": false
    },
    {
        "date": "2020-12-08T11:24:35.058Z",
        "value": "0.05490756034851074",
        "cumulative": false
    },
    {
        "date": "2020-12-08T11:24:37.163Z",
        "value": "0.05106520652770996",
        "cumulative": false
    },
    {
        "date": "2020-12-08T11:24:39.241Z",
        "value": "0.05046892166137695",
        "cumulative": false
    },
    {
        "date": "2020-12-08T11:24:41.345Z",
        "value": "0.05493354797363281",
        "cumulative": false
    },
    {
        "date": "2020-12-08T11:24:43.661Z",
        "value": "0.050330162048339844",
        "cumulative": false
    },
    {
        "date": "2020-12-08T11:24:45.855Z",
        "value": "0.049239158630371094",
        "cumulative": false
    },
    {
        "date": "2020-12-08T11:24:48.003Z",
        "value": "0.04713630676269531",
        "cumulative": false
    },
    {
        "date": "2020-12-08T11:24:50.101Z",
        "value": "0.0456395149230957",
        "cumulative": false
    },
    {
        "date": "2020-12-08T11:24:52.320Z",
        "value": "0.05176711082458496",
        "cumulative": false
    }
]