[
    {
        "date": "2020-12-08T11:23:53.793Z",
        "value": "2.6548891067504883",
        "cumulative": false
    },
    {
        "date": "2020-12-08T11:23:55.974Z",
        "value": "0.3731706142425537",
        "cumulative": false
    },
    {
        "date": "2020-12-08T11:23:58.200Z",
        "value": "0.4570796489715576",
        "cumulative": false
    },
    {
        "date": "2020-12-08T11:24:00.414Z",
        "value": "0.46019768714904785",
        "cumulative": false
    },
    {
        "date": "2020-12-08T11:24:02.578Z",
        "value": "0.4384167194366455",
        "cumulative": false
    },
    {
        "date": "2020-12-08T11:24:04.641Z",
        "value": "0.3701348304748535",
        "cumulative": false
    },
    {
        "date": "2020-12-08T11:24:06.805Z",
        "value": "0.3867368698120117",
        "cumulative": false
    },
    {
        "date": "2020-12-08T11:24:09.007Z",
        "value": "0.37370753288269043",
        "cumulative": false
    },
    {
        "date": "2020-12-08T11:24:11.148Z",
        "value": "0.4102940559387207",
        "cumulative": false
    },
    {
        "date": "2020-12-08T11:24:13.288Z",
        "value": "0.37981534004211426",
        "cumulative": false
    },
    {
        "date": "2020-12-08T11:24:15.524Z",
        "value": "0.45241713523864746",
        "cumulative": false
    },
    {
        "date": "2020-12-08T11:24:17.638Z",
        "value": "0.37687230110168457",
        "cumulative": false
    },
    {
        "date": "2020-12-08T11:24:19.766Z",
        "value": "0.4096798896789551",
        "cumulative": false
    },
    {
        "date": "2020-12-08T11:24:21.926Z",
        "value": "0.37171363830566406",
        "cumulative": false
    },
    {
        "date": "2020-12-08T11:24:24.049Z",
        "value": "0.366671085357666",
        "cumulative": false
    },
    {
        "date": "2020-12-08T11:24:26.235Z",
        "value": "0.3926827907562256",
        "cumulative": false
    },
    {
        "date": "2020-12-08T11:24:28.531Z",
        "value": "0.47815632820129395",
        "cumulative": false
    },
    {
        "date": "2020-12-08T11:24:30.784Z",
        "value": "0.40746212005615234",
        "cumulative": false
    },
    {
        "date": "2020-12-08T11:24:32.965Z",
        "value": "0.4058825969696045",
        "cumulative": false
    },
    {
        "date": "2020-12-08T11:24:35.071Z",
        "value": "0.37353038787841797",
        "cumulative": false
    },
    {
        "date": "2020-12-08T11:24:37.177Z",
        "value": "0.38944411277770996",
        "cumulative": false
    },
    {
        "date": "2020-12-08T11:24:39.252Z",
        "value": "0.3758080005645752",
        "cumulative": false
    },
    {
        "date": "2020-12-08T11:24:41.359Z",
        "value": "0.3746018409729004",
        "cumulative": false
    },
    {
        "date": "2020-12-08T11:24:43.661Z",
        "value": "0.45102667808532715",
        "cumulative": false
    },
    {
        "date": "2020-12-08T11:24:45.859Z",
        "value": "0.39911961555480957",
        "cumulative": false
    },
    {
        "date": "2020-12-08T11:24:48.002Z",
        "value": "0.4083588123321533",
        "cumulative": false
    },
    {
        "date": "2020-12-08T11:24:50.111Z",
        "value": "0.3774223327636719",
        "cumulative": false
    },
    {
        "date": "2020-12-08T11:24:52.321Z",
        "value": "0.39765238761901855",
        "cumulative": false
    }
]