[
    {
        "date": "2020-12-08T11:23:53.798Z",
        "value": "0.05305171012878418",
        "cumulative": false
    },
    {
        "date": "2020-12-08T11:23:55.978Z",
        "value": "0.05481982231140137",
        "cumulative": false
    },
    {
        "date": "2020-12-08T11:23:58.190Z",
        "value": "0.04680633544921875",
        "cumulative": false
    },
    {
        "date": "2020-12-08T11:24:00.408Z",
        "value": "0.05928325653076172",
        "cumulative": false
    },
    {
        "date": "2020-12-08T11:24:02.576Z",
        "value": "0.05215311050415039",
        "cumulative": false
    },
    {
        "date": "2020-12-08T11:24:04.641Z",
        "value": "0.05711674690246582",
        "cumulative": false
    },
    {
        "date": "2020-12-08T11:24:06.807Z",
        "value": "0.05667519569396973",
        "cumulative": false
    },
    {
        "date": "2020-12-08T11:24:09.013Z",
        "value": "0.05713939666748047",
        "cumulative": false
    },
    {
        "date": "2020-12-08T11:24:11.145Z",
        "value": "0.05627775192260742",
        "cumulative": false
    },
    {
        "date": "2020-12-08T11:24:13.284Z",
        "value": "0.06497907638549805",
        "cumulative": false
    },
    {
        "date": "2020-12-08T11:24:15.530Z",
        "value": "0.05889415740966797",
        "cumulative": false
    },
    {
        "date": "2020-12-08T11:24:17.628Z",
        "value": "0.052669525146484375",
        "cumulative": false
    },
    {
        "date": "2020-12-08T11:24:19.770Z",
        "value": "0.06233787536621094",
        "cumulative": false
    },
    {
        "date": "2020-12-08T11:24:21.932Z",
        "value": "0.06174612045288086",
        "cumulative": false
    },
    {
        "date": "2020-12-08T11:24:24.046Z",
        "value": "0.05505514144897461",
        "cumulative": false
    },
    {
        "date": "2020-12-08T11:24:26.241Z",
        "value": "0.06109142303466797",
        "cumulative": false
    },
    {
        "date": "2020-12-08T11:24:28.533Z",
        "value": "0.059121131896972656",
        "cumulative": false
    },
    {
        "date": "2020-12-08T11:24:30.779Z",
        "value": "0.057541847229003906",
        "cumulative": false
    },
    {
        "date": "2020-12-08T11:24:32.975Z",
        "value": "0.055548906326293945",
        "cumulative": false
    },
    {
        "date": "2020-12-08T11:24:35.067Z",
        "value": "0.06949687004089355",
        "cumulative": false
    },
    {
        "date": "2020-12-08T11:24:37.172Z",
        "value": "0.055510759353637695",
        "cumulative": false
    },
    {
        "date": "2020-12-08T11:24:39.253Z",
        "value": "0.05610322952270508",
        "cumulative": false
    },
    {
        "date": "2020-12-08T11:24:41.360Z",
        "value": "0.054343461990356445",
        "cumulative": false
    },
    {
        "date": "2020-12-08T11:24:43.669Z",
        "value": "0.06045699119567871",
        "cumulative": false
    },
    {
        "date": "2020-12-08T11:24:45.858Z",
        "value": "0.05746912956237793",
        "cumulative": false
    },
    {
        "date": "2020-12-08T11:24:48.003Z",
        "value": "0.054848670959472656",
        "cumulative": false
    },
    {
        "date": "2020-12-08T11:24:50.113Z",
        "value": "0.0618441104888916",
        "cumulative": false
    },
    {
        "date": "2020-12-08T11:24:52.334Z",
        "value": "0.05899548530578613",
        "cumulative": false
    }
]