[
    {
        "date": "2020-12-08T11:23:52.353Z",
        "value": "12.5",
        "cumulative": false
    },
    {
        "date": "2020-12-08T11:23:54.443Z",
        "value": "28.125",
        "cumulative": false
    },
    {
        "date": "2020-12-08T11:23:56.631Z",
        "value": "38.28125",
        "cumulative": false
    },
    {
        "date": "2020-12-08T11:23:58.841Z",
        "value": "46.875",
        "cumulative": false
    },
    {
        "date": "2020-12-08T11:24:01.071Z",
        "value": "55.46875",
        "cumulative": false
    },
    {
        "date": "2020-12-08T11:24:03.230Z",
        "value": "53.90625",
        "cumulative": false
    },
    {
        "date": "2020-12-08T11:24:05.321Z",
        "value": "67.1875",
        "cumulative": false
    },
    {
        "date": "2020-12-08T11:24:07.486Z",
        "value": "66.40625",
        "cumulative": false
    },
    {
        "date": "2020-12-08T11:24:09.669Z",
        "value": "66.40625",
        "cumulative": false
    },
    {
        "date": "2020-12-08T11:24:11.831Z",
        "value": "69.53125",
        "cumulative": false
    },
    {
        "date": "2020-12-08T11:24:13.958Z",
        "value": "72.65625",
        "cumulative": false
    },
    {
        "date": "2020-12-08T11:24:16.200Z",
        "value": "67.96875",
        "cumulative": false
    },
    {
        "date": "2020-12-08T11:24:18.295Z",
        "value": "78.90625",
        "cumulative": false
    },
    {
        "date": "2020-12-08T11:24:20.506Z",
        "value": "75.0",
        "cumulative": false
    },
    {
        "date": "2020-12-08T11:24:22.628Z",
        "value": "76.5625",
        "cumulative": false
    },
    {
        "date": "2020-12-08T11:24:24.718Z",
        "value": "82.03125",
        "cumulative": false
    },
    {
        "date": "2020-12-08T11:24:26.891Z",
        "value": "77.34375",
        "cumulative": false
    },
    {
        "date": "2020-12-08T11:24:29.265Z",
        "value": "79.6875",
        "cumulative": false
    },
    {
        "date": "2020-12-08T11:24:31.431Z",
        "value": "77.34375",
        "cumulative": false
    },
    {
        "date": "2020-12-08T11:24:33.636Z",
        "value": "85.15625",
        "cumulative": false
    },
    {
        "date": "2020-12-08T11:24:35.720Z",
        "value": "83.59375",
        "cumulative": false
    },
    {
        "date": "2020-12-08T11:24:37.860Z",
        "value": "84.375",
        "cumulative": false
    },
    {
        "date": "2020-12-08T11:24:39.905Z",
        "value": "76.5625",
        "cumulative": false
    },
    {
        "date": "2020-12-08T11:24:42.053Z",
        "value": "85.15625",
        "cumulative": false
    },
    {
        "date": "2020-12-08T11:24:44.342Z",
        "value": "76.5625",
        "cumulative": false
    },
    {
        "date": "2020-12-08T11:24:46.520Z",
        "value": "82.8125",
        "cumulative": false
    },
    {
        "date": "2020-12-08T11:24:48.662Z",
        "value": "84.375",
        "cumulative": false
    },
    {
        "date": "2020-12-08T11:24:50.877Z",
        "value": "80.46875",
        "cumulative": false
    }
]