[
    {
        "date": "2020-12-08T11:23:52.359Z",
        "value": "2.44671893119812",
        "cumulative": false
    },
    {
        "date": "2020-12-08T11:23:54.451Z",
        "value": "1.8799618482589722",
        "cumulative": false
    },
    {
        "date": "2020-12-08T11:23:56.638Z",
        "value": "1.6328718662261963",
        "cumulative": false
    },
    {
        "date": "2020-12-08T11:23:58.847Z",
        "value": "1.4539414644241333",
        "cumulative": false
    },
    {
        "date": "2020-12-08T11:24:01.078Z",
        "value": "1.1779217720031738",
        "cumulative": false
    },
    {
        "date": "2020-12-08T11:24:03.237Z",
        "value": "1.3053940534591675",
        "cumulative": false
    },
    {
        "date": "2020-12-08T11:24:05.326Z",
        "value": "1.0638078451156616",
        "cumulative": false
    },
    {
        "date": "2020-12-08T11:24:07.493Z",
        "value": "1.119775414466858",
        "cumulative": false
    },
    {
        "date": "2020-12-08T11:24:09.674Z",
        "value": "1.0137346982955933",
        "cumulative": false
    },
    {
        "date": "2020-12-08T11:24:11.838Z",
        "value": "0.8449636101722717",
        "cumulative": false
    },
    {
        "date": "2020-12-08T11:24:13.964Z",
        "value": "0.8685765862464905",
        "cumulative": false
    },
    {
        "date": "2020-12-08T11:24:16.206Z",
        "value": "0.716257631778717",
        "cumulative": false
    },
    {
        "date": "2020-12-08T11:24:18.304Z",
        "value": "0.764722466468811",
        "cumulative": false
    },
    {
        "date": "2020-12-08T11:24:20.513Z",
        "value": "0.5835753083229065",
        "cumulative": false
    },
    {
        "date": "2020-12-08T11:24:22.634Z",
        "value": "0.6434212327003479",
        "cumulative": false
    },
    {
        "date": "2020-12-08T11:24:24.723Z",
        "value": "0.6912103891372681",
        "cumulative": false
    },
    {
        "date": "2020-12-08T11:24:26.896Z",
        "value": "0.6077264547348022",
        "cumulative": false
    },
    {
        "date": "2020-12-08T11:24:29.270Z",
        "value": "0.6095044612884521",
        "cumulative": false
    },
    {
        "date": "2020-12-08T11:24:31.438Z",
        "value": "0.5685105323791504",
        "cumulative": false
    },
    {
        "date": "2020-12-08T11:24:33.643Z",
        "value": "0.5165516138076782",
        "cumulative": false
    },
    {
        "date": "2020-12-08T11:24:35.725Z",
        "value": "0.58416348695755",
        "cumulative": false
    },
    {
        "date": "2020-12-08T11:24:37.866Z",
        "value": "0.38376036286354065",
        "cumulative": false
    },
    {
        "date": "2020-12-08T11:24:39.915Z",
        "value": "0.4616437554359436",
        "cumulative": false
    },
    {
        "date": "2020-12-08T11:24:42.063Z",
        "value": "0.3781936466693878",
        "cumulative": false
    },
    {
        "date": "2020-12-08T11:24:44.349Z",
        "value": "0.35847681760787964",
        "cumulative": false
    },
    {
        "date": "2020-12-08T11:24:46.528Z",
        "value": "0.38001301884651184",
        "cumulative": false
    },
    {
        "date": "2020-12-08T11:24:48.670Z",
        "value": "0.3008432388305664",
        "cumulative": false
    },
    {
        "date": "2020-12-08T11:24:50.882Z",
        "value": "0.42030206322669983",
        "cumulative": false
    }
]