[
    {
        "date": "2020-12-08T11:23:53.787Z",
        "value": "0.01573014259338379",
        "cumulative": false
    },
    {
        "date": "2020-12-08T11:23:55.964Z",
        "value": "0.01805281639099121",
        "cumulative": false
    },
    {
        "date": "2020-12-08T11:23:58.182Z",
        "value": "0.016962051391601562",
        "cumulative": false
    },
    {
        "date": "2020-12-08T11:24:00.411Z",
        "value": "0.019237041473388672",
        "cumulative": false
    },
    {
        "date": "2020-12-08T11:24:02.572Z",
        "value": "0.016608476638793945",
        "cumulative": false
    },
    {
        "date": "2020-12-08T11:24:04.649Z",
        "value": "0.01716470718383789",
        "cumulative": false
    },
    {
        "date": "2020-12-08T11:24:06.799Z",
        "value": "0.018303632736206055",
        "cumulative": false
    },
    {
        "date": "2020-12-08T11:24:08.999Z",
        "value": "0.01587390899658203",
        "cumulative": false
    },
    {
        "date": "2020-12-08T11:24:11.138Z",
        "value": "0.019526243209838867",
        "cumulative": false
    },
    {
        "date": "2020-12-08T11:24:13.285Z",
        "value": "0.01581573486328125",
        "cumulative": false
    },
    {
        "date": "2020-12-08T11:24:15.518Z",
        "value": "0.016265392303466797",
        "cumulative": false
    },
    {
        "date": "2020-12-08T11:24:17.625Z",
        "value": "0.01701951026916504",
        "cumulative": false
    },
    {
        "date": "2020-12-08T11:24:19.761Z",
        "value": "0.017812728881835938",
        "cumulative": false
    },
    {
        "date": "2020-12-08T11:24:21.921Z",
        "value": "0.0186004638671875",
        "cumulative": false
    },
    {
        "date": "2020-12-08T11:24:24.040Z",
        "value": "0.015408754348754883",
        "cumulative": false
    },
    {
        "date": "2020-12-08T11:24:26.232Z",
        "value": "0.015627384185791016",
        "cumulative": false
    },
    {
        "date": "2020-12-08T11:24:28.532Z",
        "value": "0.016239166259765625",
        "cumulative": false
    },
    {
        "date": "2020-12-08T11:24:30.775Z",
        "value": "0.016652584075927734",
        "cumulative": false
    },
    {
        "date": "2020-12-08T11:24:32.958Z",
        "value": "0.018234968185424805",
        "cumulative": false
    },
    {
        "date": "2020-12-08T11:24:35.060Z",
        "value": "0.017308712005615234",
        "cumulative": false
    },
    {
        "date": "2020-12-08T11:24:37.171Z",
        "value": "0.01754903793334961",
        "cumulative": false
    },
    {
        "date": "2020-12-08T11:24:39.242Z",
        "value": "0.01649022102355957",
        "cumulative": false
    },
    {
        "date": "2020-12-08T11:24:41.356Z",
        "value": "0.016535282135009766",
        "cumulative": false
    },
    {
        "date": "2020-12-08T11:24:43.656Z",
        "value": "0.01774001121520996",
        "cumulative": false
    },
    {
        "date": "2020-12-08T11:24:45.850Z",
        "value": "0.016305208206176758",
        "cumulative": false
    },
    {
        "date": "2020-12-08T11:24:47.996Z",
        "value": "0.016124486923217773",
        "cumulative": false
    },
    {
        "date": "2020-12-08T11:24:50.104Z",
        "value": "0.017970800399780273",
        "cumulative": false
    },
    {
        "date": "2020-12-08T11:24:52.325Z",
        "value": "0.016988039016723633",
        "cumulative": false
    }
]