[
    {
        "date": "2020-12-08T11:23:52.353Z",
        "value": "2.50980544090271",
        "cumulative": false
    },
    {
        "date": "2020-12-08T11:23:54.445Z",
        "value": "1.8311848640441895",
        "cumulative": false
    },
    {
        "date": "2020-12-08T11:23:56.632Z",
        "value": "1.6764272451400757",
        "cumulative": false
    },
    {
        "date": "2020-12-08T11:23:58.841Z",
        "value": "1.4442795515060425",
        "cumulative": false
    },
    {
        "date": "2020-12-08T11:24:01.072Z",
        "value": "1.3517886400222778",
        "cumulative": false
    },
    {
        "date": "2020-12-08T11:24:03.232Z",
        "value": "1.1692047119140625",
        "cumulative": false
    },
    {
        "date": "2020-12-08T11:24:05.321Z",
        "value": "1.0361655950546265",
        "cumulative": false
    },
    {
        "date": "2020-12-08T11:24:07.487Z",
        "value": "0.9455024600028992",
        "cumulative": false
    },
    {
        "date": "2020-12-08T11:24:09.671Z",
        "value": "0.9160529971122742",
        "cumulative": false
    },
    {
        "date": "2020-12-08T11:24:11.832Z",
        "value": "0.8157274127006531",
        "cumulative": false
    },
    {
        "date": "2020-12-08T11:24:13.959Z",
        "value": "0.7373367547988892",
        "cumulative": false
    },
    {
        "date": "2020-12-08T11:24:16.202Z",
        "value": "0.6679991483688354",
        "cumulative": false
    },
    {
        "date": "2020-12-08T11:24:18.297Z",
        "value": "0.7277656197547913",
        "cumulative": false
    },
    {
        "date": "2020-12-08T11:24:20.508Z",
        "value": "0.524615466594696",
        "cumulative": false
    },
    {
        "date": "2020-12-08T11:24:22.629Z",
        "value": "0.5366696119308472",
        "cumulative": false
    },
    {
        "date": "2020-12-08T11:24:24.717Z",
        "value": "0.6474775671958923",
        "cumulative": false
    },
    {
        "date": "2020-12-08T11:24:26.892Z",
        "value": "0.6337457895278931",
        "cumulative": false
    },
    {
        "date": "2020-12-08T11:24:29.264Z",
        "value": "0.48731812834739685",
        "cumulative": false
    },
    {
        "date": "2020-12-08T11:24:31.432Z",
        "value": "0.5618947148323059",
        "cumulative": false
    },
    {
        "date": "2020-12-08T11:24:33.637Z",
        "value": "0.48054763674736023",
        "cumulative": false
    },
    {
        "date": "2020-12-08T11:24:35.720Z",
        "value": "0.4303905963897705",
        "cumulative": false
    },
    {
        "date": "2020-12-08T11:24:37.860Z",
        "value": "0.5074971914291382",
        "cumulative": false
    },
    {
        "date": "2020-12-08T11:24:39.906Z",
        "value": "0.47219863533973694",
        "cumulative": false
    },
    {
        "date": "2020-12-08T11:24:42.056Z",
        "value": "0.4760853052139282",
        "cumulative": false
    },
    {
        "date": "2020-12-08T11:24:44.342Z",
        "value": "0.5331869125366211",
        "cumulative": false
    },
    {
        "date": "2020-12-08T11:24:46.521Z",
        "value": "0.48594364523887634",
        "cumulative": false
    },
    {
        "date": "2020-12-08T11:24:48.665Z",
        "value": "0.2921117842197418",
        "cumulative": false
    },
    {
        "date": "2020-12-08T11:24:50.877Z",
        "value": "0.5316466093063354",
        "cumulative": false
    }
]