[
    {
        "date": "2020-12-08T11:23:53.793Z",
        "value": "0.12144994735717773",
        "cumulative": false
    },
    {
        "date": "2020-12-08T11:23:55.974Z",
        "value": "0.12385320663452148",
        "cumulative": false
    },
    {
        "date": "2020-12-08T11:23:58.200Z",
        "value": "0.12142515182495117",
        "cumulative": false
    },
    {
        "date": "2020-12-08T11:24:00.414Z",
        "value": "0.1164860725402832",
        "cumulative": false
    },
    {
        "date": "2020-12-08T11:24:02.578Z",
        "value": "0.11891341209411621",
        "cumulative": false
    },
    {
        "date": "2020-12-08T11:24:04.641Z",
        "value": "0.12541794776916504",
        "cumulative": false
    },
    {
        "date": "2020-12-08T11:24:06.806Z",
        "value": "0.12518787384033203",
        "cumulative": false
    },
    {
        "date": "2020-12-08T11:24:09.007Z",
        "value": "0.1211545467376709",
        "cumulative": false
    },
    {
        "date": "2020-12-08T11:24:11.148Z",
        "value": "0.13332629203796387",
        "cumulative": false
    },
    {
        "date": "2020-12-08T11:24:13.288Z",
        "value": "0.12153410911560059",
        "cumulative": false
    },
    {
        "date": "2020-12-08T11:24:15.524Z",
        "value": "0.12309002876281738",
        "cumulative": false
    },
    {
        "date": "2020-12-08T11:24:17.638Z",
        "value": "0.13202762603759766",
        "cumulative": false
    },
    {
        "date": "2020-12-08T11:24:19.766Z",
        "value": "0.12697935104370117",
        "cumulative": false
    },
    {
        "date": "2020-12-08T11:24:21.926Z",
        "value": "0.12113690376281738",
        "cumulative": false
    },
    {
        "date": "2020-12-08T11:24:24.050Z",
        "value": "0.11958956718444824",
        "cumulative": false
    },
    {
        "date": "2020-12-08T11:24:26.235Z",
        "value": "0.12441372871398926",
        "cumulative": false
    },
    {
        "date": "2020-12-08T11:24:28.531Z",
        "value": "0.12653446197509766",
        "cumulative": false
    },
    {
        "date": "2020-12-08T11:24:30.784Z",
        "value": "0.11989355087280273",
        "cumulative": false
    },
    {
        "date": "2020-12-08T11:24:32.965Z",
        "value": "0.12166380882263184",
        "cumulative": false
    },
    {
        "date": "2020-12-08T11:24:35.071Z",
        "value": "0.12523317337036133",
        "cumulative": false
    },
    {
        "date": "2020-12-08T11:24:37.177Z",
        "value": "0.11727786064147949",
        "cumulative": false
    },
    {
        "date": "2020-12-08T11:24:39.252Z",
        "value": "0.11785244941711426",
        "cumulative": false
    },
    {
        "date": "2020-12-08T11:24:41.359Z",
        "value": "0.12600278854370117",
        "cumulative": false
    },
    {
        "date": "2020-12-08T11:24:43.661Z",
        "value": "0.12868213653564453",
        "cumulative": false
    },
    {
        "date": "2020-12-08T11:24:45.859Z",
        "value": "0.12597203254699707",
        "cumulative": false
    },
    {
        "date": "2020-12-08T11:24:48.002Z",
        "value": "0.12348723411560059",
        "cumulative": false
    },
    {
        "date": "2020-12-08T11:24:50.111Z",
        "value": "0.12567424774169922",
        "cumulative": false
    },
    {
        "date": "2020-12-08T11:24:52.321Z",
        "value": "0.11886143684387207",
        "cumulative": false
    }
]