[
    {
        "date": "2020-12-08T11:23:53.798Z",
        "value": "0.02005767822265625",
        "cumulative": false
    },
    {
        "date": "2020-12-08T11:23:55.989Z",
        "value": "0.02376866340637207",
        "cumulative": false
    },
    {
        "date": "2020-12-08T11:23:58.208Z",
        "value": "0.026227474212646484",
        "cumulative": false
    },
    {
        "date": "2020-12-08T11:24:00.432Z",
        "value": "0.024893760681152344",
        "cumulative": false
    },
    {
        "date": "2020-12-08T11:24:02.598Z",
        "value": "0.026881933212280273",
        "cumulative": false
    },
    {
        "date": "2020-12-08T11:24:04.665Z",
        "value": "0.024210691452026367",
        "cumulative": false
    },
    {
        "date": "2020-12-08T11:24:06.831Z",
        "value": "0.025811433792114258",
        "cumulative": false
    },
    {
        "date": "2020-12-08T11:24:09.025Z",
        "value": "0.02311420440673828",
        "cumulative": false
    },
    {
        "date": "2020-12-08T11:24:11.169Z",
        "value": "0.023486852645874023",
        "cumulative": false
    },
    {
        "date": "2020-12-08T11:24:13.307Z",
        "value": "0.024787187576293945",
        "cumulative": false
    },
    {
        "date": "2020-12-08T11:24:15.549Z",
        "value": "0.02432107925415039",
        "cumulative": false
    },
    {
        "date": "2020-12-08T11:24:17.651Z",
        "value": "0.023618221282958984",
        "cumulative": false
    },
    {
        "date": "2020-12-08T11:24:19.799Z",
        "value": "0.03818655014038086",
        "cumulative": false
    },
    {
        "date": "2020-12-08T11:24:21.944Z",
        "value": "0.027564525604248047",
        "cumulative": false
    },
    {
        "date": "2020-12-08T11:24:24.063Z",
        "value": "0.026921987533569336",
        "cumulative": false
    },
    {
        "date": "2020-12-08T11:24:26.261Z",
        "value": "0.023968219757080078",
        "cumulative": false
    },
    {
        "date": "2020-12-08T11:24:28.549Z",
        "value": "0.022830724716186523",
        "cumulative": false
    },
    {
        "date": "2020-12-08T11:24:30.805Z",
        "value": "0.025715112686157227",
        "cumulative": false
    },
    {
        "date": "2020-12-08T11:24:32.983Z",
        "value": "0.033876895904541016",
        "cumulative": false
    },
    {
        "date": "2020-12-08T11:24:35.087Z",
        "value": "0.026194095611572266",
        "cumulative": false
    },
    {
        "date": "2020-12-08T11:24:37.194Z",
        "value": "0.022831439971923828",
        "cumulative": false
    },
    {
        "date": "2020-12-08T11:24:39.269Z",
        "value": "0.02680659294128418",
        "cumulative": false
    },
    {
        "date": "2020-12-08T11:24:41.376Z",
        "value": "0.024912357330322266",
        "cumulative": false
    },
    {
        "date": "2020-12-08T11:24:43.681Z",
        "value": "0.025510311126708984",
        "cumulative": false
    },
    {
        "date": "2020-12-08T11:24:45.874Z",
        "value": "0.02986288070678711",
        "cumulative": false
    },
    {
        "date": "2020-12-08T11:24:48.027Z",
        "value": "0.025049448013305664",
        "cumulative": false
    },
    {
        "date": "2020-12-08T11:24:50.127Z",
        "value": "0.026505708694458008",
        "cumulative": false
    },
    {
        "date": "2020-12-08T11:24:52.332Z",
        "value": "0.030411958694458008",
        "cumulative": false
    }
]