[
    {
        "date": "2020-12-08T11:23:53.793Z",
        "value": "4.601478576660156e-05",
        "cumulative": false
    },
    {
        "date": "2020-12-08T11:23:55.974Z",
        "value": "5.91278076171875e-05",
        "cumulative": false
    },
    {
        "date": "2020-12-08T11:23:58.177Z",
        "value": "5.2928924560546875e-05",
        "cumulative": false
    },
    {
        "date": "2020-12-08T11:24:00.407Z",
        "value": "6.246566772460938e-05",
        "cumulative": false
    },
    {
        "date": "2020-12-08T11:24:02.567Z",
        "value": "5.1975250244140625e-05",
        "cumulative": false
    },
    {
        "date": "2020-12-08T11:24:04.639Z",
        "value": "6.341934204101562e-05",
        "cumulative": false
    },
    {
        "date": "2020-12-08T11:24:06.797Z",
        "value": "5.221366882324219e-05",
        "cumulative": false
    },
    {
        "date": "2020-12-08T11:24:09.004Z",
        "value": "5.936622619628906e-05",
        "cumulative": false
    },
    {
        "date": "2020-12-08T11:24:11.136Z",
        "value": "5.364418029785156e-05",
        "cumulative": false
    },
    {
        "date": "2020-12-08T11:24:13.278Z",
        "value": "5.269050598144531e-05",
        "cumulative": false
    },
    {
        "date": "2020-12-08T11:24:15.528Z",
        "value": "5.173683166503906e-05",
        "cumulative": false
    },
    {
        "date": "2020-12-08T11:24:17.618Z",
        "value": "6.318092346191406e-05",
        "cumulative": false
    },
    {
        "date": "2020-12-08T11:24:19.758Z",
        "value": "5.2928924560546875e-05",
        "cumulative": false
    },
    {
        "date": "2020-12-08T11:24:21.923Z",
        "value": "6.67572021484375e-05",
        "cumulative": false
    },
    {
        "date": "2020-12-08T11:24:24.043Z",
        "value": "5.316734313964844e-05",
        "cumulative": false
    },
    {
        "date": "2020-12-08T11:24:26.227Z",
        "value": "5.4836273193359375e-05",
        "cumulative": false
    },
    {
        "date": "2020-12-08T11:24:28.527Z",
        "value": "5.054473876953125e-05",
        "cumulative": false
    },
    {
        "date": "2020-12-08T11:24:30.774Z",
        "value": "5.245208740234375e-05",
        "cumulative": false
    },
    {
        "date": "2020-12-08T11:24:32.960Z",
        "value": "7.271766662597656e-05",
        "cumulative": false
    },
    {
        "date": "2020-12-08T11:24:35.058Z",
        "value": "5.53131103515625e-05",
        "cumulative": false
    },
    {
        "date": "2020-12-08T11:24:37.164Z",
        "value": "5.5789947509765625e-05",
        "cumulative": false
    },
    {
        "date": "2020-12-08T11:24:39.237Z",
        "value": "5.53131103515625e-05",
        "cumulative": false
    },
    {
        "date": "2020-12-08T11:24:41.345Z",
        "value": "5.507469177246094e-05",
        "cumulative": false
    },
    {
        "date": "2020-12-08T11:24:43.663Z",
        "value": "5.53131103515625e-05",
        "cumulative": false
    },
    {
        "date": "2020-12-08T11:24:45.854Z",
        "value": "5.507469177246094e-05",
        "cumulative": false
    },
    {
        "date": "2020-12-08T11:24:47.999Z",
        "value": "5.8650970458984375e-05",
        "cumulative": false
    },
    {
        "date": "2020-12-08T11:24:50.102Z",
        "value": "5.1021575927734375e-05",
        "cumulative": false
    },
    {
        "date": "2020-12-08T11:24:52.317Z",
        "value": "5.316734313964844e-05",
        "cumulative": false
    }
]