[
    {
        "date": "2020-12-08T11:23:53.788Z",
        "value": "3.756039619445801",
        "cumulative": false
    },
    {
        "date": "2020-12-08T11:23:55.968Z",
        "value": "1.5764153003692627",
        "cumulative": false
    },
    {
        "date": "2020-12-08T11:23:58.196Z",
        "value": "1.606705665588379",
        "cumulative": false
    },
    {
        "date": "2020-12-08T11:24:00.412Z",
        "value": "1.6341054439544678",
        "cumulative": false
    },
    {
        "date": "2020-12-08T11:24:02.573Z",
        "value": "1.573779582977295",
        "cumulative": false
    },
    {
        "date": "2020-12-08T11:24:04.639Z",
        "value": "1.4849591255187988",
        "cumulative": false
    },
    {
        "date": "2020-12-08T11:24:06.802Z",
        "value": "1.5125510692596436",
        "cumulative": false
    },
    {
        "date": "2020-12-08T11:24:09.002Z",
        "value": "1.5765938758850098",
        "cumulative": false
    },
    {
        "date": "2020-12-08T11:24:11.140Z",
        "value": "1.5198352336883545",
        "cumulative": false
    },
    {
        "date": "2020-12-08T11:24:13.293Z",
        "value": "1.535276174545288",
        "cumulative": false
    },
    {
        "date": "2020-12-08T11:24:15.525Z",
        "value": "1.6181409358978271",
        "cumulative": false
    },
    {
        "date": "2020-12-08T11:24:17.632Z",
        "value": "1.4754741191864014",
        "cumulative": false
    },
    {
        "date": "2020-12-08T11:24:19.763Z",
        "value": "1.5315790176391602",
        "cumulative": false
    },
    {
        "date": "2020-12-08T11:24:21.921Z",
        "value": "1.5285496711730957",
        "cumulative": false
    },
    {
        "date": "2020-12-08T11:24:24.042Z",
        "value": "1.470149040222168",
        "cumulative": false
    },
    {
        "date": "2020-12-08T11:24:26.243Z",
        "value": "1.5850224494934082",
        "cumulative": false
    },
    {
        "date": "2020-12-08T11:24:28.527Z",
        "value": "1.714780569076538",
        "cumulative": false
    },
    {
        "date": "2020-12-08T11:24:30.785Z",
        "value": "1.5611457824707031",
        "cumulative": false
    },
    {
        "date": "2020-12-08T11:24:32.962Z",
        "value": "1.58408784866333",
        "cumulative": false
    },
    {
        "date": "2020-12-08T11:24:35.062Z",
        "value": "1.490851879119873",
        "cumulative": false
    },
    {
        "date": "2020-12-08T11:24:37.167Z",
        "value": "1.5173804759979248",
        "cumulative": false
    },
    {
        "date": "2020-12-08T11:24:39.254Z",
        "value": "1.4471769332885742",
        "cumulative": false
    },
    {
        "date": "2020-12-08T11:24:41.356Z",
        "value": "1.51607084274292",
        "cumulative": false
    },
    {
        "date": "2020-12-08T11:24:43.667Z",
        "value": "1.6724717617034912",
        "cumulative": false
    },
    {
        "date": "2020-12-08T11:24:45.853Z",
        "value": "1.5884861946105957",
        "cumulative": false
    },
    {
        "date": "2020-12-08T11:24:47.999Z",
        "value": "1.5402631759643555",
        "cumulative": false
    },
    {
        "date": "2020-12-08T11:24:50.118Z",
        "value": "1.4949791431427002",
        "cumulative": false
    },
    {
        "date": "2020-12-08T11:24:52.321Z",
        "value": "1.5306463241577148",
        "cumulative": false
    }
]