[
    {
        "date": "2020-12-08T11:23:53.798Z",
        "value": "2.648684501647949",
        "cumulative": false
    },
    {
        "date": "2020-12-08T11:23:55.989Z",
        "value": "0.3236534595489502",
        "cumulative": false
    },
    {
        "date": "2020-12-08T11:23:58.208Z",
        "value": "0.3325834274291992",
        "cumulative": false
    },
    {
        "date": "2020-12-08T11:24:00.432Z",
        "value": "0.3377196788787842",
        "cumulative": false
    },
    {
        "date": "2020-12-08T11:24:02.598Z",
        "value": "0.31683993339538574",
        "cumulative": false
    },
    {
        "date": "2020-12-08T11:24:04.665Z",
        "value": "0.301987886428833",
        "cumulative": false
    },
    {
        "date": "2020-12-08T11:24:06.831Z",
        "value": "0.3477513790130615",
        "cumulative": false
    },
    {
        "date": "2020-12-08T11:24:09.025Z",
        "value": "0.3243587017059326",
        "cumulative": false
    },
    {
        "date": "2020-12-08T11:24:11.169Z",
        "value": "0.3248131275177002",
        "cumulative": false
    },
    {
        "date": "2020-12-08T11:24:13.307Z",
        "value": "0.3097546100616455",
        "cumulative": false
    },
    {
        "date": "2020-12-08T11:24:15.549Z",
        "value": "0.33878016471862793",
        "cumulative": false
    },
    {
        "date": "2020-12-08T11:24:17.651Z",
        "value": "0.30956006050109863",
        "cumulative": false
    },
    {
        "date": "2020-12-08T11:24:19.799Z",
        "value": "0.3121979236602783",
        "cumulative": false
    },
    {
        "date": "2020-12-08T11:24:21.944Z",
        "value": "0.293529748916626",
        "cumulative": false
    },
    {
        "date": "2020-12-08T11:24:24.063Z",
        "value": "0.2948007583618164",
        "cumulative": false
    },
    {
        "date": "2020-12-08T11:24:26.261Z",
        "value": "0.3400235176086426",
        "cumulative": false
    },
    {
        "date": "2020-12-08T11:24:28.549Z",
        "value": "0.37695789337158203",
        "cumulative": false
    },
    {
        "date": "2020-12-08T11:24:30.805Z",
        "value": "0.3255472183227539",
        "cumulative": false
    },
    {
        "date": "2020-12-08T11:24:32.983Z",
        "value": "0.3271970748901367",
        "cumulative": false
    },
    {
        "date": "2020-12-08T11:24:35.087Z",
        "value": "0.3017120361328125",
        "cumulative": false
    },
    {
        "date": "2020-12-08T11:24:37.194Z",
        "value": "0.29137182235717773",
        "cumulative": false
    },
    {
        "date": "2020-12-08T11:24:39.268Z",
        "value": "0.293612003326416",
        "cumulative": false
    },
    {
        "date": "2020-12-08T11:24:41.376Z",
        "value": "0.2932887077331543",
        "cumulative": false
    },
    {
        "date": "2020-12-08T11:24:43.681Z",
        "value": "0.3481636047363281",
        "cumulative": false
    },
    {
        "date": "2020-12-08T11:24:45.874Z",
        "value": "0.3706338405609131",
        "cumulative": false
    },
    {
        "date": "2020-12-08T11:24:48.027Z",
        "value": "0.3315260410308838",
        "cumulative": false
    },
    {
        "date": "2020-12-08T11:24:50.127Z",
        "value": "0.28410983085632324",
        "cumulative": false
    },
    {
        "date": "2020-12-08T11:24:52.332Z",
        "value": "0.29469990730285645",
        "cumulative": false
    }
]