[
    {
        "date": "2020-12-08T11:23:53.791Z",
        "value": "0.01595473289489746",
        "cumulative": false
    },
    {
        "date": "2020-12-08T11:23:55.974Z",
        "value": "0.017243385314941406",
        "cumulative": false
    },
    {
        "date": "2020-12-08T11:23:58.193Z",
        "value": "0.014643430709838867",
        "cumulative": false
    },
    {
        "date": "2020-12-08T11:24:00.409Z",
        "value": "0.016716718673706055",
        "cumulative": false
    },
    {
        "date": "2020-12-08T11:24:02.584Z",
        "value": "0.016109466552734375",
        "cumulative": false
    },
    {
        "date": "2020-12-08T11:24:04.639Z",
        "value": "0.01790928840637207",
        "cumulative": false
    },
    {
        "date": "2020-12-08T11:24:06.811Z",
        "value": "0.017269611358642578",
        "cumulative": false
    },
    {
        "date": "2020-12-08T11:24:09.004Z",
        "value": "0.01667952537536621",
        "cumulative": false
    },
    {
        "date": "2020-12-08T11:24:11.144Z",
        "value": "0.017245769500732422",
        "cumulative": false
    },
    {
        "date": "2020-12-08T11:24:13.286Z",
        "value": "0.016416072845458984",
        "cumulative": false
    },
    {
        "date": "2020-12-08T11:24:15.524Z",
        "value": "0.016139984130859375",
        "cumulative": false
    },
    {
        "date": "2020-12-08T11:24:17.627Z",
        "value": "0.016803503036499023",
        "cumulative": false
    },
    {
        "date": "2020-12-08T11:24:19.766Z",
        "value": "0.017585277557373047",
        "cumulative": false
    },
    {
        "date": "2020-12-08T11:24:21.926Z",
        "value": "0.015741348266601562",
        "cumulative": false
    },
    {
        "date": "2020-12-08T11:24:24.051Z",
        "value": "0.015800952911376953",
        "cumulative": false
    },
    {
        "date": "2020-12-08T11:24:26.235Z",
        "value": "0.018835067749023438",
        "cumulative": false
    },
    {
        "date": "2020-12-08T11:24:28.531Z",
        "value": "0.01632213592529297",
        "cumulative": false
    },
    {
        "date": "2020-12-08T11:24:30.779Z",
        "value": "0.01766681671142578",
        "cumulative": false
    },
    {
        "date": "2020-12-08T11:24:32.963Z",
        "value": "0.015997886657714844",
        "cumulative": false
    },
    {
        "date": "2020-12-08T11:24:35.065Z",
        "value": "0.018282175064086914",
        "cumulative": false
    },
    {
        "date": "2020-12-08T11:24:37.179Z",
        "value": "0.015982866287231445",
        "cumulative": false
    },
    {
        "date": "2020-12-08T11:24:39.261Z",
        "value": "0.0168304443359375",
        "cumulative": false
    },
    {
        "date": "2020-12-08T11:24:41.361Z",
        "value": "0.01710677146911621",
        "cumulative": false
    },
    {
        "date": "2020-12-08T11:24:43.661Z",
        "value": "0.016760587692260742",
        "cumulative": false
    },
    {
        "date": "2020-12-08T11:24:45.858Z",
        "value": "0.01779627799987793",
        "cumulative": false
    },
    {
        "date": "2020-12-08T11:24:48.004Z",
        "value": "0.01660299301147461",
        "cumulative": false
    },
    {
        "date": "2020-12-08T11:24:50.110Z",
        "value": "0.016401052474975586",
        "cumulative": false
    },
    {
        "date": "2020-12-08T11:24:52.326Z",
        "value": "0.014548540115356445",
        "cumulative": false
    }
]