[
    {
        "date": "2020-12-08T11:23:53.784Z",
        "value": "0.11238455772399902",
        "cumulative": false
    },
    {
        "date": "2020-12-08T11:23:55.962Z",
        "value": "0.13654541969299316",
        "cumulative": false
    },
    {
        "date": "2020-12-08T11:23:58.185Z",
        "value": "0.09787416458129883",
        "cumulative": false
    },
    {
        "date": "2020-12-08T11:24:00.402Z",
        "value": "0.10731101036071777",
        "cumulative": false
    },
    {
        "date": "2020-12-08T11:24:02.576Z",
        "value": "0.10717511177062988",
        "cumulative": false
    },
    {
        "date": "2020-12-08T11:24:04.647Z",
        "value": "0.10686826705932617",
        "cumulative": false
    },
    {
        "date": "2020-12-08T11:24:06.795Z",
        "value": "0.10933971405029297",
        "cumulative": false
    },
    {
        "date": "2020-12-08T11:24:09.003Z",
        "value": "0.10424995422363281",
        "cumulative": false
    },
    {
        "date": "2020-12-08T11:24:11.139Z",
        "value": "0.11099076271057129",
        "cumulative": false
    },
    {
        "date": "2020-12-08T11:24:13.277Z",
        "value": "0.10755467414855957",
        "cumulative": false
    },
    {
        "date": "2020-12-08T11:24:15.516Z",
        "value": "0.10132193565368652",
        "cumulative": false
    },
    {
        "date": "2020-12-08T11:24:17.621Z",
        "value": "0.1175088882446289",
        "cumulative": false
    },
    {
        "date": "2020-12-08T11:24:19.760Z",
        "value": "0.11023283004760742",
        "cumulative": false
    },
    {
        "date": "2020-12-08T11:24:21.933Z",
        "value": "0.11530065536499023",
        "cumulative": false
    },
    {
        "date": "2020-12-08T11:24:24.044Z",
        "value": "0.11142849922180176",
        "cumulative": false
    },
    {
        "date": "2020-12-08T11:24:26.235Z",
        "value": "0.11355066299438477",
        "cumulative": false
    },
    {
        "date": "2020-12-08T11:24:28.523Z",
        "value": "0.10215878486633301",
        "cumulative": false
    },
    {
        "date": "2020-12-08T11:24:30.774Z",
        "value": "0.10590410232543945",
        "cumulative": false
    },
    {
        "date": "2020-12-08T11:24:32.961Z",
        "value": "0.10681915283203125",
        "cumulative": false
    },
    {
        "date": "2020-12-08T11:24:35.058Z",
        "value": "0.11305356025695801",
        "cumulative": false
    },
    {
        "date": "2020-12-08T11:24:37.164Z",
        "value": "0.11170411109924316",
        "cumulative": false
    },
    {
        "date": "2020-12-08T11:24:39.241Z",
        "value": "0.11145997047424316",
        "cumulative": false
    },
    {
        "date": "2020-12-08T11:24:41.346Z",
        "value": "0.1230325698852539",
        "cumulative": false
    },
    {
        "date": "2020-12-08T11:24:43.661Z",
        "value": "0.11509108543395996",
        "cumulative": false
    },
    {
        "date": "2020-12-08T11:24:45.855Z",
        "value": "0.11115193367004395",
        "cumulative": false
    },
    {
        "date": "2020-12-08T11:24:48.003Z",
        "value": "0.11570596694946289",
        "cumulative": false
    },
    {
        "date": "2020-12-08T11:24:50.101Z",
        "value": "0.10470414161682129",
        "cumulative": false
    },
    {
        "date": "2020-12-08T11:24:52.320Z",
        "value": "0.11350750923156738",
        "cumulative": false
    }
]