[
    {
        "date": "2020-12-08T11:23:53.795Z",
        "value": "0.005045890808105469",
        "cumulative": false
    },
    {
        "date": "2020-12-08T11:23:55.971Z",
        "value": "0.005267620086669922",
        "cumulative": false
    },
    {
        "date": "2020-12-08T11:23:58.187Z",
        "value": "0.0051386356353759766",
        "cumulative": false
    },
    {
        "date": "2020-12-08T11:24:00.406Z",
        "value": "0.004857540130615234",
        "cumulative": false
    },
    {
        "date": "2020-12-08T11:24:02.578Z",
        "value": "0.0047380924224853516",
        "cumulative": false
    },
    {
        "date": "2020-12-08T11:24:04.641Z",
        "value": "0.004904508590698242",
        "cumulative": false
    },
    {
        "date": "2020-12-08T11:24:06.800Z",
        "value": "0.0054264068603515625",
        "cumulative": false
    },
    {
        "date": "2020-12-08T11:24:09.002Z",
        "value": "0.004765033721923828",
        "cumulative": false
    },
    {
        "date": "2020-12-08T11:24:11.139Z",
        "value": "0.005015373229980469",
        "cumulative": false
    },
    {
        "date": "2020-12-08T11:24:13.278Z",
        "value": "0.004803657531738281",
        "cumulative": false
    },
    {
        "date": "2020-12-08T11:24:15.535Z",
        "value": "0.004904508590698242",
        "cumulative": false
    },
    {
        "date": "2020-12-08T11:24:17.623Z",
        "value": "0.004817008972167969",
        "cumulative": false
    },
    {
        "date": "2020-12-08T11:24:19.766Z",
        "value": "0.00481104850769043",
        "cumulative": false
    },
    {
        "date": "2020-12-08T11:24:21.923Z",
        "value": "0.004975080490112305",
        "cumulative": false
    },
    {
        "date": "2020-12-08T11:24:24.040Z",
        "value": "0.0048983097076416016",
        "cumulative": false
    },
    {
        "date": "2020-12-08T11:24:26.231Z",
        "value": "0.005112409591674805",
        "cumulative": false
    },
    {
        "date": "2020-12-08T11:24:28.525Z",
        "value": "0.0046198368072509766",
        "cumulative": false
    },
    {
        "date": "2020-12-08T11:24:30.787Z",
        "value": "0.0052220821380615234",
        "cumulative": false
    },
    {
        "date": "2020-12-08T11:24:32.962Z",
        "value": "0.004781961441040039",
        "cumulative": false
    },
    {
        "date": "2020-12-08T11:24:35.061Z",
        "value": "0.004940509796142578",
        "cumulative": false
    },
    {
        "date": "2020-12-08T11:24:37.173Z",
        "value": "0.0049626827239990234",
        "cumulative": false
    },
    {
        "date": "2020-12-08T11:24:39.250Z",
        "value": "0.005129814147949219",
        "cumulative": false
    },
    {
        "date": "2020-12-08T11:24:41.350Z",
        "value": "0.005043983459472656",
        "cumulative": false
    },
    {
        "date": "2020-12-08T11:24:43.657Z",
        "value": "0.004641532897949219",
        "cumulative": false
    },
    {
        "date": "2020-12-08T11:24:45.856Z",
        "value": "0.0046994686126708984",
        "cumulative": false
    },
    {
        "date": "2020-12-08T11:24:47.997Z",
        "value": "0.004689455032348633",
        "cumulative": false
    },
    {
        "date": "2020-12-08T11:24:50.105Z",
        "value": "0.0048444271087646484",
        "cumulative": false
    },
    {
        "date": "2020-12-08T11:24:52.316Z",
        "value": "0.004848003387451172",
        "cumulative": false
    }
]