[
    {
        "date": "2020-12-08T11:23:53.791Z",
        "value": "0.062375783920288086",
        "cumulative": false
    },
    {
        "date": "2020-12-08T11:23:55.968Z",
        "value": "0.061257123947143555",
        "cumulative": false
    },
    {
        "date": "2020-12-08T11:23:58.181Z",
        "value": "0.052744150161743164",
        "cumulative": false
    },
    {
        "date": "2020-12-08T11:24:00.404Z",
        "value": "0.05273914337158203",
        "cumulative": false
    },
    {
        "date": "2020-12-08T11:24:02.570Z",
        "value": "0.0523831844329834",
        "cumulative": false
    },
    {
        "date": "2020-12-08T11:24:04.635Z",
        "value": "0.05418229103088379",
        "cumulative": false
    },
    {
        "date": "2020-12-08T11:24:06.799Z",
        "value": "0.05523800849914551",
        "cumulative": false
    },
    {
        "date": "2020-12-08T11:24:08.998Z",
        "value": "0.05858588218688965",
        "cumulative": false
    },
    {
        "date": "2020-12-08T11:24:11.136Z",
        "value": "0.05754733085632324",
        "cumulative": false
    },
    {
        "date": "2020-12-08T11:24:13.276Z",
        "value": "0.0620114803314209",
        "cumulative": false
    },
    {
        "date": "2020-12-08T11:24:15.516Z",
        "value": "0.058338165283203125",
        "cumulative": false
    },
    {
        "date": "2020-12-08T11:24:17.628Z",
        "value": "0.06170940399169922",
        "cumulative": false
    },
    {
        "date": "2020-12-08T11:24:19.761Z",
        "value": "0.05277538299560547",
        "cumulative": false
    },
    {
        "date": "2020-12-08T11:24:21.922Z",
        "value": "0.06604576110839844",
        "cumulative": false
    },
    {
        "date": "2020-12-08T11:24:24.044Z",
        "value": "0.0609588623046875",
        "cumulative": false
    },
    {
        "date": "2020-12-08T11:24:26.236Z",
        "value": "0.05963754653930664",
        "cumulative": false
    },
    {
        "date": "2020-12-08T11:24:28.537Z",
        "value": "0.060216426849365234",
        "cumulative": false
    },
    {
        "date": "2020-12-08T11:24:30.777Z",
        "value": "0.058141231536865234",
        "cumulative": false
    },
    {
        "date": "2020-12-08T11:24:32.962Z",
        "value": "0.055422306060791016",
        "cumulative": false
    },
    {
        "date": "2020-12-08T11:24:35.059Z",
        "value": "0.06006002426147461",
        "cumulative": false
    },
    {
        "date": "2020-12-08T11:24:37.170Z",
        "value": "0.05601382255554199",
        "cumulative": false
    },
    {
        "date": "2020-12-08T11:24:39.241Z",
        "value": "0.051937103271484375",
        "cumulative": false
    },
    {
        "date": "2020-12-08T11:24:41.346Z",
        "value": "0.05893349647521973",
        "cumulative": false
    },
    {
        "date": "2020-12-08T11:24:43.660Z",
        "value": "0.059355735778808594",
        "cumulative": false
    },
    {
        "date": "2020-12-08T11:24:45.852Z",
        "value": "0.05442023277282715",
        "cumulative": false
    },
    {
        "date": "2020-12-08T11:24:47.995Z",
        "value": "0.061983585357666016",
        "cumulative": false
    },
    {
        "date": "2020-12-08T11:24:50.112Z",
        "value": "0.06108713150024414",
        "cumulative": false
    },
    {
        "date": "2020-12-08T11:24:52.320Z",
        "value": "0.06708836555480957",
        "cumulative": false
    }
]