[
    {
        "date": "2020-12-08T11:23:52.358Z",
        "value": "12.5",
        "cumulative": false
    },
    {
        "date": "2020-12-08T11:23:54.455Z",
        "value": "28.90625",
        "cumulative": false
    },
    {
        "date": "2020-12-08T11:23:56.644Z",
        "value": "45.3125",
        "cumulative": false
    },
    {
        "date": "2020-12-08T11:23:58.858Z",
        "value": "51.5625",
        "cumulative": false
    },
    {
        "date": "2020-12-08T11:24:01.080Z",
        "value": "53.125",
        "cumulative": false
    },
    {
        "date": "2020-12-08T11:24:03.245Z",
        "value": "60.15625",
        "cumulative": false
    },
    {
        "date": "2020-12-08T11:24:05.332Z",
        "value": "66.40625",
        "cumulative": false
    },
    {
        "date": "2020-12-08T11:24:07.495Z",
        "value": "67.1875",
        "cumulative": false
    },
    {
        "date": "2020-12-08T11:24:09.680Z",
        "value": "66.40625",
        "cumulative": false
    },
    {
        "date": "2020-12-08T11:24:11.841Z",
        "value": "66.40625",
        "cumulative": false
    },
    {
        "date": "2020-12-08T11:24:13.969Z",
        "value": "70.3125",
        "cumulative": false
    },
    {
        "date": "2020-12-08T11:24:16.212Z",
        "value": "70.3125",
        "cumulative": false
    },
    {
        "date": "2020-12-08T11:24:18.310Z",
        "value": "78.90625",
        "cumulative": false
    },
    {
        "date": "2020-12-08T11:24:20.521Z",
        "value": "78.90625",
        "cumulative": false
    },
    {
        "date": "2020-12-08T11:24:22.642Z",
        "value": "77.34375",
        "cumulative": false
    },
    {
        "date": "2020-12-08T11:24:24.729Z",
        "value": "78.90625",
        "cumulative": false
    },
    {
        "date": "2020-12-08T11:24:26.900Z",
        "value": "82.03125",
        "cumulative": false
    },
    {
        "date": "2020-12-08T11:24:29.275Z",
        "value": "77.34375",
        "cumulative": false
    },
    {
        "date": "2020-12-08T11:24:31.445Z",
        "value": "82.03125",
        "cumulative": false
    },
    {
        "date": "2020-12-08T11:24:33.650Z",
        "value": "84.375",
        "cumulative": false
    },
    {
        "date": "2020-12-08T11:24:35.729Z",
        "value": "82.8125",
        "cumulative": false
    },
    {
        "date": "2020-12-08T11:24:37.870Z",
        "value": "78.125",
        "cumulative": false
    },
    {
        "date": "2020-12-08T11:24:39.918Z",
        "value": "78.90625",
        "cumulative": false
    },
    {
        "date": "2020-12-08T11:24:42.072Z",
        "value": "84.375",
        "cumulative": false
    },
    {
        "date": "2020-12-08T11:24:44.352Z",
        "value": "85.9375",
        "cumulative": false
    },
    {
        "date": "2020-12-08T11:24:46.529Z",
        "value": "83.59375",
        "cumulative": false
    },
    {
        "date": "2020-12-08T11:24:48.674Z",
        "value": "85.15625",
        "cumulative": false
    },
    {
        "date": "2020-12-08T11:24:50.891Z",
        "value": "87.5",
        "cumulative": false
    }
]