[
    {
        "date": "2020-12-08T11:23:53.793Z",
        "value": "0.004322528839111328",
        "cumulative": false
    },
    {
        "date": "2020-12-08T11:23:55.968Z",
        "value": "0.00485539436340332",
        "cumulative": false
    },
    {
        "date": "2020-12-08T11:23:58.181Z",
        "value": "0.004421234130859375",
        "cumulative": false
    },
    {
        "date": "2020-12-08T11:24:00.404Z",
        "value": "0.004874229431152344",
        "cumulative": false
    },
    {
        "date": "2020-12-08T11:24:02.570Z",
        "value": "0.004022836685180664",
        "cumulative": false
    },
    {
        "date": "2020-12-08T11:24:04.635Z",
        "value": "0.003983259201049805",
        "cumulative": false
    },
    {
        "date": "2020-12-08T11:24:06.799Z",
        "value": "0.0042345523834228516",
        "cumulative": false
    },
    {
        "date": "2020-12-08T11:24:08.998Z",
        "value": "0.0043506622314453125",
        "cumulative": false
    },
    {
        "date": "2020-12-08T11:24:11.136Z",
        "value": "0.004396677017211914",
        "cumulative": false
    },
    {
        "date": "2020-12-08T11:24:13.276Z",
        "value": "0.004346370697021484",
        "cumulative": false
    },
    {
        "date": "2020-12-08T11:24:15.516Z",
        "value": "0.004572391510009766",
        "cumulative": false
    },
    {
        "date": "2020-12-08T11:24:17.628Z",
        "value": "0.004534006118774414",
        "cumulative": false
    },
    {
        "date": "2020-12-08T11:24:19.761Z",
        "value": "0.0041921138763427734",
        "cumulative": false
    },
    {
        "date": "2020-12-08T11:24:21.922Z",
        "value": "0.004651069641113281",
        "cumulative": false
    },
    {
        "date": "2020-12-08T11:24:24.044Z",
        "value": "0.004400968551635742",
        "cumulative": false
    },
    {
        "date": "2020-12-08T11:24:26.236Z",
        "value": "0.004400491714477539",
        "cumulative": false
    },
    {
        "date": "2020-12-08T11:24:28.537Z",
        "value": "0.0044384002685546875",
        "cumulative": false
    },
    {
        "date": "2020-12-08T11:24:30.777Z",
        "value": "0.0042688846588134766",
        "cumulative": false
    },
    {
        "date": "2020-12-08T11:24:32.962Z",
        "value": "0.004069089889526367",
        "cumulative": false
    },
    {
        "date": "2020-12-08T11:24:35.059Z",
        "value": "0.004527091979980469",
        "cumulative": false
    },
    {
        "date": "2020-12-08T11:24:37.170Z",
        "value": "0.0046977996826171875",
        "cumulative": false
    },
    {
        "date": "2020-12-08T11:24:39.241Z",
        "value": "0.0046234130859375",
        "cumulative": false
    },
    {
        "date": "2020-12-08T11:24:41.346Z",
        "value": "0.004608154296875",
        "cumulative": false
    },
    {
        "date": "2020-12-08T11:24:43.660Z",
        "value": "0.004379987716674805",
        "cumulative": false
    },
    {
        "date": "2020-12-08T11:24:45.852Z",
        "value": "0.004691362380981445",
        "cumulative": false
    },
    {
        "date": "2020-12-08T11:24:47.995Z",
        "value": "0.0045909881591796875",
        "cumulative": false
    },
    {
        "date": "2020-12-08T11:24:50.112Z",
        "value": "0.004679441452026367",
        "cumulative": false
    },
    {
        "date": "2020-12-08T11:24:52.320Z",
        "value": "0.004436016082763672",
        "cumulative": false
    }
]