[
    {
        "date": "2020-12-08T11:23:53.793Z",
        "value": "0.05216622352600098",
        "cumulative": false
    },
    {
        "date": "2020-12-08T11:23:55.971Z",
        "value": "0.06637215614318848",
        "cumulative": false
    },
    {
        "date": "2020-12-08T11:23:58.187Z",
        "value": "0.05588054656982422",
        "cumulative": false
    },
    {
        "date": "2020-12-08T11:24:00.406Z",
        "value": "0.05644702911376953",
        "cumulative": false
    },
    {
        "date": "2020-12-08T11:24:02.578Z",
        "value": "0.052987098693847656",
        "cumulative": false
    },
    {
        "date": "2020-12-08T11:24:04.641Z",
        "value": "0.054533958435058594",
        "cumulative": false
    },
    {
        "date": "2020-12-08T11:24:06.800Z",
        "value": "0.06040501594543457",
        "cumulative": false
    },
    {
        "date": "2020-12-08T11:24:09.002Z",
        "value": "0.05272364616394043",
        "cumulative": false
    },
    {
        "date": "2020-12-08T11:24:11.139Z",
        "value": "0.05334353446960449",
        "cumulative": false
    },
    {
        "date": "2020-12-08T11:24:13.278Z",
        "value": "0.06053972244262695",
        "cumulative": false
    },
    {
        "date": "2020-12-08T11:24:15.535Z",
        "value": "0.05861210823059082",
        "cumulative": false
    },
    {
        "date": "2020-12-08T11:24:17.623Z",
        "value": "0.04783177375793457",
        "cumulative": false
    },
    {
        "date": "2020-12-08T11:24:19.766Z",
        "value": "0.06030774116516113",
        "cumulative": false
    },
    {
        "date": "2020-12-08T11:24:21.923Z",
        "value": "0.056722402572631836",
        "cumulative": false
    },
    {
        "date": "2020-12-08T11:24:24.040Z",
        "value": "0.05918312072753906",
        "cumulative": false
    },
    {
        "date": "2020-12-08T11:24:26.231Z",
        "value": "0.06174612045288086",
        "cumulative": false
    },
    {
        "date": "2020-12-08T11:24:28.525Z",
        "value": "0.04632282257080078",
        "cumulative": false
    },
    {
        "date": "2020-12-08T11:24:30.787Z",
        "value": "0.05361223220825195",
        "cumulative": false
    },
    {
        "date": "2020-12-08T11:24:32.962Z",
        "value": "0.060506343841552734",
        "cumulative": false
    },
    {
        "date": "2020-12-08T11:24:35.061Z",
        "value": "0.05841064453125",
        "cumulative": false
    },
    {
        "date": "2020-12-08T11:24:37.173Z",
        "value": "0.05308842658996582",
        "cumulative": false
    },
    {
        "date": "2020-12-08T11:24:39.250Z",
        "value": "0.054326772689819336",
        "cumulative": false
    },
    {
        "date": "2020-12-08T11:24:41.350Z",
        "value": "0.0546114444732666",
        "cumulative": false
    },
    {
        "date": "2020-12-08T11:24:43.657Z",
        "value": "0.05291342735290527",
        "cumulative": false
    },
    {
        "date": "2020-12-08T11:24:45.856Z",
        "value": "0.05910205841064453",
        "cumulative": false
    },
    {
        "date": "2020-12-08T11:24:47.997Z",
        "value": "0.052590370178222656",
        "cumulative": false
    },
    {
        "date": "2020-12-08T11:24:50.105Z",
        "value": "0.06257247924804688",
        "cumulative": false
    },
    {
        "date": "2020-12-08T11:24:52.316Z",
        "value": "0.055921077728271484",
        "cumulative": false
    }
]