[
    {
        "date": "2020-12-08T11:23:52.357Z",
        "value": "2.545438766479492",
        "cumulative": false
    },
    {
        "date": "2020-12-08T11:23:54.449Z",
        "value": "1.7991855144500732",
        "cumulative": false
    },
    {
        "date": "2020-12-08T11:23:56.637Z",
        "value": "1.6850425004959106",
        "cumulative": false
    },
    {
        "date": "2020-12-08T11:23:58.848Z",
        "value": "1.424068808555603",
        "cumulative": false
    },
    {
        "date": "2020-12-08T11:24:01.076Z",
        "value": "1.233486294746399",
        "cumulative": false
    },
    {
        "date": "2020-12-08T11:24:03.235Z",
        "value": "1.165313959121704",
        "cumulative": false
    },
    {
        "date": "2020-12-08T11:24:05.325Z",
        "value": "1.1704800128936768",
        "cumulative": false
    },
    {
        "date": "2020-12-08T11:24:07.491Z",
        "value": "1.2067676782608032",
        "cumulative": false
    },
    {
        "date": "2020-12-08T11:24:09.676Z",
        "value": "0.8143607974052429",
        "cumulative": false
    },
    {
        "date": "2020-12-08T11:24:11.835Z",
        "value": "0.8776642084121704",
        "cumulative": false
    },
    {
        "date": "2020-12-08T11:24:13.963Z",
        "value": "0.9103289246559143",
        "cumulative": false
    },
    {
        "date": "2020-12-08T11:24:16.209Z",
        "value": "0.8502057790756226",
        "cumulative": false
    },
    {
        "date": "2020-12-08T11:24:18.298Z",
        "value": "0.6677359938621521",
        "cumulative": false
    },
    {
        "date": "2020-12-08T11:24:20.512Z",
        "value": "0.7562295794487",
        "cumulative": false
    },
    {
        "date": "2020-12-08T11:24:22.633Z",
        "value": "0.6986741423606873",
        "cumulative": false
    },
    {
        "date": "2020-12-08T11:24:24.721Z",
        "value": "0.7605428695678711",
        "cumulative": false
    },
    {
        "date": "2020-12-08T11:24:26.895Z",
        "value": "0.7593729496002197",
        "cumulative": false
    },
    {
        "date": "2020-12-08T11:24:29.269Z",
        "value": "0.6226073503494263",
        "cumulative": false
    },
    {
        "date": "2020-12-08T11:24:31.439Z",
        "value": "0.5531443953514099",
        "cumulative": false
    },
    {
        "date": "2020-12-08T11:24:33.641Z",
        "value": "0.44182920455932617",
        "cumulative": false
    },
    {
        "date": "2020-12-08T11:24:35.724Z",
        "value": "0.7138020396232605",
        "cumulative": false
    },
    {
        "date": "2020-12-08T11:24:37.864Z",
        "value": "0.43949592113494873",
        "cumulative": false
    },
    {
        "date": "2020-12-08T11:24:39.910Z",
        "value": "0.47362616658210754",
        "cumulative": false
    },
    {
        "date": "2020-12-08T11:24:42.061Z",
        "value": "0.5500779151916504",
        "cumulative": false
    },
    {
        "date": "2020-12-08T11:24:44.346Z",
        "value": "0.5318616032600403",
        "cumulative": false
    },
    {
        "date": "2020-12-08T11:24:46.526Z",
        "value": "0.6633370518684387",
        "cumulative": false
    },
    {
        "date": "2020-12-08T11:24:48.672Z",
        "value": "0.3927649259567261",
        "cumulative": false
    },
    {
        "date": "2020-12-08T11:24:50.881Z",
        "value": "0.5036485195159912",
        "cumulative": false
    }
]