[
    {
        "date": "2020-12-08T11:23:52.359Z",
        "value": "7.03125",
        "cumulative": false
    },
    {
        "date": "2020-12-08T11:23:54.449Z",
        "value": "31.25",
        "cumulative": false
    },
    {
        "date": "2020-12-08T11:23:56.637Z",
        "value": "35.9375",
        "cumulative": false
    },
    {
        "date": "2020-12-08T11:23:58.848Z",
        "value": "51.5625",
        "cumulative": false
    },
    {
        "date": "2020-12-08T11:24:01.076Z",
        "value": "53.90625",
        "cumulative": false
    },
    {
        "date": "2020-12-08T11:24:03.236Z",
        "value": "60.15625",
        "cumulative": false
    },
    {
        "date": "2020-12-08T11:24:05.325Z",
        "value": "57.03125",
        "cumulative": false
    },
    {
        "date": "2020-12-08T11:24:07.491Z",
        "value": "57.8125",
        "cumulative": false
    },
    {
        "date": "2020-12-08T11:24:09.676Z",
        "value": "69.53125",
        "cumulative": false
    },
    {
        "date": "2020-12-08T11:24:11.835Z",
        "value": "68.75",
        "cumulative": false
    },
    {
        "date": "2020-12-08T11:24:13.963Z",
        "value": "69.53125",
        "cumulative": false
    },
    {
        "date": "2020-12-08T11:24:16.209Z",
        "value": "67.1875",
        "cumulative": false
    },
    {
        "date": "2020-12-08T11:24:18.298Z",
        "value": "75.0",
        "cumulative": false
    },
    {
        "date": "2020-12-08T11:24:20.512Z",
        "value": "71.09375",
        "cumulative": false
    },
    {
        "date": "2020-12-08T11:24:22.633Z",
        "value": "72.65625",
        "cumulative": false
    },
    {
        "date": "2020-12-08T11:24:24.722Z",
        "value": "69.53125",
        "cumulative": false
    },
    {
        "date": "2020-12-08T11:24:26.895Z",
        "value": "76.5625",
        "cumulative": false
    },
    {
        "date": "2020-12-08T11:24:29.269Z",
        "value": "80.46875",
        "cumulative": false
    },
    {
        "date": "2020-12-08T11:24:31.439Z",
        "value": "81.25",
        "cumulative": false
    },
    {
        "date": "2020-12-08T11:24:33.641Z",
        "value": "85.9375",
        "cumulative": false
    },
    {
        "date": "2020-12-08T11:24:35.724Z",
        "value": "70.3125",
        "cumulative": false
    },
    {
        "date": "2020-12-08T11:24:37.864Z",
        "value": "82.8125",
        "cumulative": false
    },
    {
        "date": "2020-12-08T11:24:39.910Z",
        "value": "84.375",
        "cumulative": false
    },
    {
        "date": "2020-12-08T11:24:42.062Z",
        "value": "82.03125",
        "cumulative": false
    },
    {
        "date": "2020-12-08T11:24:44.347Z",
        "value": "85.15625",
        "cumulative": false
    },
    {
        "date": "2020-12-08T11:24:46.526Z",
        "value": "74.21875",
        "cumulative": false
    },
    {
        "date": "2020-12-08T11:24:48.672Z",
        "value": "85.15625",
        "cumulative": false
    },
    {
        "date": "2020-12-08T11:24:50.881Z",
        "value": "81.25",
        "cumulative": false
    }
]