[
    {
        "date": "2020-12-08T11:23:53.784Z",
        "value": "2.421595811843872",
        "cumulative": false
    },
    {
        "date": "2020-12-08T11:23:55.961Z",
        "value": "0.3948214054107666",
        "cumulative": false
    },
    {
        "date": "2020-12-08T11:23:58.180Z",
        "value": "0.4421970844268799",
        "cumulative": false
    },
    {
        "date": "2020-12-08T11:24:00.406Z",
        "value": "0.4864335060119629",
        "cumulative": false
    },
    {
        "date": "2020-12-08T11:24:02.568Z",
        "value": "0.39956092834472656",
        "cumulative": false
    },
    {
        "date": "2020-12-08T11:24:04.633Z",
        "value": "0.3316662311553955",
        "cumulative": false
    },
    {
        "date": "2020-12-08T11:24:06.796Z",
        "value": "0.37977027893066406",
        "cumulative": false
    },
    {
        "date": "2020-12-08T11:24:08.998Z",
        "value": "0.3806483745574951",
        "cumulative": false
    },
    {
        "date": "2020-12-08T11:24:11.143Z",
        "value": "0.4340355396270752",
        "cumulative": false
    },
    {
        "date": "2020-12-08T11:24:13.286Z",
        "value": "0.36627864837646484",
        "cumulative": false
    },
    {
        "date": "2020-12-08T11:24:15.522Z",
        "value": "0.43912506103515625",
        "cumulative": false
    },
    {
        "date": "2020-12-08T11:24:17.626Z",
        "value": "0.36994385719299316",
        "cumulative": false
    },
    {
        "date": "2020-12-08T11:24:19.757Z",
        "value": "0.38869380950927734",
        "cumulative": false
    },
    {
        "date": "2020-12-08T11:24:21.930Z",
        "value": "0.3624997138977051",
        "cumulative": false
    },
    {
        "date": "2020-12-08T11:24:24.036Z",
        "value": "0.37181639671325684",
        "cumulative": false
    },
    {
        "date": "2020-12-08T11:24:26.233Z",
        "value": "0.4122612476348877",
        "cumulative": false
    },
    {
        "date": "2020-12-08T11:24:28.521Z",
        "value": "0.5025131702423096",
        "cumulative": false
    },
    {
        "date": "2020-12-08T11:24:30.776Z",
        "value": "0.38278889656066895",
        "cumulative": false
    },
    {
        "date": "2020-12-08T11:24:32.962Z",
        "value": "0.4423866271972656",
        "cumulative": false
    },
    {
        "date": "2020-12-08T11:24:35.058Z",
        "value": "0.38227200508117676",
        "cumulative": false
    },
    {
        "date": "2020-12-08T11:24:37.169Z",
        "value": "0.35484790802001953",
        "cumulative": false
    },
    {
        "date": "2020-12-08T11:24:39.239Z",
        "value": "0.345700740814209",
        "cumulative": false
    },
    {
        "date": "2020-12-08T11:24:41.345Z",
        "value": "0.37641191482543945",
        "cumulative": false
    },
    {
        "date": "2020-12-08T11:24:43.655Z",
        "value": "0.4731144905090332",
        "cumulative": false
    },
    {
        "date": "2020-12-08T11:24:45.848Z",
        "value": "0.39989352226257324",
        "cumulative": false
    },
    {
        "date": "2020-12-08T11:24:47.995Z",
        "value": "0.403667688369751",
        "cumulative": false
    },
    {
        "date": "2020-12-08T11:24:50.111Z",
        "value": "0.3810770511627197",
        "cumulative": false
    },
    {
        "date": "2020-12-08T11:24:52.319Z",
        "value": "0.4077119827270508",
        "cumulative": false
    }
]