[
    {
        "date": "2020-12-08T11:23:52.355Z",
        "value": "58.59375",
        "cumulative": false
    },
    {
        "date": "2020-12-08T11:23:54.449Z",
        "value": "82.03125",
        "cumulative": false
    },
    {
        "date": "2020-12-08T11:23:56.634Z",
        "value": "92.1875",
        "cumulative": false
    },
    {
        "date": "2020-12-08T11:23:58.841Z",
        "value": "96.09375",
        "cumulative": false
    },
    {
        "date": "2020-12-08T11:24:01.071Z",
        "value": "95.3125",
        "cumulative": false
    },
    {
        "date": "2020-12-08T11:24:03.231Z",
        "value": "96.09375",
        "cumulative": false
    },
    {
        "date": "2020-12-08T11:24:05.320Z",
        "value": "96.875",
        "cumulative": false
    },
    {
        "date": "2020-12-08T11:24:07.486Z",
        "value": "97.65625",
        "cumulative": false
    },
    {
        "date": "2020-12-08T11:24:09.667Z",
        "value": "97.65625",
        "cumulative": false
    },
    {
        "date": "2020-12-08T11:24:11.832Z",
        "value": "98.4375",
        "cumulative": false
    },
    {
        "date": "2020-12-08T11:24:13.958Z",
        "value": "100.0",
        "cumulative": false
    },
    {
        "date": "2020-12-08T11:24:16.201Z",
        "value": "100.0",
        "cumulative": false
    },
    {
        "date": "2020-12-08T11:24:18.299Z",
        "value": "99.21875",
        "cumulative": false
    },
    {
        "date": "2020-12-08T11:24:20.507Z",
        "value": "98.4375",
        "cumulative": false
    },
    {
        "date": "2020-12-08T11:24:22.628Z",
        "value": "100.0",
        "cumulative": false
    },
    {
        "date": "2020-12-08T11:24:24.717Z",
        "value": "99.21875",
        "cumulative": false
    },
    {
        "date": "2020-12-08T11:24:26.891Z",
        "value": "98.4375",
        "cumulative": false
    },
    {
        "date": "2020-12-08T11:24:29.264Z",
        "value": "99.21875",
        "cumulative": false
    },
    {
        "date": "2020-12-08T11:24:31.432Z",
        "value": "99.21875",
        "cumulative": false
    },
    {
        "date": "2020-12-08T11:24:33.637Z",
        "value": "100.0",
        "cumulative": false
    },
    {
        "date": "2020-12-08T11:24:35.720Z",
        "value": "100.0",
        "cumulative": false
    },
    {
        "date": "2020-12-08T11:24:37.861Z",
        "value": "100.0",
        "cumulative": false
    },
    {
        "date": "2020-12-08T11:24:39.906Z",
        "value": "98.4375",
        "cumulative": false
    },
    {
        "date": "2020-12-08T11:24:42.057Z",
        "value": "99.21875",
        "cumulative": false
    },
    {
        "date": "2020-12-08T11:24:44.343Z",
        "value": "100.0",
        "cumulative": false
    },
    {
        "date": "2020-12-08T11:24:46.521Z",
        "value": "99.21875",
        "cumulative": false
    },
    {
        "date": "2020-12-08T11:24:48.667Z",
        "value": "98.4375",
        "cumulative": false
    },
    {
        "date": "2020-12-08T11:24:50.877Z",
        "value": "99.21875",
        "cumulative": false
    }
]