[
    {
        "date": "2020-12-08T11:23:53.784Z",
        "value": "0.014537572860717773",
        "cumulative": false
    },
    {
        "date": "2020-12-08T11:23:55.962Z",
        "value": "0.016829729080200195",
        "cumulative": false
    },
    {
        "date": "2020-12-08T11:23:58.185Z",
        "value": "0.013304948806762695",
        "cumulative": false
    },
    {
        "date": "2020-12-08T11:24:00.402Z",
        "value": "0.013999223709106445",
        "cumulative": false
    },
    {
        "date": "2020-12-08T11:24:02.576Z",
        "value": "0.012639522552490234",
        "cumulative": false
    },
    {
        "date": "2020-12-08T11:24:04.647Z",
        "value": "0.01590275764465332",
        "cumulative": false
    },
    {
        "date": "2020-12-08T11:24:06.795Z",
        "value": "0.014101982116699219",
        "cumulative": false
    },
    {
        "date": "2020-12-08T11:24:09.003Z",
        "value": "0.013539791107177734",
        "cumulative": false
    },
    {
        "date": "2020-12-08T11:24:11.139Z",
        "value": "0.013007879257202148",
        "cumulative": false
    },
    {
        "date": "2020-12-08T11:24:13.277Z",
        "value": "0.014041423797607422",
        "cumulative": false
    },
    {
        "date": "2020-12-08T11:24:15.516Z",
        "value": "0.01360774040222168",
        "cumulative": false
    },
    {
        "date": "2020-12-08T11:24:17.621Z",
        "value": "0.01582169532775879",
        "cumulative": false
    },
    {
        "date": "2020-12-08T11:24:19.760Z",
        "value": "0.012942075729370117",
        "cumulative": false
    },
    {
        "date": "2020-12-08T11:24:21.933Z",
        "value": "0.014557838439941406",
        "cumulative": false
    },
    {
        "date": "2020-12-08T11:24:24.044Z",
        "value": "0.014980554580688477",
        "cumulative": false
    },
    {
        "date": "2020-12-08T11:24:26.235Z",
        "value": "0.015460014343261719",
        "cumulative": false
    },
    {
        "date": "2020-12-08T11:24:28.523Z",
        "value": "0.012797117233276367",
        "cumulative": false
    },
    {
        "date": "2020-12-08T11:24:30.774Z",
        "value": "0.012839317321777344",
        "cumulative": false
    },
    {
        "date": "2020-12-08T11:24:32.961Z",
        "value": "0.013544082641601562",
        "cumulative": false
    },
    {
        "date": "2020-12-08T11:24:35.058Z",
        "value": "0.014191389083862305",
        "cumulative": false
    },
    {
        "date": "2020-12-08T11:24:37.164Z",
        "value": "0.013450860977172852",
        "cumulative": false
    },
    {
        "date": "2020-12-08T11:24:39.241Z",
        "value": "0.014659881591796875",
        "cumulative": false
    },
    {
        "date": "2020-12-08T11:24:41.346Z",
        "value": "0.01482248306274414",
        "cumulative": false
    },
    {
        "date": "2020-12-08T11:24:43.661Z",
        "value": "0.014643430709838867",
        "cumulative": false
    },
    {
        "date": "2020-12-08T11:24:45.855Z",
        "value": "0.014139175415039062",
        "cumulative": false
    },
    {
        "date": "2020-12-08T11:24:48.003Z",
        "value": "0.013788938522338867",
        "cumulative": false
    },
    {
        "date": "2020-12-08T11:24:50.101Z",
        "value": "0.012851953506469727",
        "cumulative": false
    },
    {
        "date": "2020-12-08T11:24:52.320Z",
        "value": "0.014248847961425781",
        "cumulative": false
    }
]