[
    {
        "date": "2020-12-08T11:23:53.792Z",
        "value": "0.8866066932678223",
        "cumulative": false
    },
    {
        "date": "2020-12-08T11:23:55.968Z",
        "value": "0.9754195213317871",
        "cumulative": false
    },
    {
        "date": "2020-12-08T11:23:58.196Z",
        "value": "0.9336087703704834",
        "cumulative": false
    },
    {
        "date": "2020-12-08T11:24:00.412Z",
        "value": "0.9539749622344971",
        "cumulative": false
    },
    {
        "date": "2020-12-08T11:24:02.573Z",
        "value": "0.9362976551055908",
        "cumulative": false
    },
    {
        "date": "2020-12-08T11:24:04.639Z",
        "value": "0.8985269069671631",
        "cumulative": false
    },
    {
        "date": "2020-12-08T11:24:06.802Z",
        "value": "0.9147107601165771",
        "cumulative": false
    },
    {
        "date": "2020-12-08T11:24:09.002Z",
        "value": "0.980846643447876",
        "cumulative": false
    },
    {
        "date": "2020-12-08T11:24:11.141Z",
        "value": "0.8865621089935303",
        "cumulative": false
    },
    {
        "date": "2020-12-08T11:24:13.293Z",
        "value": "0.9388899803161621",
        "cumulative": false
    },
    {
        "date": "2020-12-08T11:24:15.525Z",
        "value": "0.9308876991271973",
        "cumulative": false
    },
    {
        "date": "2020-12-08T11:24:17.632Z",
        "value": "0.8613772392272949",
        "cumulative": false
    },
    {
        "date": "2020-12-08T11:24:19.763Z",
        "value": "0.9107308387756348",
        "cumulative": false
    },
    {
        "date": "2020-12-08T11:24:21.921Z",
        "value": "0.9343612194061279",
        "cumulative": false
    },
    {
        "date": "2020-12-08T11:24:24.042Z",
        "value": "0.8896939754486084",
        "cumulative": false
    },
    {
        "date": "2020-12-08T11:24:26.243Z",
        "value": "0.9598970413208008",
        "cumulative": false
    },
    {
        "date": "2020-12-08T11:24:28.527Z",
        "value": "1.0030097961425781",
        "cumulative": false
    },
    {
        "date": "2020-12-08T11:24:30.785Z",
        "value": "0.9447982311248779",
        "cumulative": false
    },
    {
        "date": "2020-12-08T11:24:32.962Z",
        "value": "0.9417397975921631",
        "cumulative": false
    },
    {
        "date": "2020-12-08T11:24:35.062Z",
        "value": "0.9044334888458252",
        "cumulative": false
    },
    {
        "date": "2020-12-08T11:24:37.167Z",
        "value": "0.9192259311676025",
        "cumulative": false
    },
    {
        "date": "2020-12-08T11:24:39.254Z",
        "value": "0.874589204788208",
        "cumulative": false
    },
    {
        "date": "2020-12-08T11:24:41.357Z",
        "value": "0.898179292678833",
        "cumulative": false
    },
    {
        "date": "2020-12-08T11:24:43.667Z",
        "value": "1.0135793685913086",
        "cumulative": false
    },
    {
        "date": "2020-12-08T11:24:45.853Z",
        "value": "0.9410607814788818",
        "cumulative": false
    },
    {
        "date": "2020-12-08T11:24:47.999Z",
        "value": "0.9269473552703857",
        "cumulative": false
    },
    {
        "date": "2020-12-08T11:24:50.118Z",
        "value": "0.8858010768890381",
        "cumulative": false
    },
    {
        "date": "2020-12-08T11:24:52.321Z",
        "value": "0.9178006649017334",
        "cumulative": false
    }
]