[
    {
        "date": "2020-12-08T11:23:53.782Z",
        "value": "3.7899556159973145",
        "cumulative": false
    },
    {
        "date": "2020-12-08T11:23:55.964Z",
        "value": "1.5557167530059814",
        "cumulative": false
    },
    {
        "date": "2020-12-08T11:23:58.182Z",
        "value": "1.6162919998168945",
        "cumulative": false
    },
    {
        "date": "2020-12-08T11:24:00.411Z",
        "value": "1.640009880065918",
        "cumulative": false
    },
    {
        "date": "2020-12-08T11:24:02.572Z",
        "value": "1.576554536819458",
        "cumulative": false
    },
    {
        "date": "2020-12-08T11:24:04.648Z",
        "value": "1.4879517555236816",
        "cumulative": false
    },
    {
        "date": "2020-12-08T11:24:06.799Z",
        "value": "1.544482707977295",
        "cumulative": false
    },
    {
        "date": "2020-12-08T11:24:08.999Z",
        "value": "1.5859627723693848",
        "cumulative": false
    },
    {
        "date": "2020-12-08T11:24:11.138Z",
        "value": "1.5165636539459229",
        "cumulative": false
    },
    {
        "date": "2020-12-08T11:24:13.284Z",
        "value": "1.549358606338501",
        "cumulative": false
    },
    {
        "date": "2020-12-08T11:24:15.518Z",
        "value": "1.595093011856079",
        "cumulative": false
    },
    {
        "date": "2020-12-08T11:24:17.625Z",
        "value": "1.4777917861938477",
        "cumulative": false
    },
    {
        "date": "2020-12-08T11:24:19.761Z",
        "value": "1.5432729721069336",
        "cumulative": false
    },
    {
        "date": "2020-12-08T11:24:21.921Z",
        "value": "1.5262620449066162",
        "cumulative": false
    },
    {
        "date": "2020-12-08T11:24:24.039Z",
        "value": "1.4709901809692383",
        "cumulative": false
    },
    {
        "date": "2020-12-08T11:24:26.232Z",
        "value": "1.5834825038909912",
        "cumulative": false
    },
    {
        "date": "2020-12-08T11:24:28.531Z",
        "value": "1.7181451320648193",
        "cumulative": false
    },
    {
        "date": "2020-12-08T11:24:30.775Z",
        "value": "1.5741043090820312",
        "cumulative": false
    },
    {
        "date": "2020-12-08T11:24:32.958Z",
        "value": "1.5909111499786377",
        "cumulative": false
    },
    {
        "date": "2020-12-08T11:24:35.060Z",
        "value": "1.5042071342468262",
        "cumulative": false
    },
    {
        "date": "2020-12-08T11:24:37.171Z",
        "value": "1.5135765075683594",
        "cumulative": false
    },
    {
        "date": "2020-12-08T11:24:39.242Z",
        "value": "1.4501063823699951",
        "cumulative": false
    },
    {
        "date": "2020-12-08T11:24:41.356Z",
        "value": "1.5203492641448975",
        "cumulative": false
    },
    {
        "date": "2020-12-08T11:24:43.656Z",
        "value": "1.6783323287963867",
        "cumulative": false
    },
    {
        "date": "2020-12-08T11:24:45.850Z",
        "value": "1.5919396877288818",
        "cumulative": false
    },
    {
        "date": "2020-12-08T11:24:47.995Z",
        "value": "1.5480766296386719",
        "cumulative": false
    },
    {
        "date": "2020-12-08T11:24:50.104Z",
        "value": "1.5074331760406494",
        "cumulative": false
    },
    {
        "date": "2020-12-08T11:24:52.325Z",
        "value": "1.5326178073883057",
        "cumulative": false
    }
]