[
    {
        "date": "2020-12-08T11:23:52.355Z",
        "value": "50.78125",
        "cumulative": false
    },
    {
        "date": "2020-12-08T11:23:54.446Z",
        "value": "90.625",
        "cumulative": false
    },
    {
        "date": "2020-12-08T11:23:56.632Z",
        "value": "92.1875",
        "cumulative": false
    },
    {
        "date": "2020-12-08T11:23:58.842Z",
        "value": "93.75",
        "cumulative": false
    },
    {
        "date": "2020-12-08T11:24:01.072Z",
        "value": "98.4375",
        "cumulative": false
    },
    {
        "date": "2020-12-08T11:24:03.231Z",
        "value": "94.53125",
        "cumulative": false
    },
    {
        "date": "2020-12-08T11:24:05.322Z",
        "value": "96.875",
        "cumulative": false
    },
    {
        "date": "2020-12-08T11:24:07.487Z",
        "value": "98.4375",
        "cumulative": false
    },
    {
        "date": "2020-12-08T11:24:09.668Z",
        "value": "96.875",
        "cumulative": false
    },
    {
        "date": "2020-12-08T11:24:11.833Z",
        "value": "97.65625",
        "cumulative": false
    },
    {
        "date": "2020-12-08T11:24:13.957Z",
        "value": "98.4375",
        "cumulative": false
    },
    {
        "date": "2020-12-08T11:24:16.206Z",
        "value": "99.21875",
        "cumulative": false
    },
    {
        "date": "2020-12-08T11:24:18.297Z",
        "value": "99.21875",
        "cumulative": false
    },
    {
        "date": "2020-12-08T11:24:20.507Z",
        "value": "100.0",
        "cumulative": false
    },
    {
        "date": "2020-12-08T11:24:22.630Z",
        "value": "100.0",
        "cumulative": false
    },
    {
        "date": "2020-12-08T11:24:24.717Z",
        "value": "99.21875",
        "cumulative": false
    },
    {
        "date": "2020-12-08T11:24:26.891Z",
        "value": "99.21875",
        "cumulative": false
    },
    {
        "date": "2020-12-08T11:24:29.264Z",
        "value": "98.4375",
        "cumulative": false
    },
    {
        "date": "2020-12-08T11:24:31.433Z",
        "value": "99.21875",
        "cumulative": false
    },
    {
        "date": "2020-12-08T11:24:33.637Z",
        "value": "99.21875",
        "cumulative": false
    },
    {
        "date": "2020-12-08T11:24:35.719Z",
        "value": "99.21875",
        "cumulative": false
    },
    {
        "date": "2020-12-08T11:24:37.861Z",
        "value": "99.21875",
        "cumulative": false
    },
    {
        "date": "2020-12-08T11:24:39.907Z",
        "value": "100.0",
        "cumulative": false
    },
    {
        "date": "2020-12-08T11:24:42.055Z",
        "value": "99.21875",
        "cumulative": false
    },
    {
        "date": "2020-12-08T11:24:44.342Z",
        "value": "98.4375",
        "cumulative": false
    },
    {
        "date": "2020-12-08T11:24:46.522Z",
        "value": "99.21875",
        "cumulative": false
    },
    {
        "date": "2020-12-08T11:24:48.663Z",
        "value": "100.0",
        "cumulative": false
    },
    {
        "date": "2020-12-08T11:24:50.876Z",
        "value": "100.0",
        "cumulative": false
    }
]