[
    {
        "date": "2020-12-08T11:23:53.789Z",
        "value": "3.7710461616516113",
        "cumulative": false
    },
    {
        "date": "2020-12-08T11:23:55.974Z",
        "value": "1.604290246963501",
        "cumulative": false
    },
    {
        "date": "2020-12-08T11:23:58.177Z",
        "value": "1.639242172241211",
        "cumulative": false
    },
    {
        "date": "2020-12-08T11:24:00.407Z",
        "value": "1.6556026935577393",
        "cumulative": false
    },
    {
        "date": "2020-12-08T11:24:02.567Z",
        "value": "1.5817911624908447",
        "cumulative": false
    },
    {
        "date": "2020-12-08T11:24:04.639Z",
        "value": "1.5072650909423828",
        "cumulative": false
    },
    {
        "date": "2020-12-08T11:24:06.797Z",
        "value": "1.5536017417907715",
        "cumulative": false
    },
    {
        "date": "2020-12-08T11:24:09.004Z",
        "value": "1.6022868156433105",
        "cumulative": false
    },
    {
        "date": "2020-12-08T11:24:11.136Z",
        "value": "1.5469870567321777",
        "cumulative": false
    },
    {
        "date": "2020-12-08T11:24:13.278Z",
        "value": "1.5598411560058594",
        "cumulative": false
    },
    {
        "date": "2020-12-08T11:24:15.528Z",
        "value": "1.6400415897369385",
        "cumulative": false
    },
    {
        "date": "2020-12-08T11:24:17.617Z",
        "value": "1.4820868968963623",
        "cumulative": false
    },
    {
        "date": "2020-12-08T11:24:19.758Z",
        "value": "1.5716030597686768",
        "cumulative": false
    },
    {
        "date": "2020-12-08T11:24:21.923Z",
        "value": "1.5654547214508057",
        "cumulative": false
    },
    {
        "date": "2020-12-08T11:24:24.043Z",
        "value": "1.4751338958740234",
        "cumulative": false
    },
    {
        "date": "2020-12-08T11:24:26.226Z",
        "value": "1.6128621101379395",
        "cumulative": false
    },
    {
        "date": "2020-12-08T11:24:28.527Z",
        "value": "1.7290630340576172",
        "cumulative": false
    },
    {
        "date": "2020-12-08T11:24:30.774Z",
        "value": "1.594860553741455",
        "cumulative": false
    },
    {
        "date": "2020-12-08T11:24:32.960Z",
        "value": "1.6229937076568604",
        "cumulative": false
    },
    {
        "date": "2020-12-08T11:24:35.058Z",
        "value": "1.5055878162384033",
        "cumulative": false
    },
    {
        "date": "2020-12-08T11:24:37.164Z",
        "value": "1.5361368656158447",
        "cumulative": false
    },
    {
        "date": "2020-12-08T11:24:39.237Z",
        "value": "1.4684646129608154",
        "cumulative": false
    },
    {
        "date": "2020-12-08T11:24:41.345Z",
        "value": "1.5358843803405762",
        "cumulative": false
    },
    {
        "date": "2020-12-08T11:24:43.663Z",
        "value": "1.7067863941192627",
        "cumulative": false
    },
    {
        "date": "2020-12-08T11:24:45.854Z",
        "value": "1.6189496517181396",
        "cumulative": false
    },
    {
        "date": "2020-12-08T11:24:47.999Z",
        "value": "1.5685372352600098",
        "cumulative": false
    },
    {
        "date": "2020-12-08T11:24:50.101Z",
        "value": "1.5194451808929443",
        "cumulative": false
    },
    {
        "date": "2020-12-08T11:24:52.317Z",
        "value": "1.5641193389892578",
        "cumulative": false
    }
]