[
    {
        "date": "2020-12-08T11:23:53.800Z",
        "value": "0.11513209342956543",
        "cumulative": false
    },
    {
        "date": "2020-12-08T11:23:55.978Z",
        "value": "0.11907625198364258",
        "cumulative": false
    },
    {
        "date": "2020-12-08T11:23:58.190Z",
        "value": "0.11188316345214844",
        "cumulative": false
    },
    {
        "date": "2020-12-08T11:24:00.409Z",
        "value": "0.10959982872009277",
        "cumulative": false
    },
    {
        "date": "2020-12-08T11:24:02.576Z",
        "value": "0.11787652969360352",
        "cumulative": false
    },
    {
        "date": "2020-12-08T11:24:04.641Z",
        "value": "0.11712193489074707",
        "cumulative": false
    },
    {
        "date": "2020-12-08T11:24:06.807Z",
        "value": "0.1212770938873291",
        "cumulative": false
    },
    {
        "date": "2020-12-08T11:24:09.013Z",
        "value": "0.11438107490539551",
        "cumulative": false
    },
    {
        "date": "2020-12-08T11:24:11.145Z",
        "value": "0.1305396556854248",
        "cumulative": false
    },
    {
        "date": "2020-12-08T11:24:13.284Z",
        "value": "0.11549663543701172",
        "cumulative": false
    },
    {
        "date": "2020-12-08T11:24:15.530Z",
        "value": "0.1209414005279541",
        "cumulative": false
    },
    {
        "date": "2020-12-08T11:24:17.628Z",
        "value": "0.11005401611328125",
        "cumulative": false
    },
    {
        "date": "2020-12-08T11:24:19.770Z",
        "value": "0.11249566078186035",
        "cumulative": false
    },
    {
        "date": "2020-12-08T11:24:21.932Z",
        "value": "0.12198758125305176",
        "cumulative": false
    },
    {
        "date": "2020-12-08T11:24:24.046Z",
        "value": "0.1197659969329834",
        "cumulative": false
    },
    {
        "date": "2020-12-08T11:24:26.241Z",
        "value": "0.11710739135742188",
        "cumulative": false
    },
    {
        "date": "2020-12-08T11:24:28.533Z",
        "value": "0.11953306198120117",
        "cumulative": false
    },
    {
        "date": "2020-12-08T11:24:30.779Z",
        "value": "0.11327743530273438",
        "cumulative": false
    },
    {
        "date": "2020-12-08T11:24:32.975Z",
        "value": "0.10973978042602539",
        "cumulative": false
    },
    {
        "date": "2020-12-08T11:24:35.067Z",
        "value": "0.13642501831054688",
        "cumulative": false
    },
    {
        "date": "2020-12-08T11:24:37.172Z",
        "value": "0.12189149856567383",
        "cumulative": false
    },
    {
        "date": "2020-12-08T11:24:39.253Z",
        "value": "0.12486791610717773",
        "cumulative": false
    },
    {
        "date": "2020-12-08T11:24:41.360Z",
        "value": "0.11422395706176758",
        "cumulative": false
    },
    {
        "date": "2020-12-08T11:24:43.669Z",
        "value": "0.11238503456115723",
        "cumulative": false
    },
    {
        "date": "2020-12-08T11:24:45.858Z",
        "value": "0.12079048156738281",
        "cumulative": false
    },
    {
        "date": "2020-12-08T11:24:48.003Z",
        "value": "0.12563562393188477",
        "cumulative": false
    },
    {
        "date": "2020-12-08T11:24:50.113Z",
        "value": "0.11948132514953613",
        "cumulative": false
    },
    {
        "date": "2020-12-08T11:24:52.334Z",
        "value": "0.1277754306793213",
        "cumulative": false
    }
]