[
    {
        "date": "2020-12-08T11:23:53.789Z",
        "value": "0.055220603942871094",
        "cumulative": false
    },
    {
        "date": "2020-12-08T11:23:55.967Z",
        "value": "0.06350207328796387",
        "cumulative": false
    },
    {
        "date": "2020-12-08T11:23:58.190Z",
        "value": "0.049962520599365234",
        "cumulative": false
    },
    {
        "date": "2020-12-08T11:24:00.405Z",
        "value": "0.045163869857788086",
        "cumulative": false
    },
    {
        "date": "2020-12-08T11:24:02.573Z",
        "value": "0.05118751525878906",
        "cumulative": false
    },
    {
        "date": "2020-12-08T11:24:04.641Z",
        "value": "0.058460235595703125",
        "cumulative": false
    },
    {
        "date": "2020-12-08T11:24:06.802Z",
        "value": "0.05005598068237305",
        "cumulative": false
    },
    {
        "date": "2020-12-08T11:24:09.006Z",
        "value": "0.05221104621887207",
        "cumulative": false
    },
    {
        "date": "2020-12-08T11:24:11.146Z",
        "value": "0.05497336387634277",
        "cumulative": false
    },
    {
        "date": "2020-12-08T11:24:13.280Z",
        "value": "0.04928874969482422",
        "cumulative": false
    },
    {
        "date": "2020-12-08T11:24:15.520Z",
        "value": "0.045026540756225586",
        "cumulative": false
    },
    {
        "date": "2020-12-08T11:24:17.625Z",
        "value": "0.06143999099731445",
        "cumulative": false
    },
    {
        "date": "2020-12-08T11:24:19.775Z",
        "value": "0.051077842712402344",
        "cumulative": false
    },
    {
        "date": "2020-12-08T11:24:21.926Z",
        "value": "0.05893588066101074",
        "cumulative": false
    },
    {
        "date": "2020-12-08T11:24:24.048Z",
        "value": "0.04822897911071777",
        "cumulative": false
    },
    {
        "date": "2020-12-08T11:24:26.235Z",
        "value": "0.04413151741027832",
        "cumulative": false
    },
    {
        "date": "2020-12-08T11:24:28.530Z",
        "value": "0.04034543037414551",
        "cumulative": false
    },
    {
        "date": "2020-12-08T11:24:30.778Z",
        "value": "0.04716134071350098",
        "cumulative": false
    },
    {
        "date": "2020-12-08T11:24:32.963Z",
        "value": "0.05335807800292969",
        "cumulative": false
    },
    {
        "date": "2020-12-08T11:24:35.062Z",
        "value": "0.05320334434509277",
        "cumulative": false
    },
    {
        "date": "2020-12-08T11:24:37.172Z",
        "value": "0.06444644927978516",
        "cumulative": false
    },
    {
        "date": "2020-12-08T11:24:39.254Z",
        "value": "0.05599641799926758",
        "cumulative": false
    },
    {
        "date": "2020-12-08T11:24:41.351Z",
        "value": "0.06296753883361816",
        "cumulative": false
    },
    {
        "date": "2020-12-08T11:24:43.668Z",
        "value": "0.053374528884887695",
        "cumulative": false
    },
    {
        "date": "2020-12-08T11:24:45.851Z",
        "value": "0.05163455009460449",
        "cumulative": false
    },
    {
        "date": "2020-12-08T11:24:48.007Z",
        "value": "0.05156970024108887",
        "cumulative": false
    },
    {
        "date": "2020-12-08T11:24:50.109Z",
        "value": "0.05133557319641113",
        "cumulative": false
    },
    {
        "date": "2020-12-08T11:24:52.319Z",
        "value": "0.05000805854797363",
        "cumulative": false
    }
]