[
    {
        "date": "2020-12-08T11:23:53.793Z",
        "value": "3.7982659339904785",
        "cumulative": false
    },
    {
        "date": "2020-12-08T11:23:55.966Z",
        "value": "1.5655021667480469",
        "cumulative": false
    },
    {
        "date": "2020-12-08T11:23:58.185Z",
        "value": "1.6246676445007324",
        "cumulative": false
    },
    {
        "date": "2020-12-08T11:24:00.407Z",
        "value": "1.643310785293579",
        "cumulative": false
    },
    {
        "date": "2020-12-08T11:24:02.586Z",
        "value": "1.5662622451782227",
        "cumulative": false
    },
    {
        "date": "2020-12-08T11:24:04.639Z",
        "value": "1.4924860000610352",
        "cumulative": false
    },
    {
        "date": "2020-12-08T11:24:06.802Z",
        "value": "1.5324375629425049",
        "cumulative": false
    },
    {
        "date": "2020-12-08T11:24:09.011Z",
        "value": "1.5920612812042236",
        "cumulative": false
    },
    {
        "date": "2020-12-08T11:24:11.144Z",
        "value": "1.5174872875213623",
        "cumulative": false
    },
    {
        "date": "2020-12-08T11:24:13.282Z",
        "value": "1.5378248691558838",
        "cumulative": false
    },
    {
        "date": "2020-12-08T11:24:15.527Z",
        "value": "1.6170365810394287",
        "cumulative": false
    },
    {
        "date": "2020-12-08T11:24:17.629Z",
        "value": "1.4694550037384033",
        "cumulative": false
    },
    {
        "date": "2020-12-08T11:24:19.765Z",
        "value": "1.5427677631378174",
        "cumulative": false
    },
    {
        "date": "2020-12-08T11:24:21.928Z",
        "value": "1.5474257469177246",
        "cumulative": false
    },
    {
        "date": "2020-12-08T11:24:24.044Z",
        "value": "1.477940320968628",
        "cumulative": false
    },
    {
        "date": "2020-12-08T11:24:26.238Z",
        "value": "1.5804474353790283",
        "cumulative": false
    },
    {
        "date": "2020-12-08T11:24:28.529Z",
        "value": "1.7087442874908447",
        "cumulative": false
    },
    {
        "date": "2020-12-08T11:24:30.776Z",
        "value": "1.5831148624420166",
        "cumulative": false
    },
    {
        "date": "2020-12-08T11:24:32.963Z",
        "value": "1.5932295322418213",
        "cumulative": false
    },
    {
        "date": "2020-12-08T11:24:35.063Z",
        "value": "1.5009245872497559",
        "cumulative": false
    },
    {
        "date": "2020-12-08T11:24:37.177Z",
        "value": "1.516660213470459",
        "cumulative": false
    },
    {
        "date": "2020-12-08T11:24:39.243Z",
        "value": "1.4461188316345215",
        "cumulative": false
    },
    {
        "date": "2020-12-08T11:24:41.352Z",
        "value": "1.5134458541870117",
        "cumulative": false
    },
    {
        "date": "2020-12-08T11:24:43.665Z",
        "value": "1.696340560913086",
        "cumulative": false
    },
    {
        "date": "2020-12-08T11:24:45.852Z",
        "value": "1.598465919494629",
        "cumulative": false
    },
    {
        "date": "2020-12-08T11:24:48.000Z",
        "value": "1.5377519130706787",
        "cumulative": false
    },
    {
        "date": "2020-12-08T11:24:50.112Z",
        "value": "1.5119664669036865",
        "cumulative": false
    },
    {
        "date": "2020-12-08T11:24:52.332Z",
        "value": "1.5461812019348145",
        "cumulative": false
    }
]