[
    {
        "date": "2020-12-08T11:23:53.785Z",
        "value": "0.05387377738952637",
        "cumulative": false
    },
    {
        "date": "2020-12-08T11:23:55.964Z",
        "value": "0.0627751350402832",
        "cumulative": false
    },
    {
        "date": "2020-12-08T11:23:58.182Z",
        "value": "0.05946969985961914",
        "cumulative": false
    },
    {
        "date": "2020-12-08T11:24:00.411Z",
        "value": "0.060581207275390625",
        "cumulative": false
    },
    {
        "date": "2020-12-08T11:24:02.572Z",
        "value": "0.0635986328125",
        "cumulative": false
    },
    {
        "date": "2020-12-08T11:24:04.649Z",
        "value": "0.05447268486022949",
        "cumulative": false
    },
    {
        "date": "2020-12-08T11:24:06.799Z",
        "value": "0.06026816368103027",
        "cumulative": false
    },
    {
        "date": "2020-12-08T11:24:08.999Z",
        "value": "0.05812430381774902",
        "cumulative": false
    },
    {
        "date": "2020-12-08T11:24:11.138Z",
        "value": "0.07092404365539551",
        "cumulative": false
    },
    {
        "date": "2020-12-08T11:24:13.284Z",
        "value": "0.05620861053466797",
        "cumulative": false
    },
    {
        "date": "2020-12-08T11:24:15.518Z",
        "value": "0.05959653854370117",
        "cumulative": false
    },
    {
        "date": "2020-12-08T11:24:17.625Z",
        "value": "0.061762094497680664",
        "cumulative": false
    },
    {
        "date": "2020-12-08T11:24:19.761Z",
        "value": "0.06064605712890625",
        "cumulative": false
    },
    {
        "date": "2020-12-08T11:24:21.921Z",
        "value": "0.05899977684020996",
        "cumulative": false
    },
    {
        "date": "2020-12-08T11:24:24.039Z",
        "value": "0.04894661903381348",
        "cumulative": false
    },
    {
        "date": "2020-12-08T11:24:26.232Z",
        "value": "0.05886507034301758",
        "cumulative": false
    },
    {
        "date": "2020-12-08T11:24:28.532Z",
        "value": "0.05337238311767578",
        "cumulative": false
    },
    {
        "date": "2020-12-08T11:24:30.775Z",
        "value": "0.059058189392089844",
        "cumulative": false
    },
    {
        "date": "2020-12-08T11:24:32.958Z",
        "value": "0.06104707717895508",
        "cumulative": false
    },
    {
        "date": "2020-12-08T11:24:35.060Z",
        "value": "0.05787801742553711",
        "cumulative": false
    },
    {
        "date": "2020-12-08T11:24:37.171Z",
        "value": "0.06593823432922363",
        "cumulative": false
    },
    {
        "date": "2020-12-08T11:24:39.242Z",
        "value": "0.0592036247253418",
        "cumulative": false
    },
    {
        "date": "2020-12-08T11:24:41.356Z",
        "value": "0.06340909004211426",
        "cumulative": false
    },
    {
        "date": "2020-12-08T11:24:43.656Z",
        "value": "0.05659651756286621",
        "cumulative": false
    },
    {
        "date": "2020-12-08T11:24:45.850Z",
        "value": "0.056210994720458984",
        "cumulative": false
    },
    {
        "date": "2020-12-08T11:24:47.995Z",
        "value": "0.06031537055969238",
        "cumulative": false
    },
    {
        "date": "2020-12-08T11:24:50.104Z",
        "value": "0.05440115928649902",
        "cumulative": false
    },
    {
        "date": "2020-12-08T11:24:52.325Z",
        "value": "0.06151700019836426",
        "cumulative": false
    }
]