[
    {
        "date": "2020-12-08T11:23:53.790Z",
        "value": "1.1660652160644531",
        "cumulative": false
    },
    {
        "date": "2020-12-08T11:23:55.967Z",
        "value": "1.0145468711853027",
        "cumulative": false
    },
    {
        "date": "2020-12-08T11:23:58.190Z",
        "value": "1.012176275253296",
        "cumulative": false
    },
    {
        "date": "2020-12-08T11:24:00.405Z",
        "value": "1.0040016174316406",
        "cumulative": false
    },
    {
        "date": "2020-12-08T11:24:02.574Z",
        "value": "0.9929907321929932",
        "cumulative": false
    },
    {
        "date": "2020-12-08T11:24:04.641Z",
        "value": "0.9497983455657959",
        "cumulative": false
    },
    {
        "date": "2020-12-08T11:24:06.802Z",
        "value": "0.9775383472442627",
        "cumulative": false
    },
    {
        "date": "2020-12-08T11:24:09.006Z",
        "value": "1.0456535816192627",
        "cumulative": false
    },
    {
        "date": "2020-12-08T11:24:11.146Z",
        "value": "0.945667028427124",
        "cumulative": false
    },
    {
        "date": "2020-12-08T11:24:13.280Z",
        "value": "0.9933929443359375",
        "cumulative": false
    },
    {
        "date": "2020-12-08T11:24:15.520Z",
        "value": "1.024299144744873",
        "cumulative": false
    },
    {
        "date": "2020-12-08T11:24:17.625Z",
        "value": "0.9114830493927002",
        "cumulative": false
    },
    {
        "date": "2020-12-08T11:24:19.775Z",
        "value": "0.9769449234008789",
        "cumulative": false
    },
    {
        "date": "2020-12-08T11:24:21.926Z",
        "value": "1.0070440769195557",
        "cumulative": false
    },
    {
        "date": "2020-12-08T11:24:24.048Z",
        "value": "0.9562246799468994",
        "cumulative": false
    },
    {
        "date": "2020-12-08T11:24:26.235Z",
        "value": "1.0269219875335693",
        "cumulative": false
    },
    {
        "date": "2020-12-08T11:24:28.530Z",
        "value": "1.0735101699829102",
        "cumulative": false
    },
    {
        "date": "2020-12-08T11:24:30.778Z",
        "value": "1.0104122161865234",
        "cumulative": false
    },
    {
        "date": "2020-12-08T11:24:32.963Z",
        "value": "1.0020606517791748",
        "cumulative": false
    },
    {
        "date": "2020-12-08T11:24:35.062Z",
        "value": "0.9394214153289795",
        "cumulative": false
    },
    {
        "date": "2020-12-08T11:24:37.172Z",
        "value": "0.9529242515563965",
        "cumulative": false
    },
    {
        "date": "2020-12-08T11:24:39.254Z",
        "value": "0.9196686744689941",
        "cumulative": false
    },
    {
        "date": "2020-12-08T11:24:41.351Z",
        "value": "0.9629147052764893",
        "cumulative": false
    },
    {
        "date": "2020-12-08T11:24:43.668Z",
        "value": "1.0600240230560303",
        "cumulative": false
    },
    {
        "date": "2020-12-08T11:24:45.851Z",
        "value": "1.0272369384765625",
        "cumulative": false
    },
    {
        "date": "2020-12-08T11:24:48.007Z",
        "value": "0.9849803447723389",
        "cumulative": false
    },
    {
        "date": "2020-12-08T11:24:50.109Z",
        "value": "0.941645622253418",
        "cumulative": false
    },
    {
        "date": "2020-12-08T11:24:52.319Z",
        "value": "0.9723353385925293",
        "cumulative": false
    }
]