[
    {
        "date": "2020-12-08T11:23:52.355Z",
        "value": "11.71875",
        "cumulative": false
    },
    {
        "date": "2020-12-08T11:23:54.444Z",
        "value": "34.375",
        "cumulative": false
    },
    {
        "date": "2020-12-08T11:23:56.633Z",
        "value": "50.0",
        "cumulative": false
    },
    {
        "date": "2020-12-08T11:23:58.842Z",
        "value": "46.09375",
        "cumulative": false
    },
    {
        "date": "2020-12-08T11:24:01.072Z",
        "value": "49.21875",
        "cumulative": false
    },
    {
        "date": "2020-12-08T11:24:03.234Z",
        "value": "52.34375",
        "cumulative": false
    },
    {
        "date": "2020-12-08T11:24:05.322Z",
        "value": "59.375",
        "cumulative": false
    },
    {
        "date": "2020-12-08T11:24:07.488Z",
        "value": "63.28125",
        "cumulative": false
    },
    {
        "date": "2020-12-08T11:24:09.667Z",
        "value": "69.53125",
        "cumulative": false
    },
    {
        "date": "2020-12-08T11:24:11.832Z",
        "value": "75.0",
        "cumulative": false
    },
    {
        "date": "2020-12-08T11:24:13.964Z",
        "value": "69.53125",
        "cumulative": false
    },
    {
        "date": "2020-12-08T11:24:16.204Z",
        "value": "64.0625",
        "cumulative": false
    },
    {
        "date": "2020-12-08T11:24:18.297Z",
        "value": "71.875",
        "cumulative": false
    },
    {
        "date": "2020-12-08T11:24:20.508Z",
        "value": "75.78125",
        "cumulative": false
    },
    {
        "date": "2020-12-08T11:24:22.630Z",
        "value": "78.90625",
        "cumulative": false
    },
    {
        "date": "2020-12-08T11:24:24.717Z",
        "value": "80.46875",
        "cumulative": false
    },
    {
        "date": "2020-12-08T11:24:26.891Z",
        "value": "75.78125",
        "cumulative": false
    },
    {
        "date": "2020-12-08T11:24:29.270Z",
        "value": "75.78125",
        "cumulative": false
    },
    {
        "date": "2020-12-08T11:24:31.433Z",
        "value": "82.8125",
        "cumulative": false
    },
    {
        "date": "2020-12-08T11:24:33.638Z",
        "value": "80.46875",
        "cumulative": false
    },
    {
        "date": "2020-12-08T11:24:35.723Z",
        "value": "85.9375",
        "cumulative": false
    },
    {
        "date": "2020-12-08T11:24:37.860Z",
        "value": "89.0625",
        "cumulative": false
    },
    {
        "date": "2020-12-08T11:24:39.906Z",
        "value": "84.375",
        "cumulative": false
    },
    {
        "date": "2020-12-08T11:24:42.057Z",
        "value": "82.03125",
        "cumulative": false
    },
    {
        "date": "2020-12-08T11:24:44.342Z",
        "value": "78.90625",
        "cumulative": false
    },
    {
        "date": "2020-12-08T11:24:46.525Z",
        "value": "73.4375",
        "cumulative": false
    },
    {
        "date": "2020-12-08T11:24:48.665Z",
        "value": "86.71875",
        "cumulative": false
    },
    {
        "date": "2020-12-08T11:24:50.878Z",
        "value": "84.375",
        "cumulative": false
    }
]