[
    {
        "date": "2020-12-08T11:23:53.798Z",
        "value": "0.0052716732025146484",
        "cumulative": false
    },
    {
        "date": "2020-12-08T11:23:55.983Z",
        "value": "0.005654573440551758",
        "cumulative": false
    },
    {
        "date": "2020-12-08T11:23:58.195Z",
        "value": "0.00529170036315918",
        "cumulative": false
    },
    {
        "date": "2020-12-08T11:24:00.424Z",
        "value": "0.0050809383392333984",
        "cumulative": false
    },
    {
        "date": "2020-12-08T11:24:02.583Z",
        "value": "0.0056362152099609375",
        "cumulative": false
    },
    {
        "date": "2020-12-08T11:24:04.654Z",
        "value": "0.005620718002319336",
        "cumulative": false
    },
    {
        "date": "2020-12-08T11:24:06.811Z",
        "value": "0.0053310394287109375",
        "cumulative": false
    },
    {
        "date": "2020-12-08T11:24:09.006Z",
        "value": "0.005167961120605469",
        "cumulative": false
    },
    {
        "date": "2020-12-08T11:24:11.148Z",
        "value": "0.005156993865966797",
        "cumulative": false
    },
    {
        "date": "2020-12-08T11:24:13.283Z",
        "value": "0.004901409149169922",
        "cumulative": false
    },
    {
        "date": "2020-12-08T11:24:15.524Z",
        "value": "0.005441188812255859",
        "cumulative": false
    },
    {
        "date": "2020-12-08T11:24:17.632Z",
        "value": "0.005930900573730469",
        "cumulative": false
    },
    {
        "date": "2020-12-08T11:24:19.772Z",
        "value": "0.004911661148071289",
        "cumulative": false
    },
    {
        "date": "2020-12-08T11:24:21.930Z",
        "value": "0.005300045013427734",
        "cumulative": false
    },
    {
        "date": "2020-12-08T11:24:24.045Z",
        "value": "0.005857944488525391",
        "cumulative": false
    },
    {
        "date": "2020-12-08T11:24:26.236Z",
        "value": "0.005263566970825195",
        "cumulative": false
    },
    {
        "date": "2020-12-08T11:24:28.534Z",
        "value": "0.0057375431060791016",
        "cumulative": false
    },
    {
        "date": "2020-12-08T11:24:30.786Z",
        "value": "0.005708217620849609",
        "cumulative": false
    },
    {
        "date": "2020-12-08T11:24:32.969Z",
        "value": "0.004893302917480469",
        "cumulative": false
    },
    {
        "date": "2020-12-08T11:24:35.066Z",
        "value": "0.0062334537506103516",
        "cumulative": false
    },
    {
        "date": "2020-12-08T11:24:37.177Z",
        "value": "0.005341291427612305",
        "cumulative": false
    },
    {
        "date": "2020-12-08T11:24:39.250Z",
        "value": "0.005040407180786133",
        "cumulative": false
    },
    {
        "date": "2020-12-08T11:24:41.355Z",
        "value": "0.00576019287109375",
        "cumulative": false
    },
    {
        "date": "2020-12-08T11:24:43.662Z",
        "value": "0.005043506622314453",
        "cumulative": false
    },
    {
        "date": "2020-12-08T11:24:45.861Z",
        "value": "0.0052394866943359375",
        "cumulative": false
    },
    {
        "date": "2020-12-08T11:24:48.008Z",
        "value": "0.01251983642578125",
        "cumulative": false
    },
    {
        "date": "2020-12-08T11:24:50.111Z",
        "value": "0.004927873611450195",
        "cumulative": false
    },
    {
        "date": "2020-12-08T11:24:52.330Z",
        "value": "0.0056879520416259766",
        "cumulative": false
    }
]