[
    {
        "date": "2020-12-08T11:23:52.354Z",
        "value": "2.446298360824585",
        "cumulative": false
    },
    {
        "date": "2020-12-08T11:23:54.447Z",
        "value": "1.686596155166626",
        "cumulative": false
    },
    {
        "date": "2020-12-08T11:23:56.633Z",
        "value": "1.5353238582611084",
        "cumulative": false
    },
    {
        "date": "2020-12-08T11:23:58.844Z",
        "value": "1.4348220825195312",
        "cumulative": false
    },
    {
        "date": "2020-12-08T11:24:01.072Z",
        "value": "1.1790461540222168",
        "cumulative": false
    },
    {
        "date": "2020-12-08T11:24:03.232Z",
        "value": "1.150369644165039",
        "cumulative": false
    },
    {
        "date": "2020-12-08T11:24:05.321Z",
        "value": "1.1426371335983276",
        "cumulative": false
    },
    {
        "date": "2020-12-08T11:24:07.487Z",
        "value": "0.7279940247535706",
        "cumulative": false
    },
    {
        "date": "2020-12-08T11:24:09.670Z",
        "value": "0.9056674838066101",
        "cumulative": false
    },
    {
        "date": "2020-12-08T11:24:11.833Z",
        "value": "0.9417283535003662",
        "cumulative": false
    },
    {
        "date": "2020-12-08T11:24:13.959Z",
        "value": "0.8916028738021851",
        "cumulative": false
    },
    {
        "date": "2020-12-08T11:24:16.202Z",
        "value": "0.7764052748680115",
        "cumulative": false
    },
    {
        "date": "2020-12-08T11:24:18.294Z",
        "value": "0.6326024532318115",
        "cumulative": false
    },
    {
        "date": "2020-12-08T11:24:20.509Z",
        "value": "0.6612629890441895",
        "cumulative": false
    },
    {
        "date": "2020-12-08T11:24:22.631Z",
        "value": "0.7872343063354492",
        "cumulative": false
    },
    {
        "date": "2020-12-08T11:24:24.718Z",
        "value": "0.6131365895271301",
        "cumulative": false
    },
    {
        "date": "2020-12-08T11:24:26.891Z",
        "value": "0.5241037607192993",
        "cumulative": false
    },
    {
        "date": "2020-12-08T11:24:29.265Z",
        "value": "0.5790059566497803",
        "cumulative": false
    },
    {
        "date": "2020-12-08T11:24:31.433Z",
        "value": "0.5808298587799072",
        "cumulative": false
    },
    {
        "date": "2020-12-08T11:24:33.638Z",
        "value": "0.5451444387435913",
        "cumulative": false
    },
    {
        "date": "2020-12-08T11:24:35.721Z",
        "value": "0.6288906931877136",
        "cumulative": false
    },
    {
        "date": "2020-12-08T11:24:37.861Z",
        "value": "0.5955862402915955",
        "cumulative": false
    },
    {
        "date": "2020-12-08T11:24:39.907Z",
        "value": "0.41312840580940247",
        "cumulative": false
    },
    {
        "date": "2020-12-08T11:24:42.056Z",
        "value": "0.448859840631485",
        "cumulative": false
    },
    {
        "date": "2020-12-08T11:24:44.344Z",
        "value": "0.45087960362434387",
        "cumulative": false
    },
    {
        "date": "2020-12-08T11:24:46.524Z",
        "value": "0.4861237704753876",
        "cumulative": false
    },
    {
        "date": "2020-12-08T11:24:48.664Z",
        "value": "0.3605925738811493",
        "cumulative": false
    },
    {
        "date": "2020-12-08T11:24:50.878Z",
        "value": "0.3468325138092041",
        "cumulative": false
    }
]