[
    {
        "date": "2020-12-08T11:23:53.793Z",
        "value": "0.12348127365112305",
        "cumulative": false
    },
    {
        "date": "2020-12-08T11:23:55.968Z",
        "value": "0.11597466468811035",
        "cumulative": false
    },
    {
        "date": "2020-12-08T11:23:58.181Z",
        "value": "0.1130361557006836",
        "cumulative": false
    },
    {
        "date": "2020-12-08T11:24:00.404Z",
        "value": "0.11710929870605469",
        "cumulative": false
    },
    {
        "date": "2020-12-08T11:24:02.570Z",
        "value": "0.1203310489654541",
        "cumulative": false
    },
    {
        "date": "2020-12-08T11:24:04.636Z",
        "value": "0.12027883529663086",
        "cumulative": false
    },
    {
        "date": "2020-12-08T11:24:06.799Z",
        "value": "0.1211860179901123",
        "cumulative": false
    },
    {
        "date": "2020-12-08T11:24:08.998Z",
        "value": "0.1254265308380127",
        "cumulative": false
    },
    {
        "date": "2020-12-08T11:24:11.136Z",
        "value": "0.12376689910888672",
        "cumulative": false
    },
    {
        "date": "2020-12-08T11:24:13.276Z",
        "value": "0.12690067291259766",
        "cumulative": false
    },
    {
        "date": "2020-12-08T11:24:15.516Z",
        "value": "0.11667680740356445",
        "cumulative": false
    },
    {
        "date": "2020-12-08T11:24:17.628Z",
        "value": "0.1239323616027832",
        "cumulative": false
    },
    {
        "date": "2020-12-08T11:24:19.761Z",
        "value": "0.12269330024719238",
        "cumulative": false
    },
    {
        "date": "2020-12-08T11:24:21.922Z",
        "value": "0.1259760856628418",
        "cumulative": false
    },
    {
        "date": "2020-12-08T11:24:24.044Z",
        "value": "0.12594056129455566",
        "cumulative": false
    },
    {
        "date": "2020-12-08T11:24:26.236Z",
        "value": "0.1266496181488037",
        "cumulative": false
    },
    {
        "date": "2020-12-08T11:24:28.537Z",
        "value": "0.12334680557250977",
        "cumulative": false
    },
    {
        "date": "2020-12-08T11:24:30.777Z",
        "value": "0.12043499946594238",
        "cumulative": false
    },
    {
        "date": "2020-12-08T11:24:32.962Z",
        "value": "0.12045979499816895",
        "cumulative": false
    },
    {
        "date": "2020-12-08T11:24:35.059Z",
        "value": "0.12535595893859863",
        "cumulative": false
    },
    {
        "date": "2020-12-08T11:24:37.170Z",
        "value": "0.12013578414916992",
        "cumulative": false
    },
    {
        "date": "2020-12-08T11:24:39.241Z",
        "value": "0.12357187271118164",
        "cumulative": false
    },
    {
        "date": "2020-12-08T11:24:41.346Z",
        "value": "0.13109087944030762",
        "cumulative": false
    },
    {
        "date": "2020-12-08T11:24:43.660Z",
        "value": "0.11284971237182617",
        "cumulative": false
    },
    {
        "date": "2020-12-08T11:24:45.852Z",
        "value": "0.11351394653320312",
        "cumulative": false
    },
    {
        "date": "2020-12-08T11:24:47.995Z",
        "value": "0.13042902946472168",
        "cumulative": false
    },
    {
        "date": "2020-12-08T11:24:50.112Z",
        "value": "0.12682533264160156",
        "cumulative": false
    },
    {
        "date": "2020-12-08T11:24:52.320Z",
        "value": "0.12175464630126953",
        "cumulative": false
    }
]