[
    {
        "date": "2020-12-08T11:23:53.798Z",
        "value": "0.16339993476867676",
        "cumulative": false
    },
    {
        "date": "2020-12-08T11:23:55.989Z",
        "value": "0.2088930606842041",
        "cumulative": false
    },
    {
        "date": "2020-12-08T11:23:58.208Z",
        "value": "0.24238872528076172",
        "cumulative": false
    },
    {
        "date": "2020-12-08T11:24:00.432Z",
        "value": "0.2778503894805908",
        "cumulative": false
    },
    {
        "date": "2020-12-08T11:24:02.598Z",
        "value": "0.2256760597229004",
        "cumulative": false
    },
    {
        "date": "2020-12-08T11:24:04.665Z",
        "value": "0.20760607719421387",
        "cumulative": false
    },
    {
        "date": "2020-12-08T11:24:06.831Z",
        "value": "0.2277071475982666",
        "cumulative": false
    },
    {
        "date": "2020-12-08T11:24:09.025Z",
        "value": "0.23303771018981934",
        "cumulative": false
    },
    {
        "date": "2020-12-08T11:24:11.169Z",
        "value": "0.23686432838439941",
        "cumulative": false
    },
    {
        "date": "2020-12-08T11:24:13.307Z",
        "value": "0.2319965362548828",
        "cumulative": false
    },
    {
        "date": "2020-12-08T11:24:15.549Z",
        "value": "0.2334451675415039",
        "cumulative": false
    },
    {
        "date": "2020-12-08T11:24:17.651Z",
        "value": "0.21652889251708984",
        "cumulative": false
    },
    {
        "date": "2020-12-08T11:24:19.799Z",
        "value": "0.24258732795715332",
        "cumulative": false
    },
    {
        "date": "2020-12-08T11:24:21.944Z",
        "value": "0.21750879287719727",
        "cumulative": false
    },
    {
        "date": "2020-12-08T11:24:24.063Z",
        "value": "0.20233798027038574",
        "cumulative": false
    },
    {
        "date": "2020-12-08T11:24:26.261Z",
        "value": "0.24515032768249512",
        "cumulative": false
    },
    {
        "date": "2020-12-08T11:24:28.549Z",
        "value": "0.23955368995666504",
        "cumulative": false
    },
    {
        "date": "2020-12-08T11:24:30.805Z",
        "value": "0.23495721817016602",
        "cumulative": false
    },
    {
        "date": "2020-12-08T11:24:32.983Z",
        "value": "0.2413790225982666",
        "cumulative": false
    },
    {
        "date": "2020-12-08T11:24:35.087Z",
        "value": "0.22928881645202637",
        "cumulative": false
    },
    {
        "date": "2020-12-08T11:24:37.194Z",
        "value": "0.22989201545715332",
        "cumulative": false
    },
    {
        "date": "2020-12-08T11:24:39.268Z",
        "value": "0.21622061729431152",
        "cumulative": false
    },
    {
        "date": "2020-12-08T11:24:41.376Z",
        "value": "0.23007965087890625",
        "cumulative": false
    },
    {
        "date": "2020-12-08T11:24:43.681Z",
        "value": "0.2709023952484131",
        "cumulative": false
    },
    {
        "date": "2020-12-08T11:24:45.874Z",
        "value": "0.22556638717651367",
        "cumulative": false
    },
    {
        "date": "2020-12-08T11:24:48.027Z",
        "value": "0.2469313144683838",
        "cumulative": false
    },
    {
        "date": "2020-12-08T11:24:50.127Z",
        "value": "0.24587345123291016",
        "cumulative": false
    },
    {
        "date": "2020-12-08T11:24:52.332Z",
        "value": "0.2486858367919922",
        "cumulative": false
    }
]