[
    {
        "date": "2020-12-08T11:23:53.793Z",
        "value": "0.9317319393157959",
        "cumulative": false
    },
    {
        "date": "2020-12-08T11:23:55.974Z",
        "value": "1.0027856826782227",
        "cumulative": false
    },
    {
        "date": "2020-12-08T11:23:58.200Z",
        "value": "0.9743430614471436",
        "cumulative": false
    },
    {
        "date": "2020-12-08T11:24:00.414Z",
        "value": "0.9914097785949707",
        "cumulative": false
    },
    {
        "date": "2020-12-08T11:24:02.578Z",
        "value": "0.9464375972747803",
        "cumulative": false
    },
    {
        "date": "2020-12-08T11:24:04.641Z",
        "value": "0.9066498279571533",
        "cumulative": false
    },
    {
        "date": "2020-12-08T11:24:06.805Z",
        "value": "0.938941478729248",
        "cumulative": false
    },
    {
        "date": "2020-12-08T11:24:09.007Z",
        "value": "1.0103776454925537",
        "cumulative": false
    },
    {
        "date": "2020-12-08T11:24:11.148Z",
        "value": "0.895211935043335",
        "cumulative": false
    },
    {
        "date": "2020-12-08T11:24:13.288Z",
        "value": "0.9622330665588379",
        "cumulative": false
    },
    {
        "date": "2020-12-08T11:24:15.524Z",
        "value": "0.960637092590332",
        "cumulative": false
    },
    {
        "date": "2020-12-08T11:24:17.638Z",
        "value": "0.8802404403686523",
        "cumulative": false
    },
    {
        "date": "2020-12-08T11:24:19.766Z",
        "value": "0.9299342632293701",
        "cumulative": false
    },
    {
        "date": "2020-12-08T11:24:21.926Z",
        "value": "0.9817919731140137",
        "cumulative": false
    },
    {
        "date": "2020-12-08T11:24:24.050Z",
        "value": "0.9254863262176514",
        "cumulative": false
    },
    {
        "date": "2020-12-08T11:24:26.235Z",
        "value": "0.9875462055206299",
        "cumulative": false
    },
    {
        "date": "2020-12-08T11:24:28.531Z",
        "value": "1.0297536849975586",
        "cumulative": false
    },
    {
        "date": "2020-12-08T11:24:30.784Z",
        "value": "0.9765667915344238",
        "cumulative": false
    },
    {
        "date": "2020-12-08T11:24:32.965Z",
        "value": "0.9813265800476074",
        "cumulative": false
    },
    {
        "date": "2020-12-08T11:24:35.071Z",
        "value": "0.9231722354888916",
        "cumulative": false
    },
    {
        "date": "2020-12-08T11:24:37.177Z",
        "value": "0.9153456687927246",
        "cumulative": false
    },
    {
        "date": "2020-12-08T11:24:39.252Z",
        "value": "0.8819048404693604",
        "cumulative": false
    },
    {
        "date": "2020-12-08T11:24:41.359Z",
        "value": "0.9310228824615479",
        "cumulative": false
    },
    {
        "date": "2020-12-08T11:24:43.661Z",
        "value": "1.0339581966400146",
        "cumulative": false
    },
    {
        "date": "2020-12-08T11:24:45.859Z",
        "value": "0.9905743598937988",
        "cumulative": false
    },
    {
        "date": "2020-12-08T11:24:48.002Z",
        "value": "0.9179463386535645",
        "cumulative": false
    },
    {
        "date": "2020-12-08T11:24:50.111Z",
        "value": "0.9331059455871582",
        "cumulative": false
    },
    {
        "date": "2020-12-08T11:24:52.321Z",
        "value": "0.942314863204956",
        "cumulative": false
    }
]