[
    {
        "date": "2020-12-08T11:23:52.356Z",
        "value": "2.551621675491333",
        "cumulative": false
    },
    {
        "date": "2020-12-08T11:23:54.444Z",
        "value": "1.7983883619308472",
        "cumulative": false
    },
    {
        "date": "2020-12-08T11:23:56.634Z",
        "value": "1.632757306098938",
        "cumulative": false
    },
    {
        "date": "2020-12-08T11:23:58.842Z",
        "value": "1.4196408987045288",
        "cumulative": false
    },
    {
        "date": "2020-12-08T11:24:01.072Z",
        "value": "1.3171629905700684",
        "cumulative": false
    },
    {
        "date": "2020-12-08T11:24:03.234Z",
        "value": "1.2096806764602661",
        "cumulative": false
    },
    {
        "date": "2020-12-08T11:24:05.321Z",
        "value": "0.963070273399353",
        "cumulative": false
    },
    {
        "date": "2020-12-08T11:24:07.487Z",
        "value": "0.880338728427887",
        "cumulative": false
    },
    {
        "date": "2020-12-08T11:24:09.669Z",
        "value": "0.9918308258056641",
        "cumulative": false
    },
    {
        "date": "2020-12-08T11:24:11.832Z",
        "value": "0.8809652328491211",
        "cumulative": false
    },
    {
        "date": "2020-12-08T11:24:13.959Z",
        "value": "0.7933740615844727",
        "cumulative": false
    },
    {
        "date": "2020-12-08T11:24:16.201Z",
        "value": "0.9081435799598694",
        "cumulative": false
    },
    {
        "date": "2020-12-08T11:24:18.296Z",
        "value": "0.6850810647010803",
        "cumulative": false
    },
    {
        "date": "2020-12-08T11:24:20.507Z",
        "value": "0.769231915473938",
        "cumulative": false
    },
    {
        "date": "2020-12-08T11:24:22.631Z",
        "value": "0.6539703607559204",
        "cumulative": false
    },
    {
        "date": "2020-12-08T11:24:24.717Z",
        "value": "0.5556100606918335",
        "cumulative": false
    },
    {
        "date": "2020-12-08T11:24:26.892Z",
        "value": "0.5416712760925293",
        "cumulative": false
    },
    {
        "date": "2020-12-08T11:24:29.265Z",
        "value": "0.5834067463874817",
        "cumulative": false
    },
    {
        "date": "2020-12-08T11:24:31.432Z",
        "value": "0.48807740211486816",
        "cumulative": false
    },
    {
        "date": "2020-12-08T11:24:33.637Z",
        "value": "0.5804167985916138",
        "cumulative": false
    },
    {
        "date": "2020-12-08T11:24:35.722Z",
        "value": "0.5639774203300476",
        "cumulative": false
    },
    {
        "date": "2020-12-08T11:24:37.860Z",
        "value": "0.49283966422080994",
        "cumulative": false
    },
    {
        "date": "2020-12-08T11:24:39.906Z",
        "value": "0.4069879651069641",
        "cumulative": false
    },
    {
        "date": "2020-12-08T11:24:42.054Z",
        "value": "0.47301340103149414",
        "cumulative": false
    },
    {
        "date": "2020-12-08T11:24:44.342Z",
        "value": "0.47258588671684265",
        "cumulative": false
    },
    {
        "date": "2020-12-08T11:24:46.521Z",
        "value": "0.42366302013397217",
        "cumulative": false
    },
    {
        "date": "2020-12-08T11:24:48.664Z",
        "value": "0.3850855827331543",
        "cumulative": false
    },
    {
        "date": "2020-12-08T11:24:50.877Z",
        "value": "0.42660173773765564",
        "cumulative": false
    }
]