[
    {
        "date": "2020-12-08T11:23:53.804Z",
        "value": "0.0054187774658203125",
        "cumulative": false
    },
    {
        "date": "2020-12-08T11:23:55.976Z",
        "value": "0.005583524703979492",
        "cumulative": false
    },
    {
        "date": "2020-12-08T11:23:58.195Z",
        "value": "0.005219936370849609",
        "cumulative": false
    },
    {
        "date": "2020-12-08T11:24:00.413Z",
        "value": "0.005347251892089844",
        "cumulative": false
    },
    {
        "date": "2020-12-08T11:24:02.580Z",
        "value": "0.005138397216796875",
        "cumulative": false
    },
    {
        "date": "2020-12-08T11:24:04.644Z",
        "value": "0.005197286605834961",
        "cumulative": false
    },
    {
        "date": "2020-12-08T11:24:06.809Z",
        "value": "0.0052509307861328125",
        "cumulative": false
    },
    {
        "date": "2020-12-08T11:24:09.009Z",
        "value": "0.005089282989501953",
        "cumulative": false
    },
    {
        "date": "2020-12-08T11:24:11.156Z",
        "value": "0.004765033721923828",
        "cumulative": false
    },
    {
        "date": "2020-12-08T11:24:13.288Z",
        "value": "0.00563502311706543",
        "cumulative": false
    },
    {
        "date": "2020-12-08T11:24:15.534Z",
        "value": "0.005047321319580078",
        "cumulative": false
    },
    {
        "date": "2020-12-08T11:24:17.641Z",
        "value": "0.00523686408996582",
        "cumulative": false
    },
    {
        "date": "2020-12-08T11:24:19.772Z",
        "value": "0.00490117073059082",
        "cumulative": false
    },
    {
        "date": "2020-12-08T11:24:21.931Z",
        "value": "0.005236148834228516",
        "cumulative": false
    },
    {
        "date": "2020-12-08T11:24:24.050Z",
        "value": "0.005423545837402344",
        "cumulative": false
    },
    {
        "date": "2020-12-08T11:24:26.246Z",
        "value": "0.00484466552734375",
        "cumulative": false
    },
    {
        "date": "2020-12-08T11:24:28.552Z",
        "value": "0.004964351654052734",
        "cumulative": false
    },
    {
        "date": "2020-12-08T11:24:30.789Z",
        "value": "0.0054705142974853516",
        "cumulative": false
    },
    {
        "date": "2020-12-08T11:24:32.978Z",
        "value": "0.0054492950439453125",
        "cumulative": false
    },
    {
        "date": "2020-12-08T11:24:35.068Z",
        "value": "0.0052149295806884766",
        "cumulative": false
    },
    {
        "date": "2020-12-08T11:24:37.177Z",
        "value": "0.004815101623535156",
        "cumulative": false
    },
    {
        "date": "2020-12-08T11:24:39.258Z",
        "value": "0.0050694942474365234",
        "cumulative": false
    },
    {
        "date": "2020-12-08T11:24:41.373Z",
        "value": "0.0049664974212646484",
        "cumulative": false
    },
    {
        "date": "2020-12-08T11:24:43.666Z",
        "value": "0.005383968353271484",
        "cumulative": false
    },
    {
        "date": "2020-12-08T11:24:45.858Z",
        "value": "0.004863739013671875",
        "cumulative": false
    },
    {
        "date": "2020-12-08T11:24:48.007Z",
        "value": "0.005216360092163086",
        "cumulative": false
    },
    {
        "date": "2020-12-08T11:24:50.115Z",
        "value": "0.00551152229309082",
        "cumulative": false
    },
    {
        "date": "2020-12-08T11:24:52.329Z",
        "value": "0.004949808120727539",
        "cumulative": false
    }
]