[
    {
        "date": "2020-12-08T11:23:53.799Z",
        "value": "6.651878356933594e-05",
        "cumulative": false
    },
    {
        "date": "2020-12-08T11:23:55.965Z",
        "value": "6.198883056640625e-05",
        "cumulative": false
    },
    {
        "date": "2020-12-08T11:23:58.182Z",
        "value": "6.198883056640625e-05",
        "cumulative": false
    },
    {
        "date": "2020-12-08T11:24:00.406Z",
        "value": "6.151199340820312e-05",
        "cumulative": false
    },
    {
        "date": "2020-12-08T11:24:02.572Z",
        "value": "5.9604644775390625e-05",
        "cumulative": false
    },
    {
        "date": "2020-12-08T11:24:04.635Z",
        "value": "9.465217590332031e-05",
        "cumulative": false
    },
    {
        "date": "2020-12-08T11:24:06.807Z",
        "value": "6.246566772460938e-05",
        "cumulative": false
    },
    {
        "date": "2020-12-08T11:24:09.011Z",
        "value": "6.508827209472656e-05",
        "cumulative": false
    },
    {
        "date": "2020-12-08T11:24:11.138Z",
        "value": "6.365776062011719e-05",
        "cumulative": false
    },
    {
        "date": "2020-12-08T11:24:13.280Z",
        "value": "6.0558319091796875e-05",
        "cumulative": false
    },
    {
        "date": "2020-12-08T11:24:15.522Z",
        "value": "6.29425048828125e-05",
        "cumulative": false
    },
    {
        "date": "2020-12-08T11:24:17.629Z",
        "value": "6.198883056640625e-05",
        "cumulative": false
    },
    {
        "date": "2020-12-08T11:24:19.764Z",
        "value": "6.318092346191406e-05",
        "cumulative": false
    },
    {
        "date": "2020-12-08T11:24:21.923Z",
        "value": "6.127357482910156e-05",
        "cumulative": false
    },
    {
        "date": "2020-12-08T11:24:24.046Z",
        "value": "0.0003821849822998047",
        "cumulative": false
    },
    {
        "date": "2020-12-08T11:24:26.231Z",
        "value": "7.367134094238281e-05",
        "cumulative": false
    },
    {
        "date": "2020-12-08T11:24:28.537Z",
        "value": "6.222724914550781e-05",
        "cumulative": false
    },
    {
        "date": "2020-12-08T11:24:30.784Z",
        "value": "6.556510925292969e-05",
        "cumulative": false
    },
    {
        "date": "2020-12-08T11:24:32.958Z",
        "value": "6.0558319091796875e-05",
        "cumulative": false
    },
    {
        "date": "2020-12-08T11:24:35.075Z",
        "value": "6.198883056640625e-05",
        "cumulative": false
    },
    {
        "date": "2020-12-08T11:24:37.166Z",
        "value": "6.318092346191406e-05",
        "cumulative": false
    },
    {
        "date": "2020-12-08T11:24:39.247Z",
        "value": "6.723403930664062e-05",
        "cumulative": false
    },
    {
        "date": "2020-12-08T11:24:41.350Z",
        "value": "6.461143493652344e-05",
        "cumulative": false
    },
    {
        "date": "2020-12-08T11:24:43.665Z",
        "value": "6.365776062011719e-05",
        "cumulative": false
    },
    {
        "date": "2020-12-08T11:24:45.860Z",
        "value": "7.939338684082031e-05",
        "cumulative": false
    },
    {
        "date": "2020-12-08T11:24:48.003Z",
        "value": "6.151199340820312e-05",
        "cumulative": false
    },
    {
        "date": "2020-12-08T11:24:50.104Z",
        "value": "8.0108642578125e-05",
        "cumulative": false
    },
    {
        "date": "2020-12-08T11:24:52.318Z",
        "value": "6.413459777832031e-05",
        "cumulative": false
    }
]