[
    {
        "date": "2020-12-08T11:23:53.790Z",
        "value": "0.014384984970092773",
        "cumulative": false
    },
    {
        "date": "2020-12-08T11:23:55.967Z",
        "value": "0.014976263046264648",
        "cumulative": false
    },
    {
        "date": "2020-12-08T11:23:58.190Z",
        "value": "0.013751745223999023",
        "cumulative": false
    },
    {
        "date": "2020-12-08T11:24:00.405Z",
        "value": "0.014374494552612305",
        "cumulative": false
    },
    {
        "date": "2020-12-08T11:24:02.574Z",
        "value": "0.012897253036499023",
        "cumulative": false
    },
    {
        "date": "2020-12-08T11:24:04.641Z",
        "value": "0.015808820724487305",
        "cumulative": false
    },
    {
        "date": "2020-12-08T11:24:06.802Z",
        "value": "0.014760971069335938",
        "cumulative": false
    },
    {
        "date": "2020-12-08T11:24:09.006Z",
        "value": "0.012723684310913086",
        "cumulative": false
    },
    {
        "date": "2020-12-08T11:24:11.146Z",
        "value": "0.015073060989379883",
        "cumulative": false
    },
    {
        "date": "2020-12-08T11:24:13.280Z",
        "value": "0.014138936996459961",
        "cumulative": false
    },
    {
        "date": "2020-12-08T11:24:15.520Z",
        "value": "0.012937784194946289",
        "cumulative": false
    },
    {
        "date": "2020-12-08T11:24:17.625Z",
        "value": "0.015205144882202148",
        "cumulative": false
    },
    {
        "date": "2020-12-08T11:24:19.776Z",
        "value": "0.012751579284667969",
        "cumulative": false
    },
    {
        "date": "2020-12-08T11:24:21.926Z",
        "value": "0.016938447952270508",
        "cumulative": false
    },
    {
        "date": "2020-12-08T11:24:24.048Z",
        "value": "0.014412641525268555",
        "cumulative": false
    },
    {
        "date": "2020-12-08T11:24:26.235Z",
        "value": "0.013218402862548828",
        "cumulative": false
    },
    {
        "date": "2020-12-08T11:24:28.530Z",
        "value": "0.012825727462768555",
        "cumulative": false
    },
    {
        "date": "2020-12-08T11:24:30.778Z",
        "value": "0.014578580856323242",
        "cumulative": false
    },
    {
        "date": "2020-12-08T11:24:32.963Z",
        "value": "0.014317512512207031",
        "cumulative": false
    },
    {
        "date": "2020-12-08T11:24:35.062Z",
        "value": "0.016778945922851562",
        "cumulative": false
    },
    {
        "date": "2020-12-08T11:24:37.172Z",
        "value": "0.01509237289428711",
        "cumulative": false
    },
    {
        "date": "2020-12-08T11:24:39.254Z",
        "value": "0.015153884887695312",
        "cumulative": false
    },
    {
        "date": "2020-12-08T11:24:41.351Z",
        "value": "0.015386819839477539",
        "cumulative": false
    },
    {
        "date": "2020-12-08T11:24:43.668Z",
        "value": "0.012918949127197266",
        "cumulative": false
    },
    {
        "date": "2020-12-08T11:24:45.852Z",
        "value": "0.014383792877197266",
        "cumulative": false
    },
    {
        "date": "2020-12-08T11:24:48.007Z",
        "value": "0.013335466384887695",
        "cumulative": false
    },
    {
        "date": "2020-12-08T11:24:50.109Z",
        "value": "0.013036727905273438",
        "cumulative": false
    },
    {
        "date": "2020-12-08T11:24:52.319Z",
        "value": "0.013430356979370117",
        "cumulative": false
    }
]