[
    {
        "date": "2020-12-08T11:23:53.798Z",
        "value": "0.01636505126953125",
        "cumulative": false
    },
    {
        "date": "2020-12-08T11:23:55.983Z",
        "value": "0.01919865608215332",
        "cumulative": false
    },
    {
        "date": "2020-12-08T11:23:58.195Z",
        "value": "0.0196533203125",
        "cumulative": false
    },
    {
        "date": "2020-12-08T11:24:00.424Z",
        "value": "0.019767284393310547",
        "cumulative": false
    },
    {
        "date": "2020-12-08T11:24:02.583Z",
        "value": "0.01858663558959961",
        "cumulative": false
    },
    {
        "date": "2020-12-08T11:24:04.654Z",
        "value": "0.01968073844909668",
        "cumulative": false
    },
    {
        "date": "2020-12-08T11:24:06.811Z",
        "value": "0.01763463020324707",
        "cumulative": false
    },
    {
        "date": "2020-12-08T11:24:09.006Z",
        "value": "0.01734471321105957",
        "cumulative": false
    },
    {
        "date": "2020-12-08T11:24:11.148Z",
        "value": "0.016866445541381836",
        "cumulative": false
    },
    {
        "date": "2020-12-08T11:24:13.283Z",
        "value": "0.019293546676635742",
        "cumulative": false
    },
    {
        "date": "2020-12-08T11:24:15.525Z",
        "value": "0.01813960075378418",
        "cumulative": false
    },
    {
        "date": "2020-12-08T11:24:17.632Z",
        "value": "0.01684856414794922",
        "cumulative": false
    },
    {
        "date": "2020-12-08T11:24:19.772Z",
        "value": "0.019884586334228516",
        "cumulative": false
    },
    {
        "date": "2020-12-08T11:24:21.930Z",
        "value": "0.017191648483276367",
        "cumulative": false
    },
    {
        "date": "2020-12-08T11:24:24.045Z",
        "value": "0.018248796463012695",
        "cumulative": false
    },
    {
        "date": "2020-12-08T11:24:26.236Z",
        "value": "0.022459983825683594",
        "cumulative": false
    },
    {
        "date": "2020-12-08T11:24:28.534Z",
        "value": "0.01692342758178711",
        "cumulative": false
    },
    {
        "date": "2020-12-08T11:24:30.787Z",
        "value": "0.02016758918762207",
        "cumulative": false
    },
    {
        "date": "2020-12-08T11:24:32.969Z",
        "value": "0.01633453369140625",
        "cumulative": false
    },
    {
        "date": "2020-12-08T11:24:35.066Z",
        "value": "0.018528223037719727",
        "cumulative": false
    },
    {
        "date": "2020-12-08T11:24:37.177Z",
        "value": "0.01686859130859375",
        "cumulative": false
    },
    {
        "date": "2020-12-08T11:24:39.250Z",
        "value": "0.01659679412841797",
        "cumulative": false
    },
    {
        "date": "2020-12-08T11:24:41.355Z",
        "value": "0.01847529411315918",
        "cumulative": false
    },
    {
        "date": "2020-12-08T11:24:43.662Z",
        "value": "0.016268491744995117",
        "cumulative": false
    },
    {
        "date": "2020-12-08T11:24:45.861Z",
        "value": "0.016985177993774414",
        "cumulative": false
    },
    {
        "date": "2020-12-08T11:24:48.008Z",
        "value": "0.0194704532623291",
        "cumulative": false
    },
    {
        "date": "2020-12-08T11:24:50.111Z",
        "value": "0.01588296890258789",
        "cumulative": false
    },
    {
        "date": "2020-12-08T11:24:52.330Z",
        "value": "0.01569962501525879",
        "cumulative": false
    }
]