[
    {
        "date": "2020-12-08T11:23:53.793Z",
        "value": "0.10871458053588867",
        "cumulative": false
    },
    {
        "date": "2020-12-08T11:23:55.974Z",
        "value": "0.10495877265930176",
        "cumulative": false
    },
    {
        "date": "2020-12-08T11:23:58.177Z",
        "value": "0.10012221336364746",
        "cumulative": false
    },
    {
        "date": "2020-12-08T11:24:00.407Z",
        "value": "0.11549091339111328",
        "cumulative": false
    },
    {
        "date": "2020-12-08T11:24:02.567Z",
        "value": "0.10558509826660156",
        "cumulative": false
    },
    {
        "date": "2020-12-08T11:24:04.639Z",
        "value": "0.11817073822021484",
        "cumulative": false
    },
    {
        "date": "2020-12-08T11:24:06.797Z",
        "value": "0.11115288734436035",
        "cumulative": false
    },
    {
        "date": "2020-12-08T11:24:09.004Z",
        "value": "0.10557985305786133",
        "cumulative": false
    },
    {
        "date": "2020-12-08T11:24:11.136Z",
        "value": "0.10971951484680176",
        "cumulative": false
    },
    {
        "date": "2020-12-08T11:24:13.278Z",
        "value": "0.11448216438293457",
        "cumulative": false
    },
    {
        "date": "2020-12-08T11:24:15.528Z",
        "value": "0.09912323951721191",
        "cumulative": false
    },
    {
        "date": "2020-12-08T11:24:17.618Z",
        "value": "0.1188344955444336",
        "cumulative": false
    },
    {
        "date": "2020-12-08T11:24:19.758Z",
        "value": "0.09684562683105469",
        "cumulative": false
    },
    {
        "date": "2020-12-08T11:24:21.923Z",
        "value": "0.11547732353210449",
        "cumulative": false
    },
    {
        "date": "2020-12-08T11:24:24.043Z",
        "value": "0.11846637725830078",
        "cumulative": false
    },
    {
        "date": "2020-12-08T11:24:26.227Z",
        "value": "0.10659074783325195",
        "cumulative": false
    },
    {
        "date": "2020-12-08T11:24:28.527Z",
        "value": "0.09613728523254395",
        "cumulative": false
    },
    {
        "date": "2020-12-08T11:24:30.774Z",
        "value": "0.10437774658203125",
        "cumulative": false
    },
    {
        "date": "2020-12-08T11:24:32.960Z",
        "value": "0.09510016441345215",
        "cumulative": false
    },
    {
        "date": "2020-12-08T11:24:35.058Z",
        "value": "0.12083768844604492",
        "cumulative": false
    },
    {
        "date": "2020-12-08T11:24:37.164Z",
        "value": "0.11858606338500977",
        "cumulative": false
    },
    {
        "date": "2020-12-08T11:24:39.237Z",
        "value": "0.1098489761352539",
        "cumulative": false
    },
    {
        "date": "2020-12-08T11:24:41.345Z",
        "value": "0.10488319396972656",
        "cumulative": false
    },
    {
        "date": "2020-12-08T11:24:43.663Z",
        "value": "0.1025242805480957",
        "cumulative": false
    },
    {
        "date": "2020-12-08T11:24:45.854Z",
        "value": "0.10816240310668945",
        "cumulative": false
    },
    {
        "date": "2020-12-08T11:24:47.999Z",
        "value": "0.10465264320373535",
        "cumulative": false
    },
    {
        "date": "2020-12-08T11:24:50.101Z",
        "value": "0.10969972610473633",
        "cumulative": false
    },
    {
        "date": "2020-12-08T11:24:52.317Z",
        "value": "0.10441875457763672",
        "cumulative": false
    }
]