[
    {
        "date": "2020-12-08T11:23:53.795Z",
        "value": "3.7963244915008545",
        "cumulative": false
    },
    {
        "date": "2020-12-08T11:23:55.965Z",
        "value": "1.578711748123169",
        "cumulative": false
    },
    {
        "date": "2020-12-08T11:23:58.181Z",
        "value": "1.6379101276397705",
        "cumulative": false
    },
    {
        "date": "2020-12-08T11:24:00.406Z",
        "value": "1.6297540664672852",
        "cumulative": false
    },
    {
        "date": "2020-12-08T11:24:02.572Z",
        "value": "1.5869030952453613",
        "cumulative": false
    },
    {
        "date": "2020-12-08T11:24:04.635Z",
        "value": "1.491502285003662",
        "cumulative": false
    },
    {
        "date": "2020-12-08T11:24:06.807Z",
        "value": "1.5351886749267578",
        "cumulative": false
    },
    {
        "date": "2020-12-08T11:24:09.010Z",
        "value": "1.5809776782989502",
        "cumulative": false
    },
    {
        "date": "2020-12-08T11:24:11.138Z",
        "value": "1.5089561939239502",
        "cumulative": false
    },
    {
        "date": "2020-12-08T11:24:13.279Z",
        "value": "1.5538344383239746",
        "cumulative": false
    },
    {
        "date": "2020-12-08T11:24:15.522Z",
        "value": "1.6201825141906738",
        "cumulative": false
    },
    {
        "date": "2020-12-08T11:24:17.629Z",
        "value": "1.4764189720153809",
        "cumulative": false
    },
    {
        "date": "2020-12-08T11:24:19.763Z",
        "value": "1.5465731620788574",
        "cumulative": false
    },
    {
        "date": "2020-12-08T11:24:21.922Z",
        "value": "1.5444610118865967",
        "cumulative": false
    },
    {
        "date": "2020-12-08T11:24:24.046Z",
        "value": "1.4807910919189453",
        "cumulative": false
    },
    {
        "date": "2020-12-08T11:24:26.230Z",
        "value": "1.588069200515747",
        "cumulative": false
    },
    {
        "date": "2020-12-08T11:24:28.537Z",
        "value": "1.706334114074707",
        "cumulative": false
    },
    {
        "date": "2020-12-08T11:24:30.784Z",
        "value": "1.562854528427124",
        "cumulative": false
    },
    {
        "date": "2020-12-08T11:24:32.958Z",
        "value": "1.5990447998046875",
        "cumulative": false
    },
    {
        "date": "2020-12-08T11:24:35.075Z",
        "value": "1.5003156661987305",
        "cumulative": false
    },
    {
        "date": "2020-12-08T11:24:37.166Z",
        "value": "1.5192139148712158",
        "cumulative": false
    },
    {
        "date": "2020-12-08T11:24:39.247Z",
        "value": "1.4453885555267334",
        "cumulative": false
    },
    {
        "date": "2020-12-08T11:24:41.349Z",
        "value": "1.523036241531372",
        "cumulative": false
    },
    {
        "date": "2020-12-08T11:24:43.665Z",
        "value": "1.693619728088379",
        "cumulative": false
    },
    {
        "date": "2020-12-08T11:24:45.860Z",
        "value": "1.6013245582580566",
        "cumulative": false
    },
    {
        "date": "2020-12-08T11:24:48.003Z",
        "value": "1.5369067192077637",
        "cumulative": false
    },
    {
        "date": "2020-12-08T11:24:50.104Z",
        "value": "1.5030601024627686",
        "cumulative": false
    },
    {
        "date": "2020-12-08T11:24:52.317Z",
        "value": "1.534501552581787",
        "cumulative": false
    }
]