[
    {
        "date": "2020-12-08T11:23:52.360Z",
        "value": "10.9375",
        "cumulative": false
    },
    {
        "date": "2020-12-08T11:23:54.451Z",
        "value": "30.46875",
        "cumulative": false
    },
    {
        "date": "2020-12-08T11:23:56.639Z",
        "value": "39.84375",
        "cumulative": false
    },
    {
        "date": "2020-12-08T11:23:58.848Z",
        "value": "41.40625",
        "cumulative": false
    },
    {
        "date": "2020-12-08T11:24:01.078Z",
        "value": "50.0",
        "cumulative": false
    },
    {
        "date": "2020-12-08T11:24:03.237Z",
        "value": "55.46875",
        "cumulative": false
    },
    {
        "date": "2020-12-08T11:24:05.326Z",
        "value": "62.5",
        "cumulative": false
    },
    {
        "date": "2020-12-08T11:24:07.493Z",
        "value": "58.59375",
        "cumulative": false
    },
    {
        "date": "2020-12-08T11:24:09.674Z",
        "value": "64.84375",
        "cumulative": false
    },
    {
        "date": "2020-12-08T11:24:11.838Z",
        "value": "70.3125",
        "cumulative": false
    },
    {
        "date": "2020-12-08T11:24:13.964Z",
        "value": "71.875",
        "cumulative": false
    },
    {
        "date": "2020-12-08T11:24:16.207Z",
        "value": "75.78125",
        "cumulative": false
    },
    {
        "date": "2020-12-08T11:24:18.304Z",
        "value": "71.875",
        "cumulative": false
    },
    {
        "date": "2020-12-08T11:24:20.513Z",
        "value": "76.5625",
        "cumulative": false
    },
    {
        "date": "2020-12-08T11:24:22.635Z",
        "value": "74.21875",
        "cumulative": false
    },
    {
        "date": "2020-12-08T11:24:24.723Z",
        "value": "73.4375",
        "cumulative": false
    },
    {
        "date": "2020-12-08T11:24:26.896Z",
        "value": "71.875",
        "cumulative": false
    },
    {
        "date": "2020-12-08T11:24:29.270Z",
        "value": "75.78125",
        "cumulative": false
    },
    {
        "date": "2020-12-08T11:24:31.439Z",
        "value": "82.03125",
        "cumulative": false
    },
    {
        "date": "2020-12-08T11:24:33.643Z",
        "value": "85.15625",
        "cumulative": false
    },
    {
        "date": "2020-12-08T11:24:35.725Z",
        "value": "81.25",
        "cumulative": false
    },
    {
        "date": "2020-12-08T11:24:37.866Z",
        "value": "86.71875",
        "cumulative": false
    },
    {
        "date": "2020-12-08T11:24:39.915Z",
        "value": "85.9375",
        "cumulative": false
    },
    {
        "date": "2020-12-08T11:24:42.063Z",
        "value": "87.5",
        "cumulative": false
    },
    {
        "date": "2020-12-08T11:24:44.349Z",
        "value": "89.0625",
        "cumulative": false
    },
    {
        "date": "2020-12-08T11:24:46.528Z",
        "value": "86.71875",
        "cumulative": false
    },
    {
        "date": "2020-12-08T11:24:48.670Z",
        "value": "88.28125",
        "cumulative": false
    },
    {
        "date": "2020-12-08T11:24:50.882Z",
        "value": "83.59375",
        "cumulative": false
    }
]