[
    {
        "date": "2020-12-08T11:23:53.790Z",
        "value": "2.46952748298645",
        "cumulative": false
    },
    {
        "date": "2020-12-08T11:23:55.967Z",
        "value": "0.3733506202697754",
        "cumulative": false
    },
    {
        "date": "2020-12-08T11:23:58.190Z",
        "value": "0.45856404304504395",
        "cumulative": false
    },
    {
        "date": "2020-12-08T11:24:00.405Z",
        "value": "0.47963905334472656",
        "cumulative": false
    },
    {
        "date": "2020-12-08T11:24:02.574Z",
        "value": "0.4254591464996338",
        "cumulative": false
    },
    {
        "date": "2020-12-08T11:24:04.641Z",
        "value": "0.35095787048339844",
        "cumulative": false
    },
    {
        "date": "2020-12-08T11:24:06.802Z",
        "value": "0.39409446716308594",
        "cumulative": false
    },
    {
        "date": "2020-12-08T11:24:09.006Z",
        "value": "0.38453078269958496",
        "cumulative": false
    },
    {
        "date": "2020-12-08T11:24:11.146Z",
        "value": "0.41930294036865234",
        "cumulative": false
    },
    {
        "date": "2020-12-08T11:24:13.280Z",
        "value": "0.37735462188720703",
        "cumulative": false
    },
    {
        "date": "2020-12-08T11:24:15.520Z",
        "value": "0.4540529251098633",
        "cumulative": false
    },
    {
        "date": "2020-12-08T11:24:17.625Z",
        "value": "0.36748290061950684",
        "cumulative": false
    },
    {
        "date": "2020-12-08T11:24:19.775Z",
        "value": "0.4201192855834961",
        "cumulative": false
    },
    {
        "date": "2020-12-08T11:24:21.926Z",
        "value": "0.3530135154724121",
        "cumulative": false
    },
    {
        "date": "2020-12-08T11:24:24.048Z",
        "value": "0.3643038272857666",
        "cumulative": false
    },
    {
        "date": "2020-12-08T11:24:26.235Z",
        "value": "0.4159688949584961",
        "cumulative": false
    },
    {
        "date": "2020-12-08T11:24:28.530Z",
        "value": "0.4954254627227783",
        "cumulative": false
    },
    {
        "date": "2020-12-08T11:24:30.778Z",
        "value": "0.4144418239593506",
        "cumulative": false
    },
    {
        "date": "2020-12-08T11:24:32.963Z",
        "value": "0.4283027648925781",
        "cumulative": false
    },
    {
        "date": "2020-12-08T11:24:35.062Z",
        "value": "0.3849642276763916",
        "cumulative": false
    },
    {
        "date": "2020-12-08T11:24:37.172Z",
        "value": "0.3403737545013428",
        "cumulative": false
    },
    {
        "date": "2020-12-08T11:24:39.254Z",
        "value": "0.3579549789428711",
        "cumulative": false
    },
    {
        "date": "2020-12-08T11:24:41.351Z",
        "value": "0.36864471435546875",
        "cumulative": false
    },
    {
        "date": "2020-12-08T11:24:43.668Z",
        "value": "0.47093987464904785",
        "cumulative": false
    },
    {
        "date": "2020-12-08T11:24:45.851Z",
        "value": "0.40234375",
        "cumulative": false
    },
    {
        "date": "2020-12-08T11:24:48.007Z",
        "value": "0.40003132820129395",
        "cumulative": false
    },
    {
        "date": "2020-12-08T11:24:50.109Z",
        "value": "0.40526270866394043",
        "cumulative": false
    },
    {
        "date": "2020-12-08T11:24:52.319Z",
        "value": "0.40074634552001953",
        "cumulative": false
    }
]