[
    {
        "date": "2020-12-08T11:23:53.795Z",
        "value": "3.8001468181610107",
        "cumulative": false
    },
    {
        "date": "2020-12-08T11:23:55.978Z",
        "value": "1.5768523216247559",
        "cumulative": false
    },
    {
        "date": "2020-12-08T11:23:58.190Z",
        "value": "1.6355619430541992",
        "cumulative": false
    },
    {
        "date": "2020-12-08T11:24:00.408Z",
        "value": "1.648683786392212",
        "cumulative": false
    },
    {
        "date": "2020-12-08T11:24:02.576Z",
        "value": "1.5867605209350586",
        "cumulative": false
    },
    {
        "date": "2020-12-08T11:24:04.641Z",
        "value": "1.4972617626190186",
        "cumulative": false
    },
    {
        "date": "2020-12-08T11:24:06.807Z",
        "value": "1.5525546073913574",
        "cumulative": false
    },
    {
        "date": "2020-12-08T11:24:09.013Z",
        "value": "1.6015551090240479",
        "cumulative": false
    },
    {
        "date": "2020-12-08T11:24:11.145Z",
        "value": "1.530726671218872",
        "cumulative": false
    },
    {
        "date": "2020-12-08T11:24:13.284Z",
        "value": "1.556217908859253",
        "cumulative": false
    },
    {
        "date": "2020-12-08T11:24:15.530Z",
        "value": "1.627694845199585",
        "cumulative": false
    },
    {
        "date": "2020-12-08T11:24:17.628Z",
        "value": "1.4890697002410889",
        "cumulative": false
    },
    {
        "date": "2020-12-08T11:24:19.770Z",
        "value": "1.5510568618774414",
        "cumulative": false
    },
    {
        "date": "2020-12-08T11:24:21.932Z",
        "value": "1.5500376224517822",
        "cumulative": false
    },
    {
        "date": "2020-12-08T11:24:24.046Z",
        "value": "1.479485273361206",
        "cumulative": false
    },
    {
        "date": "2020-12-08T11:24:26.241Z",
        "value": "1.5956974029541016",
        "cumulative": false
    },
    {
        "date": "2020-12-08T11:24:28.533Z",
        "value": "1.7316579818725586",
        "cumulative": false
    },
    {
        "date": "2020-12-08T11:24:30.779Z",
        "value": "1.595238208770752",
        "cumulative": false
    },
    {
        "date": "2020-12-08T11:24:32.975Z",
        "value": "1.6006131172180176",
        "cumulative": false
    },
    {
        "date": "2020-12-08T11:24:35.067Z",
        "value": "1.5111334323883057",
        "cumulative": false
    },
    {
        "date": "2020-12-08T11:24:37.172Z",
        "value": "1.520268201828003",
        "cumulative": false
    },
    {
        "date": "2020-12-08T11:24:39.253Z",
        "value": "1.45367431640625",
        "cumulative": false
    },
    {
        "date": "2020-12-08T11:24:41.360Z",
        "value": "1.5166544914245605",
        "cumulative": false
    },
    {
        "date": "2020-12-08T11:24:43.669Z",
        "value": "1.7009248733520508",
        "cumulative": false
    },
    {
        "date": "2020-12-08T11:24:45.858Z",
        "value": "1.586836814880371",
        "cumulative": false
    },
    {
        "date": "2020-12-08T11:24:48.003Z",
        "value": "1.5616376399993896",
        "cumulative": false
    },
    {
        "date": "2020-12-08T11:24:50.113Z",
        "value": "1.5034561157226562",
        "cumulative": false
    },
    {
        "date": "2020-12-08T11:24:52.334Z",
        "value": "1.5363938808441162",
        "cumulative": false
    }
]