[
    {
        "date": "2020-12-08T11:23:53.804Z",
        "value": "2.673037052154541",
        "cumulative": false
    },
    {
        "date": "2020-12-08T11:23:55.976Z",
        "value": "0.37020444869995117",
        "cumulative": false
    },
    {
        "date": "2020-12-08T11:23:58.195Z",
        "value": "0.46239495277404785",
        "cumulative": false
    },
    {
        "date": "2020-12-08T11:24:00.413Z",
        "value": "0.46904921531677246",
        "cumulative": false
    },
    {
        "date": "2020-12-08T11:24:02.580Z",
        "value": "0.41254520416259766",
        "cumulative": false
    },
    {
        "date": "2020-12-08T11:24:04.644Z",
        "value": "0.34516239166259766",
        "cumulative": false
    },
    {
        "date": "2020-12-08T11:24:06.809Z",
        "value": "0.3826022148132324",
        "cumulative": false
    },
    {
        "date": "2020-12-08T11:24:09.009Z",
        "value": "0.3616809844970703",
        "cumulative": false
    },
    {
        "date": "2020-12-08T11:24:11.156Z",
        "value": "0.4092552661895752",
        "cumulative": false
    },
    {
        "date": "2020-12-08T11:24:13.288Z",
        "value": "0.3911004066467285",
        "cumulative": false
    },
    {
        "date": "2020-12-08T11:24:15.534Z",
        "value": "0.4485490322113037",
        "cumulative": false
    },
    {
        "date": "2020-12-08T11:24:17.641Z",
        "value": "0.3671543598175049",
        "cumulative": false
    },
    {
        "date": "2020-12-08T11:24:19.772Z",
        "value": "0.4098200798034668",
        "cumulative": false
    },
    {
        "date": "2020-12-08T11:24:21.931Z",
        "value": "0.3686704635620117",
        "cumulative": false
    },
    {
        "date": "2020-12-08T11:24:24.050Z",
        "value": "0.37552857398986816",
        "cumulative": false
    },
    {
        "date": "2020-12-08T11:24:26.246Z",
        "value": "0.39794230461120605",
        "cumulative": false
    },
    {
        "date": "2020-12-08T11:24:28.552Z",
        "value": "0.4706692695617676",
        "cumulative": false
    },
    {
        "date": "2020-12-08T11:24:30.789Z",
        "value": "0.394195556640625",
        "cumulative": false
    },
    {
        "date": "2020-12-08T11:24:32.978Z",
        "value": "0.4268004894256592",
        "cumulative": false
    },
    {
        "date": "2020-12-08T11:24:35.068Z",
        "value": "0.3899672031402588",
        "cumulative": false
    },
    {
        "date": "2020-12-08T11:24:37.177Z",
        "value": "0.3640596866607666",
        "cumulative": false
    },
    {
        "date": "2020-12-08T11:24:39.258Z",
        "value": "0.3461146354675293",
        "cumulative": false
    },
    {
        "date": "2020-12-08T11:24:41.373Z",
        "value": "0.38173341751098633",
        "cumulative": false
    },
    {
        "date": "2020-12-08T11:24:43.666Z",
        "value": "0.46663761138916016",
        "cumulative": false
    },
    {
        "date": "2020-12-08T11:24:45.858Z",
        "value": "0.3948664665222168",
        "cumulative": false
    },
    {
        "date": "2020-12-08T11:24:48.007Z",
        "value": "0.3962244987487793",
        "cumulative": false
    },
    {
        "date": "2020-12-08T11:24:50.115Z",
        "value": "0.38808369636535645",
        "cumulative": false
    },
    {
        "date": "2020-12-08T11:24:52.329Z",
        "value": "0.40204644203186035",
        "cumulative": false
    }
]