[
    {
        "date": "2020-12-08T11:23:52.364Z",
        "value": "46.875",
        "cumulative": false
    },
    {
        "date": "2020-12-08T11:23:54.455Z",
        "value": "85.15625",
        "cumulative": false
    },
    {
        "date": "2020-12-08T11:23:56.642Z",
        "value": "86.71875",
        "cumulative": false
    },
    {
        "date": "2020-12-08T11:23:58.852Z",
        "value": "96.875",
        "cumulative": false
    },
    {
        "date": "2020-12-08T11:24:01.082Z",
        "value": "92.96875",
        "cumulative": false
    },
    {
        "date": "2020-12-08T11:24:03.242Z",
        "value": "96.09375",
        "cumulative": false
    },
    {
        "date": "2020-12-08T11:24:05.336Z",
        "value": "96.875",
        "cumulative": false
    },
    {
        "date": "2020-12-08T11:24:07.497Z",
        "value": "97.65625",
        "cumulative": false
    },
    {
        "date": "2020-12-08T11:24:09.677Z",
        "value": "97.65625",
        "cumulative": false
    },
    {
        "date": "2020-12-08T11:24:11.841Z",
        "value": "96.875",
        "cumulative": false
    },
    {
        "date": "2020-12-08T11:24:13.969Z",
        "value": "98.4375",
        "cumulative": false
    },
    {
        "date": "2020-12-08T11:24:16.211Z",
        "value": "98.4375",
        "cumulative": false
    },
    {
        "date": "2020-12-08T11:24:18.306Z",
        "value": "98.4375",
        "cumulative": false
    },
    {
        "date": "2020-12-08T11:24:20.518Z",
        "value": "99.21875",
        "cumulative": false
    },
    {
        "date": "2020-12-08T11:24:22.639Z",
        "value": "98.4375",
        "cumulative": false
    },
    {
        "date": "2020-12-08T11:24:24.727Z",
        "value": "99.21875",
        "cumulative": false
    },
    {
        "date": "2020-12-08T11:24:26.902Z",
        "value": "99.21875",
        "cumulative": false
    },
    {
        "date": "2020-12-08T11:24:29.275Z",
        "value": "99.21875",
        "cumulative": false
    },
    {
        "date": "2020-12-08T11:24:31.443Z",
        "value": "99.21875",
        "cumulative": false
    },
    {
        "date": "2020-12-08T11:24:33.647Z",
        "value": "97.65625",
        "cumulative": false
    },
    {
        "date": "2020-12-08T11:24:35.735Z",
        "value": "99.21875",
        "cumulative": false
    },
    {
        "date": "2020-12-08T11:24:37.873Z",
        "value": "100.0",
        "cumulative": false
    },
    {
        "date": "2020-12-08T11:24:39.918Z",
        "value": "99.21875",
        "cumulative": false
    },
    {
        "date": "2020-12-08T11:24:42.064Z",
        "value": "99.21875",
        "cumulative": false
    },
    {
        "date": "2020-12-08T11:24:44.352Z",
        "value": "99.21875",
        "cumulative": false
    },
    {
        "date": "2020-12-08T11:24:46.531Z",
        "value": "100.0",
        "cumulative": false
    },
    {
        "date": "2020-12-08T11:24:48.677Z",
        "value": "98.4375",
        "cumulative": false
    },
    {
        "date": "2020-12-08T11:24:50.887Z",
        "value": "98.4375",
        "cumulative": false
    }
]