[
    {
        "date": "2020-12-08T11:23:53.797Z",
        "value": "0.06136584281921387",
        "cumulative": false
    },
    {
        "date": "2020-12-08T11:23:55.965Z",
        "value": "0.06224417686462402",
        "cumulative": false
    },
    {
        "date": "2020-12-08T11:23:58.181Z",
        "value": "0.05484795570373535",
        "cumulative": false
    },
    {
        "date": "2020-12-08T11:24:00.406Z",
        "value": "0.05614471435546875",
        "cumulative": false
    },
    {
        "date": "2020-12-08T11:24:02.572Z",
        "value": "0.06001782417297363",
        "cumulative": false
    },
    {
        "date": "2020-12-08T11:24:04.635Z",
        "value": "0.05429387092590332",
        "cumulative": false
    },
    {
        "date": "2020-12-08T11:24:06.807Z",
        "value": "0.05274772644042969",
        "cumulative": false
    },
    {
        "date": "2020-12-08T11:24:09.010Z",
        "value": "0.06164908409118652",
        "cumulative": false
    },
    {
        "date": "2020-12-08T11:24:11.138Z",
        "value": "0.05261802673339844",
        "cumulative": false
    },
    {
        "date": "2020-12-08T11:24:13.279Z",
        "value": "0.05665946006774902",
        "cumulative": false
    },
    {
        "date": "2020-12-08T11:24:15.522Z",
        "value": "0.05440640449523926",
        "cumulative": false
    },
    {
        "date": "2020-12-08T11:24:17.629Z",
        "value": "0.06493186950683594",
        "cumulative": false
    },
    {
        "date": "2020-12-08T11:24:19.763Z",
        "value": "0.0614778995513916",
        "cumulative": false
    },
    {
        "date": "2020-12-08T11:24:21.922Z",
        "value": "0.06449532508850098",
        "cumulative": false
    },
    {
        "date": "2020-12-08T11:24:24.046Z",
        "value": "0.06084871292114258",
        "cumulative": false
    },
    {
        "date": "2020-12-08T11:24:26.230Z",
        "value": "0.05614805221557617",
        "cumulative": false
    },
    {
        "date": "2020-12-08T11:24:28.537Z",
        "value": "0.05437946319580078",
        "cumulative": false
    },
    {
        "date": "2020-12-08T11:24:30.784Z",
        "value": "0.06055760383605957",
        "cumulative": false
    },
    {
        "date": "2020-12-08T11:24:32.958Z",
        "value": "0.05849599838256836",
        "cumulative": false
    },
    {
        "date": "2020-12-08T11:24:35.075Z",
        "value": "0.057157278060913086",
        "cumulative": false
    },
    {
        "date": "2020-12-08T11:24:37.166Z",
        "value": "0.06057906150817871",
        "cumulative": false
    },
    {
        "date": "2020-12-08T11:24:39.247Z",
        "value": "0.05254840850830078",
        "cumulative": false
    },
    {
        "date": "2020-12-08T11:24:41.349Z",
        "value": "0.058061838150024414",
        "cumulative": false
    },
    {
        "date": "2020-12-08T11:24:43.665Z",
        "value": "0.05696702003479004",
        "cumulative": false
    },
    {
        "date": "2020-12-08T11:24:45.860Z",
        "value": "0.05447244644165039",
        "cumulative": false
    },
    {
        "date": "2020-12-08T11:24:48.003Z",
        "value": "0.05823802947998047",
        "cumulative": false
    },
    {
        "date": "2020-12-08T11:24:50.104Z",
        "value": "0.055112600326538086",
        "cumulative": false
    },
    {
        "date": "2020-12-08T11:24:52.318Z",
        "value": "0.059224843978881836",
        "cumulative": false
    }
]