[
    {
        "date": "2020-12-08T11:23:53.791Z",
        "value": "2.6274335384368896",
        "cumulative": false
    },
    {
        "date": "2020-12-08T11:23:55.974Z",
        "value": "0.389171838760376",
        "cumulative": false
    },
    {
        "date": "2020-12-08T11:23:58.193Z",
        "value": "0.4589965343475342",
        "cumulative": false
    },
    {
        "date": "2020-12-08T11:24:00.409Z",
        "value": "0.4651799201965332",
        "cumulative": false
    },
    {
        "date": "2020-12-08T11:24:02.584Z",
        "value": "0.4217081069946289",
        "cumulative": false
    },
    {
        "date": "2020-12-08T11:24:04.639Z",
        "value": "0.3573482036590576",
        "cumulative": false
    },
    {
        "date": "2020-12-08T11:24:06.811Z",
        "value": "0.3877582550048828",
        "cumulative": false
    },
    {
        "date": "2020-12-08T11:24:09.004Z",
        "value": "0.38350439071655273",
        "cumulative": false
    },
    {
        "date": "2020-12-08T11:24:11.144Z",
        "value": "0.41818666458129883",
        "cumulative": false
    },
    {
        "date": "2020-12-08T11:24:13.286Z",
        "value": "0.3905630111694336",
        "cumulative": false
    },
    {
        "date": "2020-12-08T11:24:15.524Z",
        "value": "0.4483935832977295",
        "cumulative": false
    },
    {
        "date": "2020-12-08T11:24:17.627Z",
        "value": "0.37995052337646484",
        "cumulative": false
    },
    {
        "date": "2020-12-08T11:24:19.766Z",
        "value": "0.3789036273956299",
        "cumulative": false
    },
    {
        "date": "2020-12-08T11:24:21.926Z",
        "value": "0.3866138458251953",
        "cumulative": false
    },
    {
        "date": "2020-12-08T11:24:24.051Z",
        "value": "0.3802196979522705",
        "cumulative": false
    },
    {
        "date": "2020-12-08T11:24:26.235Z",
        "value": "0.3900272846221924",
        "cumulative": false
    },
    {
        "date": "2020-12-08T11:24:28.531Z",
        "value": "0.4784221649169922",
        "cumulative": false
    },
    {
        "date": "2020-12-08T11:24:30.779Z",
        "value": "0.4279916286468506",
        "cumulative": false
    },
    {
        "date": "2020-12-08T11:24:32.963Z",
        "value": "0.42451906204223633",
        "cumulative": false
    },
    {
        "date": "2020-12-08T11:24:35.064Z",
        "value": "0.3789668083190918",
        "cumulative": false
    },
    {
        "date": "2020-12-08T11:24:37.179Z",
        "value": "0.4062337875366211",
        "cumulative": false
    },
    {
        "date": "2020-12-08T11:24:39.261Z",
        "value": "0.36437010765075684",
        "cumulative": false
    },
    {
        "date": "2020-12-08T11:24:41.361Z",
        "value": "0.38964343070983887",
        "cumulative": false
    },
    {
        "date": "2020-12-08T11:24:43.661Z",
        "value": "0.454681396484375",
        "cumulative": false
    },
    {
        "date": "2020-12-08T11:24:45.858Z",
        "value": "0.4228217601776123",
        "cumulative": false
    },
    {
        "date": "2020-12-08T11:24:48.004Z",
        "value": "0.40119266510009766",
        "cumulative": false
    },
    {
        "date": "2020-12-08T11:24:50.110Z",
        "value": "0.41998958587646484",
        "cumulative": false
    },
    {
        "date": "2020-12-08T11:24:52.325Z",
        "value": "0.41423797607421875",
        "cumulative": false
    }
]