[
    {
        "date": "2020-12-08T11:23:53.798Z",
        "value": "0.005685329437255859",
        "cumulative": false
    },
    {
        "date": "2020-12-08T11:23:55.989Z",
        "value": "0.006710529327392578",
        "cumulative": false
    },
    {
        "date": "2020-12-08T11:23:58.208Z",
        "value": "0.006256580352783203",
        "cumulative": false
    },
    {
        "date": "2020-12-08T11:24:00.432Z",
        "value": "0.0065822601318359375",
        "cumulative": false
    },
    {
        "date": "2020-12-08T11:24:02.598Z",
        "value": "0.006236553192138672",
        "cumulative": false
    },
    {
        "date": "2020-12-08T11:24:04.665Z",
        "value": "0.006475925445556641",
        "cumulative": false
    },
    {
        "date": "2020-12-08T11:24:06.831Z",
        "value": "0.006287097930908203",
        "cumulative": false
    },
    {
        "date": "2020-12-08T11:24:09.025Z",
        "value": "0.0064067840576171875",
        "cumulative": false
    },
    {
        "date": "2020-12-08T11:24:11.169Z",
        "value": "0.006287813186645508",
        "cumulative": false
    },
    {
        "date": "2020-12-08T11:24:13.307Z",
        "value": "0.006151676177978516",
        "cumulative": false
    },
    {
        "date": "2020-12-08T11:24:15.549Z",
        "value": "0.006382465362548828",
        "cumulative": false
    },
    {
        "date": "2020-12-08T11:24:17.651Z",
        "value": "0.0076503753662109375",
        "cumulative": false
    },
    {
        "date": "2020-12-08T11:24:19.799Z",
        "value": "0.006320476531982422",
        "cumulative": false
    },
    {
        "date": "2020-12-08T11:24:21.944Z",
        "value": "0.006039142608642578",
        "cumulative": false
    },
    {
        "date": "2020-12-08T11:24:24.063Z",
        "value": "0.006529331207275391",
        "cumulative": false
    },
    {
        "date": "2020-12-08T11:24:26.261Z",
        "value": "0.007097959518432617",
        "cumulative": false
    },
    {
        "date": "2020-12-08T11:24:28.549Z",
        "value": "0.0064961910247802734",
        "cumulative": false
    },
    {
        "date": "2020-12-08T11:24:30.805Z",
        "value": "0.0076677799224853516",
        "cumulative": false
    },
    {
        "date": "2020-12-08T11:24:32.983Z",
        "value": "0.0063092708587646484",
        "cumulative": false
    },
    {
        "date": "2020-12-08T11:24:35.087Z",
        "value": "0.006142616271972656",
        "cumulative": false
    },
    {
        "date": "2020-12-08T11:24:37.194Z",
        "value": "0.006285429000854492",
        "cumulative": false
    },
    {
        "date": "2020-12-08T11:24:39.268Z",
        "value": "0.006857156753540039",
        "cumulative": false
    },
    {
        "date": "2020-12-08T11:24:41.376Z",
        "value": "0.00640559196472168",
        "cumulative": false
    },
    {
        "date": "2020-12-08T11:24:43.681Z",
        "value": "0.006395578384399414",
        "cumulative": false
    },
    {
        "date": "2020-12-08T11:24:45.874Z",
        "value": "0.007460832595825195",
        "cumulative": false
    },
    {
        "date": "2020-12-08T11:24:48.027Z",
        "value": "0.006848335266113281",
        "cumulative": false
    },
    {
        "date": "2020-12-08T11:24:50.127Z",
        "value": "0.007140159606933594",
        "cumulative": false
    },
    {
        "date": "2020-12-08T11:24:52.332Z",
        "value": "0.006157398223876953",
        "cumulative": false
    }
]