[
    {
        "date": "2020-12-08T11:23:52.356Z",
        "value": "55.46875",
        "cumulative": false
    },
    {
        "date": "2020-12-08T11:23:54.444Z",
        "value": "86.71875",
        "cumulative": false
    },
    {
        "date": "2020-12-08T11:23:56.633Z",
        "value": "92.1875",
        "cumulative": false
    },
    {
        "date": "2020-12-08T11:23:58.842Z",
        "value": "94.53125",
        "cumulative": false
    },
    {
        "date": "2020-12-08T11:24:01.072Z",
        "value": "95.3125",
        "cumulative": false
    },
    {
        "date": "2020-12-08T11:24:03.234Z",
        "value": "94.53125",
        "cumulative": false
    },
    {
        "date": "2020-12-08T11:24:05.322Z",
        "value": "99.21875",
        "cumulative": false
    },
    {
        "date": "2020-12-08T11:24:07.488Z",
        "value": "96.09375",
        "cumulative": false
    },
    {
        "date": "2020-12-08T11:24:09.667Z",
        "value": "97.65625",
        "cumulative": false
    },
    {
        "date": "2020-12-08T11:24:11.832Z",
        "value": "97.65625",
        "cumulative": false
    },
    {
        "date": "2020-12-08T11:24:13.964Z",
        "value": "99.21875",
        "cumulative": false
    },
    {
        "date": "2020-12-08T11:24:16.204Z",
        "value": "98.4375",
        "cumulative": false
    },
    {
        "date": "2020-12-08T11:24:18.297Z",
        "value": "97.65625",
        "cumulative": false
    },
    {
        "date": "2020-12-08T11:24:20.508Z",
        "value": "99.21875",
        "cumulative": false
    },
    {
        "date": "2020-12-08T11:24:22.630Z",
        "value": "97.65625",
        "cumulative": false
    },
    {
        "date": "2020-12-08T11:24:24.717Z",
        "value": "98.4375",
        "cumulative": false
    },
    {
        "date": "2020-12-08T11:24:26.891Z",
        "value": "98.4375",
        "cumulative": false
    },
    {
        "date": "2020-12-08T11:24:29.271Z",
        "value": "97.65625",
        "cumulative": false
    },
    {
        "date": "2020-12-08T11:24:31.433Z",
        "value": "99.21875",
        "cumulative": false
    },
    {
        "date": "2020-12-08T11:24:33.638Z",
        "value": "98.4375",
        "cumulative": false
    },
    {
        "date": "2020-12-08T11:24:35.723Z",
        "value": "99.21875",
        "cumulative": false
    },
    {
        "date": "2020-12-08T11:24:37.860Z",
        "value": "100.0",
        "cumulative": false
    },
    {
        "date": "2020-12-08T11:24:39.906Z",
        "value": "100.0",
        "cumulative": false
    },
    {
        "date": "2020-12-08T11:24:42.057Z",
        "value": "98.4375",
        "cumulative": false
    },
    {
        "date": "2020-12-08T11:24:44.342Z",
        "value": "99.21875",
        "cumulative": false
    },
    {
        "date": "2020-12-08T11:24:46.525Z",
        "value": "100.0",
        "cumulative": false
    },
    {
        "date": "2020-12-08T11:24:48.665Z",
        "value": "98.4375",
        "cumulative": false
    },
    {
        "date": "2020-12-08T11:24:50.878Z",
        "value": "99.21875",
        "cumulative": false
    }
]