[
    {
        "date": "2020-12-08T11:23:53.784Z",
        "value": "0.0040814876556396484",
        "cumulative": false
    },
    {
        "date": "2020-12-08T11:23:55.961Z",
        "value": "0.0046651363372802734",
        "cumulative": false
    },
    {
        "date": "2020-12-08T11:23:58.180Z",
        "value": "0.0035593509674072266",
        "cumulative": false
    },
    {
        "date": "2020-12-08T11:24:00.406Z",
        "value": "0.004548311233520508",
        "cumulative": false
    },
    {
        "date": "2020-12-08T11:24:02.568Z",
        "value": "0.0037016868591308594",
        "cumulative": false
    },
    {
        "date": "2020-12-08T11:24:04.633Z",
        "value": "0.003787994384765625",
        "cumulative": false
    },
    {
        "date": "2020-12-08T11:24:06.796Z",
        "value": "0.0037050247192382812",
        "cumulative": false
    },
    {
        "date": "2020-12-08T11:24:08.998Z",
        "value": "0.004027366638183594",
        "cumulative": false
    },
    {
        "date": "2020-12-08T11:24:11.143Z",
        "value": "0.004395484924316406",
        "cumulative": false
    },
    {
        "date": "2020-12-08T11:24:13.286Z",
        "value": "0.0042912960052490234",
        "cumulative": false
    },
    {
        "date": "2020-12-08T11:24:15.522Z",
        "value": "0.004036664962768555",
        "cumulative": false
    },
    {
        "date": "2020-12-08T11:24:17.626Z",
        "value": "0.004169940948486328",
        "cumulative": false
    },
    {
        "date": "2020-12-08T11:24:19.757Z",
        "value": "0.0036966800689697266",
        "cumulative": false
    },
    {
        "date": "2020-12-08T11:24:21.930Z",
        "value": "0.004694938659667969",
        "cumulative": false
    },
    {
        "date": "2020-12-08T11:24:24.037Z",
        "value": "0.0038917064666748047",
        "cumulative": false
    },
    {
        "date": "2020-12-08T11:24:26.233Z",
        "value": "0.004256725311279297",
        "cumulative": false
    },
    {
        "date": "2020-12-08T11:24:28.521Z",
        "value": "0.004481792449951172",
        "cumulative": false
    },
    {
        "date": "2020-12-08T11:24:30.776Z",
        "value": "0.0040624141693115234",
        "cumulative": false
    },
    {
        "date": "2020-12-08T11:24:32.962Z",
        "value": "0.004004955291748047",
        "cumulative": false
    },
    {
        "date": "2020-12-08T11:24:35.058Z",
        "value": "0.0036935806274414062",
        "cumulative": false
    },
    {
        "date": "2020-12-08T11:24:37.169Z",
        "value": "0.0034897327423095703",
        "cumulative": false
    },
    {
        "date": "2020-12-08T11:24:39.239Z",
        "value": "0.0036101341247558594",
        "cumulative": false
    },
    {
        "date": "2020-12-08T11:24:41.345Z",
        "value": "0.0038557052612304688",
        "cumulative": false
    },
    {
        "date": "2020-12-08T11:24:43.655Z",
        "value": "0.0038383007049560547",
        "cumulative": false
    },
    {
        "date": "2020-12-08T11:24:45.848Z",
        "value": "0.0036003589630126953",
        "cumulative": false
    },
    {
        "date": "2020-12-08T11:24:47.995Z",
        "value": "0.004006147384643555",
        "cumulative": false
    },
    {
        "date": "2020-12-08T11:24:50.111Z",
        "value": "0.0036590099334716797",
        "cumulative": false
    },
    {
        "date": "2020-12-08T11:24:52.319Z",
        "value": "0.004183769226074219",
        "cumulative": false
    }
]