[
    {
        "date": "2020-12-08T11:23:53.795Z",
        "value": "0.014528751373291016",
        "cumulative": false
    },
    {
        "date": "2020-12-08T11:23:55.971Z",
        "value": "0.01562786102294922",
        "cumulative": false
    },
    {
        "date": "2020-12-08T11:23:58.187Z",
        "value": "0.015311241149902344",
        "cumulative": false
    },
    {
        "date": "2020-12-08T11:24:00.406Z",
        "value": "0.017458200454711914",
        "cumulative": false
    },
    {
        "date": "2020-12-08T11:24:02.578Z",
        "value": "0.014841079711914062",
        "cumulative": false
    },
    {
        "date": "2020-12-08T11:24:04.641Z",
        "value": "0.01665782928466797",
        "cumulative": false
    },
    {
        "date": "2020-12-08T11:24:06.800Z",
        "value": "0.015553951263427734",
        "cumulative": false
    },
    {
        "date": "2020-12-08T11:24:09.002Z",
        "value": "0.015311956405639648",
        "cumulative": false
    },
    {
        "date": "2020-12-08T11:24:11.139Z",
        "value": "0.014954566955566406",
        "cumulative": false
    },
    {
        "date": "2020-12-08T11:24:13.278Z",
        "value": "0.016954421997070312",
        "cumulative": false
    },
    {
        "date": "2020-12-08T11:24:15.535Z",
        "value": "0.019701004028320312",
        "cumulative": false
    },
    {
        "date": "2020-12-08T11:24:17.623Z",
        "value": "0.015879392623901367",
        "cumulative": false
    },
    {
        "date": "2020-12-08T11:24:19.766Z",
        "value": "0.015261173248291016",
        "cumulative": false
    },
    {
        "date": "2020-12-08T11:24:21.923Z",
        "value": "0.016568422317504883",
        "cumulative": false
    },
    {
        "date": "2020-12-08T11:24:24.040Z",
        "value": "0.016557693481445312",
        "cumulative": false
    },
    {
        "date": "2020-12-08T11:24:26.231Z",
        "value": "0.016257047653198242",
        "cumulative": false
    },
    {
        "date": "2020-12-08T11:24:28.525Z",
        "value": "0.01548457145690918",
        "cumulative": false
    },
    {
        "date": "2020-12-08T11:24:30.787Z",
        "value": "0.0140838623046875",
        "cumulative": false
    },
    {
        "date": "2020-12-08T11:24:32.962Z",
        "value": "0.01553487777709961",
        "cumulative": false
    },
    {
        "date": "2020-12-08T11:24:35.061Z",
        "value": "0.016691207885742188",
        "cumulative": false
    },
    {
        "date": "2020-12-08T11:24:37.173Z",
        "value": "0.015156269073486328",
        "cumulative": false
    },
    {
        "date": "2020-12-08T11:24:39.250Z",
        "value": "0.01598525047302246",
        "cumulative": false
    },
    {
        "date": "2020-12-08T11:24:41.350Z",
        "value": "0.015702486038208008",
        "cumulative": false
    },
    {
        "date": "2020-12-08T11:24:43.657Z",
        "value": "0.015951156616210938",
        "cumulative": false
    },
    {
        "date": "2020-12-08T11:24:45.856Z",
        "value": "0.0157468318939209",
        "cumulative": false
    },
    {
        "date": "2020-12-08T11:24:47.997Z",
        "value": "0.016634464263916016",
        "cumulative": false
    },
    {
        "date": "2020-12-08T11:24:50.105Z",
        "value": "0.015673398971557617",
        "cumulative": false
    },
    {
        "date": "2020-12-08T11:24:52.316Z",
        "value": "0.01534891128540039",
        "cumulative": false
    }
]