[
    {
        "date": "2020-12-08T11:23:53.794Z",
        "value": "0.060411930084228516",
        "cumulative": false
    },
    {
        "date": "2020-12-08T11:23:55.966Z",
        "value": "0.06075263023376465",
        "cumulative": false
    },
    {
        "date": "2020-12-08T11:23:58.185Z",
        "value": "0.05196356773376465",
        "cumulative": false
    },
    {
        "date": "2020-12-08T11:24:00.407Z",
        "value": "0.05744004249572754",
        "cumulative": false
    },
    {
        "date": "2020-12-08T11:24:02.586Z",
        "value": "0.06963133811950684",
        "cumulative": false
    },
    {
        "date": "2020-12-08T11:24:04.639Z",
        "value": "0.05694174766540527",
        "cumulative": false
    },
    {
        "date": "2020-12-08T11:24:06.802Z",
        "value": "0.05647587776184082",
        "cumulative": false
    },
    {
        "date": "2020-12-08T11:24:09.012Z",
        "value": "0.057228803634643555",
        "cumulative": false
    },
    {
        "date": "2020-12-08T11:24:11.144Z",
        "value": "0.05431699752807617",
        "cumulative": false
    },
    {
        "date": "2020-12-08T11:24:13.282Z",
        "value": "0.06507611274719238",
        "cumulative": false
    },
    {
        "date": "2020-12-08T11:24:15.527Z",
        "value": "0.05312204360961914",
        "cumulative": false
    },
    {
        "date": "2020-12-08T11:24:17.629Z",
        "value": "0.06452822685241699",
        "cumulative": false
    },
    {
        "date": "2020-12-08T11:24:19.765Z",
        "value": "0.055916786193847656",
        "cumulative": false
    },
    {
        "date": "2020-12-08T11:24:21.929Z",
        "value": "0.053266048431396484",
        "cumulative": false
    },
    {
        "date": "2020-12-08T11:24:24.045Z",
        "value": "0.06100606918334961",
        "cumulative": false
    },
    {
        "date": "2020-12-08T11:24:26.238Z",
        "value": "0.06023430824279785",
        "cumulative": false
    },
    {
        "date": "2020-12-08T11:24:28.529Z",
        "value": "0.05360054969787598",
        "cumulative": false
    },
    {
        "date": "2020-12-08T11:24:30.776Z",
        "value": "0.05739760398864746",
        "cumulative": false
    },
    {
        "date": "2020-12-08T11:24:32.963Z",
        "value": "0.057628631591796875",
        "cumulative": false
    },
    {
        "date": "2020-12-08T11:24:35.063Z",
        "value": "0.06937861442565918",
        "cumulative": false
    },
    {
        "date": "2020-12-08T11:24:37.177Z",
        "value": "0.05741691589355469",
        "cumulative": false
    },
    {
        "date": "2020-12-08T11:24:39.243Z",
        "value": "0.05814051628112793",
        "cumulative": false
    },
    {
        "date": "2020-12-08T11:24:41.352Z",
        "value": "0.04629158973693848",
        "cumulative": false
    },
    {
        "date": "2020-12-08T11:24:43.666Z",
        "value": "0.05796313285827637",
        "cumulative": false
    },
    {
        "date": "2020-12-08T11:24:45.852Z",
        "value": "0.05948305130004883",
        "cumulative": false
    },
    {
        "date": "2020-12-08T11:24:48.000Z",
        "value": "0.057253360748291016",
        "cumulative": false
    },
    {
        "date": "2020-12-08T11:24:50.112Z",
        "value": "0.05489659309387207",
        "cumulative": false
    },
    {
        "date": "2020-12-08T11:24:52.332Z",
        "value": "0.055231571197509766",
        "cumulative": false
    }
]