[
    {
        "date": "2020-12-08T11:23:52.352Z",
        "value": "2.528207778930664",
        "cumulative": false
    },
    {
        "date": "2020-12-08T11:23:54.446Z",
        "value": "1.7585251331329346",
        "cumulative": false
    },
    {
        "date": "2020-12-08T11:23:56.632Z",
        "value": "1.5983021259307861",
        "cumulative": false
    },
    {
        "date": "2020-12-08T11:23:58.841Z",
        "value": "1.2748607397079468",
        "cumulative": false
    },
    {
        "date": "2020-12-08T11:24:01.072Z",
        "value": "1.140954613685608",
        "cumulative": false
    },
    {
        "date": "2020-12-08T11:24:03.231Z",
        "value": "1.1310299634933472",
        "cumulative": false
    },
    {
        "date": "2020-12-08T11:24:05.322Z",
        "value": "1.020540475845337",
        "cumulative": false
    },
    {
        "date": "2020-12-08T11:24:07.487Z",
        "value": "0.8422825336456299",
        "cumulative": false
    },
    {
        "date": "2020-12-08T11:24:09.668Z",
        "value": "0.8975080251693726",
        "cumulative": false
    },
    {
        "date": "2020-12-08T11:24:11.833Z",
        "value": "0.7684833407402039",
        "cumulative": false
    },
    {
        "date": "2020-12-08T11:24:13.957Z",
        "value": "0.7082899212837219",
        "cumulative": false
    },
    {
        "date": "2020-12-08T11:24:16.206Z",
        "value": "0.7992169260978699",
        "cumulative": false
    },
    {
        "date": "2020-12-08T11:24:18.296Z",
        "value": "0.6875322461128235",
        "cumulative": false
    },
    {
        "date": "2020-12-08T11:24:20.507Z",
        "value": "0.574567973613739",
        "cumulative": false
    },
    {
        "date": "2020-12-08T11:24:22.629Z",
        "value": "0.685331404209137",
        "cumulative": false
    },
    {
        "date": "2020-12-08T11:24:24.716Z",
        "value": "0.6756796836853027",
        "cumulative": false
    },
    {
        "date": "2020-12-08T11:24:26.890Z",
        "value": "0.5840458273887634",
        "cumulative": false
    },
    {
        "date": "2020-12-08T11:24:29.264Z",
        "value": "0.5958504676818848",
        "cumulative": false
    },
    {
        "date": "2020-12-08T11:24:31.432Z",
        "value": "0.6382555365562439",
        "cumulative": false
    },
    {
        "date": "2020-12-08T11:24:33.637Z",
        "value": "0.5975934863090515",
        "cumulative": false
    },
    {
        "date": "2020-12-08T11:24:35.719Z",
        "value": "0.4838203191757202",
        "cumulative": false
    },
    {
        "date": "2020-12-08T11:24:37.860Z",
        "value": "0.495609849691391",
        "cumulative": false
    },
    {
        "date": "2020-12-08T11:24:39.907Z",
        "value": "0.4839206039905548",
        "cumulative": false
    },
    {
        "date": "2020-12-08T11:24:42.054Z",
        "value": "0.6165139675140381",
        "cumulative": false
    },
    {
        "date": "2020-12-08T11:24:44.342Z",
        "value": "0.5458699464797974",
        "cumulative": false
    },
    {
        "date": "2020-12-08T11:24:46.522Z",
        "value": "0.5013238787651062",
        "cumulative": false
    },
    {
        "date": "2020-12-08T11:24:48.663Z",
        "value": "0.40185248851776123",
        "cumulative": false
    },
    {
        "date": "2020-12-08T11:24:50.876Z",
        "value": "0.44544729590415955",
        "cumulative": false
    }
]