[
    {
        "date": "2020-12-08T11:23:53.787Z",
        "value": "0.005130767822265625",
        "cumulative": false
    },
    {
        "date": "2020-12-08T11:23:55.964Z",
        "value": "0.0050885677337646484",
        "cumulative": false
    },
    {
        "date": "2020-12-08T11:23:58.182Z",
        "value": "0.004912376403808594",
        "cumulative": false
    },
    {
        "date": "2020-12-08T11:24:00.411Z",
        "value": "0.005472660064697266",
        "cumulative": false
    },
    {
        "date": "2020-12-08T11:24:02.572Z",
        "value": "0.005499839782714844",
        "cumulative": false
    },
    {
        "date": "2020-12-08T11:24:04.649Z",
        "value": "0.005155324935913086",
        "cumulative": false
    },
    {
        "date": "2020-12-08T11:24:06.799Z",
        "value": "0.005203962326049805",
        "cumulative": false
    },
    {
        "date": "2020-12-08T11:24:08.999Z",
        "value": "0.008466005325317383",
        "cumulative": false
    },
    {
        "date": "2020-12-08T11:24:11.138Z",
        "value": "0.005915641784667969",
        "cumulative": false
    },
    {
        "date": "2020-12-08T11:24:13.284Z",
        "value": "0.0050237178802490234",
        "cumulative": false
    },
    {
        "date": "2020-12-08T11:24:15.518Z",
        "value": "0.005273103713989258",
        "cumulative": false
    },
    {
        "date": "2020-12-08T11:24:17.625Z",
        "value": "0.005679130554199219",
        "cumulative": false
    },
    {
        "date": "2020-12-08T11:24:19.761Z",
        "value": "0.004984617233276367",
        "cumulative": false
    },
    {
        "date": "2020-12-08T11:24:21.921Z",
        "value": "0.0058248043060302734",
        "cumulative": false
    },
    {
        "date": "2020-12-08T11:24:24.039Z",
        "value": "0.00568699836730957",
        "cumulative": false
    },
    {
        "date": "2020-12-08T11:24:26.232Z",
        "value": "0.004929542541503906",
        "cumulative": false
    },
    {
        "date": "2020-12-08T11:24:28.532Z",
        "value": "0.004854440689086914",
        "cumulative": false
    },
    {
        "date": "2020-12-08T11:24:30.775Z",
        "value": "0.005328655242919922",
        "cumulative": false
    },
    {
        "date": "2020-12-08T11:24:32.958Z",
        "value": "0.005118370056152344",
        "cumulative": false
    },
    {
        "date": "2020-12-08T11:24:35.060Z",
        "value": "0.005148410797119141",
        "cumulative": false
    },
    {
        "date": "2020-12-08T11:24:37.171Z",
        "value": "0.005460977554321289",
        "cumulative": false
    },
    {
        "date": "2020-12-08T11:24:39.242Z",
        "value": "0.005379915237426758",
        "cumulative": false
    },
    {
        "date": "2020-12-08T11:24:41.356Z",
        "value": "0.00497746467590332",
        "cumulative": false
    },
    {
        "date": "2020-12-08T11:24:43.656Z",
        "value": "0.005385637283325195",
        "cumulative": false
    },
    {
        "date": "2020-12-08T11:24:45.850Z",
        "value": "0.005071163177490234",
        "cumulative": false
    },
    {
        "date": "2020-12-08T11:24:47.995Z",
        "value": "0.0050237178802490234",
        "cumulative": false
    },
    {
        "date": "2020-12-08T11:24:50.104Z",
        "value": "0.004955291748046875",
        "cumulative": false
    },
    {
        "date": "2020-12-08T11:24:52.325Z",
        "value": "0.005697488784790039",
        "cumulative": false
    }
]