[
    {
        "date": "2020-12-08T11:23:53.799Z",
        "value": "3.7824153900146484",
        "cumulative": false
    },
    {
        "date": "2020-12-08T11:23:55.976Z",
        "value": "1.5794460773468018",
        "cumulative": false
    },
    {
        "date": "2020-12-08T11:23:58.195Z",
        "value": "1.6299192905426025",
        "cumulative": false
    },
    {
        "date": "2020-12-08T11:24:00.413Z",
        "value": "1.6404340267181396",
        "cumulative": false
    },
    {
        "date": "2020-12-08T11:24:02.580Z",
        "value": "1.577077865600586",
        "cumulative": false
    },
    {
        "date": "2020-12-08T11:24:04.644Z",
        "value": "1.4750638008117676",
        "cumulative": false
    },
    {
        "date": "2020-12-08T11:24:06.809Z",
        "value": "1.530843734741211",
        "cumulative": false
    },
    {
        "date": "2020-12-08T11:24:09.009Z",
        "value": "1.5864365100860596",
        "cumulative": false
    },
    {
        "date": "2020-12-08T11:24:11.156Z",
        "value": "1.5198957920074463",
        "cumulative": false
    },
    {
        "date": "2020-12-08T11:24:13.288Z",
        "value": "1.5423929691314697",
        "cumulative": false
    },
    {
        "date": "2020-12-08T11:24:15.534Z",
        "value": "1.622081995010376",
        "cumulative": false
    },
    {
        "date": "2020-12-08T11:24:17.641Z",
        "value": "1.4604523181915283",
        "cumulative": false
    },
    {
        "date": "2020-12-08T11:24:19.772Z",
        "value": "1.5492172241210938",
        "cumulative": false
    },
    {
        "date": "2020-12-08T11:24:21.930Z",
        "value": "1.5531864166259766",
        "cumulative": false
    },
    {
        "date": "2020-12-08T11:24:24.050Z",
        "value": "1.4749259948730469",
        "cumulative": false
    },
    {
        "date": "2020-12-08T11:24:26.246Z",
        "value": "1.582326889038086",
        "cumulative": false
    },
    {
        "date": "2020-12-08T11:24:28.552Z",
        "value": "1.7210347652435303",
        "cumulative": false
    },
    {
        "date": "2020-12-08T11:24:30.789Z",
        "value": "1.585761308670044",
        "cumulative": false
    },
    {
        "date": "2020-12-08T11:24:32.978Z",
        "value": "1.6026771068572998",
        "cumulative": false
    },
    {
        "date": "2020-12-08T11:24:35.068Z",
        "value": "1.5004961490631104",
        "cumulative": false
    },
    {
        "date": "2020-12-08T11:24:37.177Z",
        "value": "1.512284517288208",
        "cumulative": false
    },
    {
        "date": "2020-12-08T11:24:39.258Z",
        "value": "1.452988862991333",
        "cumulative": false
    },
    {
        "date": "2020-12-08T11:24:41.373Z",
        "value": "1.5178661346435547",
        "cumulative": false
    },
    {
        "date": "2020-12-08T11:24:43.666Z",
        "value": "1.6861350536346436",
        "cumulative": false
    },
    {
        "date": "2020-12-08T11:24:45.858Z",
        "value": "1.5898220539093018",
        "cumulative": false
    },
    {
        "date": "2020-12-08T11:24:48.007Z",
        "value": "1.5532467365264893",
        "cumulative": false
    },
    {
        "date": "2020-12-08T11:24:50.115Z",
        "value": "1.4923803806304932",
        "cumulative": false
    },
    {
        "date": "2020-12-08T11:24:52.329Z",
        "value": "1.5384957790374756",
        "cumulative": false
    }
]