[
    {
        "date": "2020-12-08T11:23:52.360Z",
        "value": "4.6875",
        "cumulative": false
    },
    {
        "date": "2020-12-08T11:23:54.451Z",
        "value": "28.90625",
        "cumulative": false
    },
    {
        "date": "2020-12-08T11:23:56.639Z",
        "value": "46.09375",
        "cumulative": false
    },
    {
        "date": "2020-12-08T11:23:58.847Z",
        "value": "54.6875",
        "cumulative": false
    },
    {
        "date": "2020-12-08T11:24:01.077Z",
        "value": "60.15625",
        "cumulative": false
    },
    {
        "date": "2020-12-08T11:24:03.237Z",
        "value": "54.6875",
        "cumulative": false
    },
    {
        "date": "2020-12-08T11:24:05.330Z",
        "value": "64.0625",
        "cumulative": false
    },
    {
        "date": "2020-12-08T11:24:07.492Z",
        "value": "72.65625",
        "cumulative": false
    },
    {
        "date": "2020-12-08T11:24:09.673Z",
        "value": "79.6875",
        "cumulative": false
    },
    {
        "date": "2020-12-08T11:24:11.838Z",
        "value": "67.1875",
        "cumulative": false
    },
    {
        "date": "2020-12-08T11:24:13.964Z",
        "value": "75.0",
        "cumulative": false
    },
    {
        "date": "2020-12-08T11:24:16.210Z",
        "value": "71.09375",
        "cumulative": false
    },
    {
        "date": "2020-12-08T11:24:18.303Z",
        "value": "78.125",
        "cumulative": false
    },
    {
        "date": "2020-12-08T11:24:20.513Z",
        "value": "71.875",
        "cumulative": false
    },
    {
        "date": "2020-12-08T11:24:22.635Z",
        "value": "80.46875",
        "cumulative": false
    },
    {
        "date": "2020-12-08T11:24:24.723Z",
        "value": "72.65625",
        "cumulative": false
    },
    {
        "date": "2020-12-08T11:24:26.897Z",
        "value": "78.90625",
        "cumulative": false
    },
    {
        "date": "2020-12-08T11:24:29.270Z",
        "value": "75.0",
        "cumulative": false
    },
    {
        "date": "2020-12-08T11:24:31.439Z",
        "value": "84.375",
        "cumulative": false
    },
    {
        "date": "2020-12-08T11:24:33.643Z",
        "value": "79.6875",
        "cumulative": false
    },
    {
        "date": "2020-12-08T11:24:35.725Z",
        "value": "78.125",
        "cumulative": false
    },
    {
        "date": "2020-12-08T11:24:37.866Z",
        "value": "82.03125",
        "cumulative": false
    },
    {
        "date": "2020-12-08T11:24:39.914Z",
        "value": "82.8125",
        "cumulative": false
    },
    {
        "date": "2020-12-08T11:24:42.062Z",
        "value": "82.03125",
        "cumulative": false
    },
    {
        "date": "2020-12-08T11:24:44.349Z",
        "value": "82.8125",
        "cumulative": false
    },
    {
        "date": "2020-12-08T11:24:46.527Z",
        "value": "79.6875",
        "cumulative": false
    },
    {
        "date": "2020-12-08T11:24:48.670Z",
        "value": "79.6875",
        "cumulative": false
    },
    {
        "date": "2020-12-08T11:24:50.883Z",
        "value": "83.59375",
        "cumulative": false
    }
]