[
    {
        "date": "2020-12-08T11:23:52.358Z",
        "value": "2.6124460697174072",
        "cumulative": false
    },
    {
        "date": "2020-12-08T11:23:54.451Z",
        "value": "1.822381615638733",
        "cumulative": false
    },
    {
        "date": "2020-12-08T11:23:56.639Z",
        "value": "1.4277125597000122",
        "cumulative": false
    },
    {
        "date": "2020-12-08T11:23:58.847Z",
        "value": "1.3666514158248901",
        "cumulative": false
    },
    {
        "date": "2020-12-08T11:24:01.077Z",
        "value": "1.1536602973937988",
        "cumulative": false
    },
    {
        "date": "2020-12-08T11:24:03.237Z",
        "value": "1.2847511768341064",
        "cumulative": false
    },
    {
        "date": "2020-12-08T11:24:05.330Z",
        "value": "0.9856367707252502",
        "cumulative": false
    },
    {
        "date": "2020-12-08T11:24:07.492Z",
        "value": "0.8259146809577942",
        "cumulative": false
    },
    {
        "date": "2020-12-08T11:24:09.673Z",
        "value": "0.7715097069740295",
        "cumulative": false
    },
    {
        "date": "2020-12-08T11:24:11.838Z",
        "value": "0.9760984778404236",
        "cumulative": false
    },
    {
        "date": "2020-12-08T11:24:13.964Z",
        "value": "0.7452534437179565",
        "cumulative": false
    },
    {
        "date": "2020-12-08T11:24:16.210Z",
        "value": "0.8082249760627747",
        "cumulative": false
    },
    {
        "date": "2020-12-08T11:24:18.303Z",
        "value": "0.7255588173866272",
        "cumulative": false
    },
    {
        "date": "2020-12-08T11:24:20.513Z",
        "value": "0.6346877813339233",
        "cumulative": false
    },
    {
        "date": "2020-12-08T11:24:22.634Z",
        "value": "0.5447741746902466",
        "cumulative": false
    },
    {
        "date": "2020-12-08T11:24:24.723Z",
        "value": "0.7217457890510559",
        "cumulative": false
    },
    {
        "date": "2020-12-08T11:24:26.897Z",
        "value": "0.6029057502746582",
        "cumulative": false
    },
    {
        "date": "2020-12-08T11:24:29.270Z",
        "value": "0.7370347380638123",
        "cumulative": false
    },
    {
        "date": "2020-12-08T11:24:31.439Z",
        "value": "0.45302262902259827",
        "cumulative": false
    },
    {
        "date": "2020-12-08T11:24:33.643Z",
        "value": "0.6004868149757385",
        "cumulative": false
    },
    {
        "date": "2020-12-08T11:24:35.725Z",
        "value": "0.6244637370109558",
        "cumulative": false
    },
    {
        "date": "2020-12-08T11:24:37.866Z",
        "value": "0.5121845602989197",
        "cumulative": false
    },
    {
        "date": "2020-12-08T11:24:39.914Z",
        "value": "0.42704102396965027",
        "cumulative": false
    },
    {
        "date": "2020-12-08T11:24:42.061Z",
        "value": "0.5072095990180969",
        "cumulative": false
    },
    {
        "date": "2020-12-08T11:24:44.349Z",
        "value": "0.5204707384109497",
        "cumulative": false
    },
    {
        "date": "2020-12-08T11:24:46.527Z",
        "value": "0.5976161360740662",
        "cumulative": false
    },
    {
        "date": "2020-12-08T11:24:48.669Z",
        "value": "0.5064002275466919",
        "cumulative": false
    },
    {
        "date": "2020-12-08T11:24:50.883Z",
        "value": "0.40608474612236023",
        "cumulative": false
    }
]