[
    {
        "date": "2020-12-08T11:23:53.793Z",
        "value": "0.015475034713745117",
        "cumulative": false
    },
    {
        "date": "2020-12-08T11:23:55.968Z",
        "value": "0.015804529190063477",
        "cumulative": false
    },
    {
        "date": "2020-12-08T11:23:58.181Z",
        "value": "0.013334274291992188",
        "cumulative": false
    },
    {
        "date": "2020-12-08T11:24:00.404Z",
        "value": "0.016114234924316406",
        "cumulative": false
    },
    {
        "date": "2020-12-08T11:24:02.570Z",
        "value": "0.01366424560546875",
        "cumulative": false
    },
    {
        "date": "2020-12-08T11:24:04.636Z",
        "value": "0.014023303985595703",
        "cumulative": false
    },
    {
        "date": "2020-12-08T11:24:06.799Z",
        "value": "0.014707803726196289",
        "cumulative": false
    },
    {
        "date": "2020-12-08T11:24:08.998Z",
        "value": "0.013769149780273438",
        "cumulative": false
    },
    {
        "date": "2020-12-08T11:24:11.137Z",
        "value": "0.014970064163208008",
        "cumulative": false
    },
    {
        "date": "2020-12-08T11:24:13.276Z",
        "value": "0.015171289443969727",
        "cumulative": false
    },
    {
        "date": "2020-12-08T11:24:15.516Z",
        "value": "0.015262603759765625",
        "cumulative": false
    },
    {
        "date": "2020-12-08T11:24:17.628Z",
        "value": "0.0159912109375",
        "cumulative": false
    },
    {
        "date": "2020-12-08T11:24:19.761Z",
        "value": "0.01683187484741211",
        "cumulative": false
    },
    {
        "date": "2020-12-08T11:24:21.922Z",
        "value": "0.016476869583129883",
        "cumulative": false
    },
    {
        "date": "2020-12-08T11:24:24.044Z",
        "value": "0.015435457229614258",
        "cumulative": false
    },
    {
        "date": "2020-12-08T11:24:26.236Z",
        "value": "0.013753652572631836",
        "cumulative": false
    },
    {
        "date": "2020-12-08T11:24:28.537Z",
        "value": "0.014463424682617188",
        "cumulative": false
    },
    {
        "date": "2020-12-08T11:24:30.777Z",
        "value": "0.015180110931396484",
        "cumulative": false
    },
    {
        "date": "2020-12-08T11:24:32.962Z",
        "value": "0.014233112335205078",
        "cumulative": false
    },
    {
        "date": "2020-12-08T11:24:35.059Z",
        "value": "0.015362739562988281",
        "cumulative": false
    },
    {
        "date": "2020-12-08T11:24:37.170Z",
        "value": "0.015691280364990234",
        "cumulative": false
    },
    {
        "date": "2020-12-08T11:24:39.241Z",
        "value": "0.016414165496826172",
        "cumulative": false
    },
    {
        "date": "2020-12-08T11:24:41.346Z",
        "value": "0.01486515998840332",
        "cumulative": false
    },
    {
        "date": "2020-12-08T11:24:43.660Z",
        "value": "0.01523900032043457",
        "cumulative": false
    },
    {
        "date": "2020-12-08T11:24:45.852Z",
        "value": "0.015096187591552734",
        "cumulative": false
    },
    {
        "date": "2020-12-08T11:24:47.996Z",
        "value": "0.014575958251953125",
        "cumulative": false
    },
    {
        "date": "2020-12-08T11:24:50.112Z",
        "value": "0.014829874038696289",
        "cumulative": false
    },
    {
        "date": "2020-12-08T11:24:52.320Z",
        "value": "0.013908624649047852",
        "cumulative": false
    }
]