[
    {
        "date": "2020-12-08T11:23:52.361Z",
        "value": "41.40625",
        "cumulative": false
    },
    {
        "date": "2020-12-08T11:23:54.451Z",
        "value": "86.71875",
        "cumulative": false
    },
    {
        "date": "2020-12-08T11:23:56.639Z",
        "value": "92.1875",
        "cumulative": false
    },
    {
        "date": "2020-12-08T11:23:58.847Z",
        "value": "92.96875",
        "cumulative": false
    },
    {
        "date": "2020-12-08T11:24:01.077Z",
        "value": "93.75",
        "cumulative": false
    },
    {
        "date": "2020-12-08T11:24:03.237Z",
        "value": "93.75",
        "cumulative": false
    },
    {
        "date": "2020-12-08T11:24:05.330Z",
        "value": "96.875",
        "cumulative": false
    },
    {
        "date": "2020-12-08T11:24:07.492Z",
        "value": "98.4375",
        "cumulative": false
    },
    {
        "date": "2020-12-08T11:24:09.673Z",
        "value": "96.09375",
        "cumulative": false
    },
    {
        "date": "2020-12-08T11:24:11.838Z",
        "value": "97.65625",
        "cumulative": false
    },
    {
        "date": "2020-12-08T11:24:13.964Z",
        "value": "95.3125",
        "cumulative": false
    },
    {
        "date": "2020-12-08T11:24:16.210Z",
        "value": "99.21875",
        "cumulative": false
    },
    {
        "date": "2020-12-08T11:24:18.303Z",
        "value": "99.21875",
        "cumulative": false
    },
    {
        "date": "2020-12-08T11:24:20.513Z",
        "value": "100.0",
        "cumulative": false
    },
    {
        "date": "2020-12-08T11:24:22.635Z",
        "value": "99.21875",
        "cumulative": false
    },
    {
        "date": "2020-12-08T11:24:24.723Z",
        "value": "98.4375",
        "cumulative": false
    },
    {
        "date": "2020-12-08T11:24:26.897Z",
        "value": "97.65625",
        "cumulative": false
    },
    {
        "date": "2020-12-08T11:24:29.270Z",
        "value": "97.65625",
        "cumulative": false
    },
    {
        "date": "2020-12-08T11:24:31.439Z",
        "value": "98.4375",
        "cumulative": false
    },
    {
        "date": "2020-12-08T11:24:33.643Z",
        "value": "98.4375",
        "cumulative": false
    },
    {
        "date": "2020-12-08T11:24:35.726Z",
        "value": "99.21875",
        "cumulative": false
    },
    {
        "date": "2020-12-08T11:24:37.866Z",
        "value": "98.4375",
        "cumulative": false
    },
    {
        "date": "2020-12-08T11:24:39.915Z",
        "value": "100.0",
        "cumulative": false
    },
    {
        "date": "2020-12-08T11:24:42.062Z",
        "value": "100.0",
        "cumulative": false
    },
    {
        "date": "2020-12-08T11:24:44.349Z",
        "value": "97.65625",
        "cumulative": false
    },
    {
        "date": "2020-12-08T11:24:46.527Z",
        "value": "100.0",
        "cumulative": false
    },
    {
        "date": "2020-12-08T11:24:48.670Z",
        "value": "100.0",
        "cumulative": false
    },
    {
        "date": "2020-12-08T11:24:50.883Z",
        "value": "100.0",
        "cumulative": false
    }
]