[
    {
        "date": "2020-12-08T11:23:52.351Z",
        "value": "2.463191270828247",
        "cumulative": false
    },
    {
        "date": "2020-12-08T11:23:54.443Z",
        "value": "1.8164701461791992",
        "cumulative": false
    },
    {
        "date": "2020-12-08T11:23:56.631Z",
        "value": "1.5978875160217285",
        "cumulative": false
    },
    {
        "date": "2020-12-08T11:23:58.841Z",
        "value": "1.4476025104522705",
        "cumulative": false
    },
    {
        "date": "2020-12-08T11:24:01.070Z",
        "value": "1.4221597909927368",
        "cumulative": false
    },
    {
        "date": "2020-12-08T11:24:03.230Z",
        "value": "1.25974702835083",
        "cumulative": false
    },
    {
        "date": "2020-12-08T11:24:05.321Z",
        "value": "0.9814751744270325",
        "cumulative": false
    },
    {
        "date": "2020-12-08T11:24:07.486Z",
        "value": "0.9461463689804077",
        "cumulative": false
    },
    {
        "date": "2020-12-08T11:24:09.669Z",
        "value": "0.8783923983573914",
        "cumulative": false
    },
    {
        "date": "2020-12-08T11:24:11.831Z",
        "value": "0.9057994484901428",
        "cumulative": false
    },
    {
        "date": "2020-12-08T11:24:13.958Z",
        "value": "0.8315051794052124",
        "cumulative": false
    },
    {
        "date": "2020-12-08T11:24:16.200Z",
        "value": "0.7562059164047241",
        "cumulative": false
    },
    {
        "date": "2020-12-08T11:24:18.295Z",
        "value": "0.5999131202697754",
        "cumulative": false
    },
    {
        "date": "2020-12-08T11:24:20.506Z",
        "value": "0.6258587837219238",
        "cumulative": false
    },
    {
        "date": "2020-12-08T11:24:22.628Z",
        "value": "0.6794806718826294",
        "cumulative": false
    },
    {
        "date": "2020-12-08T11:24:24.718Z",
        "value": "0.5290298461914062",
        "cumulative": false
    },
    {
        "date": "2020-12-08T11:24:26.890Z",
        "value": "0.6026459336280823",
        "cumulative": false
    },
    {
        "date": "2020-12-08T11:24:29.265Z",
        "value": "0.5812119245529175",
        "cumulative": false
    },
    {
        "date": "2020-12-08T11:24:31.431Z",
        "value": "0.5420714020729065",
        "cumulative": false
    },
    {
        "date": "2020-12-08T11:24:33.636Z",
        "value": "0.46204471588134766",
        "cumulative": false
    },
    {
        "date": "2020-12-08T11:24:35.720Z",
        "value": "0.5188285708427429",
        "cumulative": false
    },
    {
        "date": "2020-12-08T11:24:37.860Z",
        "value": "0.41921868920326233",
        "cumulative": false
    },
    {
        "date": "2020-12-08T11:24:39.905Z",
        "value": "0.7031564712524414",
        "cumulative": false
    },
    {
        "date": "2020-12-08T11:24:42.053Z",
        "value": "0.38868871331214905",
        "cumulative": false
    },
    {
        "date": "2020-12-08T11:24:44.342Z",
        "value": "0.5833335518836975",
        "cumulative": false
    },
    {
        "date": "2020-12-08T11:24:46.520Z",
        "value": "0.5331256985664368",
        "cumulative": false
    },
    {
        "date": "2020-12-08T11:24:48.662Z",
        "value": "0.38084226846694946",
        "cumulative": false
    },
    {
        "date": "2020-12-08T11:24:50.876Z",
        "value": "0.4124794602394104",
        "cumulative": false
    }
]