[
    {
        "date": "2020-12-08T11:23:53.791Z",
        "value": "0.05111384391784668",
        "cumulative": false
    },
    {
        "date": "2020-12-08T11:23:55.974Z",
        "value": "0.04944968223571777",
        "cumulative": false
    },
    {
        "date": "2020-12-08T11:23:58.177Z",
        "value": "0.04545140266418457",
        "cumulative": false
    },
    {
        "date": "2020-12-08T11:24:00.407Z",
        "value": "0.054077863693237305",
        "cumulative": false
    },
    {
        "date": "2020-12-08T11:24:02.567Z",
        "value": "0.05178093910217285",
        "cumulative": false
    },
    {
        "date": "2020-12-08T11:24:04.639Z",
        "value": "0.05371212959289551",
        "cumulative": false
    },
    {
        "date": "2020-12-08T11:24:06.797Z",
        "value": "0.051311492919921875",
        "cumulative": false
    },
    {
        "date": "2020-12-08T11:24:09.004Z",
        "value": "0.05607175827026367",
        "cumulative": false
    },
    {
        "date": "2020-12-08T11:24:11.136Z",
        "value": "0.048226118087768555",
        "cumulative": false
    },
    {
        "date": "2020-12-08T11:24:13.278Z",
        "value": "0.05378127098083496",
        "cumulative": false
    },
    {
        "date": "2020-12-08T11:24:15.528Z",
        "value": "0.04406929016113281",
        "cumulative": false
    },
    {
        "date": "2020-12-08T11:24:17.618Z",
        "value": "0.05289936065673828",
        "cumulative": false
    },
    {
        "date": "2020-12-08T11:24:19.758Z",
        "value": "0.04433441162109375",
        "cumulative": false
    },
    {
        "date": "2020-12-08T11:24:21.923Z",
        "value": "0.05269002914428711",
        "cumulative": false
    },
    {
        "date": "2020-12-08T11:24:24.043Z",
        "value": "0.053330421447753906",
        "cumulative": false
    },
    {
        "date": "2020-12-08T11:24:26.227Z",
        "value": "0.04767274856567383",
        "cumulative": false
    },
    {
        "date": "2020-12-08T11:24:28.527Z",
        "value": "0.05562162399291992",
        "cumulative": false
    },
    {
        "date": "2020-12-08T11:24:30.774Z",
        "value": "0.049712181091308594",
        "cumulative": false
    },
    {
        "date": "2020-12-08T11:24:32.960Z",
        "value": "0.043172359466552734",
        "cumulative": false
    },
    {
        "date": "2020-12-08T11:24:35.058Z",
        "value": "0.05996513366699219",
        "cumulative": false
    },
    {
        "date": "2020-12-08T11:24:37.164Z",
        "value": "0.05049872398376465",
        "cumulative": false
    },
    {
        "date": "2020-12-08T11:24:39.237Z",
        "value": "0.04934334754943848",
        "cumulative": false
    },
    {
        "date": "2020-12-08T11:24:41.345Z",
        "value": "0.05619645118713379",
        "cumulative": false
    },
    {
        "date": "2020-12-08T11:24:43.663Z",
        "value": "0.04931449890136719",
        "cumulative": false
    },
    {
        "date": "2020-12-08T11:24:45.854Z",
        "value": "0.04959297180175781",
        "cumulative": false
    },
    {
        "date": "2020-12-08T11:24:47.999Z",
        "value": "0.04798078536987305",
        "cumulative": false
    },
    {
        "date": "2020-12-08T11:24:50.101Z",
        "value": "0.04671502113342285",
        "cumulative": false
    },
    {
        "date": "2020-12-08T11:24:52.317Z",
        "value": "0.05909395217895508",
        "cumulative": false
    }
]