[
    {
        "date": "2020-12-08T11:23:53.784Z",
        "value": "0.004673957824707031",
        "cumulative": false
    },
    {
        "date": "2020-12-08T11:23:55.962Z",
        "value": "0.0049974918365478516",
        "cumulative": false
    },
    {
        "date": "2020-12-08T11:23:58.185Z",
        "value": "0.004293203353881836",
        "cumulative": false
    },
    {
        "date": "2020-12-08T11:24:00.402Z",
        "value": "0.00423121452331543",
        "cumulative": false
    },
    {
        "date": "2020-12-08T11:24:02.576Z",
        "value": "0.004277706146240234",
        "cumulative": false
    },
    {
        "date": "2020-12-08T11:24:04.647Z",
        "value": "0.0043201446533203125",
        "cumulative": false
    },
    {
        "date": "2020-12-08T11:24:06.795Z",
        "value": "0.004439353942871094",
        "cumulative": false
    },
    {
        "date": "2020-12-08T11:24:09.003Z",
        "value": "0.003981113433837891",
        "cumulative": false
    },
    {
        "date": "2020-12-08T11:24:11.139Z",
        "value": "0.004183530807495117",
        "cumulative": false
    },
    {
        "date": "2020-12-08T11:24:13.277Z",
        "value": "0.004258632659912109",
        "cumulative": false
    },
    {
        "date": "2020-12-08T11:24:15.516Z",
        "value": "0.00445866584777832",
        "cumulative": false
    },
    {
        "date": "2020-12-08T11:24:17.621Z",
        "value": "0.0047719478607177734",
        "cumulative": false
    },
    {
        "date": "2020-12-08T11:24:19.760Z",
        "value": "0.004217863082885742",
        "cumulative": false
    },
    {
        "date": "2020-12-08T11:24:21.933Z",
        "value": "0.004180431365966797",
        "cumulative": false
    },
    {
        "date": "2020-12-08T11:24:24.044Z",
        "value": "0.004403352737426758",
        "cumulative": false
    },
    {
        "date": "2020-12-08T11:24:26.235Z",
        "value": "0.004690647125244141",
        "cumulative": false
    },
    {
        "date": "2020-12-08T11:24:28.523Z",
        "value": "0.004361867904663086",
        "cumulative": false
    },
    {
        "date": "2020-12-08T11:24:30.774Z",
        "value": "0.004397869110107422",
        "cumulative": false
    },
    {
        "date": "2020-12-08T11:24:32.961Z",
        "value": "0.004880428314208984",
        "cumulative": false
    },
    {
        "date": "2020-12-08T11:24:35.058Z",
        "value": "0.004498958587646484",
        "cumulative": false
    },
    {
        "date": "2020-12-08T11:24:37.163Z",
        "value": "0.004437446594238281",
        "cumulative": false
    },
    {
        "date": "2020-12-08T11:24:39.241Z",
        "value": "0.004477500915527344",
        "cumulative": false
    },
    {
        "date": "2020-12-08T11:24:41.346Z",
        "value": "0.004709005355834961",
        "cumulative": false
    },
    {
        "date": "2020-12-08T11:24:43.661Z",
        "value": "0.004864692687988281",
        "cumulative": false
    },
    {
        "date": "2020-12-08T11:24:45.855Z",
        "value": "0.004286289215087891",
        "cumulative": false
    },
    {
        "date": "2020-12-08T11:24:48.003Z",
        "value": "0.005628347396850586",
        "cumulative": false
    },
    {
        "date": "2020-12-08T11:24:50.101Z",
        "value": "0.004405021667480469",
        "cumulative": false
    },
    {
        "date": "2020-12-08T11:24:52.320Z",
        "value": "0.004240751266479492",
        "cumulative": false
    }
]