[
    {
        "date": "2020-12-08T11:23:52.359Z",
        "value": "2.4839677810668945",
        "cumulative": false
    },
    {
        "date": "2020-12-08T11:23:54.457Z",
        "value": "1.7896963357925415",
        "cumulative": false
    },
    {
        "date": "2020-12-08T11:23:56.639Z",
        "value": "1.633208990097046",
        "cumulative": false
    },
    {
        "date": "2020-12-08T11:23:58.848Z",
        "value": "1.2865731716156006",
        "cumulative": false
    },
    {
        "date": "2020-12-08T11:24:01.078Z",
        "value": "1.2488166093826294",
        "cumulative": false
    },
    {
        "date": "2020-12-08T11:24:03.238Z",
        "value": "1.114741563796997",
        "cumulative": false
    },
    {
        "date": "2020-12-08T11:24:05.327Z",
        "value": "0.9613785743713379",
        "cumulative": false
    },
    {
        "date": "2020-12-08T11:24:07.496Z",
        "value": "0.9031878709793091",
        "cumulative": false
    },
    {
        "date": "2020-12-08T11:24:09.672Z",
        "value": "0.9638044238090515",
        "cumulative": false
    },
    {
        "date": "2020-12-08T11:24:11.838Z",
        "value": "0.8444110751152039",
        "cumulative": false
    },
    {
        "date": "2020-12-08T11:24:13.970Z",
        "value": "0.8303269743919373",
        "cumulative": false
    },
    {
        "date": "2020-12-08T11:24:16.208Z",
        "value": "0.850348949432373",
        "cumulative": false
    },
    {
        "date": "2020-12-08T11:24:18.302Z",
        "value": "0.6117238998413086",
        "cumulative": false
    },
    {
        "date": "2020-12-08T11:24:20.513Z",
        "value": "0.5981674790382385",
        "cumulative": false
    },
    {
        "date": "2020-12-08T11:24:22.638Z",
        "value": "0.650330126285553",
        "cumulative": false
    },
    {
        "date": "2020-12-08T11:24:24.723Z",
        "value": "0.5310532450675964",
        "cumulative": false
    },
    {
        "date": "2020-12-08T11:24:26.898Z",
        "value": "0.4348636865615845",
        "cumulative": false
    },
    {
        "date": "2020-12-08T11:24:29.270Z",
        "value": "0.6101449728012085",
        "cumulative": false
    },
    {
        "date": "2020-12-08T11:24:31.441Z",
        "value": "0.482361763715744",
        "cumulative": false
    },
    {
        "date": "2020-12-08T11:24:33.644Z",
        "value": "0.5028162002563477",
        "cumulative": false
    },
    {
        "date": "2020-12-08T11:24:35.728Z",
        "value": "0.5915483832359314",
        "cumulative": false
    },
    {
        "date": "2020-12-08T11:24:37.866Z",
        "value": "0.586558997631073",
        "cumulative": false
    },
    {
        "date": "2020-12-08T11:24:39.912Z",
        "value": "0.39466479420661926",
        "cumulative": false
    },
    {
        "date": "2020-12-08T11:24:42.060Z",
        "value": "0.37342268228530884",
        "cumulative": false
    },
    {
        "date": "2020-12-08T11:24:44.348Z",
        "value": "0.5035649538040161",
        "cumulative": false
    },
    {
        "date": "2020-12-08T11:24:46.527Z",
        "value": "0.39177101850509644",
        "cumulative": false
    },
    {
        "date": "2020-12-08T11:24:48.670Z",
        "value": "0.4620375633239746",
        "cumulative": false
    },
    {
        "date": "2020-12-08T11:24:50.884Z",
        "value": "0.39565324783325195",
        "cumulative": false
    }
]