[
    {
        "date": "2020-12-08T11:23:53.798Z",
        "value": "2.6296701431274414",
        "cumulative": false
    },
    {
        "date": "2020-12-08T11:23:55.983Z",
        "value": "0.37458205223083496",
        "cumulative": false
    },
    {
        "date": "2020-12-08T11:23:58.195Z",
        "value": "0.41047120094299316",
        "cumulative": false
    },
    {
        "date": "2020-12-08T11:24:00.424Z",
        "value": "0.4419369697570801",
        "cumulative": false
    },
    {
        "date": "2020-12-08T11:24:02.583Z",
        "value": "0.40543079376220703",
        "cumulative": false
    },
    {
        "date": "2020-12-08T11:24:04.654Z",
        "value": "0.3474903106689453",
        "cumulative": false
    },
    {
        "date": "2020-12-08T11:24:06.811Z",
        "value": "0.40091991424560547",
        "cumulative": false
    },
    {
        "date": "2020-12-08T11:24:09.006Z",
        "value": "0.38832879066467285",
        "cumulative": false
    },
    {
        "date": "2020-12-08T11:24:11.148Z",
        "value": "0.40378880500793457",
        "cumulative": false
    },
    {
        "date": "2020-12-08T11:24:13.283Z",
        "value": "0.35138607025146484",
        "cumulative": false
    },
    {
        "date": "2020-12-08T11:24:15.524Z",
        "value": "0.44835543632507324",
        "cumulative": false
    },
    {
        "date": "2020-12-08T11:24:17.632Z",
        "value": "0.37316107749938965",
        "cumulative": false
    },
    {
        "date": "2020-12-08T11:24:19.772Z",
        "value": "0.37056493759155273",
        "cumulative": false
    },
    {
        "date": "2020-12-08T11:24:21.930Z",
        "value": "0.3573298454284668",
        "cumulative": false
    },
    {
        "date": "2020-12-08T11:24:24.045Z",
        "value": "0.3537862300872803",
        "cumulative": false
    },
    {
        "date": "2020-12-08T11:24:26.236Z",
        "value": "0.3645453453063965",
        "cumulative": false
    },
    {
        "date": "2020-12-08T11:24:28.534Z",
        "value": "0.49790453910827637",
        "cumulative": false
    },
    {
        "date": "2020-12-08T11:24:30.786Z",
        "value": "0.38722944259643555",
        "cumulative": false
    },
    {
        "date": "2020-12-08T11:24:32.969Z",
        "value": "0.396712064743042",
        "cumulative": false
    },
    {
        "date": "2020-12-08T11:24:35.066Z",
        "value": "0.4028325080871582",
        "cumulative": false
    },
    {
        "date": "2020-12-08T11:24:37.177Z",
        "value": "0.3821601867675781",
        "cumulative": false
    },
    {
        "date": "2020-12-08T11:24:39.250Z",
        "value": "0.36903977394104004",
        "cumulative": false
    },
    {
        "date": "2020-12-08T11:24:41.355Z",
        "value": "0.37071704864501953",
        "cumulative": false
    },
    {
        "date": "2020-12-08T11:24:43.662Z",
        "value": "0.4602088928222656",
        "cumulative": false
    },
    {
        "date": "2020-12-08T11:24:45.861Z",
        "value": "0.4174690246582031",
        "cumulative": false
    },
    {
        "date": "2020-12-08T11:24:48.008Z",
        "value": "0.4099276065826416",
        "cumulative": false
    },
    {
        "date": "2020-12-08T11:24:50.111Z",
        "value": "0.40407705307006836",
        "cumulative": false
    },
    {
        "date": "2020-12-08T11:24:52.330Z",
        "value": "0.3989081382751465",
        "cumulative": false
    }
]