[
    {
        "date": "2020-12-08T11:23:52.355Z",
        "value": "10.15625",
        "cumulative": false
    },
    {
        "date": "2020-12-08T11:23:54.445Z",
        "value": "29.6875",
        "cumulative": false
    },
    {
        "date": "2020-12-08T11:23:56.632Z",
        "value": "36.71875",
        "cumulative": false
    },
    {
        "date": "2020-12-08T11:23:58.842Z",
        "value": "46.875",
        "cumulative": false
    },
    {
        "date": "2020-12-08T11:24:01.072Z",
        "value": "48.4375",
        "cumulative": false
    },
    {
        "date": "2020-12-08T11:24:03.232Z",
        "value": "55.46875",
        "cumulative": false
    },
    {
        "date": "2020-12-08T11:24:05.321Z",
        "value": "62.5",
        "cumulative": false
    },
    {
        "date": "2020-12-08T11:24:07.487Z",
        "value": "70.3125",
        "cumulative": false
    },
    {
        "date": "2020-12-08T11:24:09.672Z",
        "value": "64.84375",
        "cumulative": false
    },
    {
        "date": "2020-12-08T11:24:11.832Z",
        "value": "71.875",
        "cumulative": false
    },
    {
        "date": "2020-12-08T11:24:13.959Z",
        "value": "70.3125",
        "cumulative": false
    },
    {
        "date": "2020-12-08T11:24:16.202Z",
        "value": "76.5625",
        "cumulative": false
    },
    {
        "date": "2020-12-08T11:24:18.297Z",
        "value": "75.0",
        "cumulative": false
    },
    {
        "date": "2020-12-08T11:24:20.508Z",
        "value": "80.46875",
        "cumulative": false
    },
    {
        "date": "2020-12-08T11:24:22.629Z",
        "value": "81.25",
        "cumulative": false
    },
    {
        "date": "2020-12-08T11:24:24.717Z",
        "value": "77.34375",
        "cumulative": false
    },
    {
        "date": "2020-12-08T11:24:26.892Z",
        "value": "77.34375",
        "cumulative": false
    },
    {
        "date": "2020-12-08T11:24:29.264Z",
        "value": "82.8125",
        "cumulative": false
    },
    {
        "date": "2020-12-08T11:24:31.433Z",
        "value": "79.6875",
        "cumulative": false
    },
    {
        "date": "2020-12-08T11:24:33.637Z",
        "value": "85.15625",
        "cumulative": false
    },
    {
        "date": "2020-12-08T11:24:35.721Z",
        "value": "87.5",
        "cumulative": false
    },
    {
        "date": "2020-12-08T11:24:37.860Z",
        "value": "84.375",
        "cumulative": false
    },
    {
        "date": "2020-12-08T11:24:39.906Z",
        "value": "82.03125",
        "cumulative": false
    },
    {
        "date": "2020-12-08T11:24:42.056Z",
        "value": "85.15625",
        "cumulative": false
    },
    {
        "date": "2020-12-08T11:24:44.342Z",
        "value": "82.8125",
        "cumulative": false
    },
    {
        "date": "2020-12-08T11:24:46.521Z",
        "value": "81.25",
        "cumulative": false
    },
    {
        "date": "2020-12-08T11:24:48.665Z",
        "value": "90.625",
        "cumulative": false
    },
    {
        "date": "2020-12-08T11:24:50.877Z",
        "value": "79.6875",
        "cumulative": false
    }
]