[
    {
        "date": "2020-12-08T11:23:53.798Z",
        "value": "8.535385131835938e-05",
        "cumulative": false
    },
    {
        "date": "2020-12-08T11:23:55.966Z",
        "value": "6.651878356933594e-05",
        "cumulative": false
    },
    {
        "date": "2020-12-08T11:23:58.185Z",
        "value": "6.461143493652344e-05",
        "cumulative": false
    },
    {
        "date": "2020-12-08T11:24:00.407Z",
        "value": "6.604194641113281e-05",
        "cumulative": false
    },
    {
        "date": "2020-12-08T11:24:02.586Z",
        "value": "6.747245788574219e-05",
        "cumulative": false
    },
    {
        "date": "2020-12-08T11:24:04.639Z",
        "value": "6.842613220214844e-05",
        "cumulative": false
    },
    {
        "date": "2020-12-08T11:24:06.802Z",
        "value": "8.463859558105469e-05",
        "cumulative": false
    },
    {
        "date": "2020-12-08T11:24:09.012Z",
        "value": "6.508827209472656e-05",
        "cumulative": false
    },
    {
        "date": "2020-12-08T11:24:11.144Z",
        "value": "7.081031799316406e-05",
        "cumulative": false
    },
    {
        "date": "2020-12-08T11:24:13.282Z",
        "value": "6.532669067382812e-05",
        "cumulative": false
    },
    {
        "date": "2020-12-08T11:24:15.527Z",
        "value": "6.961822509765625e-05",
        "cumulative": false
    },
    {
        "date": "2020-12-08T11:24:17.629Z",
        "value": "6.723403930664062e-05",
        "cumulative": false
    },
    {
        "date": "2020-12-08T11:24:19.765Z",
        "value": "6.508827209472656e-05",
        "cumulative": false
    },
    {
        "date": "2020-12-08T11:24:21.929Z",
        "value": "6.866455078125e-05",
        "cumulative": false
    },
    {
        "date": "2020-12-08T11:24:24.045Z",
        "value": "6.866455078125e-05",
        "cumulative": false
    },
    {
        "date": "2020-12-08T11:24:26.238Z",
        "value": "6.604194641113281e-05",
        "cumulative": false
    },
    {
        "date": "2020-12-08T11:24:28.529Z",
        "value": "6.818771362304688e-05",
        "cumulative": false
    },
    {
        "date": "2020-12-08T11:24:30.776Z",
        "value": "7.009506225585938e-05",
        "cumulative": false
    },
    {
        "date": "2020-12-08T11:24:32.963Z",
        "value": "6.341934204101562e-05",
        "cumulative": false
    },
    {
        "date": "2020-12-08T11:24:35.063Z",
        "value": "8.893013000488281e-05",
        "cumulative": false
    },
    {
        "date": "2020-12-08T11:24:37.177Z",
        "value": "6.747245788574219e-05",
        "cumulative": false
    },
    {
        "date": "2020-12-08T11:24:39.243Z",
        "value": "6.508827209472656e-05",
        "cumulative": false
    },
    {
        "date": "2020-12-08T11:24:41.353Z",
        "value": "6.461143493652344e-05",
        "cumulative": false
    },
    {
        "date": "2020-12-08T11:24:43.666Z",
        "value": "7.843971252441406e-05",
        "cumulative": false
    },
    {
        "date": "2020-12-08T11:24:45.852Z",
        "value": "6.67572021484375e-05",
        "cumulative": false
    },
    {
        "date": "2020-12-08T11:24:48.000Z",
        "value": "6.67572021484375e-05",
        "cumulative": false
    },
    {
        "date": "2020-12-08T11:24:50.112Z",
        "value": "6.556510925292969e-05",
        "cumulative": false
    },
    {
        "date": "2020-12-08T11:24:52.332Z",
        "value": "6.628036499023438e-05",
        "cumulative": false
    }
]