[
    {
        "date": "2020-12-08T11:23:52.353Z",
        "value": "2.461289167404175",
        "cumulative": false
    },
    {
        "date": "2020-12-08T11:23:54.444Z",
        "value": "1.8043640851974487",
        "cumulative": false
    },
    {
        "date": "2020-12-08T11:23:56.633Z",
        "value": "1.495577335357666",
        "cumulative": false
    },
    {
        "date": "2020-12-08T11:23:58.842Z",
        "value": "1.3932493925094604",
        "cumulative": false
    },
    {
        "date": "2020-12-08T11:24:01.072Z",
        "value": "1.2748920917510986",
        "cumulative": false
    },
    {
        "date": "2020-12-08T11:24:03.234Z",
        "value": "1.2328803539276123",
        "cumulative": false
    },
    {
        "date": "2020-12-08T11:24:05.321Z",
        "value": "0.9616279006004333",
        "cumulative": false
    },
    {
        "date": "2020-12-08T11:24:07.488Z",
        "value": "1.0158756971359253",
        "cumulative": false
    },
    {
        "date": "2020-12-08T11:24:09.667Z",
        "value": "0.8453381657600403",
        "cumulative": false
    },
    {
        "date": "2020-12-08T11:24:11.832Z",
        "value": "0.8475009799003601",
        "cumulative": false
    },
    {
        "date": "2020-12-08T11:24:13.964Z",
        "value": "0.7519683241844177",
        "cumulative": false
    },
    {
        "date": "2020-12-08T11:24:16.204Z",
        "value": "0.9659879207611084",
        "cumulative": false
    },
    {
        "date": "2020-12-08T11:24:18.297Z",
        "value": "0.7682035565376282",
        "cumulative": false
    },
    {
        "date": "2020-12-08T11:24:20.507Z",
        "value": "0.5947244763374329",
        "cumulative": false
    },
    {
        "date": "2020-12-08T11:24:22.630Z",
        "value": "0.5693406462669373",
        "cumulative": false
    },
    {
        "date": "2020-12-08T11:24:24.717Z",
        "value": "0.6068494915962219",
        "cumulative": false
    },
    {
        "date": "2020-12-08T11:24:26.891Z",
        "value": "0.6763126850128174",
        "cumulative": false
    },
    {
        "date": "2020-12-08T11:24:29.270Z",
        "value": "0.5781610012054443",
        "cumulative": false
    },
    {
        "date": "2020-12-08T11:24:31.433Z",
        "value": "0.470078706741333",
        "cumulative": false
    },
    {
        "date": "2020-12-08T11:24:33.637Z",
        "value": "0.5389230847358704",
        "cumulative": false
    },
    {
        "date": "2020-12-08T11:24:35.723Z",
        "value": "0.4571596682071686",
        "cumulative": false
    },
    {
        "date": "2020-12-08T11:24:37.860Z",
        "value": "0.3388668894767761",
        "cumulative": false
    },
    {
        "date": "2020-12-08T11:24:39.906Z",
        "value": "0.47398364543914795",
        "cumulative": false
    },
    {
        "date": "2020-12-08T11:24:42.057Z",
        "value": "0.5771026611328125",
        "cumulative": false
    },
    {
        "date": "2020-12-08T11:24:44.342Z",
        "value": "0.573470950126648",
        "cumulative": false
    },
    {
        "date": "2020-12-08T11:24:46.525Z",
        "value": "0.6250453591346741",
        "cumulative": false
    },
    {
        "date": "2020-12-08T11:24:48.665Z",
        "value": "0.396695077419281",
        "cumulative": false
    },
    {
        "date": "2020-12-08T11:24:50.878Z",
        "value": "0.4460700750350952",
        "cumulative": false
    }
]