[
    {
        "date": "2020-12-08T11:23:53.787Z",
        "value": "2.6815807819366455",
        "cumulative": false
    },
    {
        "date": "2020-12-08T11:23:55.964Z",
        "value": "0.3560948371887207",
        "cumulative": false
    },
    {
        "date": "2020-12-08T11:23:58.182Z",
        "value": "0.43973708152770996",
        "cumulative": false
    },
    {
        "date": "2020-12-08T11:24:00.411Z",
        "value": "0.46742963790893555",
        "cumulative": false
    },
    {
        "date": "2020-12-08T11:24:02.572Z",
        "value": "0.4095268249511719",
        "cumulative": false
    },
    {
        "date": "2020-12-08T11:24:04.649Z",
        "value": "0.3654515743255615",
        "cumulative": false
    },
    {
        "date": "2020-12-08T11:24:06.799Z",
        "value": "0.3927185535430908",
        "cumulative": false
    },
    {
        "date": "2020-12-08T11:24:08.999Z",
        "value": "0.38767433166503906",
        "cumulative": false
    },
    {
        "date": "2020-12-08T11:24:11.138Z",
        "value": "0.4156637191772461",
        "cumulative": false
    },
    {
        "date": "2020-12-08T11:24:13.284Z",
        "value": "0.39380431175231934",
        "cumulative": false
    },
    {
        "date": "2020-12-08T11:24:15.518Z",
        "value": "0.4503300189971924",
        "cumulative": false
    },
    {
        "date": "2020-12-08T11:24:17.625Z",
        "value": "0.3890960216522217",
        "cumulative": false
    },
    {
        "date": "2020-12-08T11:24:19.761Z",
        "value": "0.4010920524597168",
        "cumulative": false
    },
    {
        "date": "2020-12-08T11:24:21.921Z",
        "value": "0.3692898750305176",
        "cumulative": false
    },
    {
        "date": "2020-12-08T11:24:24.039Z",
        "value": "0.3641536235809326",
        "cumulative": false
    },
    {
        "date": "2020-12-08T11:24:26.232Z",
        "value": "0.40563011169433594",
        "cumulative": false
    },
    {
        "date": "2020-12-08T11:24:28.532Z",
        "value": "0.48119235038757324",
        "cumulative": false
    },
    {
        "date": "2020-12-08T11:24:30.775Z",
        "value": "0.3983635902404785",
        "cumulative": false
    },
    {
        "date": "2020-12-08T11:24:32.958Z",
        "value": "0.41048145294189453",
        "cumulative": false
    },
    {
        "date": "2020-12-08T11:24:35.060Z",
        "value": "0.3932199478149414",
        "cumulative": false
    },
    {
        "date": "2020-12-08T11:24:37.171Z",
        "value": "0.3745155334472656",
        "cumulative": false
    },
    {
        "date": "2020-12-08T11:24:39.242Z",
        "value": "0.38054800033569336",
        "cumulative": false
    },
    {
        "date": "2020-12-08T11:24:41.356Z",
        "value": "0.3933377265930176",
        "cumulative": false
    },
    {
        "date": "2020-12-08T11:24:43.656Z",
        "value": "0.491668701171875",
        "cumulative": false
    },
    {
        "date": "2020-12-08T11:24:45.850Z",
        "value": "0.40174269676208496",
        "cumulative": false
    },
    {
        "date": "2020-12-08T11:24:47.995Z",
        "value": "0.39971232414245605",
        "cumulative": false
    },
    {
        "date": "2020-12-08T11:24:50.104Z",
        "value": "0.39293599128723145",
        "cumulative": false
    },
    {
        "date": "2020-12-08T11:24:52.325Z",
        "value": "0.41973090171813965",
        "cumulative": false
    }
]