[
    {
        "date": "2020-12-08T11:23:53.800Z",
        "value": "0.004464864730834961",
        "cumulative": false
    },
    {
        "date": "2020-12-08T11:23:55.978Z",
        "value": "0.004485368728637695",
        "cumulative": false
    },
    {
        "date": "2020-12-08T11:23:58.190Z",
        "value": "0.004518270492553711",
        "cumulative": false
    },
    {
        "date": "2020-12-08T11:24:00.409Z",
        "value": "0.004835844039916992",
        "cumulative": false
    },
    {
        "date": "2020-12-08T11:24:02.576Z",
        "value": "0.004888296127319336",
        "cumulative": false
    },
    {
        "date": "2020-12-08T11:24:04.641Z",
        "value": "0.004426479339599609",
        "cumulative": false
    },
    {
        "date": "2020-12-08T11:24:06.807Z",
        "value": "0.004470348358154297",
        "cumulative": false
    },
    {
        "date": "2020-12-08T11:24:09.013Z",
        "value": "0.004147768020629883",
        "cumulative": false
    },
    {
        "date": "2020-12-08T11:24:11.145Z",
        "value": "0.005050182342529297",
        "cumulative": false
    },
    {
        "date": "2020-12-08T11:24:13.284Z",
        "value": "0.004237174987792969",
        "cumulative": false
    },
    {
        "date": "2020-12-08T11:24:15.530Z",
        "value": "0.004530668258666992",
        "cumulative": false
    },
    {
        "date": "2020-12-08T11:24:17.628Z",
        "value": "0.004502058029174805",
        "cumulative": false
    },
    {
        "date": "2020-12-08T11:24:19.770Z",
        "value": "0.0046465396881103516",
        "cumulative": false
    },
    {
        "date": "2020-12-08T11:24:21.932Z",
        "value": "0.004689216613769531",
        "cumulative": false
    },
    {
        "date": "2020-12-08T11:24:24.046Z",
        "value": "0.004790782928466797",
        "cumulative": false
    },
    {
        "date": "2020-12-08T11:24:26.241Z",
        "value": "0.004640817642211914",
        "cumulative": false
    },
    {
        "date": "2020-12-08T11:24:28.533Z",
        "value": "0.004940509796142578",
        "cumulative": false
    },
    {
        "date": "2020-12-08T11:24:30.779Z",
        "value": "0.004790306091308594",
        "cumulative": false
    },
    {
        "date": "2020-12-08T11:24:32.975Z",
        "value": "0.004357576370239258",
        "cumulative": false
    },
    {
        "date": "2020-12-08T11:24:35.067Z",
        "value": "0.0044901371002197266",
        "cumulative": false
    },
    {
        "date": "2020-12-08T11:24:37.172Z",
        "value": "0.004459381103515625",
        "cumulative": false
    },
    {
        "date": "2020-12-08T11:24:39.253Z",
        "value": "0.0053675174713134766",
        "cumulative": false
    },
    {
        "date": "2020-12-08T11:24:41.360Z",
        "value": "0.005143165588378906",
        "cumulative": false
    },
    {
        "date": "2020-12-08T11:24:43.669Z",
        "value": "0.005346775054931641",
        "cumulative": false
    },
    {
        "date": "2020-12-08T11:24:45.858Z",
        "value": "0.005236387252807617",
        "cumulative": false
    },
    {
        "date": "2020-12-08T11:24:48.003Z",
        "value": "0.004446268081665039",
        "cumulative": false
    },
    {
        "date": "2020-12-08T11:24:50.113Z",
        "value": "0.00474095344543457",
        "cumulative": false
    },
    {
        "date": "2020-12-08T11:24:52.334Z",
        "value": "0.004834651947021484",
        "cumulative": false
    }
]