[
    {
        "date": "2020-12-08T11:23:53.798Z",
        "value": "0.015211343765258789",
        "cumulative": false
    },
    {
        "date": "2020-12-08T11:23:55.966Z",
        "value": "0.01675271987915039",
        "cumulative": false
    },
    {
        "date": "2020-12-08T11:23:58.185Z",
        "value": "0.015933752059936523",
        "cumulative": false
    },
    {
        "date": "2020-12-08T11:24:00.407Z",
        "value": "0.016035079956054688",
        "cumulative": false
    },
    {
        "date": "2020-12-08T11:24:02.586Z",
        "value": "0.017851829528808594",
        "cumulative": false
    },
    {
        "date": "2020-12-08T11:24:04.639Z",
        "value": "0.016164064407348633",
        "cumulative": false
    },
    {
        "date": "2020-12-08T11:24:06.802Z",
        "value": "0.016510963439941406",
        "cumulative": false
    },
    {
        "date": "2020-12-08T11:24:09.012Z",
        "value": "0.016806602478027344",
        "cumulative": false
    },
    {
        "date": "2020-12-08T11:24:11.144Z",
        "value": "0.01747441291809082",
        "cumulative": false
    },
    {
        "date": "2020-12-08T11:24:13.282Z",
        "value": "0.015897512435913086",
        "cumulative": false
    },
    {
        "date": "2020-12-08T11:24:15.527Z",
        "value": "0.01785874366760254",
        "cumulative": false
    },
    {
        "date": "2020-12-08T11:24:17.629Z",
        "value": "0.016626358032226562",
        "cumulative": false
    },
    {
        "date": "2020-12-08T11:24:19.765Z",
        "value": "0.017555952072143555",
        "cumulative": false
    },
    {
        "date": "2020-12-08T11:24:21.929Z",
        "value": "0.016062498092651367",
        "cumulative": false
    },
    {
        "date": "2020-12-08T11:24:24.045Z",
        "value": "0.017184019088745117",
        "cumulative": false
    },
    {
        "date": "2020-12-08T11:24:26.238Z",
        "value": "0.016804218292236328",
        "cumulative": false
    },
    {
        "date": "2020-12-08T11:24:28.529Z",
        "value": "0.01648879051208496",
        "cumulative": false
    },
    {
        "date": "2020-12-08T11:24:30.776Z",
        "value": "0.015401363372802734",
        "cumulative": false
    },
    {
        "date": "2020-12-08T11:24:32.963Z",
        "value": "0.016344547271728516",
        "cumulative": false
    },
    {
        "date": "2020-12-08T11:24:35.063Z",
        "value": "0.0166928768157959",
        "cumulative": false
    },
    {
        "date": "2020-12-08T11:24:37.177Z",
        "value": "0.01744365692138672",
        "cumulative": false
    },
    {
        "date": "2020-12-08T11:24:39.243Z",
        "value": "0.016902923583984375",
        "cumulative": false
    },
    {
        "date": "2020-12-08T11:24:41.353Z",
        "value": "0.015729188919067383",
        "cumulative": false
    },
    {
        "date": "2020-12-08T11:24:43.666Z",
        "value": "0.015369176864624023",
        "cumulative": false
    },
    {
        "date": "2020-12-08T11:24:45.852Z",
        "value": "0.016524076461791992",
        "cumulative": false
    },
    {
        "date": "2020-12-08T11:24:48.000Z",
        "value": "0.01776266098022461",
        "cumulative": false
    },
    {
        "date": "2020-12-08T11:24:50.112Z",
        "value": "0.015804290771484375",
        "cumulative": false
    },
    {
        "date": "2020-12-08T11:24:52.332Z",
        "value": "0.014910697937011719",
        "cumulative": false
    }
]