[
    {
        "date": "2020-12-08T11:23:53.792Z",
        "value": "5.984306335449219e-05",
        "cumulative": false
    },
    {
        "date": "2020-12-08T11:23:55.968Z",
        "value": "6.198883056640625e-05",
        "cumulative": false
    },
    {
        "date": "2020-12-08T11:23:58.196Z",
        "value": "7.653236389160156e-05",
        "cumulative": false
    },
    {
        "date": "2020-12-08T11:24:00.412Z",
        "value": "6.628036499023438e-05",
        "cumulative": false
    },
    {
        "date": "2020-12-08T11:24:02.573Z",
        "value": "6.341934204101562e-05",
        "cumulative": false
    },
    {
        "date": "2020-12-08T11:24:04.639Z",
        "value": "6.270408630371094e-05",
        "cumulative": false
    },
    {
        "date": "2020-12-08T11:24:06.802Z",
        "value": "6.29425048828125e-05",
        "cumulative": false
    },
    {
        "date": "2020-12-08T11:24:09.002Z",
        "value": "6.103515625e-05",
        "cumulative": false
    },
    {
        "date": "2020-12-08T11:24:11.141Z",
        "value": "6.985664367675781e-05",
        "cumulative": false
    },
    {
        "date": "2020-12-08T11:24:13.293Z",
        "value": "6.580352783203125e-05",
        "cumulative": false
    },
    {
        "date": "2020-12-08T11:24:15.525Z",
        "value": "6.723403930664062e-05",
        "cumulative": false
    },
    {
        "date": "2020-12-08T11:24:17.632Z",
        "value": "6.413459777832031e-05",
        "cumulative": false
    },
    {
        "date": "2020-12-08T11:24:19.763Z",
        "value": "6.079673767089844e-05",
        "cumulative": false
    },
    {
        "date": "2020-12-08T11:24:21.921Z",
        "value": "6.532669067382812e-05",
        "cumulative": false
    },
    {
        "date": "2020-12-08T11:24:24.042Z",
        "value": "6.794929504394531e-05",
        "cumulative": false
    },
    {
        "date": "2020-12-08T11:24:26.243Z",
        "value": "7.82012939453125e-05",
        "cumulative": false
    },
    {
        "date": "2020-12-08T11:24:28.527Z",
        "value": "8.20159912109375e-05",
        "cumulative": false
    },
    {
        "date": "2020-12-08T11:24:30.785Z",
        "value": "6.699562072753906e-05",
        "cumulative": false
    },
    {
        "date": "2020-12-08T11:24:32.962Z",
        "value": "6.341934204101562e-05",
        "cumulative": false
    },
    {
        "date": "2020-12-08T11:24:35.062Z",
        "value": "6.532669067382812e-05",
        "cumulative": false
    },
    {
        "date": "2020-12-08T11:24:37.167Z",
        "value": "6.604194641113281e-05",
        "cumulative": false
    },
    {
        "date": "2020-12-08T11:24:39.254Z",
        "value": "6.4849853515625e-05",
        "cumulative": false
    },
    {
        "date": "2020-12-08T11:24:41.357Z",
        "value": "6.318092346191406e-05",
        "cumulative": false
    },
    {
        "date": "2020-12-08T11:24:43.667Z",
        "value": "6.842613220214844e-05",
        "cumulative": false
    },
    {
        "date": "2020-12-08T11:24:45.853Z",
        "value": "6.723403930664062e-05",
        "cumulative": false
    },
    {
        "date": "2020-12-08T11:24:47.999Z",
        "value": "8.20159912109375e-05",
        "cumulative": false
    },
    {
        "date": "2020-12-08T11:24:50.118Z",
        "value": "6.842613220214844e-05",
        "cumulative": false
    },
    {
        "date": "2020-12-08T11:24:52.321Z",
        "value": "6.532669067382812e-05",
        "cumulative": false
    }
]