[
    {
        "date": "2020-12-08T11:23:52.358Z",
        "value": "7.03125",
        "cumulative": false
    },
    {
        "date": "2020-12-08T11:23:54.448Z",
        "value": "31.25",
        "cumulative": false
    },
    {
        "date": "2020-12-08T11:23:56.637Z",
        "value": "44.53125",
        "cumulative": false
    },
    {
        "date": "2020-12-08T11:23:58.846Z",
        "value": "57.8125",
        "cumulative": false
    },
    {
        "date": "2020-12-08T11:24:01.076Z",
        "value": "57.03125",
        "cumulative": false
    },
    {
        "date": "2020-12-08T11:24:03.235Z",
        "value": "50.78125",
        "cumulative": false
    },
    {
        "date": "2020-12-08T11:24:05.330Z",
        "value": "59.375",
        "cumulative": false
    },
    {
        "date": "2020-12-08T11:24:07.492Z",
        "value": "61.71875",
        "cumulative": false
    },
    {
        "date": "2020-12-08T11:24:09.672Z",
        "value": "65.625",
        "cumulative": false
    },
    {
        "date": "2020-12-08T11:24:11.836Z",
        "value": "70.3125",
        "cumulative": false
    },
    {
        "date": "2020-12-08T11:24:13.962Z",
        "value": "73.4375",
        "cumulative": false
    },
    {
        "date": "2020-12-08T11:24:16.207Z",
        "value": "69.53125",
        "cumulative": false
    },
    {
        "date": "2020-12-08T11:24:18.301Z",
        "value": "74.21875",
        "cumulative": false
    },
    {
        "date": "2020-12-08T11:24:20.512Z",
        "value": "75.78125",
        "cumulative": false
    },
    {
        "date": "2020-12-08T11:24:22.634Z",
        "value": "78.90625",
        "cumulative": false
    },
    {
        "date": "2020-12-08T11:24:24.723Z",
        "value": "78.125",
        "cumulative": false
    },
    {
        "date": "2020-12-08T11:24:26.897Z",
        "value": "82.03125",
        "cumulative": false
    },
    {
        "date": "2020-12-08T11:24:29.269Z",
        "value": "82.8125",
        "cumulative": false
    },
    {
        "date": "2020-12-08T11:24:31.437Z",
        "value": "78.125",
        "cumulative": false
    },
    {
        "date": "2020-12-08T11:24:33.641Z",
        "value": "79.6875",
        "cumulative": false
    },
    {
        "date": "2020-12-08T11:24:35.723Z",
        "value": "82.03125",
        "cumulative": false
    },
    {
        "date": "2020-12-08T11:24:37.867Z",
        "value": "82.03125",
        "cumulative": false
    },
    {
        "date": "2020-12-08T11:24:39.912Z",
        "value": "80.46875",
        "cumulative": false
    },
    {
        "date": "2020-12-08T11:24:42.059Z",
        "value": "89.0625",
        "cumulative": false
    },
    {
        "date": "2020-12-08T11:24:44.346Z",
        "value": "85.9375",
        "cumulative": false
    },
    {
        "date": "2020-12-08T11:24:46.528Z",
        "value": "83.59375",
        "cumulative": false
    },
    {
        "date": "2020-12-08T11:24:48.668Z",
        "value": "85.15625",
        "cumulative": false
    },
    {
        "date": "2020-12-08T11:24:50.881Z",
        "value": "89.0625",
        "cumulative": false
    }
]