[
    {
        "date": "2020-12-08T11:23:53.793Z",
        "value": "0.013953685760498047",
        "cumulative": false
    },
    {
        "date": "2020-12-08T11:23:55.974Z",
        "value": "0.013515233993530273",
        "cumulative": false
    },
    {
        "date": "2020-12-08T11:23:58.177Z",
        "value": "0.01293635368347168",
        "cumulative": false
    },
    {
        "date": "2020-12-08T11:24:00.407Z",
        "value": "0.013731718063354492",
        "cumulative": false
    },
    {
        "date": "2020-12-08T11:24:02.567Z",
        "value": "0.0128021240234375",
        "cumulative": false
    },
    {
        "date": "2020-12-08T11:24:04.639Z",
        "value": "0.014035224914550781",
        "cumulative": false
    },
    {
        "date": "2020-12-08T11:24:06.797Z",
        "value": "0.012727499008178711",
        "cumulative": false
    },
    {
        "date": "2020-12-08T11:24:09.004Z",
        "value": "0.013360261917114258",
        "cumulative": false
    },
    {
        "date": "2020-12-08T11:24:11.136Z",
        "value": "0.01326608657836914",
        "cumulative": false
    },
    {
        "date": "2020-12-08T11:24:13.278Z",
        "value": "0.014024734497070312",
        "cumulative": false
    },
    {
        "date": "2020-12-08T11:24:15.528Z",
        "value": "0.012064695358276367",
        "cumulative": false
    },
    {
        "date": "2020-12-08T11:24:17.618Z",
        "value": "0.015433788299560547",
        "cumulative": false
    },
    {
        "date": "2020-12-08T11:24:19.758Z",
        "value": "0.01195979118347168",
        "cumulative": false
    },
    {
        "date": "2020-12-08T11:24:21.923Z",
        "value": "0.014477252960205078",
        "cumulative": false
    },
    {
        "date": "2020-12-08T11:24:24.043Z",
        "value": "0.013721942901611328",
        "cumulative": false
    },
    {
        "date": "2020-12-08T11:24:26.227Z",
        "value": "0.012142658233642578",
        "cumulative": false
    },
    {
        "date": "2020-12-08T11:24:28.527Z",
        "value": "0.012651681900024414",
        "cumulative": false
    },
    {
        "date": "2020-12-08T11:24:30.774Z",
        "value": "0.013112068176269531",
        "cumulative": false
    },
    {
        "date": "2020-12-08T11:24:32.960Z",
        "value": "0.01185297966003418",
        "cumulative": false
    },
    {
        "date": "2020-12-08T11:24:35.058Z",
        "value": "0.013394355773925781",
        "cumulative": false
    },
    {
        "date": "2020-12-08T11:24:37.164Z",
        "value": "0.012771129608154297",
        "cumulative": false
    },
    {
        "date": "2020-12-08T11:24:39.237Z",
        "value": "0.013520002365112305",
        "cumulative": false
    },
    {
        "date": "2020-12-08T11:24:41.345Z",
        "value": "0.012829065322875977",
        "cumulative": false
    },
    {
        "date": "2020-12-08T11:24:43.663Z",
        "value": "0.012146472930908203",
        "cumulative": false
    },
    {
        "date": "2020-12-08T11:24:45.854Z",
        "value": "0.013162374496459961",
        "cumulative": false
    },
    {
        "date": "2020-12-08T11:24:47.999Z",
        "value": "0.014188766479492188",
        "cumulative": false
    },
    {
        "date": "2020-12-08T11:24:50.101Z",
        "value": "0.01267385482788086",
        "cumulative": false
    },
    {
        "date": "2020-12-08T11:24:52.317Z",
        "value": "0.012481689453125",
        "cumulative": false
    }
]