[
    {
        "date": "2020-12-08T11:23:53.782Z",
        "value": "0.04577302932739258",
        "cumulative": false
    },
    {
        "date": "2020-12-08T11:23:55.961Z",
        "value": "0.0617523193359375",
        "cumulative": false
    },
    {
        "date": "2020-12-08T11:23:58.180Z",
        "value": "0.05102801322937012",
        "cumulative": false
    },
    {
        "date": "2020-12-08T11:24:00.406Z",
        "value": "0.054051876068115234",
        "cumulative": false
    },
    {
        "date": "2020-12-08T11:24:02.568Z",
        "value": "0.06119585037231445",
        "cumulative": false
    },
    {
        "date": "2020-12-08T11:24:04.633Z",
        "value": "0.05771470069885254",
        "cumulative": false
    },
    {
        "date": "2020-12-08T11:24:06.796Z",
        "value": "0.05305361747741699",
        "cumulative": false
    },
    {
        "date": "2020-12-08T11:24:08.998Z",
        "value": "0.05409550666809082",
        "cumulative": false
    },
    {
        "date": "2020-12-08T11:24:11.143Z",
        "value": "0.05037641525268555",
        "cumulative": false
    },
    {
        "date": "2020-12-08T11:24:13.286Z",
        "value": "0.05756068229675293",
        "cumulative": false
    },
    {
        "date": "2020-12-08T11:24:15.522Z",
        "value": "0.05440235137939453",
        "cumulative": false
    },
    {
        "date": "2020-12-08T11:24:17.626Z",
        "value": "0.058984994888305664",
        "cumulative": false
    },
    {
        "date": "2020-12-08T11:24:19.757Z",
        "value": "0.05466961860656738",
        "cumulative": false
    },
    {
        "date": "2020-12-08T11:24:21.930Z",
        "value": "0.05905508995056152",
        "cumulative": false
    },
    {
        "date": "2020-12-08T11:24:24.036Z",
        "value": "0.05231213569641113",
        "cumulative": false
    },
    {
        "date": "2020-12-08T11:24:26.233Z",
        "value": "0.05368399620056152",
        "cumulative": false
    },
    {
        "date": "2020-12-08T11:24:28.521Z",
        "value": "0.05433797836303711",
        "cumulative": false
    },
    {
        "date": "2020-12-08T11:24:30.776Z",
        "value": "0.0497586727142334",
        "cumulative": false
    },
    {
        "date": "2020-12-08T11:24:32.962Z",
        "value": "0.05399894714355469",
        "cumulative": false
    },
    {
        "date": "2020-12-08T11:24:35.058Z",
        "value": "0.04859137535095215",
        "cumulative": false
    },
    {
        "date": "2020-12-08T11:24:37.169Z",
        "value": "0.047466278076171875",
        "cumulative": false
    },
    {
        "date": "2020-12-08T11:24:39.239Z",
        "value": "0.05428504943847656",
        "cumulative": false
    },
    {
        "date": "2020-12-08T11:24:41.345Z",
        "value": "0.05143380165100098",
        "cumulative": false
    },
    {
        "date": "2020-12-08T11:24:43.655Z",
        "value": "0.04553055763244629",
        "cumulative": false
    },
    {
        "date": "2020-12-08T11:24:45.848Z",
        "value": "0.04574251174926758",
        "cumulative": false
    },
    {
        "date": "2020-12-08T11:24:47.995Z",
        "value": "0.05136847496032715",
        "cumulative": false
    },
    {
        "date": "2020-12-08T11:24:50.111Z",
        "value": "0.05411338806152344",
        "cumulative": false
    },
    {
        "date": "2020-12-08T11:24:52.319Z",
        "value": "0.05561971664428711",
        "cumulative": false
    }
]