[
    {
        "date": "2020-12-08T11:23:53.792Z",
        "value": "0.005972862243652344",
        "cumulative": false
    },
    {
        "date": "2020-12-08T11:23:55.968Z",
        "value": "0.005497932434082031",
        "cumulative": false
    },
    {
        "date": "2020-12-08T11:23:58.196Z",
        "value": "0.0057489871978759766",
        "cumulative": false
    },
    {
        "date": "2020-12-08T11:24:00.412Z",
        "value": "0.008900880813598633",
        "cumulative": false
    },
    {
        "date": "2020-12-08T11:24:02.573Z",
        "value": "0.005810260772705078",
        "cumulative": false
    },
    {
        "date": "2020-12-08T11:24:04.639Z",
        "value": "0.006015777587890625",
        "cumulative": false
    },
    {
        "date": "2020-12-08T11:24:06.802Z",
        "value": "0.005406618118286133",
        "cumulative": false
    },
    {
        "date": "2020-12-08T11:24:09.002Z",
        "value": "0.005745649337768555",
        "cumulative": false
    },
    {
        "date": "2020-12-08T11:24:11.141Z",
        "value": "0.005593299865722656",
        "cumulative": false
    },
    {
        "date": "2020-12-08T11:24:13.293Z",
        "value": "0.005568981170654297",
        "cumulative": false
    },
    {
        "date": "2020-12-08T11:24:15.525Z",
        "value": "0.00598907470703125",
        "cumulative": false
    },
    {
        "date": "2020-12-08T11:24:17.632Z",
        "value": "0.005930423736572266",
        "cumulative": false
    },
    {
        "date": "2020-12-08T11:24:19.763Z",
        "value": "0.0058441162109375",
        "cumulative": false
    },
    {
        "date": "2020-12-08T11:24:21.921Z",
        "value": "0.005522727966308594",
        "cumulative": false
    },
    {
        "date": "2020-12-08T11:24:24.042Z",
        "value": "0.005614757537841797",
        "cumulative": false
    },
    {
        "date": "2020-12-08T11:24:26.243Z",
        "value": "0.005618572235107422",
        "cumulative": false
    },
    {
        "date": "2020-12-08T11:24:28.527Z",
        "value": "0.006012916564941406",
        "cumulative": false
    },
    {
        "date": "2020-12-08T11:24:30.785Z",
        "value": "0.006549358367919922",
        "cumulative": false
    },
    {
        "date": "2020-12-08T11:24:32.962Z",
        "value": "0.0056569576263427734",
        "cumulative": false
    },
    {
        "date": "2020-12-08T11:24:35.062Z",
        "value": "0.00556635856628418",
        "cumulative": false
    },
    {
        "date": "2020-12-08T11:24:37.167Z",
        "value": "0.0059299468994140625",
        "cumulative": false
    },
    {
        "date": "2020-12-08T11:24:39.254Z",
        "value": "0.005704402923583984",
        "cumulative": false
    },
    {
        "date": "2020-12-08T11:24:41.357Z",
        "value": "0.005928516387939453",
        "cumulative": false
    },
    {
        "date": "2020-12-08T11:24:43.667Z",
        "value": "0.005392551422119141",
        "cumulative": false
    },
    {
        "date": "2020-12-08T11:24:45.853Z",
        "value": "0.005873441696166992",
        "cumulative": false
    },
    {
        "date": "2020-12-08T11:24:47.999Z",
        "value": "0.005508899688720703",
        "cumulative": false
    },
    {
        "date": "2020-12-08T11:24:50.118Z",
        "value": "0.005563497543334961",
        "cumulative": false
    },
    {
        "date": "2020-12-08T11:24:52.321Z",
        "value": "0.005603790283203125",
        "cumulative": false
    }
]