[
    {
        "date": "2020-12-08T11:23:53.800Z",
        "value": "1.078275442123413",
        "cumulative": false
    },
    {
        "date": "2020-12-08T11:23:55.978Z",
        "value": "1.0013949871063232",
        "cumulative": false
    },
    {
        "date": "2020-12-08T11:23:58.190Z",
        "value": "0.9962806701660156",
        "cumulative": false
    },
    {
        "date": "2020-12-08T11:24:00.409Z",
        "value": "0.9853706359863281",
        "cumulative": false
    },
    {
        "date": "2020-12-08T11:24:02.576Z",
        "value": "0.9818065166473389",
        "cumulative": false
    },
    {
        "date": "2020-12-08T11:24:04.641Z",
        "value": "0.9429104328155518",
        "cumulative": false
    },
    {
        "date": "2020-12-08T11:24:06.807Z",
        "value": "0.9746360778808594",
        "cumulative": false
    },
    {
        "date": "2020-12-08T11:24:09.013Z",
        "value": "1.0584959983825684",
        "cumulative": false
    },
    {
        "date": "2020-12-08T11:24:11.145Z",
        "value": "0.9122669696807861",
        "cumulative": false
    },
    {
        "date": "2020-12-08T11:24:13.284Z",
        "value": "0.9959053993225098",
        "cumulative": false
    },
    {
        "date": "2020-12-08T11:24:15.530Z",
        "value": "0.9897525310516357",
        "cumulative": false
    },
    {
        "date": "2020-12-08T11:24:17.628Z",
        "value": "0.9201710224151611",
        "cumulative": false
    },
    {
        "date": "2020-12-08T11:24:19.770Z",
        "value": "0.9507613182067871",
        "cumulative": false
    },
    {
        "date": "2020-12-08T11:24:21.932Z",
        "value": "0.9834756851196289",
        "cumulative": false
    },
    {
        "date": "2020-12-08T11:24:24.046Z",
        "value": "0.9182116985321045",
        "cumulative": false
    },
    {
        "date": "2020-12-08T11:24:26.241Z",
        "value": "0.9998984336853027",
        "cumulative": false
    },
    {
        "date": "2020-12-08T11:24:28.533Z",
        "value": "1.0252602100372314",
        "cumulative": false
    },
    {
        "date": "2020-12-08T11:24:30.779Z",
        "value": "1.011155605316162",
        "cumulative": false
    },
    {
        "date": "2020-12-08T11:24:32.975Z",
        "value": "0.980797290802002",
        "cumulative": false
    },
    {
        "date": "2020-12-08T11:24:35.067Z",
        "value": "0.9268641471862793",
        "cumulative": false
    },
    {
        "date": "2020-12-08T11:24:37.172Z",
        "value": "0.9557623863220215",
        "cumulative": false
    },
    {
        "date": "2020-12-08T11:24:39.253Z",
        "value": "0.8923900127410889",
        "cumulative": false
    },
    {
        "date": "2020-12-08T11:24:41.360Z",
        "value": "0.9477493762969971",
        "cumulative": false
    },
    {
        "date": "2020-12-08T11:24:43.669Z",
        "value": "1.0210721492767334",
        "cumulative": false
    },
    {
        "date": "2020-12-08T11:24:45.858Z",
        "value": "0.9793281555175781",
        "cumulative": false
    },
    {
        "date": "2020-12-08T11:24:48.003Z",
        "value": "0.9695463180541992",
        "cumulative": false
    },
    {
        "date": "2020-12-08T11:24:50.113Z",
        "value": "0.905221700668335",
        "cumulative": false
    },
    {
        "date": "2020-12-08T11:24:52.334Z",
        "value": "0.9443004131317139",
        "cumulative": false
    }
]