[
    {
        "date": "2020-12-08T11:23:52.362Z",
        "value": "2.5446319580078125",
        "cumulative": false
    },
    {
        "date": "2020-12-08T11:23:54.454Z",
        "value": "1.802093505859375",
        "cumulative": false
    },
    {
        "date": "2020-12-08T11:23:56.642Z",
        "value": "1.68617582321167",
        "cumulative": false
    },
    {
        "date": "2020-12-08T11:23:58.851Z",
        "value": "1.3166083097457886",
        "cumulative": false
    },
    {
        "date": "2020-12-08T11:24:01.081Z",
        "value": "1.22945237159729",
        "cumulative": false
    },
    {
        "date": "2020-12-08T11:24:03.241Z",
        "value": "1.0930778980255127",
        "cumulative": false
    },
    {
        "date": "2020-12-08T11:24:05.335Z",
        "value": "0.9587189555168152",
        "cumulative": false
    },
    {
        "date": "2020-12-08T11:24:07.497Z",
        "value": "0.8527364134788513",
        "cumulative": false
    },
    {
        "date": "2020-12-08T11:24:09.677Z",
        "value": "1.1119922399520874",
        "cumulative": false
    },
    {
        "date": "2020-12-08T11:24:11.841Z",
        "value": "0.7162702679634094",
        "cumulative": false
    },
    {
        "date": "2020-12-08T11:24:13.969Z",
        "value": "0.7785485982894897",
        "cumulative": false
    },
    {
        "date": "2020-12-08T11:24:16.211Z",
        "value": "0.900383472442627",
        "cumulative": false
    },
    {
        "date": "2020-12-08T11:24:18.306Z",
        "value": "0.6985803246498108",
        "cumulative": false
    },
    {
        "date": "2020-12-08T11:24:20.517Z",
        "value": "0.5820674300193787",
        "cumulative": false
    },
    {
        "date": "2020-12-08T11:24:22.639Z",
        "value": "0.645582377910614",
        "cumulative": false
    },
    {
        "date": "2020-12-08T11:24:24.726Z",
        "value": "0.6016899943351746",
        "cumulative": false
    },
    {
        "date": "2020-12-08T11:24:26.902Z",
        "value": "0.45037123560905457",
        "cumulative": false
    },
    {
        "date": "2020-12-08T11:24:29.274Z",
        "value": "0.5003817677497864",
        "cumulative": false
    },
    {
        "date": "2020-12-08T11:24:31.443Z",
        "value": "0.4900570213794708",
        "cumulative": false
    },
    {
        "date": "2020-12-08T11:24:33.647Z",
        "value": "0.6885275840759277",
        "cumulative": false
    },
    {
        "date": "2020-12-08T11:24:35.735Z",
        "value": "0.5214030146598816",
        "cumulative": false
    },
    {
        "date": "2020-12-08T11:24:37.872Z",
        "value": "0.4199744164943695",
        "cumulative": false
    },
    {
        "date": "2020-12-08T11:24:39.918Z",
        "value": "0.5516065955162048",
        "cumulative": false
    },
    {
        "date": "2020-12-08T11:24:42.064Z",
        "value": "0.4234674870967865",
        "cumulative": false
    },
    {
        "date": "2020-12-08T11:24:44.352Z",
        "value": "0.39322319626808167",
        "cumulative": false
    },
    {
        "date": "2020-12-08T11:24:46.531Z",
        "value": "0.3515256345272064",
        "cumulative": false
    },
    {
        "date": "2020-12-08T11:24:48.677Z",
        "value": "0.5248438119888306",
        "cumulative": false
    },
    {
        "date": "2020-12-08T11:24:50.887Z",
        "value": "0.39820072054862976",
        "cumulative": false
    }
]