[
    {
        "date": "2020-12-08T11:23:53.793Z",
        "value": "2.552853584289551",
        "cumulative": false
    },
    {
        "date": "2020-12-08T11:23:55.968Z",
        "value": "0.37948083877563477",
        "cumulative": false
    },
    {
        "date": "2020-12-08T11:23:58.181Z",
        "value": "0.4607067108154297",
        "cumulative": false
    },
    {
        "date": "2020-12-08T11:24:00.404Z",
        "value": "0.46595287322998047",
        "cumulative": false
    },
    {
        "date": "2020-12-08T11:24:02.570Z",
        "value": "0.4026515483856201",
        "cumulative": false
    },
    {
        "date": "2020-12-08T11:24:04.635Z",
        "value": "0.34833407402038574",
        "cumulative": false
    },
    {
        "date": "2020-12-08T11:24:06.799Z",
        "value": "0.39595556259155273",
        "cumulative": false
    },
    {
        "date": "2020-12-08T11:24:08.998Z",
        "value": "0.36695337295532227",
        "cumulative": false
    },
    {
        "date": "2020-12-08T11:24:11.136Z",
        "value": "0.3899064064025879",
        "cumulative": false
    },
    {
        "date": "2020-12-08T11:24:13.276Z",
        "value": "0.3645949363708496",
        "cumulative": false
    },
    {
        "date": "2020-12-08T11:24:15.516Z",
        "value": "0.44963598251342773",
        "cumulative": false
    },
    {
        "date": "2020-12-08T11:24:17.628Z",
        "value": "0.36779236793518066",
        "cumulative": false
    },
    {
        "date": "2020-12-08T11:24:19.761Z",
        "value": "0.3849213123321533",
        "cumulative": false
    },
    {
        "date": "2020-12-08T11:24:21.922Z",
        "value": "0.3591132164001465",
        "cumulative": false
    },
    {
        "date": "2020-12-08T11:24:24.044Z",
        "value": "0.3543276786804199",
        "cumulative": false
    },
    {
        "date": "2020-12-08T11:24:26.236Z",
        "value": "0.3949432373046875",
        "cumulative": false
    },
    {
        "date": "2020-12-08T11:24:28.537Z",
        "value": "0.47788214683532715",
        "cumulative": false
    },
    {
        "date": "2020-12-08T11:24:30.777Z",
        "value": "0.3749361038208008",
        "cumulative": false
    },
    {
        "date": "2020-12-08T11:24:32.962Z",
        "value": "0.42207884788513184",
        "cumulative": false
    },
    {
        "date": "2020-12-08T11:24:35.059Z",
        "value": "0.37236690521240234",
        "cumulative": false
    },
    {
        "date": "2020-12-08T11:24:37.170Z",
        "value": "0.3721950054168701",
        "cumulative": false
    },
    {
        "date": "2020-12-08T11:24:39.241Z",
        "value": "0.3686072826385498",
        "cumulative": false
    },
    {
        "date": "2020-12-08T11:24:41.346Z",
        "value": "0.368579626083374",
        "cumulative": false
    },
    {
        "date": "2020-12-08T11:24:43.660Z",
        "value": "0.454148530960083",
        "cumulative": false
    },
    {
        "date": "2020-12-08T11:24:45.852Z",
        "value": "0.39830636978149414",
        "cumulative": false
    },
    {
        "date": "2020-12-08T11:24:47.995Z",
        "value": "0.40339064598083496",
        "cumulative": false
    },
    {
        "date": "2020-12-08T11:24:50.112Z",
        "value": "0.3970611095428467",
        "cumulative": false
    },
    {
        "date": "2020-12-08T11:24:52.320Z",
        "value": "0.3802518844604492",
        "cumulative": false
    }
]