[
    {
        "date": "2020-12-08T11:23:52.364Z",
        "value": "6.25",
        "cumulative": false
    },
    {
        "date": "2020-12-08T11:23:54.455Z",
        "value": "30.46875",
        "cumulative": false
    },
    {
        "date": "2020-12-08T11:23:56.642Z",
        "value": "35.9375",
        "cumulative": false
    },
    {
        "date": "2020-12-08T11:23:58.852Z",
        "value": "50.0",
        "cumulative": false
    },
    {
        "date": "2020-12-08T11:24:01.082Z",
        "value": "54.6875",
        "cumulative": false
    },
    {
        "date": "2020-12-08T11:24:03.241Z",
        "value": "59.375",
        "cumulative": false
    },
    {
        "date": "2020-12-08T11:24:05.336Z",
        "value": "59.375",
        "cumulative": false
    },
    {
        "date": "2020-12-08T11:24:07.497Z",
        "value": "69.53125",
        "cumulative": false
    },
    {
        "date": "2020-12-08T11:24:09.677Z",
        "value": "62.5",
        "cumulative": false
    },
    {
        "date": "2020-12-08T11:24:11.841Z",
        "value": "78.90625",
        "cumulative": false
    },
    {
        "date": "2020-12-08T11:24:13.969Z",
        "value": "69.53125",
        "cumulative": false
    },
    {
        "date": "2020-12-08T11:24:16.211Z",
        "value": "68.75",
        "cumulative": false
    },
    {
        "date": "2020-12-08T11:24:18.306Z",
        "value": "73.4375",
        "cumulative": false
    },
    {
        "date": "2020-12-08T11:24:20.517Z",
        "value": "78.90625",
        "cumulative": false
    },
    {
        "date": "2020-12-08T11:24:22.639Z",
        "value": "77.34375",
        "cumulative": false
    },
    {
        "date": "2020-12-08T11:24:24.726Z",
        "value": "80.46875",
        "cumulative": false
    },
    {
        "date": "2020-12-08T11:24:26.902Z",
        "value": "85.9375",
        "cumulative": false
    },
    {
        "date": "2020-12-08T11:24:29.274Z",
        "value": "82.03125",
        "cumulative": false
    },
    {
        "date": "2020-12-08T11:24:31.443Z",
        "value": "84.375",
        "cumulative": false
    },
    {
        "date": "2020-12-08T11:24:33.647Z",
        "value": "78.90625",
        "cumulative": false
    },
    {
        "date": "2020-12-08T11:24:35.735Z",
        "value": "80.46875",
        "cumulative": false
    },
    {
        "date": "2020-12-08T11:24:37.873Z",
        "value": "85.15625",
        "cumulative": false
    },
    {
        "date": "2020-12-08T11:24:39.918Z",
        "value": "80.46875",
        "cumulative": false
    },
    {
        "date": "2020-12-08T11:24:42.064Z",
        "value": "85.15625",
        "cumulative": false
    },
    {
        "date": "2020-12-08T11:24:44.352Z",
        "value": "85.15625",
        "cumulative": false
    },
    {
        "date": "2020-12-08T11:24:46.531Z",
        "value": "88.28125",
        "cumulative": false
    },
    {
        "date": "2020-12-08T11:24:48.677Z",
        "value": "80.46875",
        "cumulative": false
    },
    {
        "date": "2020-12-08T11:24:50.887Z",
        "value": "88.28125",
        "cumulative": false
    }
]