[
    {
        "date": "2020-12-08T11:23:53.780Z",
        "value": "3.723414659500122",
        "cumulative": false
    },
    {
        "date": "2020-12-08T11:23:55.961Z",
        "value": "1.5914852619171143",
        "cumulative": false
    },
    {
        "date": "2020-12-08T11:23:58.180Z",
        "value": "1.648106336593628",
        "cumulative": false
    },
    {
        "date": "2020-12-08T11:24:00.406Z",
        "value": "1.6477348804473877",
        "cumulative": false
    },
    {
        "date": "2020-12-08T11:24:02.568Z",
        "value": "1.604511022567749",
        "cumulative": false
    },
    {
        "date": "2020-12-08T11:24:04.633Z",
        "value": "1.4981019496917725",
        "cumulative": false
    },
    {
        "date": "2020-12-08T11:24:06.796Z",
        "value": "1.5427160263061523",
        "cumulative": false
    },
    {
        "date": "2020-12-08T11:24:08.998Z",
        "value": "1.6023445129394531",
        "cumulative": false
    },
    {
        "date": "2020-12-08T11:24:11.143Z",
        "value": "1.526395559310913",
        "cumulative": false
    },
    {
        "date": "2020-12-08T11:24:13.286Z",
        "value": "1.558511734008789",
        "cumulative": false
    },
    {
        "date": "2020-12-08T11:24:15.522Z",
        "value": "1.6111252307891846",
        "cumulative": false
    },
    {
        "date": "2020-12-08T11:24:17.626Z",
        "value": "1.4893136024475098",
        "cumulative": false
    },
    {
        "date": "2020-12-08T11:24:19.757Z",
        "value": "1.5481607913970947",
        "cumulative": false
    },
    {
        "date": "2020-12-08T11:24:21.930Z",
        "value": "1.5631814002990723",
        "cumulative": false
    },
    {
        "date": "2020-12-08T11:24:24.036Z",
        "value": "1.491485834121704",
        "cumulative": false
    },
    {
        "date": "2020-12-08T11:24:26.233Z",
        "value": "1.606032133102417",
        "cumulative": false
    },
    {
        "date": "2020-12-08T11:24:28.521Z",
        "value": "1.7260851860046387",
        "cumulative": false
    },
    {
        "date": "2020-12-08T11:24:30.776Z",
        "value": "1.5909984111785889",
        "cumulative": false
    },
    {
        "date": "2020-12-08T11:24:32.962Z",
        "value": "1.5999510288238525",
        "cumulative": false
    },
    {
        "date": "2020-12-08T11:24:35.058Z",
        "value": "1.5149588584899902",
        "cumulative": false
    },
    {
        "date": "2020-12-08T11:24:37.169Z",
        "value": "1.5359177589416504",
        "cumulative": false
    },
    {
        "date": "2020-12-08T11:24:39.239Z",
        "value": "1.4529101848602295",
        "cumulative": false
    },
    {
        "date": "2020-12-08T11:24:41.345Z",
        "value": "1.52134370803833",
        "cumulative": false
    },
    {
        "date": "2020-12-08T11:24:43.655Z",
        "value": "1.711629867553711",
        "cumulative": false
    },
    {
        "date": "2020-12-08T11:24:45.848Z",
        "value": "1.6092000007629395",
        "cumulative": false
    },
    {
        "date": "2020-12-08T11:24:47.995Z",
        "value": "1.5652062892913818",
        "cumulative": false
    },
    {
        "date": "2020-12-08T11:24:50.111Z",
        "value": "1.520247220993042",
        "cumulative": false
    },
    {
        "date": "2020-12-08T11:24:52.319Z",
        "value": "1.5441792011260986",
        "cumulative": false
    }
]