[
    {
        "date": "2020-12-08T11:23:52.359Z",
        "value": "47.65625",
        "cumulative": false
    },
    {
        "date": "2020-12-08T11:23:54.449Z",
        "value": "87.5",
        "cumulative": false
    },
    {
        "date": "2020-12-08T11:23:56.637Z",
        "value": "89.0625",
        "cumulative": false
    },
    {
        "date": "2020-12-08T11:23:58.848Z",
        "value": "89.84375",
        "cumulative": false
    },
    {
        "date": "2020-12-08T11:24:01.076Z",
        "value": "94.53125",
        "cumulative": false
    },
    {
        "date": "2020-12-08T11:24:03.236Z",
        "value": "95.3125",
        "cumulative": false
    },
    {
        "date": "2020-12-08T11:24:05.325Z",
        "value": "96.875",
        "cumulative": false
    },
    {
        "date": "2020-12-08T11:24:07.491Z",
        "value": "96.09375",
        "cumulative": false
    },
    {
        "date": "2020-12-08T11:24:09.676Z",
        "value": "98.4375",
        "cumulative": false
    },
    {
        "date": "2020-12-08T11:24:11.835Z",
        "value": "98.4375",
        "cumulative": false
    },
    {
        "date": "2020-12-08T11:24:13.963Z",
        "value": "96.875",
        "cumulative": false
    },
    {
        "date": "2020-12-08T11:24:16.209Z",
        "value": "96.875",
        "cumulative": false
    },
    {
        "date": "2020-12-08T11:24:18.298Z",
        "value": "98.4375",
        "cumulative": false
    },
    {
        "date": "2020-12-08T11:24:20.512Z",
        "value": "98.4375",
        "cumulative": false
    },
    {
        "date": "2020-12-08T11:24:22.633Z",
        "value": "98.4375",
        "cumulative": false
    },
    {
        "date": "2020-12-08T11:24:24.722Z",
        "value": "96.875",
        "cumulative": false
    },
    {
        "date": "2020-12-08T11:24:26.895Z",
        "value": "97.65625",
        "cumulative": false
    },
    {
        "date": "2020-12-08T11:24:29.269Z",
        "value": "99.21875",
        "cumulative": false
    },
    {
        "date": "2020-12-08T11:24:31.439Z",
        "value": "100.0",
        "cumulative": false
    },
    {
        "date": "2020-12-08T11:24:33.641Z",
        "value": "100.0",
        "cumulative": false
    },
    {
        "date": "2020-12-08T11:24:35.724Z",
        "value": "99.21875",
        "cumulative": false
    },
    {
        "date": "2020-12-08T11:24:37.864Z",
        "value": "99.21875",
        "cumulative": false
    },
    {
        "date": "2020-12-08T11:24:39.910Z",
        "value": "98.4375",
        "cumulative": false
    },
    {
        "date": "2020-12-08T11:24:42.062Z",
        "value": "100.0",
        "cumulative": false
    },
    {
        "date": "2020-12-08T11:24:44.347Z",
        "value": "98.4375",
        "cumulative": false
    },
    {
        "date": "2020-12-08T11:24:46.526Z",
        "value": "97.65625",
        "cumulative": false
    },
    {
        "date": "2020-12-08T11:24:48.672Z",
        "value": "100.0",
        "cumulative": false
    },
    {
        "date": "2020-12-08T11:24:50.881Z",
        "value": "100.0",
        "cumulative": false
    }
]