[
    {
        "date": "2020-12-08T11:23:53.795Z",
        "value": "0.06894159317016602",
        "cumulative": false
    },
    {
        "date": "2020-12-08T11:23:55.983Z",
        "value": "0.06720662117004395",
        "cumulative": false
    },
    {
        "date": "2020-12-08T11:23:58.195Z",
        "value": "0.06408929824829102",
        "cumulative": false
    },
    {
        "date": "2020-12-08T11:24:00.424Z",
        "value": "0.06600832939147949",
        "cumulative": false
    },
    {
        "date": "2020-12-08T11:24:02.583Z",
        "value": "0.07336854934692383",
        "cumulative": false
    },
    {
        "date": "2020-12-08T11:24:04.654Z",
        "value": "0.06966137886047363",
        "cumulative": false
    },
    {
        "date": "2020-12-08T11:24:06.811Z",
        "value": "0.07143449783325195",
        "cumulative": false
    },
    {
        "date": "2020-12-08T11:24:09.006Z",
        "value": "0.058614492416381836",
        "cumulative": false
    },
    {
        "date": "2020-12-08T11:24:11.148Z",
        "value": "0.07071995735168457",
        "cumulative": false
    },
    {
        "date": "2020-12-08T11:24:13.283Z",
        "value": "0.058391571044921875",
        "cumulative": false
    },
    {
        "date": "2020-12-08T11:24:15.524Z",
        "value": "0.06196880340576172",
        "cumulative": false
    },
    {
        "date": "2020-12-08T11:24:17.632Z",
        "value": "0.06583738327026367",
        "cumulative": false
    },
    {
        "date": "2020-12-08T11:24:19.772Z",
        "value": "0.06861305236816406",
        "cumulative": false
    },
    {
        "date": "2020-12-08T11:24:21.930Z",
        "value": "0.07989215850830078",
        "cumulative": false
    },
    {
        "date": "2020-12-08T11:24:24.045Z",
        "value": "0.06402158737182617",
        "cumulative": false
    },
    {
        "date": "2020-12-08T11:24:26.236Z",
        "value": "0.06754136085510254",
        "cumulative": false
    },
    {
        "date": "2020-12-08T11:24:28.534Z",
        "value": "0.06793403625488281",
        "cumulative": false
    },
    {
        "date": "2020-12-08T11:24:30.786Z",
        "value": "0.062471866607666016",
        "cumulative": false
    },
    {
        "date": "2020-12-08T11:24:32.969Z",
        "value": "0.06752634048461914",
        "cumulative": false
    },
    {
        "date": "2020-12-08T11:24:35.066Z",
        "value": "0.06369280815124512",
        "cumulative": false
    },
    {
        "date": "2020-12-08T11:24:37.177Z",
        "value": "0.0642082691192627",
        "cumulative": false
    },
    {
        "date": "2020-12-08T11:24:39.250Z",
        "value": "0.06431198120117188",
        "cumulative": false
    },
    {
        "date": "2020-12-08T11:24:41.355Z",
        "value": "0.06016874313354492",
        "cumulative": false
    },
    {
        "date": "2020-12-08T11:24:43.662Z",
        "value": "0.052680015563964844",
        "cumulative": false
    },
    {
        "date": "2020-12-08T11:24:45.861Z",
        "value": "0.05897068977355957",
        "cumulative": false
    },
    {
        "date": "2020-12-08T11:24:48.008Z",
        "value": "0.05846905708312988",
        "cumulative": false
    },
    {
        "date": "2020-12-08T11:24:50.111Z",
        "value": "0.05501723289489746",
        "cumulative": false
    },
    {
        "date": "2020-12-08T11:24:52.330Z",
        "value": "0.06368184089660645",
        "cumulative": false
    }
]