[
    {
        "date": "2020-12-08T11:23:53.798Z",
        "value": "0.005055427551269531",
        "cumulative": false
    },
    {
        "date": "2020-12-08T11:23:55.966Z",
        "value": "0.005234479904174805",
        "cumulative": false
    },
    {
        "date": "2020-12-08T11:23:58.185Z",
        "value": "0.004861354827880859",
        "cumulative": false
    },
    {
        "date": "2020-12-08T11:24:00.407Z",
        "value": "0.005214214324951172",
        "cumulative": false
    },
    {
        "date": "2020-12-08T11:24:02.586Z",
        "value": "0.005656003952026367",
        "cumulative": false
    },
    {
        "date": "2020-12-08T11:24:04.639Z",
        "value": "0.005107879638671875",
        "cumulative": false
    },
    {
        "date": "2020-12-08T11:24:06.802Z",
        "value": "0.0055904388427734375",
        "cumulative": false
    },
    {
        "date": "2020-12-08T11:24:09.012Z",
        "value": "0.005109548568725586",
        "cumulative": false
    },
    {
        "date": "2020-12-08T11:24:11.144Z",
        "value": "0.0048372745513916016",
        "cumulative": false
    },
    {
        "date": "2020-12-08T11:24:13.282Z",
        "value": "0.005793333053588867",
        "cumulative": false
    },
    {
        "date": "2020-12-08T11:24:15.527Z",
        "value": "0.004858255386352539",
        "cumulative": false
    },
    {
        "date": "2020-12-08T11:24:17.629Z",
        "value": "0.00510096549987793",
        "cumulative": false
    },
    {
        "date": "2020-12-08T11:24:19.765Z",
        "value": "0.005016326904296875",
        "cumulative": false
    },
    {
        "date": "2020-12-08T11:24:21.929Z",
        "value": "0.005204916000366211",
        "cumulative": false
    },
    {
        "date": "2020-12-08T11:24:24.045Z",
        "value": "0.005538463592529297",
        "cumulative": false
    },
    {
        "date": "2020-12-08T11:24:26.238Z",
        "value": "0.005150556564331055",
        "cumulative": false
    },
    {
        "date": "2020-12-08T11:24:28.529Z",
        "value": "0.004954814910888672",
        "cumulative": false
    },
    {
        "date": "2020-12-08T11:24:30.776Z",
        "value": "0.00524139404296875",
        "cumulative": false
    },
    {
        "date": "2020-12-08T11:24:32.963Z",
        "value": "0.005097150802612305",
        "cumulative": false
    },
    {
        "date": "2020-12-08T11:24:35.063Z",
        "value": "0.00509190559387207",
        "cumulative": false
    },
    {
        "date": "2020-12-08T11:24:37.177Z",
        "value": "0.005128145217895508",
        "cumulative": false
    },
    {
        "date": "2020-12-08T11:24:39.243Z",
        "value": "0.005305051803588867",
        "cumulative": false
    },
    {
        "date": "2020-12-08T11:24:41.353Z",
        "value": "0.0051157474517822266",
        "cumulative": false
    },
    {
        "date": "2020-12-08T11:24:43.666Z",
        "value": "0.005089521408081055",
        "cumulative": false
    },
    {
        "date": "2020-12-08T11:24:45.852Z",
        "value": "0.00494384765625",
        "cumulative": false
    },
    {
        "date": "2020-12-08T11:24:48.000Z",
        "value": "0.0052149295806884766",
        "cumulative": false
    },
    {
        "date": "2020-12-08T11:24:50.112Z",
        "value": "0.004737377166748047",
        "cumulative": false
    },
    {
        "date": "2020-12-08T11:24:52.332Z",
        "value": "0.005151987075805664",
        "cumulative": false
    }
]