[
    {
        "date": "2020-12-08T11:23:52.361Z",
        "value": "2.507415533065796",
        "cumulative": false
    },
    {
        "date": "2020-12-08T11:23:54.453Z",
        "value": "1.8878960609436035",
        "cumulative": false
    },
    {
        "date": "2020-12-08T11:23:56.641Z",
        "value": "1.516880750656128",
        "cumulative": false
    },
    {
        "date": "2020-12-08T11:23:58.850Z",
        "value": "1.4276126623153687",
        "cumulative": false
    },
    {
        "date": "2020-12-08T11:24:01.079Z",
        "value": "1.1673470735549927",
        "cumulative": false
    },
    {
        "date": "2020-12-08T11:24:03.240Z",
        "value": "1.0478763580322266",
        "cumulative": false
    },
    {
        "date": "2020-12-08T11:24:05.329Z",
        "value": "1.0118610858917236",
        "cumulative": false
    },
    {
        "date": "2020-12-08T11:24:07.495Z",
        "value": "1.0191898345947266",
        "cumulative": false
    },
    {
        "date": "2020-12-08T11:24:09.677Z",
        "value": "0.9980292916297913",
        "cumulative": false
    },
    {
        "date": "2020-12-08T11:24:11.840Z",
        "value": "0.8261280655860901",
        "cumulative": false
    },
    {
        "date": "2020-12-08T11:24:13.969Z",
        "value": "0.8048626184463501",
        "cumulative": false
    },
    {
        "date": "2020-12-08T11:24:16.208Z",
        "value": "0.8157207369804382",
        "cumulative": false
    },
    {
        "date": "2020-12-08T11:24:18.304Z",
        "value": "0.6461816430091858",
        "cumulative": false
    },
    {
        "date": "2020-12-08T11:24:20.516Z",
        "value": "0.4970357120037079",
        "cumulative": false
    },
    {
        "date": "2020-12-08T11:24:22.637Z",
        "value": "0.8138619065284729",
        "cumulative": false
    },
    {
        "date": "2020-12-08T11:24:24.726Z",
        "value": "0.6303701400756836",
        "cumulative": false
    },
    {
        "date": "2020-12-08T11:24:26.901Z",
        "value": "0.5105180740356445",
        "cumulative": false
    },
    {
        "date": "2020-12-08T11:24:29.272Z",
        "value": "0.5754185318946838",
        "cumulative": false
    },
    {
        "date": "2020-12-08T11:24:31.441Z",
        "value": "0.4213659465312958",
        "cumulative": false
    },
    {
        "date": "2020-12-08T11:24:33.646Z",
        "value": "0.4569655656814575",
        "cumulative": false
    },
    {
        "date": "2020-12-08T11:24:35.730Z",
        "value": "0.42009538412094116",
        "cumulative": false
    },
    {
        "date": "2020-12-08T11:24:37.868Z",
        "value": "0.5544901490211487",
        "cumulative": false
    },
    {
        "date": "2020-12-08T11:24:39.914Z",
        "value": "0.4911802411079407",
        "cumulative": false
    },
    {
        "date": "2020-12-08T11:24:42.064Z",
        "value": "0.6089385151863098",
        "cumulative": false
    },
    {
        "date": "2020-12-08T11:24:44.351Z",
        "value": "0.5863950848579407",
        "cumulative": false
    },
    {
        "date": "2020-12-08T11:24:46.531Z",
        "value": "0.4429638385772705",
        "cumulative": false
    },
    {
        "date": "2020-12-08T11:24:48.672Z",
        "value": "0.36141011118888855",
        "cumulative": false
    },
    {
        "date": "2020-12-08T11:24:50.888Z",
        "value": "0.3898085653781891",
        "cumulative": false
    }
]