[
    {
        "date": "2020-12-08T11:23:53.793Z",
        "value": "4.76837158203125e-05",
        "cumulative": false
    },
    {
        "date": "2020-12-08T11:23:55.968Z",
        "value": "6.556510925292969e-05",
        "cumulative": false
    },
    {
        "date": "2020-12-08T11:23:58.181Z",
        "value": "4.601478576660156e-05",
        "cumulative": false
    },
    {
        "date": "2020-12-08T11:24:00.404Z",
        "value": "5.269050598144531e-05",
        "cumulative": false
    },
    {
        "date": "2020-12-08T11:24:02.570Z",
        "value": "4.38690185546875e-05",
        "cumulative": false
    },
    {
        "date": "2020-12-08T11:24:04.636Z",
        "value": "4.76837158203125e-05",
        "cumulative": false
    },
    {
        "date": "2020-12-08T11:24:06.799Z",
        "value": "4.982948303222656e-05",
        "cumulative": false
    },
    {
        "date": "2020-12-08T11:24:08.998Z",
        "value": "4.4345855712890625e-05",
        "cumulative": false
    },
    {
        "date": "2020-12-08T11:24:11.137Z",
        "value": "5.245208740234375e-05",
        "cumulative": false
    },
    {
        "date": "2020-12-08T11:24:13.276Z",
        "value": "4.7206878662109375e-05",
        "cumulative": false
    },
    {
        "date": "2020-12-08T11:24:15.516Z",
        "value": "4.7206878662109375e-05",
        "cumulative": false
    },
    {
        "date": "2020-12-08T11:24:17.628Z",
        "value": "5.888938903808594e-05",
        "cumulative": false
    },
    {
        "date": "2020-12-08T11:24:19.761Z",
        "value": "4.839897155761719e-05",
        "cumulative": false
    },
    {
        "date": "2020-12-08T11:24:21.922Z",
        "value": "5.53131103515625e-05",
        "cumulative": false
    },
    {
        "date": "2020-12-08T11:24:24.044Z",
        "value": "6.389617919921875e-05",
        "cumulative": false
    },
    {
        "date": "2020-12-08T11:24:26.236Z",
        "value": "4.649162292480469e-05",
        "cumulative": false
    },
    {
        "date": "2020-12-08T11:24:28.537Z",
        "value": "5.936622619628906e-05",
        "cumulative": false
    },
    {
        "date": "2020-12-08T11:24:30.777Z",
        "value": "4.9591064453125e-05",
        "cumulative": false
    },
    {
        "date": "2020-12-08T11:24:32.962Z",
        "value": "4.410743713378906e-05",
        "cumulative": false
    },
    {
        "date": "2020-12-08T11:24:35.059Z",
        "value": "4.7206878662109375e-05",
        "cumulative": false
    },
    {
        "date": "2020-12-08T11:24:37.170Z",
        "value": "4.863739013671875e-05",
        "cumulative": false
    },
    {
        "date": "2020-12-08T11:24:39.241Z",
        "value": "4.9114227294921875e-05",
        "cumulative": false
    },
    {
        "date": "2020-12-08T11:24:41.347Z",
        "value": "5.125999450683594e-05",
        "cumulative": false
    },
    {
        "date": "2020-12-08T11:24:43.660Z",
        "value": "5.0067901611328125e-05",
        "cumulative": false
    },
    {
        "date": "2020-12-08T11:24:45.852Z",
        "value": "4.887580871582031e-05",
        "cumulative": false
    },
    {
        "date": "2020-12-08T11:24:47.996Z",
        "value": "4.5299530029296875e-05",
        "cumulative": false
    },
    {
        "date": "2020-12-08T11:24:50.112Z",
        "value": "4.887580871582031e-05",
        "cumulative": false
    },
    {
        "date": "2020-12-08T11:24:52.320Z",
        "value": "4.649162292480469e-05",
        "cumulative": false
    }
]