[
    {
        "date": "2020-12-08T11:23:52.353Z",
        "value": "2.5517375469207764",
        "cumulative": false
    },
    {
        "date": "2020-12-08T11:23:54.445Z",
        "value": "1.7959331274032593",
        "cumulative": false
    },
    {
        "date": "2020-12-08T11:23:56.633Z",
        "value": "1.4941200017929077",
        "cumulative": false
    },
    {
        "date": "2020-12-08T11:23:58.844Z",
        "value": "1.3747150897979736",
        "cumulative": false
    },
    {
        "date": "2020-12-08T11:24:01.073Z",
        "value": "1.2214246988296509",
        "cumulative": false
    },
    {
        "date": "2020-12-08T11:24:03.232Z",
        "value": "0.9482961297035217",
        "cumulative": false
    },
    {
        "date": "2020-12-08T11:24:05.323Z",
        "value": "0.9485259056091309",
        "cumulative": false
    },
    {
        "date": "2020-12-08T11:24:07.488Z",
        "value": "0.8633014559745789",
        "cumulative": false
    },
    {
        "date": "2020-12-08T11:24:09.673Z",
        "value": "0.8164231181144714",
        "cumulative": false
    },
    {
        "date": "2020-12-08T11:24:11.833Z",
        "value": "0.8213723301887512",
        "cumulative": false
    },
    {
        "date": "2020-12-08T11:24:13.960Z",
        "value": "0.77799391746521",
        "cumulative": false
    },
    {
        "date": "2020-12-08T11:24:16.202Z",
        "value": "0.9009658694267273",
        "cumulative": false
    },
    {
        "date": "2020-12-08T11:24:18.297Z",
        "value": "0.7077584266662598",
        "cumulative": false
    },
    {
        "date": "2020-12-08T11:24:20.508Z",
        "value": "0.6624841690063477",
        "cumulative": false
    },
    {
        "date": "2020-12-08T11:24:22.630Z",
        "value": "0.7642409801483154",
        "cumulative": false
    },
    {
        "date": "2020-12-08T11:24:24.718Z",
        "value": "0.598773717880249",
        "cumulative": false
    },
    {
        "date": "2020-12-08T11:24:26.893Z",
        "value": "0.7274988293647766",
        "cumulative": false
    },
    {
        "date": "2020-12-08T11:24:29.266Z",
        "value": "0.6047264337539673",
        "cumulative": false
    },
    {
        "date": "2020-12-08T11:24:31.440Z",
        "value": "0.6129985451698303",
        "cumulative": false
    },
    {
        "date": "2020-12-08T11:24:33.638Z",
        "value": "0.5936863422393799",
        "cumulative": false
    },
    {
        "date": "2020-12-08T11:24:35.720Z",
        "value": "0.4234083592891693",
        "cumulative": false
    },
    {
        "date": "2020-12-08T11:24:37.861Z",
        "value": "0.6205027103424072",
        "cumulative": false
    },
    {
        "date": "2020-12-08T11:24:39.907Z",
        "value": "0.4473276138305664",
        "cumulative": false
    },
    {
        "date": "2020-12-08T11:24:42.056Z",
        "value": "0.5134116411209106",
        "cumulative": false
    },
    {
        "date": "2020-12-08T11:24:44.343Z",
        "value": "0.4672936499118805",
        "cumulative": false
    },
    {
        "date": "2020-12-08T11:24:46.523Z",
        "value": "0.5028136372566223",
        "cumulative": false
    },
    {
        "date": "2020-12-08T11:24:48.665Z",
        "value": "0.5654284954071045",
        "cumulative": false
    },
    {
        "date": "2020-12-08T11:24:50.877Z",
        "value": "0.5125400424003601",
        "cumulative": false
    }
]