[
    {
        "date": "2020-12-08T11:23:53.799Z",
        "value": "0.01558375358581543",
        "cumulative": false
    },
    {
        "date": "2020-12-08T11:23:55.965Z",
        "value": "0.01574540138244629",
        "cumulative": false
    },
    {
        "date": "2020-12-08T11:23:58.182Z",
        "value": "0.016228437423706055",
        "cumulative": false
    },
    {
        "date": "2020-12-08T11:24:00.406Z",
        "value": "0.017434120178222656",
        "cumulative": false
    },
    {
        "date": "2020-12-08T11:24:02.572Z",
        "value": "0.015364646911621094",
        "cumulative": false
    },
    {
        "date": "2020-12-08T11:24:04.635Z",
        "value": "0.01577448844909668",
        "cumulative": false
    },
    {
        "date": "2020-12-08T11:24:06.807Z",
        "value": "0.016247987747192383",
        "cumulative": false
    },
    {
        "date": "2020-12-08T11:24:09.011Z",
        "value": "0.015462398529052734",
        "cumulative": false
    },
    {
        "date": "2020-12-08T11:24:11.138Z",
        "value": "0.016237735748291016",
        "cumulative": false
    },
    {
        "date": "2020-12-08T11:24:13.280Z",
        "value": "0.01549386978149414",
        "cumulative": false
    },
    {
        "date": "2020-12-08T11:24:15.522Z",
        "value": "0.015755891799926758",
        "cumulative": false
    },
    {
        "date": "2020-12-08T11:24:17.629Z",
        "value": "0.021309375762939453",
        "cumulative": false
    },
    {
        "date": "2020-12-08T11:24:19.764Z",
        "value": "0.015729904174804688",
        "cumulative": false
    },
    {
        "date": "2020-12-08T11:24:21.923Z",
        "value": "0.016139745712280273",
        "cumulative": false
    },
    {
        "date": "2020-12-08T11:24:24.046Z",
        "value": "0.016247987747192383",
        "cumulative": false
    },
    {
        "date": "2020-12-08T11:24:26.231Z",
        "value": "0.014315605163574219",
        "cumulative": false
    },
    {
        "date": "2020-12-08T11:24:28.537Z",
        "value": "0.015218496322631836",
        "cumulative": false
    },
    {
        "date": "2020-12-08T11:24:30.784Z",
        "value": "0.01537013053894043",
        "cumulative": false
    },
    {
        "date": "2020-12-08T11:24:32.958Z",
        "value": "0.014976978302001953",
        "cumulative": false
    },
    {
        "date": "2020-12-08T11:24:35.075Z",
        "value": "0.015186309814453125",
        "cumulative": false
    },
    {
        "date": "2020-12-08T11:24:37.166Z",
        "value": "0.014882326126098633",
        "cumulative": false
    },
    {
        "date": "2020-12-08T11:24:39.247Z",
        "value": "0.016885995864868164",
        "cumulative": false
    },
    {
        "date": "2020-12-08T11:24:41.350Z",
        "value": "0.015345573425292969",
        "cumulative": false
    },
    {
        "date": "2020-12-08T11:24:43.665Z",
        "value": "0.016049623489379883",
        "cumulative": false
    },
    {
        "date": "2020-12-08T11:24:45.860Z",
        "value": "0.015101432800292969",
        "cumulative": false
    },
    {
        "date": "2020-12-08T11:24:48.003Z",
        "value": "0.015468358993530273",
        "cumulative": false
    },
    {
        "date": "2020-12-08T11:24:50.104Z",
        "value": "0.015845060348510742",
        "cumulative": false
    },
    {
        "date": "2020-12-08T11:24:52.318Z",
        "value": "0.015587091445922852",
        "cumulative": false
    }
]