[
    {
        "date": "2020-12-08T11:23:52.356Z",
        "value": "2.531782627105713",
        "cumulative": false
    },
    {
        "date": "2020-12-08T11:23:54.448Z",
        "value": "1.7790915966033936",
        "cumulative": false
    },
    {
        "date": "2020-12-08T11:23:56.637Z",
        "value": "1.4791045188903809",
        "cumulative": false
    },
    {
        "date": "2020-12-08T11:23:58.846Z",
        "value": "1.2968456745147705",
        "cumulative": false
    },
    {
        "date": "2020-12-08T11:24:01.076Z",
        "value": "1.3219588994979858",
        "cumulative": false
    },
    {
        "date": "2020-12-08T11:24:03.235Z",
        "value": "1.2317194938659668",
        "cumulative": false
    },
    {
        "date": "2020-12-08T11:24:05.330Z",
        "value": "1.076711654663086",
        "cumulative": false
    },
    {
        "date": "2020-12-08T11:24:07.491Z",
        "value": "0.9864161014556885",
        "cumulative": false
    },
    {
        "date": "2020-12-08T11:24:09.672Z",
        "value": "0.944732666015625",
        "cumulative": false
    },
    {
        "date": "2020-12-08T11:24:11.836Z",
        "value": "0.8179219961166382",
        "cumulative": false
    },
    {
        "date": "2020-12-08T11:24:13.962Z",
        "value": "0.7556610107421875",
        "cumulative": false
    },
    {
        "date": "2020-12-08T11:24:16.207Z",
        "value": "0.8450029492378235",
        "cumulative": false
    },
    {
        "date": "2020-12-08T11:24:18.300Z",
        "value": "0.7088747024536133",
        "cumulative": false
    },
    {
        "date": "2020-12-08T11:24:20.512Z",
        "value": "0.6154773235321045",
        "cumulative": false
    },
    {
        "date": "2020-12-08T11:24:22.634Z",
        "value": "0.6729525327682495",
        "cumulative": false
    },
    {
        "date": "2020-12-08T11:24:24.723Z",
        "value": "0.6311227679252625",
        "cumulative": false
    },
    {
        "date": "2020-12-08T11:24:26.897Z",
        "value": "0.6064398884773254",
        "cumulative": false
    },
    {
        "date": "2020-12-08T11:24:29.269Z",
        "value": "0.5275570750236511",
        "cumulative": false
    },
    {
        "date": "2020-12-08T11:24:31.437Z",
        "value": "0.6937971711158752",
        "cumulative": false
    },
    {
        "date": "2020-12-08T11:24:33.641Z",
        "value": "0.5819819569587708",
        "cumulative": false
    },
    {
        "date": "2020-12-08T11:24:35.723Z",
        "value": "0.41299036145210266",
        "cumulative": false
    },
    {
        "date": "2020-12-08T11:24:37.866Z",
        "value": "0.5914493203163147",
        "cumulative": false
    },
    {
        "date": "2020-12-08T11:24:39.911Z",
        "value": "0.5287779569625854",
        "cumulative": false
    },
    {
        "date": "2020-12-08T11:24:42.059Z",
        "value": "0.46260136365890503",
        "cumulative": false
    },
    {
        "date": "2020-12-08T11:24:44.346Z",
        "value": "0.41688430309295654",
        "cumulative": false
    },
    {
        "date": "2020-12-08T11:24:46.528Z",
        "value": "0.4665791690349579",
        "cumulative": false
    },
    {
        "date": "2020-12-08T11:24:48.668Z",
        "value": "0.45108264684677124",
        "cumulative": false
    },
    {
        "date": "2020-12-08T11:24:50.880Z",
        "value": "0.3519364297389984",
        "cumulative": false
    }
]