[
    {
        "date": "2020-12-08T11:23:53.799Z",
        "value": "0.9480905532836914",
        "cumulative": false
    },
    {
        "date": "2020-12-08T11:23:55.965Z",
        "value": "0.997711181640625",
        "cumulative": false
    },
    {
        "date": "2020-12-08T11:23:58.181Z",
        "value": "0.9788763523101807",
        "cumulative": false
    },
    {
        "date": "2020-12-08T11:24:00.406Z",
        "value": "0.984994649887085",
        "cumulative": false
    },
    {
        "date": "2020-12-08T11:24:02.572Z",
        "value": "0.971264123916626",
        "cumulative": false
    },
    {
        "date": "2020-12-08T11:24:04.635Z",
        "value": "0.9127905368804932",
        "cumulative": false
    },
    {
        "date": "2020-12-08T11:24:06.807Z",
        "value": "0.9428095817565918",
        "cumulative": false
    },
    {
        "date": "2020-12-08T11:24:09.010Z",
        "value": "1.0040948390960693",
        "cumulative": false
    },
    {
        "date": "2020-12-08T11:24:11.138Z",
        "value": "0.898618221282959",
        "cumulative": false
    },
    {
        "date": "2020-12-08T11:24:13.280Z",
        "value": "0.955561637878418",
        "cumulative": false
    },
    {
        "date": "2020-12-08T11:24:15.522Z",
        "value": "0.985011100769043",
        "cumulative": false
    },
    {
        "date": "2020-12-08T11:24:17.629Z",
        "value": "0.8652520179748535",
        "cumulative": false
    },
    {
        "date": "2020-12-08T11:24:19.763Z",
        "value": "0.943988561630249",
        "cumulative": false
    },
    {
        "date": "2020-12-08T11:24:21.922Z",
        "value": "0.9564414024353027",
        "cumulative": false
    },
    {
        "date": "2020-12-08T11:24:24.046Z",
        "value": "0.9140181541442871",
        "cumulative": false
    },
    {
        "date": "2020-12-08T11:24:26.231Z",
        "value": "0.9877026081085205",
        "cumulative": false
    },
    {
        "date": "2020-12-08T11:24:28.537Z",
        "value": "1.0324127674102783",
        "cumulative": false
    },
    {
        "date": "2020-12-08T11:24:30.784Z",
        "value": "0.9330954551696777",
        "cumulative": false
    },
    {
        "date": "2020-12-08T11:24:32.958Z",
        "value": "0.9583430290222168",
        "cumulative": false
    },
    {
        "date": "2020-12-08T11:24:35.075Z",
        "value": "0.901925802230835",
        "cumulative": false
    },
    {
        "date": "2020-12-08T11:24:37.166Z",
        "value": "0.9388930797576904",
        "cumulative": false
    },
    {
        "date": "2020-12-08T11:24:39.247Z",
        "value": "0.8900299072265625",
        "cumulative": false
    },
    {
        "date": "2020-12-08T11:24:41.350Z",
        "value": "0.9478564262390137",
        "cumulative": false
    },
    {
        "date": "2020-12-08T11:24:43.665Z",
        "value": "1.0423953533172607",
        "cumulative": false
    },
    {
        "date": "2020-12-08T11:24:45.860Z",
        "value": "0.9675025939941406",
        "cumulative": false
    },
    {
        "date": "2020-12-08T11:24:48.003Z",
        "value": "0.9016072750091553",
        "cumulative": false
    },
    {
        "date": "2020-12-08T11:24:50.104Z",
        "value": "0.90478515625",
        "cumulative": false
    },
    {
        "date": "2020-12-08T11:24:52.318Z",
        "value": "0.956709623336792",
        "cumulative": false
    }
]