[
    {
        "date": "2020-12-08T11:23:53.793Z",
        "value": "3.7888944149017334",
        "cumulative": false
    },
    {
        "date": "2020-12-08T11:23:55.983Z",
        "value": "1.575904369354248",
        "cumulative": false
    },
    {
        "date": "2020-12-08T11:23:58.195Z",
        "value": "1.6260716915130615",
        "cumulative": false
    },
    {
        "date": "2020-12-08T11:24:00.424Z",
        "value": "1.6285631656646729",
        "cumulative": false
    },
    {
        "date": "2020-12-08T11:24:02.583Z",
        "value": "1.5747931003570557",
        "cumulative": false
    },
    {
        "date": "2020-12-08T11:24:04.654Z",
        "value": "1.49202561378479",
        "cumulative": false
    },
    {
        "date": "2020-12-08T11:24:06.811Z",
        "value": "1.5502111911773682",
        "cumulative": false
    },
    {
        "date": "2020-12-08T11:24:09.006Z",
        "value": "1.5872759819030762",
        "cumulative": false
    },
    {
        "date": "2020-12-08T11:24:11.148Z",
        "value": "1.5131511688232422",
        "cumulative": false
    },
    {
        "date": "2020-12-08T11:24:13.283Z",
        "value": "1.5424041748046875",
        "cumulative": false
    },
    {
        "date": "2020-12-08T11:24:15.524Z",
        "value": "1.6206004619598389",
        "cumulative": false
    },
    {
        "date": "2020-12-08T11:24:17.632Z",
        "value": "1.4819698333740234",
        "cumulative": false
    },
    {
        "date": "2020-12-08T11:24:19.772Z",
        "value": "1.536684513092041",
        "cumulative": false
    },
    {
        "date": "2020-12-08T11:24:21.930Z",
        "value": "1.5588068962097168",
        "cumulative": false
    },
    {
        "date": "2020-12-08T11:24:24.045Z",
        "value": "1.4671485424041748",
        "cumulative": false
    },
    {
        "date": "2020-12-08T11:24:26.236Z",
        "value": "1.5889904499053955",
        "cumulative": false
    },
    {
        "date": "2020-12-08T11:24:28.534Z",
        "value": "1.7121946811676025",
        "cumulative": false
    },
    {
        "date": "2020-12-08T11:24:30.786Z",
        "value": "1.5796055793762207",
        "cumulative": false
    },
    {
        "date": "2020-12-08T11:24:32.969Z",
        "value": "1.5922861099243164",
        "cumulative": false
    },
    {
        "date": "2020-12-08T11:24:35.066Z",
        "value": "1.4801628589630127",
        "cumulative": false
    },
    {
        "date": "2020-12-08T11:24:37.177Z",
        "value": "1.5117371082305908",
        "cumulative": false
    },
    {
        "date": "2020-12-08T11:24:39.250Z",
        "value": "1.4489099979400635",
        "cumulative": false
    },
    {
        "date": "2020-12-08T11:24:41.355Z",
        "value": "1.5199320316314697",
        "cumulative": false
    },
    {
        "date": "2020-12-08T11:24:43.662Z",
        "value": "1.6969921588897705",
        "cumulative": false
    },
    {
        "date": "2020-12-08T11:24:45.861Z",
        "value": "1.5920028686523438",
        "cumulative": false
    },
    {
        "date": "2020-12-08T11:24:48.008Z",
        "value": "1.55198073387146",
        "cumulative": false
    },
    {
        "date": "2020-12-08T11:24:50.111Z",
        "value": "1.5148992538452148",
        "cumulative": false
    },
    {
        "date": "2020-12-08T11:24:52.330Z",
        "value": "1.5400261878967285",
        "cumulative": false
    }
]