[
    {
        "date": "2020-12-08T11:23:53.789Z",
        "value": "0.05020713806152344",
        "cumulative": false
    },
    {
        "date": "2020-12-08T11:23:55.974Z",
        "value": "0.05538654327392578",
        "cumulative": false
    },
    {
        "date": "2020-12-08T11:23:58.193Z",
        "value": "0.056593894958496094",
        "cumulative": false
    },
    {
        "date": "2020-12-08T11:24:00.409Z",
        "value": "0.0594639778137207",
        "cumulative": false
    },
    {
        "date": "2020-12-08T11:24:02.584Z",
        "value": "0.05698108673095703",
        "cumulative": false
    },
    {
        "date": "2020-12-08T11:24:04.639Z",
        "value": "0.05354452133178711",
        "cumulative": false
    },
    {
        "date": "2020-12-08T11:24:06.811Z",
        "value": "0.05880022048950195",
        "cumulative": false
    },
    {
        "date": "2020-12-08T11:24:09.004Z",
        "value": "0.0531313419342041",
        "cumulative": false
    },
    {
        "date": "2020-12-08T11:24:11.144Z",
        "value": "0.0607914924621582",
        "cumulative": false
    },
    {
        "date": "2020-12-08T11:24:13.286Z",
        "value": "0.05224156379699707",
        "cumulative": false
    },
    {
        "date": "2020-12-08T11:24:15.524Z",
        "value": "0.061353206634521484",
        "cumulative": false
    },
    {
        "date": "2020-12-08T11:24:17.627Z",
        "value": "0.06343340873718262",
        "cumulative": false
    },
    {
        "date": "2020-12-08T11:24:19.766Z",
        "value": "0.060056447982788086",
        "cumulative": false
    },
    {
        "date": "2020-12-08T11:24:21.926Z",
        "value": "0.05980038642883301",
        "cumulative": false
    },
    {
        "date": "2020-12-08T11:24:24.051Z",
        "value": "0.061437129974365234",
        "cumulative": false
    },
    {
        "date": "2020-12-08T11:24:26.235Z",
        "value": "0.05873441696166992",
        "cumulative": false
    },
    {
        "date": "2020-12-08T11:24:28.531Z",
        "value": "0.052602529525756836",
        "cumulative": false
    },
    {
        "date": "2020-12-08T11:24:30.779Z",
        "value": "0.05094766616821289",
        "cumulative": false
    },
    {
        "date": "2020-12-08T11:24:32.963Z",
        "value": "0.06113100051879883",
        "cumulative": false
    },
    {
        "date": "2020-12-08T11:24:35.064Z",
        "value": "0.05907011032104492",
        "cumulative": false
    },
    {
        "date": "2020-12-08T11:24:37.178Z",
        "value": "0.0729532241821289",
        "cumulative": false
    },
    {
        "date": "2020-12-08T11:24:39.261Z",
        "value": "0.04933047294616699",
        "cumulative": false
    },
    {
        "date": "2020-12-08T11:24:41.361Z",
        "value": "0.055519819259643555",
        "cumulative": false
    },
    {
        "date": "2020-12-08T11:24:43.661Z",
        "value": "0.06148171424865723",
        "cumulative": false
    },
    {
        "date": "2020-12-08T11:24:45.858Z",
        "value": "0.05162858963012695",
        "cumulative": false
    },
    {
        "date": "2020-12-08T11:24:48.004Z",
        "value": "0.0631401538848877",
        "cumulative": false
    },
    {
        "date": "2020-12-08T11:24:50.110Z",
        "value": "0.05513715744018555",
        "cumulative": false
    },
    {
        "date": "2020-12-08T11:24:52.325Z",
        "value": "0.05128049850463867",
        "cumulative": false
    }
]