[
    {
        "date": "2020-12-08T11:23:53.792Z",
        "value": "0.018979549407958984",
        "cumulative": false
    },
    {
        "date": "2020-12-08T11:23:55.968Z",
        "value": "0.017946481704711914",
        "cumulative": false
    },
    {
        "date": "2020-12-08T11:23:58.196Z",
        "value": "0.017058849334716797",
        "cumulative": false
    },
    {
        "date": "2020-12-08T11:24:00.412Z",
        "value": "0.017731904983520508",
        "cumulative": false
    },
    {
        "date": "2020-12-08T11:24:02.573Z",
        "value": "0.018320798873901367",
        "cumulative": false
    },
    {
        "date": "2020-12-08T11:24:04.639Z",
        "value": "0.018004655838012695",
        "cumulative": false
    },
    {
        "date": "2020-12-08T11:24:06.802Z",
        "value": "0.019008398056030273",
        "cumulative": false
    },
    {
        "date": "2020-12-08T11:24:09.002Z",
        "value": "0.019265413284301758",
        "cumulative": false
    },
    {
        "date": "2020-12-08T11:24:11.141Z",
        "value": "0.01707005500793457",
        "cumulative": false
    },
    {
        "date": "2020-12-08T11:24:13.293Z",
        "value": "0.01754140853881836",
        "cumulative": false
    },
    {
        "date": "2020-12-08T11:24:15.525Z",
        "value": "0.019526004791259766",
        "cumulative": false
    },
    {
        "date": "2020-12-08T11:24:17.632Z",
        "value": "0.017635822296142578",
        "cumulative": false
    },
    {
        "date": "2020-12-08T11:24:19.763Z",
        "value": "0.018129348754882812",
        "cumulative": false
    },
    {
        "date": "2020-12-08T11:24:21.921Z",
        "value": "0.018440723419189453",
        "cumulative": false
    },
    {
        "date": "2020-12-08T11:24:24.042Z",
        "value": "0.018138408660888672",
        "cumulative": false
    },
    {
        "date": "2020-12-08T11:24:26.243Z",
        "value": "0.018293380737304688",
        "cumulative": false
    },
    {
        "date": "2020-12-08T11:24:28.527Z",
        "value": "0.017130613327026367",
        "cumulative": false
    },
    {
        "date": "2020-12-08T11:24:30.785Z",
        "value": "0.019040822982788086",
        "cumulative": false
    },
    {
        "date": "2020-12-08T11:24:32.962Z",
        "value": "0.018380165100097656",
        "cumulative": false
    },
    {
        "date": "2020-12-08T11:24:35.062Z",
        "value": "0.0175626277923584",
        "cumulative": false
    },
    {
        "date": "2020-12-08T11:24:37.167Z",
        "value": "0.019284486770629883",
        "cumulative": false
    },
    {
        "date": "2020-12-08T11:24:39.254Z",
        "value": "0.017510652542114258",
        "cumulative": false
    },
    {
        "date": "2020-12-08T11:24:41.357Z",
        "value": "0.01817178726196289",
        "cumulative": false
    },
    {
        "date": "2020-12-08T11:24:43.667Z",
        "value": "0.01741480827331543",
        "cumulative": false
    },
    {
        "date": "2020-12-08T11:24:45.853Z",
        "value": "0.018607139587402344",
        "cumulative": false
    },
    {
        "date": "2020-12-08T11:24:47.999Z",
        "value": "0.016699790954589844",
        "cumulative": false
    },
    {
        "date": "2020-12-08T11:24:50.118Z",
        "value": "0.01841282844543457",
        "cumulative": false
    },
    {
        "date": "2020-12-08T11:24:52.321Z",
        "value": "0.017489910125732422",
        "cumulative": false
    }
]