[
    {
        "date": "2020-12-08T11:23:52.363Z",
        "value": "10.9375",
        "cumulative": false
    },
    {
        "date": "2020-12-08T11:23:54.453Z",
        "value": "33.59375",
        "cumulative": false
    },
    {
        "date": "2020-12-08T11:23:56.641Z",
        "value": "46.09375",
        "cumulative": false
    },
    {
        "date": "2020-12-08T11:23:58.850Z",
        "value": "50.78125",
        "cumulative": false
    },
    {
        "date": "2020-12-08T11:24:01.079Z",
        "value": "57.8125",
        "cumulative": false
    },
    {
        "date": "2020-12-08T11:24:03.240Z",
        "value": "59.375",
        "cumulative": false
    },
    {
        "date": "2020-12-08T11:24:05.329Z",
        "value": "62.5",
        "cumulative": false
    },
    {
        "date": "2020-12-08T11:24:07.495Z",
        "value": "63.28125",
        "cumulative": false
    },
    {
        "date": "2020-12-08T11:24:09.677Z",
        "value": "62.5",
        "cumulative": false
    },
    {
        "date": "2020-12-08T11:24:11.840Z",
        "value": "71.875",
        "cumulative": false
    },
    {
        "date": "2020-12-08T11:24:13.969Z",
        "value": "69.53125",
        "cumulative": false
    },
    {
        "date": "2020-12-08T11:24:16.209Z",
        "value": "74.21875",
        "cumulative": false
    },
    {
        "date": "2020-12-08T11:24:18.304Z",
        "value": "78.90625",
        "cumulative": false
    },
    {
        "date": "2020-12-08T11:24:20.516Z",
        "value": "84.375",
        "cumulative": false
    },
    {
        "date": "2020-12-08T11:24:22.637Z",
        "value": "69.53125",
        "cumulative": false
    },
    {
        "date": "2020-12-08T11:24:24.726Z",
        "value": "78.90625",
        "cumulative": false
    },
    {
        "date": "2020-12-08T11:24:26.901Z",
        "value": "79.6875",
        "cumulative": false
    },
    {
        "date": "2020-12-08T11:24:29.272Z",
        "value": "78.90625",
        "cumulative": false
    },
    {
        "date": "2020-12-08T11:24:31.441Z",
        "value": "86.71875",
        "cumulative": false
    },
    {
        "date": "2020-12-08T11:24:33.646Z",
        "value": "82.8125",
        "cumulative": false
    },
    {
        "date": "2020-12-08T11:24:35.730Z",
        "value": "85.15625",
        "cumulative": false
    },
    {
        "date": "2020-12-08T11:24:37.869Z",
        "value": "83.59375",
        "cumulative": false
    },
    {
        "date": "2020-12-08T11:24:39.914Z",
        "value": "78.90625",
        "cumulative": false
    },
    {
        "date": "2020-12-08T11:24:42.064Z",
        "value": "78.90625",
        "cumulative": false
    },
    {
        "date": "2020-12-08T11:24:44.351Z",
        "value": "80.46875",
        "cumulative": false
    },
    {
        "date": "2020-12-08T11:24:46.531Z",
        "value": "86.71875",
        "cumulative": false
    },
    {
        "date": "2020-12-08T11:24:48.672Z",
        "value": "87.5",
        "cumulative": false
    },
    {
        "date": "2020-12-08T11:24:50.889Z",
        "value": "86.71875",
        "cumulative": false
    }
]