[
    {
        "date": "2020-11-20T17:15:08.281Z",
        "value": "0.22011828422546387",
        "cumulative": false
    },
    {
        "date": "2020-11-20T19:57:23.494Z",
        "value": "0.21696257591247559",
        "cumulative": false
    },
    {
        "date": "2020-11-20T22:39:47.539Z",
        "value": "0.21082019805908203",
        "cumulative": false
    },
    {
        "date": "2020-11-21T01:06:13.873Z",
        "value": "0.2003319263458252",
        "cumulative": false
    }
]