[
    {
        "date": "2020-11-20T17:15:08.482Z",
        "value": "0.22092771530151367",
        "cumulative": false
    },
    {
        "date": "2020-11-20T19:57:23.749Z",
        "value": "0.2180311679840088",
        "cumulative": false
    },
    {
        "date": "2020-11-20T22:39:47.620Z",
        "value": "0.21417832374572754",
        "cumulative": false
    },
    {
        "date": "2020-11-21T01:06:14.252Z",
        "value": "0.20035886764526367",
        "cumulative": false
    }
]