[
    {
        "date": "2020-12-08T10:58:12.595Z",
        "value": "2.4433867931365967",
        "cumulative": false
    },
    {
        "date": "2020-12-08T10:58:13.825Z",
        "value": "2.013723611831665",
        "cumulative": false
    },
    {
        "date": "2020-12-08T10:58:14.912Z",
        "value": "1.7088228464126587",
        "cumulative": false
    },
    {
        "date": "2020-12-08T10:58:16.031Z",
        "value": "1.792323350906372",
        "cumulative": false
    },
    {
        "date": "2020-12-08T10:58:17.136Z",
        "value": "1.7329941987991333",
        "cumulative": false
    },
    {
        "date": "2020-12-08T10:58:18.224Z",
        "value": "1.5947980880737305",
        "cumulative": false
    },
    {
        "date": "2020-12-08T10:58:19.324Z",
        "value": "1.5682449340820312",
        "cumulative": false
    },
    {
        "date": "2020-12-08T10:58:20.398Z",
        "value": "1.648474931716919",
        "cumulative": false
    },
    {
        "date": "2020-12-08T10:58:22.354Z",
        "value": "1.4494339227676392",
        "cumulative": false
    },
    {
        "date": "2020-12-08T10:58:23.490Z",
        "value": "1.4289053678512573",
        "cumulative": false
    },
    {
        "date": "2020-12-08T10:58:24.608Z",
        "value": "1.4536515474319458",
        "cumulative": false
    },
    {
        "date": "2020-12-08T10:58:25.711Z",
        "value": "1.2733138799667358",
        "cumulative": false
    },
    {
        "date": "2020-12-08T10:58:26.829Z",
        "value": "1.5396130084991455",
        "cumulative": false
    },
    {
        "date": "2020-12-08T10:58:27.936Z",
        "value": "1.3119940757751465",
        "cumulative": false
    },
    {
        "date": "2020-12-08T10:58:29.078Z",
        "value": "1.1630655527114868",
        "cumulative": false
    },
    {
        "date": "2020-12-08T10:58:30.215Z",
        "value": "1.103271722793579",
        "cumulative": false
    },
    {
        "date": "2020-12-08T10:58:32.218Z",
        "value": "1.293670654296875",
        "cumulative": false
    },
    {
        "date": "2020-12-08T10:58:33.383Z",
        "value": "1.1169888973236084",
        "cumulative": false
    },
    {
        "date": "2020-12-08T10:58:34.506Z",
        "value": "1.1531758308410645",
        "cumulative": false
    },
    {
        "date": "2020-12-08T10:58:35.622Z",
        "value": "0.8896943926811218",
        "cumulative": false
    },
    {
        "date": "2020-12-08T10:58:36.736Z",
        "value": "1.0823805332183838",
        "cumulative": false
    },
    {
        "date": "2020-12-08T10:58:37.852Z",
        "value": "0.9745215177536011",
        "cumulative": false
    },
    {
        "date": "2020-12-08T10:58:38.967Z",
        "value": "0.980607271194458",
        "cumulative": false
    },
    {
        "date": "2020-12-08T10:58:40.123Z",
        "value": "1.016981601715088",
        "cumulative": false
    },
    {
        "date": "2020-12-08T10:58:42.140Z",
        "value": "0.8612395524978638",
        "cumulative": false
    },
    {
        "date": "2020-12-08T10:58:43.274Z",
        "value": "0.8380306959152222",
        "cumulative": false
    },
    {
        "date": "2020-12-08T10:58:44.407Z",
        "value": "1.2233871221542358",
        "cumulative": false
    },
    {
        "date": "2020-12-08T10:58:45.541Z",
        "value": "1.019431710243225",
        "cumulative": false
    },
    {
        "date": "2020-12-08T10:58:46.656Z",
        "value": "0.9730131030082703",
        "cumulative": false
    },
    {
        "date": "2020-12-08T10:58:47.778Z",
        "value": "0.7365983724594116",
        "cumulative": false
    },
    {
        "date": "2020-12-08T10:58:48.915Z",
        "value": "0.9887632131576538",
        "cumulative": false
    },
    {
        "date": "2020-12-08T10:58:50.052Z",
        "value": "0.9479677677154541",
        "cumulative": false
    },
    {
        "date": "2020-12-08T10:58:52.078Z",
        "value": "0.8795428276062012",
        "cumulative": false
    },
    {
        "date": "2020-12-08T10:58:53.215Z",
        "value": "0.7978649735450745",
        "cumulative": false
    },
    {
        "date": "2020-12-08T10:58:54.338Z",
        "value": "1.0341252088546753",
        "cumulative": false
    },
    {
        "date": "2020-12-08T10:58:55.443Z",
        "value": "0.8328906893730164",
        "cumulative": false
    },
    {
        "date": "2020-12-08T10:58:56.605Z",
        "value": "0.7010578513145447",
        "cumulative": false
    },
    {
        "date": "2020-12-08T10:58:57.728Z",
        "value": "0.6845674514770508",
        "cumulative": false
    },
    {
        "date": "2020-12-08T10:58:58.856Z",
        "value": "0.7917184829711914",
        "cumulative": false
    },
    {
        "date": "2020-12-08T10:58:59.947Z",
        "value": "0.9708371162414551",
        "cumulative": false
    },
    {
        "date": "2020-12-08T10:59:01.960Z",
        "value": "0.808134913444519",
        "cumulative": false
    },
    {
        "date": "2020-12-08T10:59:03.093Z",
        "value": "0.8453847169876099",
        "cumulative": false
    },
    {
        "date": "2020-12-08T10:59:04.222Z",
        "value": "0.6634888052940369",
        "cumulative": false
    },
    {
        "date": "2020-12-08T10:59:05.330Z",
        "value": "0.6321738958358765",
        "cumulative": false
    },
    {
        "date": "2020-12-08T10:59:06.440Z",
        "value": "0.9220222234725952",
        "cumulative": false
    },
    {
        "date": "2020-12-08T10:59:07.530Z",
        "value": "0.7538025379180908",
        "cumulative": false
    },
    {
        "date": "2020-12-08T10:59:08.649Z",
        "value": "0.7488287687301636",
        "cumulative": false
    },
    {
        "date": "2020-12-08T10:59:09.768Z",
        "value": "0.6681599617004395",
        "cumulative": false
    },
    {
        "date": "2020-12-08T10:59:11.730Z",
        "value": "0.6124839186668396",
        "cumulative": false
    },
    {
        "date": "2020-12-08T10:59:12.872Z",
        "value": "0.7402801513671875",
        "cumulative": false
    },
    {
        "date": "2020-12-08T10:59:13.974Z",
        "value": "0.8753631114959717",
        "cumulative": false
    },
    {
        "date": "2020-12-08T10:59:15.122Z",
        "value": "0.5254196524620056",
        "cumulative": false
    },
    {
        "date": "2020-12-08T10:59:16.223Z",
        "value": "0.6965780854225159",
        "cumulative": false
    },
    {
        "date": "2020-12-08T10:59:17.351Z",
        "value": "0.7110893726348877",
        "cumulative": false
    },
    {
        "date": "2020-12-08T10:59:18.493Z",
        "value": "0.6799909472465515",
        "cumulative": false
    },
    {
        "date": "2020-12-08T10:59:19.612Z",
        "value": "0.6497983932495117",
        "cumulative": false
    },
    {
        "date": "2020-12-08T10:59:21.620Z",
        "value": "0.610562801361084",
        "cumulative": false
    },
    {
        "date": "2020-12-08T10:59:22.802Z",
        "value": "0.5064788460731506",
        "cumulative": false
    },
    {
        "date": "2020-12-08T10:59:23.956Z",
        "value": "0.7147866487503052",
        "cumulative": false
    },
    {
        "date": "2020-12-08T10:59:25.109Z",
        "value": "0.5831670165061951",
        "cumulative": false
    },
    {
        "date": "2020-12-08T10:59:26.220Z",
        "value": "0.7167362570762634",
        "cumulative": false
    },
    {
        "date": "2020-12-08T10:59:27.350Z",
        "value": "0.5229873657226562",
        "cumulative": false
    },
    {
        "date": "2020-12-08T10:59:28.501Z",
        "value": "0.4929673671722412",
        "cumulative": false
    },
    {
        "date": "2020-12-08T10:59:29.643Z",
        "value": "0.6968916654586792",
        "cumulative": false
    },
    {
        "date": "2020-12-08T10:59:31.665Z",
        "value": "0.555579662322998",
        "cumulative": false
    },
    {
        "date": "2020-12-08T10:59:32.815Z",
        "value": "0.4992523789405823",
        "cumulative": false
    },
    {
        "date": "2020-12-08T10:59:33.928Z",
        "value": "0.5948687195777893",
        "cumulative": false
    },
    {
        "date": "2020-12-08T10:59:35.067Z",
        "value": "0.4927115738391876",
        "cumulative": false
    },
    {
        "date": "2020-12-08T10:59:36.174Z",
        "value": "0.602864682674408",
        "cumulative": false
    },
    {
        "date": "2020-12-08T10:59:37.313Z",
        "value": "0.7795298099517822",
        "cumulative": false
    },
    {
        "date": "2020-12-08T10:59:38.410Z",
        "value": "0.5402376055717468",
        "cumulative": false
    },
    {
        "date": "2020-12-08T10:59:39.547Z",
        "value": "0.5174228549003601",
        "cumulative": false
    },
    {
        "date": "2020-12-08T10:59:41.533Z",
        "value": "0.5360256433486938",
        "cumulative": false
    },
    {
        "date": "2020-12-08T10:59:42.655Z",
        "value": "0.7177865505218506",
        "cumulative": false
    },
    {
        "date": "2020-12-08T10:59:43.769Z",
        "value": "0.6253995895385742",
        "cumulative": false
    },
    {
        "date": "2020-12-08T10:59:44.941Z",
        "value": "0.5417369604110718",
        "cumulative": false
    },
    {
        "date": "2020-12-08T10:59:46.054Z",
        "value": "0.5252619385719299",
        "cumulative": false
    },
    {
        "date": "2020-12-08T10:59:47.177Z",
        "value": "0.5643305778503418",
        "cumulative": false
    },
    {
        "date": "2020-12-08T10:59:48.305Z",
        "value": "0.5270887017250061",
        "cumulative": false
    },
    {
        "date": "2020-12-08T10:59:49.442Z",
        "value": "0.4432816207408905",
        "cumulative": false
    },
    {
        "date": "2020-12-08T10:59:51.449Z",
        "value": "0.5781379342079163",
        "cumulative": false
    },
    {
        "date": "2020-12-08T10:59:52.593Z",
        "value": "0.5130376219749451",
        "cumulative": false
    },
    {
        "date": "2020-12-08T10:59:53.749Z",
        "value": "0.4809035658836365",
        "cumulative": false
    },
    {
        "date": "2020-12-08T10:59:54.863Z",
        "value": "0.6557033658027649",
        "cumulative": false
    },
    {
        "date": "2020-12-08T10:59:56.006Z",
        "value": "0.4828629195690155",
        "cumulative": false
    },
    {
        "date": "2020-12-08T10:59:57.149Z",
        "value": "0.5407069325447083",
        "cumulative": false
    },
    {
        "date": "2020-12-08T10:59:58.296Z",
        "value": "0.5592785477638245",
        "cumulative": false
    },
    {
        "date": "2020-12-08T10:59:59.437Z",
        "value": "0.5648047924041748",
        "cumulative": false
    },
    {
        "date": "2020-12-08T11:00:01.412Z",
        "value": "0.5675494074821472",
        "cumulative": false
    },
    {
        "date": "2020-12-08T11:00:02.571Z",
        "value": "0.4924887418746948",
        "cumulative": false
    },
    {
        "date": "2020-12-08T11:00:03.704Z",
        "value": "0.4789904057979584",
        "cumulative": false
    },
    {
        "date": "2020-12-08T11:00:04.854Z",
        "value": "0.37379130721092224",
        "cumulative": false
    },
    {
        "date": "2020-12-08T11:00:06.002Z",
        "value": "0.4017668068408966",
        "cumulative": false
    },
    {
        "date": "2020-12-08T11:00:07.128Z",
        "value": "0.47195109724998474",
        "cumulative": false
    },
    {
        "date": "2020-12-08T11:00:08.265Z",
        "value": "0.4111578166484833",
        "cumulative": false
    },
    {
        "date": "2020-12-08T11:00:09.389Z",
        "value": "0.5030597448348999",
        "cumulative": false
    }
]