[
    {
        "date": "2020-12-08T10:58:21.290Z",
        "value": "5.10293173789978",
        "cumulative": false
    },
    {
        "date": "2020-12-08T10:58:31.112Z",
        "value": "4.452176809310913",
        "cumulative": false
    },
    {
        "date": "2020-12-08T10:58:41.030Z",
        "value": "4.147114992141724",
        "cumulative": false
    },
    {
        "date": "2020-12-08T10:58:50.949Z",
        "value": "4.27537989616394",
        "cumulative": false
    },
    {
        "date": "2020-12-08T10:59:00.860Z",
        "value": "4.243950843811035",
        "cumulative": false
    },
    {
        "date": "2020-12-08T10:59:10.653Z",
        "value": "4.297906160354614",
        "cumulative": false
    },
    {
        "date": "2020-12-08T10:59:20.521Z",
        "value": "3.914482355117798",
        "cumulative": false
    },
    {
        "date": "2020-12-08T10:59:30.545Z",
        "value": "4.037928581237793",
        "cumulative": false
    },
    {
        "date": "2020-12-08T10:59:40.439Z",
        "value": "4.177931308746338",
        "cumulative": false
    },
    {
        "date": "2020-12-08T10:59:50.350Z",
        "value": "4.118309736251831",
        "cumulative": false
    },
    {
        "date": "2020-12-08T11:00:00.338Z",
        "value": "4.314256906509399",
        "cumulative": false
    },
    {
        "date": "2020-12-08T11:00:10.310Z",
        "value": "4.490811586380005",
        "cumulative": false
    }
]