[
    {
        "date": "2020-12-08T10:58:12.596Z",
        "value": "10.9375",
        "cumulative": false
    },
    {
        "date": "2020-12-08T10:58:13.828Z",
        "value": "21.875",
        "cumulative": false
    },
    {
        "date": "2020-12-08T10:58:14.912Z",
        "value": "32.8125",
        "cumulative": false
    },
    {
        "date": "2020-12-08T10:58:16.031Z",
        "value": "32.03125",
        "cumulative": false
    },
    {
        "date": "2020-12-08T10:58:17.136Z",
        "value": "32.03125",
        "cumulative": false
    },
    {
        "date": "2020-12-08T10:58:18.224Z",
        "value": "41.40625",
        "cumulative": false
    },
    {
        "date": "2020-12-08T10:58:19.324Z",
        "value": "39.0625",
        "cumulative": false
    },
    {
        "date": "2020-12-08T10:58:20.398Z",
        "value": "43.75",
        "cumulative": false
    },
    {
        "date": "2020-12-08T10:58:22.355Z",
        "value": "54.6875",
        "cumulative": false
    },
    {
        "date": "2020-12-08T10:58:23.491Z",
        "value": "47.65625",
        "cumulative": false
    },
    {
        "date": "2020-12-08T10:58:24.608Z",
        "value": "40.625",
        "cumulative": false
    },
    {
        "date": "2020-12-08T10:58:25.711Z",
        "value": "52.34375",
        "cumulative": false
    },
    {
        "date": "2020-12-08T10:58:26.830Z",
        "value": "44.53125",
        "cumulative": false
    },
    {
        "date": "2020-12-08T10:58:27.936Z",
        "value": "52.34375",
        "cumulative": false
    },
    {
        "date": "2020-12-08T10:58:29.078Z",
        "value": "56.25",
        "cumulative": false
    },
    {
        "date": "2020-12-08T10:58:30.215Z",
        "value": "54.6875",
        "cumulative": false
    },
    {
        "date": "2020-12-08T10:58:32.218Z",
        "value": "52.34375",
        "cumulative": false
    },
    {
        "date": "2020-12-08T10:58:33.383Z",
        "value": "56.25",
        "cumulative": false
    },
    {
        "date": "2020-12-08T10:58:34.506Z",
        "value": "58.59375",
        "cumulative": false
    },
    {
        "date": "2020-12-08T10:58:35.622Z",
        "value": "62.5",
        "cumulative": false
    },
    {
        "date": "2020-12-08T10:58:36.736Z",
        "value": "60.9375",
        "cumulative": false
    },
    {
        "date": "2020-12-08T10:58:37.853Z",
        "value": "59.375",
        "cumulative": false
    },
    {
        "date": "2020-12-08T10:58:38.967Z",
        "value": "70.3125",
        "cumulative": false
    },
    {
        "date": "2020-12-08T10:58:40.124Z",
        "value": "60.15625",
        "cumulative": false
    },
    {
        "date": "2020-12-08T10:58:42.145Z",
        "value": "71.09375",
        "cumulative": false
    },
    {
        "date": "2020-12-08T10:58:43.274Z",
        "value": "69.53125",
        "cumulative": false
    },
    {
        "date": "2020-12-08T10:58:44.407Z",
        "value": "55.46875",
        "cumulative": false
    },
    {
        "date": "2020-12-08T10:58:45.541Z",
        "value": "63.28125",
        "cumulative": false
    },
    {
        "date": "2020-12-08T10:58:46.656Z",
        "value": "67.1875",
        "cumulative": false
    },
    {
        "date": "2020-12-08T10:58:47.778Z",
        "value": "75.78125",
        "cumulative": false
    },
    {
        "date": "2020-12-08T10:58:48.915Z",
        "value": "66.40625",
        "cumulative": false
    },
    {
        "date": "2020-12-08T10:58:50.052Z",
        "value": "67.96875",
        "cumulative": false
    },
    {
        "date": "2020-12-08T10:58:52.078Z",
        "value": "67.96875",
        "cumulative": false
    },
    {
        "date": "2020-12-08T10:58:53.216Z",
        "value": "70.3125",
        "cumulative": false
    },
    {
        "date": "2020-12-08T10:58:54.338Z",
        "value": "64.84375",
        "cumulative": false
    },
    {
        "date": "2020-12-08T10:58:55.443Z",
        "value": "68.75",
        "cumulative": false
    },
    {
        "date": "2020-12-08T10:58:56.605Z",
        "value": "77.34375",
        "cumulative": false
    },
    {
        "date": "2020-12-08T10:58:57.728Z",
        "value": "75.0",
        "cumulative": false
    },
    {
        "date": "2020-12-08T10:58:58.856Z",
        "value": "72.65625",
        "cumulative": false
    },
    {
        "date": "2020-12-08T10:58:59.947Z",
        "value": "70.3125",
        "cumulative": false
    },
    {
        "date": "2020-12-08T10:59:01.960Z",
        "value": "70.3125",
        "cumulative": false
    },
    {
        "date": "2020-12-08T10:59:03.093Z",
        "value": "75.78125",
        "cumulative": false
    },
    {
        "date": "2020-12-08T10:59:04.222Z",
        "value": "77.34375",
        "cumulative": false
    },
    {
        "date": "2020-12-08T10:59:05.330Z",
        "value": "78.90625",
        "cumulative": false
    },
    {
        "date": "2020-12-08T10:59:06.441Z",
        "value": "71.875",
        "cumulative": false
    },
    {
        "date": "2020-12-08T10:59:07.530Z",
        "value": "71.875",
        "cumulative": false
    },
    {
        "date": "2020-12-08T10:59:08.649Z",
        "value": "75.0",
        "cumulative": false
    },
    {
        "date": "2020-12-08T10:59:09.768Z",
        "value": "77.34375",
        "cumulative": false
    },
    {
        "date": "2020-12-08T10:59:11.730Z",
        "value": "79.6875",
        "cumulative": false
    },
    {
        "date": "2020-12-08T10:59:12.872Z",
        "value": "71.875",
        "cumulative": false
    },
    {
        "date": "2020-12-08T10:59:13.974Z",
        "value": "67.96875",
        "cumulative": false
    },
    {
        "date": "2020-12-08T10:59:15.122Z",
        "value": "80.46875",
        "cumulative": false
    },
    {
        "date": "2020-12-08T10:59:16.223Z",
        "value": "76.5625",
        "cumulative": false
    },
    {
        "date": "2020-12-08T10:59:17.351Z",
        "value": "75.78125",
        "cumulative": false
    },
    {
        "date": "2020-12-08T10:59:18.493Z",
        "value": "77.34375",
        "cumulative": false
    },
    {
        "date": "2020-12-08T10:59:19.612Z",
        "value": "79.6875",
        "cumulative": false
    },
    {
        "date": "2020-12-08T10:59:21.621Z",
        "value": "77.34375",
        "cumulative": false
    },
    {
        "date": "2020-12-08T10:59:22.802Z",
        "value": "83.59375",
        "cumulative": false
    },
    {
        "date": "2020-12-08T10:59:23.956Z",
        "value": "72.65625",
        "cumulative": false
    },
    {
        "date": "2020-12-08T10:59:25.109Z",
        "value": "79.6875",
        "cumulative": false
    },
    {
        "date": "2020-12-08T10:59:26.220Z",
        "value": "74.21875",
        "cumulative": false
    },
    {
        "date": "2020-12-08T10:59:27.350Z",
        "value": "79.6875",
        "cumulative": false
    },
    {
        "date": "2020-12-08T10:59:28.501Z",
        "value": "81.25",
        "cumulative": false
    },
    {
        "date": "2020-12-08T10:59:29.643Z",
        "value": "76.5625",
        "cumulative": false
    },
    {
        "date": "2020-12-08T10:59:31.665Z",
        "value": "78.90625",
        "cumulative": false
    },
    {
        "date": "2020-12-08T10:59:32.815Z",
        "value": "85.9375",
        "cumulative": false
    },
    {
        "date": "2020-12-08T10:59:33.928Z",
        "value": "79.6875",
        "cumulative": false
    },
    {
        "date": "2020-12-08T10:59:35.067Z",
        "value": "80.46875",
        "cumulative": false
    },
    {
        "date": "2020-12-08T10:59:36.174Z",
        "value": "83.59375",
        "cumulative": false
    },
    {
        "date": "2020-12-08T10:59:37.313Z",
        "value": "72.65625",
        "cumulative": false
    },
    {
        "date": "2020-12-08T10:59:38.410Z",
        "value": "85.9375",
        "cumulative": false
    },
    {
        "date": "2020-12-08T10:59:39.547Z",
        "value": "81.25",
        "cumulative": false
    },
    {
        "date": "2020-12-08T10:59:41.533Z",
        "value": "82.8125",
        "cumulative": false
    },
    {
        "date": "2020-12-08T10:59:42.655Z",
        "value": "78.125",
        "cumulative": false
    },
    {
        "date": "2020-12-08T10:59:43.769Z",
        "value": "78.90625",
        "cumulative": false
    },
    {
        "date": "2020-12-08T10:59:44.941Z",
        "value": "84.375",
        "cumulative": false
    },
    {
        "date": "2020-12-08T10:59:46.054Z",
        "value": "82.8125",
        "cumulative": false
    },
    {
        "date": "2020-12-08T10:59:47.177Z",
        "value": "78.90625",
        "cumulative": false
    },
    {
        "date": "2020-12-08T10:59:48.305Z",
        "value": "82.03125",
        "cumulative": false
    },
    {
        "date": "2020-12-08T10:59:49.442Z",
        "value": "83.59375",
        "cumulative": false
    },
    {
        "date": "2020-12-08T10:59:51.450Z",
        "value": "76.5625",
        "cumulative": false
    },
    {
        "date": "2020-12-08T10:59:52.593Z",
        "value": "83.59375",
        "cumulative": false
    },
    {
        "date": "2020-12-08T10:59:53.749Z",
        "value": "85.15625",
        "cumulative": false
    },
    {
        "date": "2020-12-08T10:59:54.863Z",
        "value": "78.125",
        "cumulative": false
    },
    {
        "date": "2020-12-08T10:59:56.006Z",
        "value": "85.15625",
        "cumulative": false
    },
    {
        "date": "2020-12-08T10:59:57.149Z",
        "value": "82.03125",
        "cumulative": false
    },
    {
        "date": "2020-12-08T10:59:58.296Z",
        "value": "80.46875",
        "cumulative": false
    },
    {
        "date": "2020-12-08T10:59:59.437Z",
        "value": "80.46875",
        "cumulative": false
    },
    {
        "date": "2020-12-08T11:00:01.412Z",
        "value": "82.8125",
        "cumulative": false
    },
    {
        "date": "2020-12-08T11:00:02.571Z",
        "value": "87.5",
        "cumulative": false
    },
    {
        "date": "2020-12-08T11:00:03.704Z",
        "value": "81.25",
        "cumulative": false
    },
    {
        "date": "2020-12-08T11:00:04.854Z",
        "value": "85.9375",
        "cumulative": false
    },
    {
        "date": "2020-12-08T11:00:06.003Z",
        "value": "87.5",
        "cumulative": false
    },
    {
        "date": "2020-12-08T11:00:07.128Z",
        "value": "77.34375",
        "cumulative": false
    },
    {
        "date": "2020-12-08T11:00:08.266Z",
        "value": "83.59375",
        "cumulative": false
    },
    {
        "date": "2020-12-08T11:00:09.389Z",
        "value": "82.8125",
        "cumulative": false
    }
]