[
    {
        "date": "2020-12-08T10:58:21.301Z",
        "value": "1.188094139099121",
        "cumulative": false
    },
    {
        "date": "2020-12-08T10:58:31.107Z",
        "value": "1.225625991821289",
        "cumulative": false
    },
    {
        "date": "2020-12-08T10:58:41.038Z",
        "value": "1.2306478023529053",
        "cumulative": false
    },
    {
        "date": "2020-12-08T10:58:50.952Z",
        "value": "1.2542049884796143",
        "cumulative": false
    },
    {
        "date": "2020-12-08T10:59:00.869Z",
        "value": "1.2231075763702393",
        "cumulative": false
    },
    {
        "date": "2020-12-08T10:59:10.653Z",
        "value": "1.1800310611724854",
        "cumulative": false
    },
    {
        "date": "2020-12-08T10:59:20.530Z",
        "value": "1.1659801006317139",
        "cumulative": false
    },
    {
        "date": "2020-12-08T10:59:30.543Z",
        "value": "1.2379777431488037",
        "cumulative": false
    },
    {
        "date": "2020-12-08T10:59:40.441Z",
        "value": "1.2158210277557373",
        "cumulative": false
    },
    {
        "date": "2020-12-08T10:59:50.357Z",
        "value": "1.1717548370361328",
        "cumulative": false
    },
    {
        "date": "2020-12-08T11:00:00.332Z",
        "value": "1.2351222038269043",
        "cumulative": false
    },
    {
        "date": "2020-12-08T11:00:10.313Z",
        "value": "1.215059518814087",
        "cumulative": false
    }
]