[
    {
        "date": "2020-12-08T10:58:21.300Z",
        "value": "11.251559495925903",
        "cumulative": false
    },
    {
        "date": "2020-12-08T10:58:31.106Z",
        "value": "8.620208263397217",
        "cumulative": false
    },
    {
        "date": "2020-12-08T10:58:41.037Z",
        "value": "8.695486545562744",
        "cumulative": false
    },
    {
        "date": "2020-12-08T10:58:50.952Z",
        "value": "8.694815635681152",
        "cumulative": false
    },
    {
        "date": "2020-12-08T10:59:00.869Z",
        "value": "8.659940242767334",
        "cumulative": false
    },
    {
        "date": "2020-12-08T10:59:10.653Z",
        "value": "8.591182470321655",
        "cumulative": false
    },
    {
        "date": "2020-12-08T10:59:20.529Z",
        "value": "8.685668230056763",
        "cumulative": false
    },
    {
        "date": "2020-12-08T10:59:30.543Z",
        "value": "8.798140048980713",
        "cumulative": false
    },
    {
        "date": "2020-12-08T10:59:40.441Z",
        "value": "8.65334153175354",
        "cumulative": false
    },
    {
        "date": "2020-12-08T10:59:50.357Z",
        "value": "8.718967199325562",
        "cumulative": false
    },
    {
        "date": "2020-12-08T11:00:00.332Z",
        "value": "8.768876791000366",
        "cumulative": false
    },
    {
        "date": "2020-12-08T11:00:10.312Z",
        "value": "8.774243354797363",
        "cumulative": false
    }
]