[
    {
        "date": "2020-12-08T10:58:21.290Z",
        "value": "0.4344913959503174",
        "cumulative": false
    },
    {
        "date": "2020-12-08T10:58:31.112Z",
        "value": "0.4375722408294678",
        "cumulative": false
    },
    {
        "date": "2020-12-08T10:58:41.030Z",
        "value": "0.47044849395751953",
        "cumulative": false
    },
    {
        "date": "2020-12-08T10:58:50.949Z",
        "value": "0.4517998695373535",
        "cumulative": false
    },
    {
        "date": "2020-12-08T10:59:00.860Z",
        "value": "0.4486978054046631",
        "cumulative": false
    },
    {
        "date": "2020-12-08T10:59:10.653Z",
        "value": "0.43572330474853516",
        "cumulative": false
    },
    {
        "date": "2020-12-08T10:59:20.521Z",
        "value": "0.4821593761444092",
        "cumulative": false
    },
    {
        "date": "2020-12-08T10:59:30.545Z",
        "value": "0.4798915386199951",
        "cumulative": false
    },
    {
        "date": "2020-12-08T10:59:40.439Z",
        "value": "0.45749998092651367",
        "cumulative": false
    },
    {
        "date": "2020-12-08T10:59:50.349Z",
        "value": "0.4567906856536865",
        "cumulative": false
    },
    {
        "date": "2020-12-08T11:00:00.338Z",
        "value": "0.4521458148956299",
        "cumulative": false
    },
    {
        "date": "2020-12-08T11:00:10.310Z",
        "value": "0.43511438369750977",
        "cumulative": false
    }
]