[
    {
        "date": "2020-12-08T10:58:21.300Z",
        "value": "0.08791494369506836",
        "cumulative": false
    },
    {
        "date": "2020-12-08T10:58:31.106Z",
        "value": "0.08917045593261719",
        "cumulative": false
    },
    {
        "date": "2020-12-08T10:58:41.038Z",
        "value": "0.09345340728759766",
        "cumulative": false
    },
    {
        "date": "2020-12-08T10:58:50.952Z",
        "value": "0.08900761604309082",
        "cumulative": false
    },
    {
        "date": "2020-12-08T10:59:00.869Z",
        "value": "0.08998918533325195",
        "cumulative": false
    },
    {
        "date": "2020-12-08T10:59:10.653Z",
        "value": "0.09203410148620605",
        "cumulative": false
    },
    {
        "date": "2020-12-08T10:59:20.530Z",
        "value": "0.09300518035888672",
        "cumulative": false
    },
    {
        "date": "2020-12-08T10:59:30.543Z",
        "value": "0.09439539909362793",
        "cumulative": false
    },
    {
        "date": "2020-12-08T10:59:40.441Z",
        "value": "0.08655738830566406",
        "cumulative": false
    },
    {
        "date": "2020-12-08T10:59:50.357Z",
        "value": "0.08205723762512207",
        "cumulative": false
    },
    {
        "date": "2020-12-08T11:00:00.332Z",
        "value": "0.09907245635986328",
        "cumulative": false
    },
    {
        "date": "2020-12-08T11:00:10.312Z",
        "value": "0.08519434928894043",
        "cumulative": false
    }
]