[
    {
        "date": "2020-12-08T10:58:12.597Z",
        "value": "2.520179033279419",
        "cumulative": false
    },
    {
        "date": "2020-12-08T10:58:13.828Z",
        "value": "2.036770820617676",
        "cumulative": false
    },
    {
        "date": "2020-12-08T10:58:14.914Z",
        "value": "1.734024167060852",
        "cumulative": false
    },
    {
        "date": "2020-12-08T10:58:16.033Z",
        "value": "1.7138981819152832",
        "cumulative": false
    },
    {
        "date": "2020-12-08T10:58:17.137Z",
        "value": "1.7795445919036865",
        "cumulative": false
    },
    {
        "date": "2020-12-08T10:58:18.226Z",
        "value": "1.645564079284668",
        "cumulative": false
    },
    {
        "date": "2020-12-08T10:58:19.328Z",
        "value": "1.622352123260498",
        "cumulative": false
    },
    {
        "date": "2020-12-08T10:58:20.401Z",
        "value": "1.6394779682159424",
        "cumulative": false
    },
    {
        "date": "2020-12-08T10:58:22.357Z",
        "value": "1.3154101371765137",
        "cumulative": false
    },
    {
        "date": "2020-12-08T10:58:23.489Z",
        "value": "1.5165797472000122",
        "cumulative": false
    },
    {
        "date": "2020-12-08T10:58:24.614Z",
        "value": "1.0558534860610962",
        "cumulative": false
    },
    {
        "date": "2020-12-08T10:58:25.709Z",
        "value": "1.435327172279358",
        "cumulative": false
    },
    {
        "date": "2020-12-08T10:58:26.830Z",
        "value": "1.2757583856582642",
        "cumulative": false
    },
    {
        "date": "2020-12-08T10:58:27.939Z",
        "value": "1.3591378927230835",
        "cumulative": false
    },
    {
        "date": "2020-12-08T10:58:29.074Z",
        "value": "1.2974853515625",
        "cumulative": false
    },
    {
        "date": "2020-12-08T10:58:30.217Z",
        "value": "1.1918498277664185",
        "cumulative": false
    },
    {
        "date": "2020-12-08T10:58:32.215Z",
        "value": "1.102475881576538",
        "cumulative": false
    },
    {
        "date": "2020-12-08T10:58:33.380Z",
        "value": "1.124943733215332",
        "cumulative": false
    },
    {
        "date": "2020-12-08T10:58:34.505Z",
        "value": "1.1443049907684326",
        "cumulative": false
    },
    {
        "date": "2020-12-08T10:58:35.624Z",
        "value": "1.0012813806533813",
        "cumulative": false
    },
    {
        "date": "2020-12-08T10:58:36.737Z",
        "value": "1.0149922370910645",
        "cumulative": false
    },
    {
        "date": "2020-12-08T10:58:37.856Z",
        "value": "1.0786352157592773",
        "cumulative": false
    },
    {
        "date": "2020-12-08T10:58:38.973Z",
        "value": "1.1167449951171875",
        "cumulative": false
    },
    {
        "date": "2020-12-08T10:58:40.125Z",
        "value": "1.1077003479003906",
        "cumulative": false
    },
    {
        "date": "2020-12-08T10:58:42.142Z",
        "value": "1.0927808284759521",
        "cumulative": false
    },
    {
        "date": "2020-12-08T10:58:43.274Z",
        "value": "0.8152538537979126",
        "cumulative": false
    },
    {
        "date": "2020-12-08T10:58:44.407Z",
        "value": "0.9964929223060608",
        "cumulative": false
    },
    {
        "date": "2020-12-08T10:58:45.541Z",
        "value": "0.8443833589553833",
        "cumulative": false
    },
    {
        "date": "2020-12-08T10:58:46.663Z",
        "value": "0.9528393745422363",
        "cumulative": false
    },
    {
        "date": "2020-12-08T10:58:47.780Z",
        "value": "0.9370405673980713",
        "cumulative": false
    },
    {
        "date": "2020-12-08T10:58:48.922Z",
        "value": "0.8468067049980164",
        "cumulative": false
    },
    {
        "date": "2020-12-08T10:58:50.058Z",
        "value": "0.826007604598999",
        "cumulative": false
    },
    {
        "date": "2020-12-08T10:58:52.079Z",
        "value": "0.9383208751678467",
        "cumulative": false
    },
    {
        "date": "2020-12-08T10:58:53.218Z",
        "value": "0.8098401427268982",
        "cumulative": false
    },
    {
        "date": "2020-12-08T10:58:54.339Z",
        "value": "0.9630483388900757",
        "cumulative": false
    },
    {
        "date": "2020-12-08T10:58:55.440Z",
        "value": "0.7560592293739319",
        "cumulative": false
    },
    {
        "date": "2020-12-08T10:58:56.606Z",
        "value": "0.8796589970588684",
        "cumulative": false
    },
    {
        "date": "2020-12-08T10:58:57.729Z",
        "value": "1.0041991472244263",
        "cumulative": false
    },
    {
        "date": "2020-12-08T10:58:58.861Z",
        "value": "0.7233201861381531",
        "cumulative": false
    },
    {
        "date": "2020-12-08T10:58:59.947Z",
        "value": "0.9077373743057251",
        "cumulative": false
    },
    {
        "date": "2020-12-08T10:59:01.961Z",
        "value": "0.5637623071670532",
        "cumulative": false
    },
    {
        "date": "2020-12-08T10:59:03.093Z",
        "value": "0.8572327494621277",
        "cumulative": false
    },
    {
        "date": "2020-12-08T10:59:04.221Z",
        "value": "0.6036338806152344",
        "cumulative": false
    },
    {
        "date": "2020-12-08T10:59:05.337Z",
        "value": "0.5966672301292419",
        "cumulative": false
    },
    {
        "date": "2020-12-08T10:59:06.444Z",
        "value": "0.6641713380813599",
        "cumulative": false
    },
    {
        "date": "2020-12-08T10:59:07.537Z",
        "value": "0.565069854259491",
        "cumulative": false
    },
    {
        "date": "2020-12-08T10:59:08.648Z",
        "value": "0.6731593608856201",
        "cumulative": false
    },
    {
        "date": "2020-12-08T10:59:09.773Z",
        "value": "0.7507137656211853",
        "cumulative": false
    },
    {
        "date": "2020-12-08T10:59:11.731Z",
        "value": "0.725261390209198",
        "cumulative": false
    },
    {
        "date": "2020-12-08T10:59:12.873Z",
        "value": "0.625532329082489",
        "cumulative": false
    },
    {
        "date": "2020-12-08T10:59:13.975Z",
        "value": "0.5812492370605469",
        "cumulative": false
    },
    {
        "date": "2020-12-08T10:59:15.130Z",
        "value": "0.6104352474212646",
        "cumulative": false
    },
    {
        "date": "2020-12-08T10:59:16.227Z",
        "value": "0.6169213056564331",
        "cumulative": false
    },
    {
        "date": "2020-12-08T10:59:17.343Z",
        "value": "0.5261954665184021",
        "cumulative": false
    },
    {
        "date": "2020-12-08T10:59:18.491Z",
        "value": "0.6231197714805603",
        "cumulative": false
    },
    {
        "date": "2020-12-08T10:59:19.621Z",
        "value": "0.7654855847358704",
        "cumulative": false
    },
    {
        "date": "2020-12-08T10:59:21.617Z",
        "value": "0.49730971455574036",
        "cumulative": false
    },
    {
        "date": "2020-12-08T10:59:22.808Z",
        "value": "0.6555189490318298",
        "cumulative": false
    },
    {
        "date": "2020-12-08T10:59:23.962Z",
        "value": "0.5175918936729431",
        "cumulative": false
    },
    {
        "date": "2020-12-08T10:59:25.106Z",
        "value": "0.5397642254829407",
        "cumulative": false
    },
    {
        "date": "2020-12-08T10:59:26.221Z",
        "value": "0.5840674042701721",
        "cumulative": false
    },
    {
        "date": "2020-12-08T10:59:27.355Z",
        "value": "0.628349244594574",
        "cumulative": false
    },
    {
        "date": "2020-12-08T10:59:28.501Z",
        "value": "0.7567983865737915",
        "cumulative": false
    },
    {
        "date": "2020-12-08T10:59:29.644Z",
        "value": "0.6872437000274658",
        "cumulative": false
    },
    {
        "date": "2020-12-08T10:59:31.667Z",
        "value": "0.5324902534484863",
        "cumulative": false
    },
    {
        "date": "2020-12-08T10:59:32.818Z",
        "value": "0.5682328343391418",
        "cumulative": false
    },
    {
        "date": "2020-12-08T10:59:33.934Z",
        "value": "0.6889726519584656",
        "cumulative": false
    },
    {
        "date": "2020-12-08T10:59:35.069Z",
        "value": "0.4695134162902832",
        "cumulative": false
    },
    {
        "date": "2020-12-08T10:59:36.176Z",
        "value": "0.5746033191680908",
        "cumulative": false
    },
    {
        "date": "2020-12-08T10:59:37.313Z",
        "value": "0.6084197163581848",
        "cumulative": false
    },
    {
        "date": "2020-12-08T10:59:38.414Z",
        "value": "0.6399120688438416",
        "cumulative": false
    },
    {
        "date": "2020-12-08T10:59:39.547Z",
        "value": "0.5784599184989929",
        "cumulative": false
    },
    {
        "date": "2020-12-08T10:59:41.534Z",
        "value": "0.6398380994796753",
        "cumulative": false
    },
    {
        "date": "2020-12-08T10:59:42.668Z",
        "value": "0.5771108269691467",
        "cumulative": false
    },
    {
        "date": "2020-12-08T10:59:43.767Z",
        "value": "0.511282742023468",
        "cumulative": false
    },
    {
        "date": "2020-12-08T10:59:44.940Z",
        "value": "0.5215955972671509",
        "cumulative": false
    },
    {
        "date": "2020-12-08T10:59:46.057Z",
        "value": "0.3984993100166321",
        "cumulative": false
    },
    {
        "date": "2020-12-08T10:59:47.180Z",
        "value": "0.5691233277320862",
        "cumulative": false
    },
    {
        "date": "2020-12-08T10:59:48.306Z",
        "value": "0.47217315435409546",
        "cumulative": false
    },
    {
        "date": "2020-12-08T10:59:49.445Z",
        "value": "0.554707944393158",
        "cumulative": false
    },
    {
        "date": "2020-12-08T10:59:51.451Z",
        "value": "0.5971247553825378",
        "cumulative": false
    },
    {
        "date": "2020-12-08T10:59:52.599Z",
        "value": "0.4360620379447937",
        "cumulative": false
    },
    {
        "date": "2020-12-08T10:59:53.749Z",
        "value": "0.44091200828552246",
        "cumulative": false
    },
    {
        "date": "2020-12-08T10:59:54.865Z",
        "value": "0.5136945843696594",
        "cumulative": false
    },
    {
        "date": "2020-12-08T10:59:56.005Z",
        "value": "0.4596410393714905",
        "cumulative": false
    },
    {
        "date": "2020-12-08T10:59:57.153Z",
        "value": "0.46915847063064575",
        "cumulative": false
    },
    {
        "date": "2020-12-08T10:59:58.302Z",
        "value": "0.628029465675354",
        "cumulative": false
    },
    {
        "date": "2020-12-08T10:59:59.436Z",
        "value": "0.4310039281845093",
        "cumulative": false
    },
    {
        "date": "2020-12-08T11:00:01.415Z",
        "value": "0.5468952655792236",
        "cumulative": false
    },
    {
        "date": "2020-12-08T11:00:02.574Z",
        "value": "0.4850391745567322",
        "cumulative": false
    },
    {
        "date": "2020-12-08T11:00:03.710Z",
        "value": "0.38439294695854187",
        "cumulative": false
    },
    {
        "date": "2020-12-08T11:00:04.858Z",
        "value": "0.5280253887176514",
        "cumulative": false
    },
    {
        "date": "2020-12-08T11:00:06.001Z",
        "value": "0.4319871664047241",
        "cumulative": false
    },
    {
        "date": "2020-12-08T11:00:07.132Z",
        "value": "0.5730894804000854",
        "cumulative": false
    },
    {
        "date": "2020-12-08T11:00:08.263Z",
        "value": "0.3785824179649353",
        "cumulative": false
    },
    {
        "date": "2020-12-08T11:00:09.389Z",
        "value": "0.5013145804405212",
        "cumulative": false
    }
]