[
    {
        "date": "2020-12-08T10:58:21.290Z",
        "value": "0.11200404167175293",
        "cumulative": false
    },
    {
        "date": "2020-12-08T10:58:31.112Z",
        "value": "0.1107177734375",
        "cumulative": false
    },
    {
        "date": "2020-12-08T10:58:41.030Z",
        "value": "0.11915445327758789",
        "cumulative": false
    },
    {
        "date": "2020-12-08T10:58:50.949Z",
        "value": "0.11673855781555176",
        "cumulative": false
    },
    {
        "date": "2020-12-08T10:59:00.860Z",
        "value": "0.11655378341674805",
        "cumulative": false
    },
    {
        "date": "2020-12-08T10:59:10.653Z",
        "value": "0.11172151565551758",
        "cumulative": false
    },
    {
        "date": "2020-12-08T10:59:20.521Z",
        "value": "0.12472915649414062",
        "cumulative": false
    },
    {
        "date": "2020-12-08T10:59:30.545Z",
        "value": "0.12199091911315918",
        "cumulative": false
    },
    {
        "date": "2020-12-08T10:59:40.439Z",
        "value": "0.11462283134460449",
        "cumulative": false
    },
    {
        "date": "2020-12-08T10:59:50.350Z",
        "value": "0.11773324012756348",
        "cumulative": false
    },
    {
        "date": "2020-12-08T11:00:00.338Z",
        "value": "0.1142568588256836",
        "cumulative": false
    },
    {
        "date": "2020-12-08T11:00:10.310Z",
        "value": "0.11409378051757812",
        "cumulative": false
    }
]