[
    {
        "date": "2020-12-08T10:58:12.599Z",
        "value": "12.5",
        "cumulative": false
    },
    {
        "date": "2020-12-08T10:58:13.830Z",
        "value": "18.75",
        "cumulative": false
    },
    {
        "date": "2020-12-08T10:58:14.914Z",
        "value": "27.34375",
        "cumulative": false
    },
    {
        "date": "2020-12-08T10:58:16.033Z",
        "value": "30.46875",
        "cumulative": false
    },
    {
        "date": "2020-12-08T10:58:17.137Z",
        "value": "32.8125",
        "cumulative": false
    },
    {
        "date": "2020-12-08T10:58:18.226Z",
        "value": "39.0625",
        "cumulative": false
    },
    {
        "date": "2020-12-08T10:58:19.328Z",
        "value": "35.9375",
        "cumulative": false
    },
    {
        "date": "2020-12-08T10:58:20.401Z",
        "value": "36.71875",
        "cumulative": false
    },
    {
        "date": "2020-12-08T10:58:22.357Z",
        "value": "53.90625",
        "cumulative": false
    },
    {
        "date": "2020-12-08T10:58:23.489Z",
        "value": "38.28125",
        "cumulative": false
    },
    {
        "date": "2020-12-08T10:58:24.614Z",
        "value": "67.1875",
        "cumulative": false
    },
    {
        "date": "2020-12-08T10:58:25.709Z",
        "value": "42.96875",
        "cumulative": false
    },
    {
        "date": "2020-12-08T10:58:26.830Z",
        "value": "58.59375",
        "cumulative": false
    },
    {
        "date": "2020-12-08T10:58:27.939Z",
        "value": "53.125",
        "cumulative": false
    },
    {
        "date": "2020-12-08T10:58:29.074Z",
        "value": "53.90625",
        "cumulative": false
    },
    {
        "date": "2020-12-08T10:58:30.217Z",
        "value": "61.71875",
        "cumulative": false
    },
    {
        "date": "2020-12-08T10:58:32.215Z",
        "value": "60.15625",
        "cumulative": false
    },
    {
        "date": "2020-12-08T10:58:33.380Z",
        "value": "60.9375",
        "cumulative": false
    },
    {
        "date": "2020-12-08T10:58:34.505Z",
        "value": "63.28125",
        "cumulative": false
    },
    {
        "date": "2020-12-08T10:58:35.624Z",
        "value": "62.5",
        "cumulative": false
    },
    {
        "date": "2020-12-08T10:58:36.737Z",
        "value": "65.625",
        "cumulative": false
    },
    {
        "date": "2020-12-08T10:58:37.856Z",
        "value": "64.0625",
        "cumulative": false
    },
    {
        "date": "2020-12-08T10:58:38.973Z",
        "value": "59.375",
        "cumulative": false
    },
    {
        "date": "2020-12-08T10:58:40.125Z",
        "value": "64.0625",
        "cumulative": false
    },
    {
        "date": "2020-12-08T10:58:42.142Z",
        "value": "58.59375",
        "cumulative": false
    },
    {
        "date": "2020-12-08T10:58:43.274Z",
        "value": "67.96875",
        "cumulative": false
    },
    {
        "date": "2020-12-08T10:58:44.407Z",
        "value": "66.40625",
        "cumulative": false
    },
    {
        "date": "2020-12-08T10:58:45.541Z",
        "value": "68.75",
        "cumulative": false
    },
    {
        "date": "2020-12-08T10:58:46.663Z",
        "value": "65.625",
        "cumulative": false
    },
    {
        "date": "2020-12-08T10:58:47.780Z",
        "value": "65.625",
        "cumulative": false
    },
    {
        "date": "2020-12-08T10:58:48.922Z",
        "value": "72.65625",
        "cumulative": false
    },
    {
        "date": "2020-12-08T10:58:50.058Z",
        "value": "65.625",
        "cumulative": false
    },
    {
        "date": "2020-12-08T10:58:52.079Z",
        "value": "71.09375",
        "cumulative": false
    },
    {
        "date": "2020-12-08T10:58:53.218Z",
        "value": "74.21875",
        "cumulative": false
    },
    {
        "date": "2020-12-08T10:58:54.339Z",
        "value": "67.96875",
        "cumulative": false
    },
    {
        "date": "2020-12-08T10:58:55.440Z",
        "value": "75.78125",
        "cumulative": false
    },
    {
        "date": "2020-12-08T10:58:56.606Z",
        "value": "69.53125",
        "cumulative": false
    },
    {
        "date": "2020-12-08T10:58:57.729Z",
        "value": "70.3125",
        "cumulative": false
    },
    {
        "date": "2020-12-08T10:58:58.861Z",
        "value": "78.125",
        "cumulative": false
    },
    {
        "date": "2020-12-08T10:58:59.947Z",
        "value": "67.1875",
        "cumulative": false
    },
    {
        "date": "2020-12-08T10:59:01.962Z",
        "value": "81.25",
        "cumulative": false
    },
    {
        "date": "2020-12-08T10:59:03.093Z",
        "value": "71.09375",
        "cumulative": false
    },
    {
        "date": "2020-12-08T10:59:04.221Z",
        "value": "78.90625",
        "cumulative": false
    },
    {
        "date": "2020-12-08T10:59:05.337Z",
        "value": "75.78125",
        "cumulative": false
    },
    {
        "date": "2020-12-08T10:59:06.444Z",
        "value": "73.4375",
        "cumulative": false
    },
    {
        "date": "2020-12-08T10:59:07.537Z",
        "value": "82.8125",
        "cumulative": false
    },
    {
        "date": "2020-12-08T10:59:08.648Z",
        "value": "78.90625",
        "cumulative": false
    },
    {
        "date": "2020-12-08T10:59:09.773Z",
        "value": "75.78125",
        "cumulative": false
    },
    {
        "date": "2020-12-08T10:59:11.732Z",
        "value": "72.65625",
        "cumulative": false
    },
    {
        "date": "2020-12-08T10:59:12.873Z",
        "value": "78.125",
        "cumulative": false
    },
    {
        "date": "2020-12-08T10:59:13.975Z",
        "value": "81.25",
        "cumulative": false
    },
    {
        "date": "2020-12-08T10:59:15.130Z",
        "value": "78.90625",
        "cumulative": false
    },
    {
        "date": "2020-12-08T10:59:16.228Z",
        "value": "74.21875",
        "cumulative": false
    },
    {
        "date": "2020-12-08T10:59:17.343Z",
        "value": "78.125",
        "cumulative": false
    },
    {
        "date": "2020-12-08T10:59:18.491Z",
        "value": "77.34375",
        "cumulative": false
    },
    {
        "date": "2020-12-08T10:59:19.621Z",
        "value": "72.65625",
        "cumulative": false
    },
    {
        "date": "2020-12-08T10:59:21.618Z",
        "value": "83.59375",
        "cumulative": false
    },
    {
        "date": "2020-12-08T10:59:22.808Z",
        "value": "75.78125",
        "cumulative": false
    },
    {
        "date": "2020-12-08T10:59:23.963Z",
        "value": "80.46875",
        "cumulative": false
    },
    {
        "date": "2020-12-08T10:59:25.106Z",
        "value": "77.34375",
        "cumulative": false
    },
    {
        "date": "2020-12-08T10:59:26.221Z",
        "value": "82.03125",
        "cumulative": false
    },
    {
        "date": "2020-12-08T10:59:27.355Z",
        "value": "78.90625",
        "cumulative": false
    },
    {
        "date": "2020-12-08T10:59:28.501Z",
        "value": "77.34375",
        "cumulative": false
    },
    {
        "date": "2020-12-08T10:59:29.644Z",
        "value": "73.4375",
        "cumulative": false
    },
    {
        "date": "2020-12-08T10:59:31.667Z",
        "value": "78.90625",
        "cumulative": false
    },
    {
        "date": "2020-12-08T10:59:32.818Z",
        "value": "82.8125",
        "cumulative": false
    },
    {
        "date": "2020-12-08T10:59:33.934Z",
        "value": "73.4375",
        "cumulative": false
    },
    {
        "date": "2020-12-08T10:59:35.070Z",
        "value": "84.375",
        "cumulative": false
    },
    {
        "date": "2020-12-08T10:59:36.176Z",
        "value": "79.6875",
        "cumulative": false
    },
    {
        "date": "2020-12-08T10:59:37.313Z",
        "value": "78.125",
        "cumulative": false
    },
    {
        "date": "2020-12-08T10:59:38.414Z",
        "value": "79.6875",
        "cumulative": false
    },
    {
        "date": "2020-12-08T10:59:39.547Z",
        "value": "79.6875",
        "cumulative": false
    },
    {
        "date": "2020-12-08T10:59:41.534Z",
        "value": "81.25",
        "cumulative": false
    },
    {
        "date": "2020-12-08T10:59:42.669Z",
        "value": "78.125",
        "cumulative": false
    },
    {
        "date": "2020-12-08T10:59:43.768Z",
        "value": "82.8125",
        "cumulative": false
    },
    {
        "date": "2020-12-08T10:59:44.940Z",
        "value": "82.03125",
        "cumulative": false
    },
    {
        "date": "2020-12-08T10:59:46.057Z",
        "value": "88.28125",
        "cumulative": false
    },
    {
        "date": "2020-12-08T10:59:47.180Z",
        "value": "78.90625",
        "cumulative": false
    },
    {
        "date": "2020-12-08T10:59:48.306Z",
        "value": "84.375",
        "cumulative": false
    },
    {
        "date": "2020-12-08T10:59:49.445Z",
        "value": "82.8125",
        "cumulative": false
    },
    {
        "date": "2020-12-08T10:59:51.451Z",
        "value": "78.90625",
        "cumulative": false
    },
    {
        "date": "2020-12-08T10:59:52.599Z",
        "value": "85.9375",
        "cumulative": false
    },
    {
        "date": "2020-12-08T10:59:53.749Z",
        "value": "85.15625",
        "cumulative": false
    },
    {
        "date": "2020-12-08T10:59:54.865Z",
        "value": "80.46875",
        "cumulative": false
    },
    {
        "date": "2020-12-08T10:59:56.005Z",
        "value": "85.9375",
        "cumulative": false
    },
    {
        "date": "2020-12-08T10:59:57.153Z",
        "value": "81.25",
        "cumulative": false
    },
    {
        "date": "2020-12-08T10:59:58.302Z",
        "value": "78.125",
        "cumulative": false
    },
    {
        "date": "2020-12-08T10:59:59.436Z",
        "value": "85.9375",
        "cumulative": false
    },
    {
        "date": "2020-12-08T11:00:01.416Z",
        "value": "78.125",
        "cumulative": false
    },
    {
        "date": "2020-12-08T11:00:02.575Z",
        "value": "84.375",
        "cumulative": false
    },
    {
        "date": "2020-12-08T11:00:03.710Z",
        "value": "88.28125",
        "cumulative": false
    },
    {
        "date": "2020-12-08T11:00:04.858Z",
        "value": "83.59375",
        "cumulative": false
    },
    {
        "date": "2020-12-08T11:00:06.001Z",
        "value": "83.59375",
        "cumulative": false
    },
    {
        "date": "2020-12-08T11:00:07.132Z",
        "value": "82.03125",
        "cumulative": false
    },
    {
        "date": "2020-12-08T11:00:08.263Z",
        "value": "87.5",
        "cumulative": false
    },
    {
        "date": "2020-12-08T11:00:09.389Z",
        "value": "83.59375",
        "cumulative": false
    }
]