[
    {
        "date": "2020-12-08T10:58:21.301Z",
        "value": "1.453364610671997",
        "cumulative": false
    },
    {
        "date": "2020-12-08T10:58:31.107Z",
        "value": "1.4629027843475342",
        "cumulative": false
    },
    {
        "date": "2020-12-08T10:58:41.038Z",
        "value": "1.457925796508789",
        "cumulative": false
    },
    {
        "date": "2020-12-08T10:58:50.952Z",
        "value": "1.5209131240844727",
        "cumulative": false
    },
    {
        "date": "2020-12-08T10:59:00.869Z",
        "value": "1.493145227432251",
        "cumulative": false
    },
    {
        "date": "2020-12-08T10:59:10.653Z",
        "value": "1.4311039447784424",
        "cumulative": false
    },
    {
        "date": "2020-12-08T10:59:20.530Z",
        "value": "1.3711118698120117",
        "cumulative": false
    },
    {
        "date": "2020-12-08T10:59:30.543Z",
        "value": "1.4963324069976807",
        "cumulative": false
    },
    {
        "date": "2020-12-08T10:59:40.441Z",
        "value": "1.3948273658752441",
        "cumulative": false
    },
    {
        "date": "2020-12-08T10:59:50.357Z",
        "value": "1.4419646263122559",
        "cumulative": false
    },
    {
        "date": "2020-12-08T11:00:00.332Z",
        "value": "1.471276044845581",
        "cumulative": false
    },
    {
        "date": "2020-12-08T11:00:10.313Z",
        "value": "1.5278074741363525",
        "cumulative": false
    }
]