[
    {
        "date": "2020-12-08T10:58:21.301Z",
        "value": "0.0005590915679931641",
        "cumulative": false
    },
    {
        "date": "2020-12-08T10:58:31.107Z",
        "value": "0.0005788803100585938",
        "cumulative": false
    },
    {
        "date": "2020-12-08T10:58:41.038Z",
        "value": "0.0005381107330322266",
        "cumulative": false
    },
    {
        "date": "2020-12-08T10:58:50.952Z",
        "value": "0.0005214214324951172",
        "cumulative": false
    },
    {
        "date": "2020-12-08T10:59:00.869Z",
        "value": "0.0005795955657958984",
        "cumulative": false
    },
    {
        "date": "2020-12-08T10:59:10.653Z",
        "value": "0.0004892349243164062",
        "cumulative": false
    },
    {
        "date": "2020-12-08T10:59:20.530Z",
        "value": "0.0005142688751220703",
        "cumulative": false
    },
    {
        "date": "2020-12-08T10:59:30.543Z",
        "value": "0.00052642822265625",
        "cumulative": false
    },
    {
        "date": "2020-12-08T10:59:40.441Z",
        "value": "0.0005106925964355469",
        "cumulative": false
    },
    {
        "date": "2020-12-08T10:59:50.357Z",
        "value": "0.0004801750183105469",
        "cumulative": false
    },
    {
        "date": "2020-12-08T11:00:00.332Z",
        "value": "0.0005817413330078125",
        "cumulative": false
    },
    {
        "date": "2020-12-08T11:00:10.313Z",
        "value": "0.0005781650543212891",
        "cumulative": false
    }
]