[
    {
        "date": "2020-12-08T10:58:21.300Z",
        "value": "0.5119826793670654",
        "cumulative": false
    },
    {
        "date": "2020-12-08T10:58:31.107Z",
        "value": "0.474149227142334",
        "cumulative": false
    },
    {
        "date": "2020-12-08T10:58:41.038Z",
        "value": "0.5002317428588867",
        "cumulative": false
    },
    {
        "date": "2020-12-08T10:58:50.952Z",
        "value": "0.5237467288970947",
        "cumulative": false
    },
    {
        "date": "2020-12-08T10:59:00.869Z",
        "value": "0.48132848739624023",
        "cumulative": false
    },
    {
        "date": "2020-12-08T10:59:10.653Z",
        "value": "0.46806907653808594",
        "cumulative": false
    },
    {
        "date": "2020-12-08T10:59:20.530Z",
        "value": "0.45529913902282715",
        "cumulative": false
    },
    {
        "date": "2020-12-08T10:59:30.543Z",
        "value": "0.4959678649902344",
        "cumulative": false
    },
    {
        "date": "2020-12-08T10:59:40.441Z",
        "value": "0.47202205657958984",
        "cumulative": false
    },
    {
        "date": "2020-12-08T10:59:50.357Z",
        "value": "0.4868309497833252",
        "cumulative": false
    },
    {
        "date": "2020-12-08T11:00:00.332Z",
        "value": "0.49004054069519043",
        "cumulative": false
    },
    {
        "date": "2020-12-08T11:00:10.312Z",
        "value": "0.48366785049438477",
        "cumulative": false
    }
]