[
    {
        "date": "2020-12-08T10:58:21.290Z",
        "value": "1.0180974006652832",
        "cumulative": false
    },
    {
        "date": "2020-12-08T10:58:31.112Z",
        "value": "1.0393126010894775",
        "cumulative": false
    },
    {
        "date": "2020-12-08T10:58:41.030Z",
        "value": "1.1100733280181885",
        "cumulative": false
    },
    {
        "date": "2020-12-08T10:58:50.949Z",
        "value": "1.0746963024139404",
        "cumulative": false
    },
    {
        "date": "2020-12-08T10:59:00.860Z",
        "value": "1.1191158294677734",
        "cumulative": false
    },
    {
        "date": "2020-12-08T10:59:10.653Z",
        "value": "1.0469937324523926",
        "cumulative": false
    },
    {
        "date": "2020-12-08T10:59:20.521Z",
        "value": "1.1753909587860107",
        "cumulative": false
    },
    {
        "date": "2020-12-08T10:59:30.545Z",
        "value": "1.174508810043335",
        "cumulative": false
    },
    {
        "date": "2020-12-08T10:59:40.439Z",
        "value": "1.1260747909545898",
        "cumulative": false
    },
    {
        "date": "2020-12-08T10:59:50.350Z",
        "value": "1.1735243797302246",
        "cumulative": false
    },
    {
        "date": "2020-12-08T11:00:00.338Z",
        "value": "1.1230685710906982",
        "cumulative": false
    },
    {
        "date": "2020-12-08T11:00:10.310Z",
        "value": "1.100520372390747",
        "cumulative": false
    }
]