[
    {
        "date": "2020-12-08T10:58:12.597Z",
        "value": "52.34375",
        "cumulative": false
    },
    {
        "date": "2020-12-08T10:58:13.829Z",
        "value": "85.9375",
        "cumulative": false
    },
    {
        "date": "2020-12-08T10:58:14.912Z",
        "value": "87.5",
        "cumulative": false
    },
    {
        "date": "2020-12-08T10:58:16.032Z",
        "value": "85.9375",
        "cumulative": false
    },
    {
        "date": "2020-12-08T10:58:17.136Z",
        "value": "89.0625",
        "cumulative": false
    },
    {
        "date": "2020-12-08T10:58:18.224Z",
        "value": "92.96875",
        "cumulative": false
    },
    {
        "date": "2020-12-08T10:58:19.324Z",
        "value": "91.40625",
        "cumulative": false
    },
    {
        "date": "2020-12-08T10:58:20.398Z",
        "value": "87.5",
        "cumulative": false
    },
    {
        "date": "2020-12-08T10:58:22.355Z",
        "value": "88.28125",
        "cumulative": false
    },
    {
        "date": "2020-12-08T10:58:23.491Z",
        "value": "87.5",
        "cumulative": false
    },
    {
        "date": "2020-12-08T10:58:24.608Z",
        "value": "92.1875",
        "cumulative": false
    },
    {
        "date": "2020-12-08T10:58:25.711Z",
        "value": "96.09375",
        "cumulative": false
    },
    {
        "date": "2020-12-08T10:58:26.830Z",
        "value": "90.625",
        "cumulative": false
    },
    {
        "date": "2020-12-08T10:58:27.936Z",
        "value": "92.96875",
        "cumulative": false
    },
    {
        "date": "2020-12-08T10:58:29.078Z",
        "value": "95.3125",
        "cumulative": false
    },
    {
        "date": "2020-12-08T10:58:30.215Z",
        "value": "96.09375",
        "cumulative": false
    },
    {
        "date": "2020-12-08T10:58:32.218Z",
        "value": "96.09375",
        "cumulative": false
    },
    {
        "date": "2020-12-08T10:58:33.383Z",
        "value": "96.875",
        "cumulative": false
    },
    {
        "date": "2020-12-08T10:58:34.506Z",
        "value": "95.3125",
        "cumulative": false
    },
    {
        "date": "2020-12-08T10:58:35.622Z",
        "value": "98.4375",
        "cumulative": false
    },
    {
        "date": "2020-12-08T10:58:36.737Z",
        "value": "96.09375",
        "cumulative": false
    },
    {
        "date": "2020-12-08T10:58:37.853Z",
        "value": "97.65625",
        "cumulative": false
    },
    {
        "date": "2020-12-08T10:58:38.967Z",
        "value": "96.09375",
        "cumulative": false
    },
    {
        "date": "2020-12-08T10:58:40.124Z",
        "value": "93.75",
        "cumulative": false
    },
    {
        "date": "2020-12-08T10:58:42.145Z",
        "value": "96.875",
        "cumulative": false
    },
    {
        "date": "2020-12-08T10:58:43.274Z",
        "value": "97.65625",
        "cumulative": false
    },
    {
        "date": "2020-12-08T10:58:44.407Z",
        "value": "93.75",
        "cumulative": false
    },
    {
        "date": "2020-12-08T10:58:45.541Z",
        "value": "92.96875",
        "cumulative": false
    },
    {
        "date": "2020-12-08T10:58:46.656Z",
        "value": "96.875",
        "cumulative": false
    },
    {
        "date": "2020-12-08T10:58:47.778Z",
        "value": "99.21875",
        "cumulative": false
    },
    {
        "date": "2020-12-08T10:58:48.915Z",
        "value": "96.09375",
        "cumulative": false
    },
    {
        "date": "2020-12-08T10:58:50.053Z",
        "value": "96.09375",
        "cumulative": false
    },
    {
        "date": "2020-12-08T10:58:52.078Z",
        "value": "97.65625",
        "cumulative": false
    },
    {
        "date": "2020-12-08T10:58:53.216Z",
        "value": "98.4375",
        "cumulative": false
    },
    {
        "date": "2020-12-08T10:58:54.338Z",
        "value": "95.3125",
        "cumulative": false
    },
    {
        "date": "2020-12-08T10:58:55.443Z",
        "value": "97.65625",
        "cumulative": false
    },
    {
        "date": "2020-12-08T10:58:56.605Z",
        "value": "98.4375",
        "cumulative": false
    },
    {
        "date": "2020-12-08T10:58:57.728Z",
        "value": "100.0",
        "cumulative": false
    },
    {
        "date": "2020-12-08T10:58:58.856Z",
        "value": "97.65625",
        "cumulative": false
    },
    {
        "date": "2020-12-08T10:58:59.947Z",
        "value": "93.75",
        "cumulative": false
    },
    {
        "date": "2020-12-08T10:59:01.960Z",
        "value": "97.65625",
        "cumulative": false
    },
    {
        "date": "2020-12-08T10:59:03.093Z",
        "value": "97.65625",
        "cumulative": false
    },
    {
        "date": "2020-12-08T10:59:04.222Z",
        "value": "99.21875",
        "cumulative": false
    },
    {
        "date": "2020-12-08T10:59:05.330Z",
        "value": "98.4375",
        "cumulative": false
    },
    {
        "date": "2020-12-08T10:59:06.441Z",
        "value": "96.09375",
        "cumulative": false
    },
    {
        "date": "2020-12-08T10:59:07.530Z",
        "value": "97.65625",
        "cumulative": false
    },
    {
        "date": "2020-12-08T10:59:08.649Z",
        "value": "98.4375",
        "cumulative": false
    },
    {
        "date": "2020-12-08T10:59:09.768Z",
        "value": "98.4375",
        "cumulative": false
    },
    {
        "date": "2020-12-08T10:59:11.730Z",
        "value": "100.0",
        "cumulative": false
    },
    {
        "date": "2020-12-08T10:59:12.872Z",
        "value": "99.21875",
        "cumulative": false
    },
    {
        "date": "2020-12-08T10:59:13.974Z",
        "value": "99.21875",
        "cumulative": false
    },
    {
        "date": "2020-12-08T10:59:15.122Z",
        "value": "98.4375",
        "cumulative": false
    },
    {
        "date": "2020-12-08T10:59:16.223Z",
        "value": "100.0",
        "cumulative": false
    },
    {
        "date": "2020-12-08T10:59:17.351Z",
        "value": "99.21875",
        "cumulative": false
    },
    {
        "date": "2020-12-08T10:59:18.493Z",
        "value": "98.4375",
        "cumulative": false
    },
    {
        "date": "2020-12-08T10:59:19.612Z",
        "value": "100.0",
        "cumulative": false
    },
    {
        "date": "2020-12-08T10:59:21.621Z",
        "value": "100.0",
        "cumulative": false
    },
    {
        "date": "2020-12-08T10:59:22.803Z",
        "value": "98.4375",
        "cumulative": false
    },
    {
        "date": "2020-12-08T10:59:23.956Z",
        "value": "97.65625",
        "cumulative": false
    },
    {
        "date": "2020-12-08T10:59:25.109Z",
        "value": "98.4375",
        "cumulative": false
    },
    {
        "date": "2020-12-08T10:59:26.220Z",
        "value": "99.21875",
        "cumulative": false
    },
    {
        "date": "2020-12-08T10:59:27.350Z",
        "value": "100.0",
        "cumulative": false
    },
    {
        "date": "2020-12-08T10:59:28.501Z",
        "value": "99.21875",
        "cumulative": false
    },
    {
        "date": "2020-12-08T10:59:29.643Z",
        "value": "98.4375",
        "cumulative": false
    },
    {
        "date": "2020-12-08T10:59:31.665Z",
        "value": "97.65625",
        "cumulative": false
    },
    {
        "date": "2020-12-08T10:59:32.816Z",
        "value": "96.875",
        "cumulative": false
    },
    {
        "date": "2020-12-08T10:59:33.928Z",
        "value": "100.0",
        "cumulative": false
    },
    {
        "date": "2020-12-08T10:59:35.067Z",
        "value": "100.0",
        "cumulative": false
    },
    {
        "date": "2020-12-08T10:59:36.174Z",
        "value": "96.875",
        "cumulative": false
    },
    {
        "date": "2020-12-08T10:59:37.313Z",
        "value": "99.21875",
        "cumulative": false
    },
    {
        "date": "2020-12-08T10:59:38.410Z",
        "value": "98.4375",
        "cumulative": false
    },
    {
        "date": "2020-12-08T10:59:39.547Z",
        "value": "99.21875",
        "cumulative": false
    },
    {
        "date": "2020-12-08T10:59:41.533Z",
        "value": "98.4375",
        "cumulative": false
    },
    {
        "date": "2020-12-08T10:59:42.655Z",
        "value": "96.875",
        "cumulative": false
    },
    {
        "date": "2020-12-08T10:59:43.769Z",
        "value": "98.4375",
        "cumulative": false
    },
    {
        "date": "2020-12-08T10:59:44.941Z",
        "value": "100.0",
        "cumulative": false
    },
    {
        "date": "2020-12-08T10:59:46.054Z",
        "value": "100.0",
        "cumulative": false
    },
    {
        "date": "2020-12-08T10:59:47.177Z",
        "value": "99.21875",
        "cumulative": false
    },
    {
        "date": "2020-12-08T10:59:48.305Z",
        "value": "99.21875",
        "cumulative": false
    },
    {
        "date": "2020-12-08T10:59:49.443Z",
        "value": "99.21875",
        "cumulative": false
    },
    {
        "date": "2020-12-08T10:59:51.450Z",
        "value": "99.21875",
        "cumulative": false
    },
    {
        "date": "2020-12-08T10:59:52.593Z",
        "value": "98.4375",
        "cumulative": false
    },
    {
        "date": "2020-12-08T10:59:53.750Z",
        "value": "100.0",
        "cumulative": false
    },
    {
        "date": "2020-12-08T10:59:54.863Z",
        "value": "99.21875",
        "cumulative": false
    },
    {
        "date": "2020-12-08T10:59:56.006Z",
        "value": "97.65625",
        "cumulative": false
    },
    {
        "date": "2020-12-08T10:59:57.149Z",
        "value": "99.21875",
        "cumulative": false
    },
    {
        "date": "2020-12-08T10:59:58.296Z",
        "value": "97.65625",
        "cumulative": false
    },
    {
        "date": "2020-12-08T10:59:59.437Z",
        "value": "99.21875",
        "cumulative": false
    },
    {
        "date": "2020-12-08T11:00:01.412Z",
        "value": "100.0",
        "cumulative": false
    },
    {
        "date": "2020-12-08T11:00:02.571Z",
        "value": "100.0",
        "cumulative": false
    },
    {
        "date": "2020-12-08T11:00:03.704Z",
        "value": "97.65625",
        "cumulative": false
    },
    {
        "date": "2020-12-08T11:00:04.854Z",
        "value": "99.21875",
        "cumulative": false
    },
    {
        "date": "2020-12-08T11:00:06.003Z",
        "value": "100.0",
        "cumulative": false
    },
    {
        "date": "2020-12-08T11:00:07.128Z",
        "value": "100.0",
        "cumulative": false
    },
    {
        "date": "2020-12-08T11:00:08.266Z",
        "value": "99.21875",
        "cumulative": false
    },
    {
        "date": "2020-12-08T11:00:09.389Z",
        "value": "99.21875",
        "cumulative": false
    }
]