[
    {
        "date": "2020-12-08T10:58:21.290Z",
        "value": "0.0005123615264892578",
        "cumulative": false
    },
    {
        "date": "2020-12-08T10:58:31.112Z",
        "value": "0.0004813671112060547",
        "cumulative": false
    },
    {
        "date": "2020-12-08T10:58:41.030Z",
        "value": "0.0005064010620117188",
        "cumulative": false
    },
    {
        "date": "2020-12-08T10:58:50.949Z",
        "value": "0.0004832744598388672",
        "cumulative": false
    },
    {
        "date": "2020-12-08T10:59:00.860Z",
        "value": "0.0005295276641845703",
        "cumulative": false
    },
    {
        "date": "2020-12-08T10:59:10.653Z",
        "value": "0.0005593299865722656",
        "cumulative": false
    },
    {
        "date": "2020-12-08T10:59:20.521Z",
        "value": "0.0005404949188232422",
        "cumulative": false
    },
    {
        "date": "2020-12-08T10:59:30.545Z",
        "value": "0.0005295276641845703",
        "cumulative": false
    },
    {
        "date": "2020-12-08T10:59:40.439Z",
        "value": "0.0004334449768066406",
        "cumulative": false
    },
    {
        "date": "2020-12-08T10:59:50.350Z",
        "value": "0.0004820823669433594",
        "cumulative": false
    },
    {
        "date": "2020-12-08T11:00:00.338Z",
        "value": "0.00048732757568359375",
        "cumulative": false
    },
    {
        "date": "2020-12-08T11:00:10.310Z",
        "value": "0.0004208087921142578",
        "cumulative": false
    }
]