[
    {
        "date": "2020-12-08T10:58:21.289Z",
        "value": "11.30044674873352",
        "cumulative": false
    },
    {
        "date": "2020-12-08T10:58:31.112Z",
        "value": "8.658108472824097",
        "cumulative": false
    },
    {
        "date": "2020-12-08T10:58:41.030Z",
        "value": "8.737899541854858",
        "cumulative": false
    },
    {
        "date": "2020-12-08T10:58:50.949Z",
        "value": "8.716080904006958",
        "cumulative": false
    },
    {
        "date": "2020-12-08T10:59:00.860Z",
        "value": "8.710680723190308",
        "cumulative": false
    },
    {
        "date": "2020-12-08T10:59:10.653Z",
        "value": "8.617196083068848",
        "cumulative": false
    },
    {
        "date": "2020-12-08T10:59:20.521Z",
        "value": "8.681540250778198",
        "cumulative": false
    },
    {
        "date": "2020-12-08T10:59:30.545Z",
        "value": "8.82093858718872",
        "cumulative": false
    },
    {
        "date": "2020-12-08T10:59:40.439Z",
        "value": "8.685698986053467",
        "cumulative": false
    },
    {
        "date": "2020-12-08T10:59:50.349Z",
        "value": "8.72987174987793",
        "cumulative": false
    },
    {
        "date": "2020-12-08T11:00:00.338Z",
        "value": "8.785670757293701",
        "cumulative": false
    },
    {
        "date": "2020-12-08T11:00:10.310Z",
        "value": "8.838655233383179",
        "cumulative": false
    }
]