[
    {
        "date": "2020-12-08T10:58:21.301Z",
        "value": "0.04018425941467285",
        "cumulative": false
    },
    {
        "date": "2020-12-08T10:58:31.107Z",
        "value": "0.04006814956665039",
        "cumulative": false
    },
    {
        "date": "2020-12-08T10:58:41.038Z",
        "value": "0.03982067108154297",
        "cumulative": false
    },
    {
        "date": "2020-12-08T10:58:50.952Z",
        "value": "0.04009246826171875",
        "cumulative": false
    },
    {
        "date": "2020-12-08T10:59:00.869Z",
        "value": "0.03936886787414551",
        "cumulative": false
    },
    {
        "date": "2020-12-08T10:59:10.653Z",
        "value": "0.03686714172363281",
        "cumulative": false
    },
    {
        "date": "2020-12-08T10:59:20.530Z",
        "value": "0.035214900970458984",
        "cumulative": false
    },
    {
        "date": "2020-12-08T10:59:30.543Z",
        "value": "0.037805795669555664",
        "cumulative": false
    },
    {
        "date": "2020-12-08T10:59:40.441Z",
        "value": "0.04577755928039551",
        "cumulative": false
    },
    {
        "date": "2020-12-08T10:59:50.357Z",
        "value": "0.03675436973571777",
        "cumulative": false
    },
    {
        "date": "2020-12-08T11:00:00.332Z",
        "value": "0.045899152755737305",
        "cumulative": false
    },
    {
        "date": "2020-12-08T11:00:10.313Z",
        "value": "0.05273103713989258",
        "cumulative": false
    }
]