[
    {
        "date": "2020-09-11T08:29:16Z",
        "value": "4.00543212890625e-05",
        "cumulative": true
    },
    {
        "date": "2020-09-11T08:29:28Z",
        "value": "5.586602210998535",
        "cumulative": true
    },
    {
        "date": "2020-09-11T08:29:45Z",
        "value": "319.83239459991455",
        "cumulative": true
    },
    {
        "date": "2020-09-11T08:29:58Z",
        "value": "1937.5256175994873",
        "cumulative": true
    },
    {
        "date": "2020-09-11T08:30:09Z",
        "value": "3553.967873573303",
        "cumulative": true
    },
    {
        "date": "2020-09-11T08:30:20Z",
        "value": "4921.503623008728",
        "cumulative": true
    },
    {
        "date": "2020-09-11T08:30:39Z",
        "value": "7719.098992347717",
        "cumulative": true
    },
    {
        "date": "2020-09-11T08:30:54Z",
        "value": "9824.383366584778",
        "cumulative": true
    },
    {
        "date": "2020-09-11T08:31:04Z",
        "value": "11890.697788238525",
        "cumulative": true
    },
    {
        "date": "2020-09-11T08:31:18Z",
        "value": "13751.593781471252",
        "cumulative": true
    },
    {
        "date": "2020-09-11T08:31:34Z",
        "value": "15714.864298820496",
        "cumulative": true
    },
    {
        "date": "2020-09-11T08:31:51Z",
        "value": "19012.642563819885",
        "cumulative": true
    },
    {
        "date": "2020-09-11T08:32:05Z",
        "value": "20014.459809303284",
        "cumulative": true
    },
    {
        "date": "2020-09-11T08:32:20Z",
        "value": "23681.081258773804",
        "cumulative": true
    },
    {
        "date": "2020-09-11T08:32:39Z",
        "value": "25047.805339813232",
        "cumulative": true
    },
    {
        "date": "2020-09-11T08:32:50Z",
        "value": "27210.88032245636",
        "cumulative": true
    },
    {
        "date": "2020-09-11T08:33:03Z",
        "value": "30179.73893547058",
        "cumulative": true
    },
    {
        "date": "2020-09-11T08:33:20Z",
        "value": "31379.635080337524",
        "cumulative": true
    },
    {
        "date": "2020-09-11T08:33:38Z",
        "value": "34576.205191612244",
        "cumulative": true
    },
    {
        "date": "2020-09-11T08:33:55Z",
        "value": "37966.86614608765",
        "cumulative": true
    },
    {
        "date": "2020-09-11T08:34:11Z",
        "value": "39127.21805381775",
        "cumulative": true
    },
    {
        "date": "2020-09-11T08:34:26Z",
        "value": "40229.72379112244",
        "cumulative": true
    },
    {
        "date": "2020-09-11T08:34:40Z",
        "value": "43630.660177230835",
        "cumulative": true
    },
    {
        "date": "2020-09-11T08:34:56Z",
        "value": "47608.79868888855",
        "cumulative": true
    },
    {
        "date": "2020-09-11T08:35:14Z",
        "value": "48942.06361198425",
        "cumulative": true
    },
    {
        "date": "2020-09-11T08:35:27Z",
        "value": "49850.16559791565",
        "cumulative": true
    },
    {
        "date": "2020-09-11T08:35:41Z",
        "value": "50851.985330581665",
        "cumulative": true
    },
    {
        "date": "2020-09-11T08:35:55Z",
        "value": "54817.89033412933",
        "cumulative": true
    },
    {
        "date": "2020-09-11T08:36:11Z",
        "value": "59544.23111820221",
        "cumulative": true
    },
    {
        "date": "2020-09-11T08:36:24Z",
        "value": "60723.66067790985",
        "cumulative": true
    },
    {
        "date": "2020-09-11T08:36:34Z",
        "value": "61459.509850502014",
        "cumulative": true
    },
    {
        "date": "2020-09-11T08:36:45Z",
        "value": "62237.2030172348",
        "cumulative": true
    },
    {
        "date": "2020-09-11T08:37:02Z",
        "value": "63465.63150310516",
        "cumulative": true
    },
    {
        "date": "2020-09-11T08:37:17Z",
        "value": "65085.90404033661",
        "cumulative": true
    },
    {
        "date": "2020-09-11T08:37:30Z",
        "value": "68517.02828121185",
        "cumulative": true
    },
    {
        "date": "2020-09-11T08:37:50Z",
        "value": "74099.20691204071",
        "cumulative": true
    },
    {
        "date": "2020-09-11T08:38:10Z",
        "value": "76651.95358181",
        "cumulative": true
    },
    {
        "date": "2020-09-11T08:38:23Z",
        "value": "77573.0644083023",
        "cumulative": true
    },
    {
        "date": "2020-09-11T08:38:35Z",
        "value": "78499.43594646454",
        "cumulative": true
    },
    {
        "date": "2020-09-11T08:38:48Z",
        "value": "79354.12547206879",
        "cumulative": true
    },
    {
        "date": "2020-09-11T08:38:59Z",
        "value": "80131.0537557602",
        "cumulative": true
    },
    {
        "date": "2020-09-11T08:39:16Z",
        "value": "81683.80778694153",
        "cumulative": true
    },
    {
        "date": "2020-09-11T08:39:27Z",
        "value": "84957.33679008484",
        "cumulative": true
    },
    {
        "date": "2020-09-11T08:39:42Z",
        "value": "89734.98455238342",
        "cumulative": true
    },
    {
        "date": "2020-09-11T08:40:02Z",
        "value": "95494.88188648224",
        "cumulative": true
    },
    {
        "date": "2020-09-11T08:40:14Z",
        "value": "96294.67882061005",
        "cumulative": true
    },
    {
        "date": "2020-09-11T08:40:30Z",
        "value": "97335.65348911285",
        "cumulative": true
    },
    {
        "date": "2020-09-11T08:40:41Z",
        "value": "98074.75258731842",
        "cumulative": true
    },
    {
        "date": "2020-09-11T08:40:55Z",
        "value": "98970.13451862335",
        "cumulative": true
    },
    {
        "date": "2020-09-11T08:41:08Z",
        "value": "99892.20362949371",
        "cumulative": true
    },
    {
        "date": "2020-09-11T08:41:20Z",
        "value": "100611.06558895111",
        "cumulative": true
    },
    {
        "date": "2020-09-11T08:41:39Z",
        "value": "101899.0062494278",
        "cumulative": true
    },
    {
        "date": "2020-09-11T08:41:58Z",
        "value": "104948.97622680664",
        "cumulative": true
    },
    {
        "date": "2020-09-11T08:42:18Z",
        "value": "111221.25186157227",
        "cumulative": true
    },
    {
        "date": "2020-09-11T08:42:34Z",
        "value": "116609.85850524902",
        "cumulative": true
    },
    {
        "date": "2020-09-11T08:42:54Z",
        "value": "120987.45340156555",
        "cumulative": true
    },
    {
        "date": "2020-09-11T08:43:10Z",
        "value": "122043.08611297607",
        "cumulative": true
    },
    {
        "date": "2020-09-11T08:43:20Z",
        "value": "122734.07358551025",
        "cumulative": true
    },
    {
        "date": "2020-09-11T08:43:32Z",
        "value": "123528.03580856323",
        "cumulative": true
    },
    {
        "date": "2020-09-11T08:43:48Z",
        "value": "124539.31290245056",
        "cumulative": true
    },
    {
        "date": "2020-09-11T08:44:00Z",
        "value": "125327.1385974884",
        "cumulative": true
    },
    {
        "date": "2020-09-11T08:44:13Z",
        "value": "126157.30250740051",
        "cumulative": true
    },
    {
        "date": "2020-09-11T08:44:26Z",
        "value": "127032.48851585388",
        "cumulative": true
    },
    {
        "date": "2020-09-11T08:44:38Z",
        "value": "127851.6337108612",
        "cumulative": true
    },
    {
        "date": "2020-09-11T08:44:52Z",
        "value": "128688.72518920898",
        "cumulative": true
    },
    {
        "date": "2020-09-11T08:45:07Z",
        "value": "130450.91943836212",
        "cumulative": true
    },
    {
        "date": "2020-09-11T08:45:24Z",
        "value": "134916.65220737457",
        "cumulative": true
    },
    {
        "date": "2020-09-11T08:45:39Z",
        "value": "139313.07427310944",
        "cumulative": true
    },
    {
        "date": "2020-09-11T08:45:54Z",
        "value": "143641.47763347626",
        "cumulative": true
    },
    {
        "date": "2020-09-11T08:46:13Z",
        "value": "149631.6733236313",
        "cumulative": true
    },
    {
        "date": "2020-09-11T08:46:25Z",
        "value": "152468.66656303406",
        "cumulative": true
    },
    {
        "date": "2020-09-11T08:46:36Z",
        "value": "153148.78685569763",
        "cumulative": true
    },
    {
        "date": "2020-09-11T08:46:53Z",
        "value": "154315.75428390503",
        "cumulative": true
    },
    {
        "date": "2020-09-11T08:47:10Z",
        "value": "155413.43475723267",
        "cumulative": true
    },
    {
        "date": "2020-09-11T08:47:29Z",
        "value": "156657.14774131775",
        "cumulative": true
    },
    {
        "date": "2020-09-11T08:47:47Z",
        "value": "157835.13275527954",
        "cumulative": true
    },
    {
        "date": "2020-09-11T08:48:00Z",
        "value": "158715.23273849487",
        "cumulative": true
    },
    {
        "date": "2020-09-11T08:48:18Z",
        "value": "159873.28909873962",
        "cumulative": true
    },
    {
        "date": "2020-09-11T08:48:30Z",
        "value": "160674.83698654175",
        "cumulative": true
    },
    {
        "date": "2020-09-11T08:48:47Z",
        "value": "161791.74530601501",
        "cumulative": true
    },
    {
        "date": "2020-09-11T08:49:06Z",
        "value": "163021.27536773682",
        "cumulative": true
    },
    {
        "date": "2020-09-11T08:49:18Z",
        "value": "164780.36662387848",
        "cumulative": true
    },
    {
        "date": "2020-09-11T08:49:35Z",
        "value": "169692.25742435455",
        "cumulative": true
    },
    {
        "date": "2020-09-11T08:49:54Z",
        "value": "175027.75232219696",
        "cumulative": true
    },
    {
        "date": "2020-09-11T08:50:06Z",
        "value": "177949.8428926468",
        "cumulative": true
    },
    {
        "date": "2020-09-11T08:50:22Z",
        "value": "182229.43213558197",
        "cumulative": true
    },
    {
        "date": "2020-09-11T08:50:40Z",
        "value": "187324.15577983856",
        "cumulative": true
    },
    {
        "date": "2020-09-11T08:50:52Z",
        "value": "190796.1055574417",
        "cumulative": true
    },
    {
        "date": "2020-09-11T08:51:06Z",
        "value": "192801.0513896942",
        "cumulative": true
    },
    {
        "date": "2020-09-11T08:51:20Z",
        "value": "193694.412399292",
        "cumulative": true
    },
    {
        "date": "2020-09-11T08:51:35Z",
        "value": "194657.1811504364",
        "cumulative": true
    },
    {
        "date": "2020-09-11T08:51:53Z",
        "value": "195800.51062774658",
        "cumulative": true
    },
    {
        "date": "2020-09-11T08:52:03Z",
        "value": "196516.6656551361",
        "cumulative": true
    },
    {
        "date": "2020-09-11T08:52:22Z",
        "value": "197728.59075164795",
        "cumulative": true
    },
    {
        "date": "2020-09-11T08:52:35Z",
        "value": "198660.27026176453",
        "cumulative": true
    },
    {
        "date": "2020-09-11T08:52:47Z",
        "value": "199374.45637893677",
        "cumulative": true
    },
    {
        "date": "2020-09-11T08:53:03Z",
        "value": "200397.10511779785",
        "cumulative": true
    },
    {
        "date": "2020-09-11T08:53:17Z",
        "value": "201298.58335113525",
        "cumulative": true
    },
    {
        "date": "2020-09-11T08:53:35Z",
        "value": "202486.59655952454",
        "cumulative": true
    },
    {
        "date": "2020-09-11T08:53:55Z",
        "value": "203779.00006866455",
        "cumulative": true
    },
    {
        "date": "2020-09-11T08:54:13Z",
        "value": "204967.71267318726",
        "cumulative": true
    },
    {
        "date": "2020-09-11T08:54:30Z",
        "value": "206098.70099067688",
        "cumulative": true
    },
    {
        "date": "2020-09-11T08:54:42Z",
        "value": "207982.43829631805",
        "cumulative": true
    },
    {
        "date": "2020-09-11T08:54:54Z",
        "value": "211438.66269779205",
        "cumulative": true
    },
    {
        "date": "2020-09-11T08:55:12Z",
        "value": "216657.3451013565",
        "cumulative": true
    },
    {
        "date": "2020-09-11T08:55:28Z",
        "value": "221153.5817708969",
        "cumulative": true
    },
    {
        "date": "2020-09-11T08:55:46Z",
        "value": "226202.12191867828",
        "cumulative": true
    },
    {
        "date": "2020-09-11T08:56:02Z",
        "value": "230769.00166797638",
        "cumulative": true
    },
    {
        "date": "2020-09-11T08:56:14Z",
        "value": "234391.77289676666",
        "cumulative": true
    },
    {
        "date": "2020-09-11T08:56:32Z",
        "value": "239582.82872104645",
        "cumulative": true
    },
    {
        "date": "2020-09-11T08:56:44Z",
        "value": "242767.69999694824",
        "cumulative": true
    },
    {
        "date": "2020-09-11T08:57:04Z",
        "value": "244065.36037635803",
        "cumulative": true
    },
    {
        "date": "2020-09-11T08:57:17Z",
        "value": "244946.5413131714",
        "cumulative": true
    },
    {
        "date": "2020-09-11T08:57:35Z",
        "value": "246145.73554611206",
        "cumulative": true
    },
    {
        "date": "2020-09-11T08:57:55Z",
        "value": "247420.140127182",
        "cumulative": true
    },
    {
        "date": "2020-09-11T08:58:11Z",
        "value": "248517.71941184998",
        "cumulative": true
    },
    {
        "date": "2020-09-11T08:58:23Z",
        "value": "249253.50202941895",
        "cumulative": true
    },
    {
        "date": "2020-09-11T08:58:34Z",
        "value": "250012.7617740631",
        "cumulative": true
    },
    {
        "date": "2020-09-11T08:58:48Z",
        "value": "250910.18991661072",
        "cumulative": true
    },
    {
        "date": "2020-09-11T08:59:07Z",
        "value": "252152.1503868103",
        "cumulative": true
    },
    {
        "date": "2020-09-11T08:59:22Z",
        "value": "253181.51708221436",
        "cumulative": true
    },
    {
        "date": "2020-09-11T08:59:39Z",
        "value": "254263.97494506836",
        "cumulative": true
    },
    {
        "date": "2020-09-11T08:59:51Z",
        "value": "255029.73238563538",
        "cumulative": true
    },
    {
        "date": "2020-09-11T09:00:07Z",
        "value": "256071.392288208",
        "cumulative": true
    },
    {
        "date": "2020-09-11T09:00:18Z",
        "value": "256794.62792396545",
        "cumulative": true
    },
    {
        "date": "2020-09-11T09:00:37Z",
        "value": "258057.94090652466",
        "cumulative": true
    },
    {
        "date": "2020-09-11T09:00:54Z",
        "value": "259174.08691215515",
        "cumulative": true
    },
    {
        "date": "2020-09-11T09:01:07Z",
        "value": "260042.8157119751",
        "cumulative": true
    },
    {
        "date": "2020-09-11T09:01:24Z",
        "value": "262564.779006958",
        "cumulative": true
    },
    {
        "date": "2020-09-11T09:01:36Z",
        "value": "265813.60455513",
        "cumulative": true
    },
    {
        "date": "2020-09-11T09:01:49Z",
        "value": "269564.4442310333",
        "cumulative": true
    },
    {
        "date": "2020-09-11T09:02:02Z",
        "value": "273191.11748313904",
        "cumulative": true
    },
    {
        "date": "2020-09-11T09:02:18Z",
        "value": "278123.95018196106",
        "cumulative": true
    },
    {
        "date": "2020-09-11T09:02:35Z",
        "value": "283151.7628555298",
        "cumulative": true
    },
    {
        "date": "2020-09-11T09:02:53Z",
        "value": "288562.16397476196",
        "cumulative": true
    },
    {
        "date": "2020-09-11T09:03:07Z",
        "value": "292744.6776714325",
        "cumulative": true
    },
    {
        "date": "2020-09-11T09:03:26Z",
        "value": "298068.80675315857",
        "cumulative": true
    },
    {
        "date": "2020-09-11T09:03:38Z",
        "value": "301708.69676589966",
        "cumulative": true
    },
    {
        "date": "2020-09-11T09:03:51Z",
        "value": "305807.5004119873",
        "cumulative": true
    },
    {
        "date": "2020-09-11T09:04:03Z",
        "value": "307020.1292362213",
        "cumulative": true
    },
    {
        "date": "2020-09-11T09:04:16Z",
        "value": "307835.11245155334",
        "cumulative": true
    },
    {
        "date": "2020-09-11T09:04:32Z",
        "value": "308961.9068336487",
        "cumulative": true
    },
    {
        "date": "2020-09-11T09:04:49Z",
        "value": "310069.901386261",
        "cumulative": true
    },
    {
        "date": "2020-09-11T09:05:01Z",
        "value": "310839.42590904236",
        "cumulative": true
    },
    {
        "date": "2020-09-11T09:05:16Z",
        "value": "311858.9744606018",
        "cumulative": true
    },
    {
        "date": "2020-09-11T09:05:35Z",
        "value": "313062.04186820984",
        "cumulative": true
    },
    {
        "date": "2020-09-11T09:05:49Z",
        "value": "314000.5096645355",
        "cumulative": true
    },
    {
        "date": "2020-09-11T09:06:02Z",
        "value": "314886.2085285187",
        "cumulative": true
    },
    {
        "date": "2020-09-11T09:06:14Z",
        "value": "315626.63957214355",
        "cumulative": true
    },
    {
        "date": "2020-09-11T09:06:32Z",
        "value": "316807.69827079773",
        "cumulative": true
    },
    {
        "date": "2020-09-11T09:06:43Z",
        "value": "317626.66313171387",
        "cumulative": true
    },
    {
        "date": "2020-09-11T09:07:00Z",
        "value": "318693.2407360077",
        "cumulative": true
    },
    {
        "date": "2020-09-11T09:07:18Z",
        "value": "319801.08629226685",
        "cumulative": true
    },
    {
        "date": "2020-09-11T09:07:32Z",
        "value": "320817.97534942627",
        "cumulative": true
    },
    {
        "date": "2020-09-11T09:07:51Z",
        "value": "321977.0647583008",
        "cumulative": true
    },
    {
        "date": "2020-09-11T09:08:10Z",
        "value": "323321.8243999481",
        "cumulative": true
    },
    {
        "date": "2020-09-11T09:08:23Z",
        "value": "324093.37187576294",
        "cumulative": true
    },
    {
        "date": "2020-09-11T09:08:34Z",
        "value": "324918.59931755066",
        "cumulative": true
    },
    {
        "date": "2020-09-11T09:08:48Z",
        "value": "325830.77664756775",
        "cumulative": true
    },
    {
        "date": "2020-09-11T09:09:04Z",
        "value": "326793.65107917786",
        "cumulative": true
    },
    {
        "date": "2020-09-11T09:09:16Z",
        "value": "327652.6669883728",
        "cumulative": true
    },
    {
        "date": "2020-09-11T09:09:26Z",
        "value": "328337.8285064697",
        "cumulative": true
    },
    {
        "date": "2020-09-11T09:09:37Z",
        "value": "329002.1929779053",
        "cumulative": true
    },
    {
        "date": "2020-09-11T09:09:54Z",
        "value": "333288.7984781265",
        "cumulative": true
    },
    {
        "date": "2020-09-11T09:10:14Z",
        "value": "338873.2103815079",
        "cumulative": true
    },
    {
        "date": "2020-09-11T09:10:31Z",
        "value": "343881.0925683975",
        "cumulative": true
    },
    {
        "date": "2020-09-11T09:10:43Z",
        "value": "347691.23876285553",
        "cumulative": true
    },
    {
        "date": "2020-09-11T09:10:54Z",
        "value": "350642.6833677292",
        "cumulative": true
    },
    {
        "date": "2020-09-11T09:11:11Z",
        "value": "355787.9472322464",
        "cumulative": true
    },
    {
        "date": "2020-09-11T09:11:24Z",
        "value": "359386.89668750763",
        "cumulative": true
    },
    {
        "date": "2020-09-11T09:11:38Z",
        "value": "363723.42631053925",
        "cumulative": true
    },
    {
        "date": "2020-09-11T09:11:55Z",
        "value": "368932.1164083481",
        "cumulative": true
    },
    {
        "date": "2020-09-11T09:12:09Z",
        "value": "373074.19435977936",
        "cumulative": true
    },
    {
        "date": "2020-09-11T09:12:19Z",
        "value": "375967.4155225754",
        "cumulative": true
    },
    {
        "date": "2020-09-11T09:12:36Z",
        "value": "381158.2658033371",
        "cumulative": true
    },
    {
        "date": "2020-09-11T09:12:51Z",
        "value": "385234.5574979782",
        "cumulative": true
    },
    {
        "date": "2020-09-11T09:13:10Z",
        "value": "387802.63053798676",
        "cumulative": true
    },
    {
        "date": "2020-09-11T09:13:30Z",
        "value": "389071.6069917679",
        "cumulative": true
    },
    {
        "date": "2020-09-11T09:13:40Z",
        "value": "389804.02747249603",
        "cumulative": true
    },
    {
        "date": "2020-09-11T09:13:53Z",
        "value": "390666.34133052826",
        "cumulative": true
    },
    {
        "date": "2020-09-11T09:14:11Z",
        "value": "391816.32174396515",
        "cumulative": true
    },
    {
        "date": "2020-09-11T09:14:23Z",
        "value": "392678.55786037445",
        "cumulative": true
    },
    {
        "date": "2020-09-11T09:14:40Z",
        "value": "393740.7322912216",
        "cumulative": true
    },
    {
        "date": "2020-09-11T09:14:56Z",
        "value": "394804.8351430893",
        "cumulative": true
    },
    {
        "date": "2020-09-11T09:15:10Z",
        "value": "395678.2829465866",
        "cumulative": true
    },
    {
        "date": "2020-09-11T09:15:22Z",
        "value": "396475.33968639374",
        "cumulative": true
    },
    {
        "date": "2020-09-11T09:15:42Z",
        "value": "397855.1598176956",
        "cumulative": true
    },
    {
        "date": "2020-09-11T09:16:01Z",
        "value": "399085.8337697983",
        "cumulative": true
    },
    {
        "date": "2020-09-11T09:16:21Z",
        "value": "400439.37289714813",
        "cumulative": true
    },
    {
        "date": "2020-09-11T09:16:31Z",
        "value": "401020.2735147476",
        "cumulative": true
    },
    {
        "date": "2020-09-11T09:16:49Z",
        "value": "402170.758767128",
        "cumulative": true
    },
    {
        "date": "2020-09-11T09:17:08Z",
        "value": "403418.576874733",
        "cumulative": true
    },
    {
        "date": "2020-09-11T09:17:19Z",
        "value": "404183.97386074066",
        "cumulative": true
    },
    {
        "date": "2020-09-11T09:17:36Z",
        "value": "405336.5855474472",
        "cumulative": true
    },
    {
        "date": "2020-09-11T09:17:55Z",
        "value": "406509.99143505096",
        "cumulative": true
    },
    {
        "date": "2020-09-11T09:18:10Z",
        "value": "407464.95168209076",
        "cumulative": true
    },
    {
        "date": "2020-09-11T09:18:27Z",
        "value": "408638.0282716751",
        "cumulative": true
    },
    {
        "date": "2020-09-11T09:18:42Z",
        "value": "409652.94904232025",
        "cumulative": true
    },
    {
        "date": "2020-09-11T09:18:53Z",
        "value": "410335.5132856369",
        "cumulative": true
    },
    {
        "date": "2020-09-11T09:19:05Z",
        "value": "411142.6566476822",
        "cumulative": true
    },
    {
        "date": "2020-09-11T09:19:21Z",
        "value": "412242.7880811691",
        "cumulative": true
    },
    {
        "date": "2020-09-11T09:19:37Z",
        "value": "413268.21695423126",
        "cumulative": true
    },
    {
        "date": "2020-09-11T09:19:56Z",
        "value": "414547.36103343964",
        "cumulative": true
    },
    {
        "date": "2020-09-11T09:20:07Z",
        "value": "415219.83610248566",
        "cumulative": true
    }
]