[
    {
        "date": "2020-09-11T08:29:14Z",
        "value": "4.00543212890625e-05",
        "cumulative": true
    },
    {
        "date": "2020-09-11T08:29:29Z",
        "value": "7.916266441345215",
        "cumulative": true
    },
    {
        "date": "2020-09-11T08:29:44Z",
        "value": "229.28537559509277",
        "cumulative": true
    },
    {
        "date": "2020-09-11T08:30:02Z",
        "value": "2440.425838470459",
        "cumulative": true
    },
    {
        "date": "2020-09-11T08:30:20Z",
        "value": "4958.901737213135",
        "cumulative": true
    },
    {
        "date": "2020-09-11T08:30:40Z",
        "value": "7754.61572265625",
        "cumulative": true
    },
    {
        "date": "2020-09-11T08:30:59Z",
        "value": "10574.20934677124",
        "cumulative": true
    },
    {
        "date": "2020-09-11T08:31:18Z",
        "value": "13838.067187309265",
        "cumulative": true
    },
    {
        "date": "2020-09-11T08:31:35Z",
        "value": "15756.529957771301",
        "cumulative": true
    },
    {
        "date": "2020-09-11T08:31:49Z",
        "value": "18841.73201084137",
        "cumulative": true
    },
    {
        "date": "2020-09-11T08:32:02Z",
        "value": "19798.548659324646",
        "cumulative": true
    },
    {
        "date": "2020-09-11T08:32:15Z",
        "value": "22429.7423620224",
        "cumulative": true
    },
    {
        "date": "2020-09-11T08:32:29Z",
        "value": "24312.240940093994",
        "cumulative": true
    },
    {
        "date": "2020-09-11T08:32:47Z",
        "value": "26315.035418510437",
        "cumulative": true
    },
    {
        "date": "2020-09-11T08:32:58Z",
        "value": "29757.19414615631",
        "cumulative": true
    },
    {
        "date": "2020-09-11T08:33:17Z",
        "value": "31111.605014801025",
        "cumulative": true
    },
    {
        "date": "2020-09-11T08:33:30Z",
        "value": "32448.147564888",
        "cumulative": true
    },
    {
        "date": "2020-09-11T08:33:47Z",
        "value": "37078.03994846344",
        "cumulative": true
    },
    {
        "date": "2020-09-11T08:34:02Z",
        "value": "38518.14410495758",
        "cumulative": true
    },
    {
        "date": "2020-09-11T08:34:16Z",
        "value": "39466.25335025787",
        "cumulative": true
    },
    {
        "date": "2020-09-11T08:34:27Z",
        "value": "40262.65043926239",
        "cumulative": true
    },
    {
        "date": "2020-09-11T08:34:42Z",
        "value": "44103.3646736145",
        "cumulative": true
    },
    {
        "date": "2020-09-11T08:34:56Z",
        "value": "47616.99934005737",
        "cumulative": true
    },
    {
        "date": "2020-09-11T08:35:16Z",
        "value": "49027.66890716553",
        "cumulative": true
    },
    {
        "date": "2020-09-11T08:35:27Z",
        "value": "49880.676723480225",
        "cumulative": true
    },
    {
        "date": "2020-09-11T08:35:39Z",
        "value": "50696.814628601074",
        "cumulative": true
    },
    {
        "date": "2020-09-11T08:35:52Z",
        "value": "53819.6062040329",
        "cumulative": true
    },
    {
        "date": "2020-09-11T08:36:03Z",
        "value": "57284.47472476959",
        "cumulative": true
    },
    {
        "date": "2020-09-11T08:36:15Z",
        "value": "60085.37954998016",
        "cumulative": true
    },
    {
        "date": "2020-09-11T08:36:31Z",
        "value": "61278.53380680084",
        "cumulative": true
    },
    {
        "date": "2020-09-11T08:36:48Z",
        "value": "62457.54268741608",
        "cumulative": true
    },
    {
        "date": "2020-09-11T08:37:04Z",
        "value": "63590.104073524475",
        "cumulative": true
    },
    {
        "date": "2020-09-11T08:37:24Z",
        "value": "66794.97869586945",
        "cumulative": true
    },
    {
        "date": "2020-09-11T08:37:38Z",
        "value": "70667.96337795258",
        "cumulative": true
    },
    {
        "date": "2020-09-11T08:37:51Z",
        "value": "74373.16515636444",
        "cumulative": true
    },
    {
        "date": "2020-09-11T08:38:09Z",
        "value": "76584.06850337982",
        "cumulative": true
    },
    {
        "date": "2020-09-11T08:38:29Z",
        "value": "77998.3199300766",
        "cumulative": true
    },
    {
        "date": "2020-09-11T08:38:49Z",
        "value": "79392.09182834625",
        "cumulative": true
    },
    {
        "date": "2020-09-11T08:39:00Z",
        "value": "80171.7284040451",
        "cumulative": true
    },
    {
        "date": "2020-09-11T08:39:17Z",
        "value": "81895.06631660461",
        "cumulative": true
    },
    {
        "date": "2020-09-11T08:39:31Z",
        "value": "86357.69304084778",
        "cumulative": true
    },
    {
        "date": "2020-09-11T08:39:41Z",
        "value": "89488.8466873169",
        "cumulative": true
    },
    {
        "date": "2020-09-11T08:39:55Z",
        "value": "93284.32082366943",
        "cumulative": true
    },
    {
        "date": "2020-09-11T08:40:08Z",
        "value": "95844.6502122879",
        "cumulative": true
    },
    {
        "date": "2020-09-11T08:40:21Z",
        "value": "96709.37537670135",
        "cumulative": true
    },
    {
        "date": "2020-09-11T08:40:38Z",
        "value": "97836.19738483429",
        "cumulative": true
    },
    {
        "date": "2020-09-11T08:40:57Z",
        "value": "99089.93777179718",
        "cumulative": true
    },
    {
        "date": "2020-09-11T08:41:14Z",
        "value": "100225.5132818222",
        "cumulative": true
    },
    {
        "date": "2020-09-11T08:41:31Z",
        "value": "101362.65832233429",
        "cumulative": true
    },
    {
        "date": "2020-09-11T08:41:48Z",
        "value": "102407.42720127106",
        "cumulative": true
    },
    {
        "date": "2020-09-11T08:42:05Z",
        "value": "107060.50708007812",
        "cumulative": true
    },
    {
        "date": "2020-09-11T08:42:23Z",
        "value": "112807.51593399048",
        "cumulative": true
    },
    {
        "date": "2020-09-11T08:42:42Z",
        "value": "118914.19546699524",
        "cumulative": true
    },
    {
        "date": "2020-09-11T08:43:00Z",
        "value": "121341.42611980438",
        "cumulative": true
    },
    {
        "date": "2020-09-11T08:43:15Z",
        "value": "122332.33680438995",
        "cumulative": true
    },
    {
        "date": "2020-09-11T08:43:32Z",
        "value": "123485.41115283966",
        "cumulative": true
    },
    {
        "date": "2020-09-11T08:43:47Z",
        "value": "124409.85366153717",
        "cumulative": true
    },
    {
        "date": "2020-09-11T08:43:59Z",
        "value": "125194.61539936066",
        "cumulative": true
    },
    {
        "date": "2020-09-11T08:44:14Z",
        "value": "126198.60127162933",
        "cumulative": true
    },
    {
        "date": "2020-09-11T08:44:24Z",
        "value": "126891.81555652618",
        "cumulative": true
    },
    {
        "date": "2020-09-11T08:44:37Z",
        "value": "127728.60783672333",
        "cumulative": true
    },
    {
        "date": "2020-09-11T08:44:49Z",
        "value": "128453.04905223846",
        "cumulative": true
    },
    {
        "date": "2020-09-11T08:45:00Z",
        "value": "129221.03030872345",
        "cumulative": true
    },
    {
        "date": "2020-09-11T08:45:12Z",
        "value": "131643.83629989624",
        "cumulative": true
    },
    {
        "date": "2020-09-11T08:45:25Z",
        "value": "135264.0397529602",
        "cumulative": true
    },
    {
        "date": "2020-09-11T08:45:43Z",
        "value": "140391.62609672546",
        "cumulative": true
    },
    {
        "date": "2020-09-11T08:46:00Z",
        "value": "145836.27908706665",
        "cumulative": true
    },
    {
        "date": "2020-09-11T08:46:20Z",
        "value": "151960.27451324463",
        "cumulative": true
    },
    {
        "date": "2020-09-11T08:46:31Z",
        "value": "152783.92252540588",
        "cumulative": true
    },
    {
        "date": "2020-09-11T08:46:44Z",
        "value": "153652.98705291748",
        "cumulative": true
    },
    {
        "date": "2020-09-11T08:47:02Z",
        "value": "154812.0463104248",
        "cumulative": true
    },
    {
        "date": "2020-09-11T08:47:18Z",
        "value": "155848.31379127502",
        "cumulative": true
    },
    {
        "date": "2020-09-11T08:47:29Z",
        "value": "156631.1278591156",
        "cumulative": true
    },
    {
        "date": "2020-09-11T08:47:47Z",
        "value": "157774.99239730835",
        "cumulative": true
    },
    {
        "date": "2020-09-11T08:47:58Z",
        "value": "158525.18102645874",
        "cumulative": true
    },
    {
        "date": "2020-09-11T08:48:17Z",
        "value": "159713.0968952179",
        "cumulative": true
    },
    {
        "date": "2020-09-11T08:48:36Z",
        "value": "160991.61706733704",
        "cumulative": true
    },
    {
        "date": "2020-09-11T08:48:47Z",
        "value": "161697.92515945435",
        "cumulative": true
    },
    {
        "date": "2020-09-11T08:48:59Z",
        "value": "162511.55300712585",
        "cumulative": true
    },
    {
        "date": "2020-09-11T08:49:13Z",
        "value": "163412.02841377258",
        "cumulative": true
    },
    {
        "date": "2020-09-11T08:49:31Z",
        "value": "168347.2128648758",
        "cumulative": true
    },
    {
        "date": "2020-09-11T08:49:43Z",
        "value": "171630.25858211517",
        "cumulative": true
    },
    {
        "date": "2020-09-11T08:49:59Z",
        "value": "176038.5196275711",
        "cumulative": true
    },
    {
        "date": "2020-09-11T08:50:10Z",
        "value": "179039.76879024506",
        "cumulative": true
    },
    {
        "date": "2020-09-11T08:50:29Z",
        "value": "184418.42590618134",
        "cumulative": true
    },
    {
        "date": "2020-09-11T08:50:40Z",
        "value": "187273.35331439972",
        "cumulative": true
    },
    {
        "date": "2020-09-11T08:50:56Z",
        "value": "191868.01165676117",
        "cumulative": true
    },
    {
        "date": "2020-09-11T08:51:14Z",
        "value": "193191.84288597107",
        "cumulative": true
    },
    {
        "date": "2020-09-11T08:51:24Z",
        "value": "193872.92023277283",
        "cumulative": true
    },
    {
        "date": "2020-09-11T08:51:35Z",
        "value": "194525.6473350525",
        "cumulative": true
    },
    {
        "date": "2020-09-11T08:51:52Z",
        "value": "195651.62207603455",
        "cumulative": true
    },
    {
        "date": "2020-09-11T08:52:08Z",
        "value": "196746.69649124146",
        "cumulative": true
    },
    {
        "date": "2020-09-11T08:52:25Z",
        "value": "197876.27498817444",
        "cumulative": true
    },
    {
        "date": "2020-09-11T08:52:37Z",
        "value": "198639.13565444946",
        "cumulative": true
    },
    {
        "date": "2020-09-11T08:52:56Z",
        "value": "199878.67277145386",
        "cumulative": true
    },
    {
        "date": "2020-09-11T08:53:07Z",
        "value": "200630.79896736145",
        "cumulative": true
    },
    {
        "date": "2020-09-11T08:53:22Z",
        "value": "201511.05722236633",
        "cumulative": true
    },
    {
        "date": "2020-09-11T08:53:35Z",
        "value": "202451.9383869171",
        "cumulative": true
    },
    {
        "date": "2020-09-11T08:53:54Z",
        "value": "203637.81313705444",
        "cumulative": true
    },
    {
        "date": "2020-09-11T08:54:06Z",
        "value": "204380.50303077698",
        "cumulative": true
    },
    {
        "date": "2020-09-11T08:54:25Z",
        "value": "205650.60423088074",
        "cumulative": true
    },
    {
        "date": "2020-09-11T08:54:45Z",
        "value": "208704.55404949188",
        "cumulative": true
    },
    {
        "date": "2020-09-11T08:55:02Z",
        "value": "213599.69917964935",
        "cumulative": true
    },
    {
        "date": "2020-09-11T08:55:18Z",
        "value": "218147.45721149445",
        "cumulative": true
    },
    {
        "date": "2020-09-11T08:55:35Z",
        "value": "222579.3203382492",
        "cumulative": true
    },
    {
        "date": "2020-09-11T08:55:48Z",
        "value": "226455.7644586563",
        "cumulative": true
    },
    {
        "date": "2020-09-11T08:56:05Z",
        "value": "231601.61661624908",
        "cumulative": true
    },
    {
        "date": "2020-09-11T08:56:16Z",
        "value": "234973.95282268524",
        "cumulative": true
    },
    {
        "date": "2020-09-11T08:56:33Z",
        "value": "239862.75208950043",
        "cumulative": true
    },
    {
        "date": "2020-09-11T08:56:49Z",
        "value": "243053.80130195618",
        "cumulative": true
    },
    {
        "date": "2020-09-11T08:57:00Z",
        "value": "243761.8551902771",
        "cumulative": true
    },
    {
        "date": "2020-09-11T08:57:11Z",
        "value": "244486.89401626587",
        "cumulative": true
    },
    {
        "date": "2020-09-11T08:57:27Z",
        "value": "245564.19589424133",
        "cumulative": true
    },
    {
        "date": "2020-09-11T08:57:41Z",
        "value": "246479.79607391357",
        "cumulative": true
    },
    {
        "date": "2020-09-11T08:57:52Z",
        "value": "247183.9757385254",
        "cumulative": true
    },
    {
        "date": "2020-09-11T08:58:08Z",
        "value": "248252.49746704102",
        "cumulative": true
    },
    {
        "date": "2020-09-11T08:58:25Z",
        "value": "249338.11511802673",
        "cumulative": true
    },
    {
        "date": "2020-09-11T08:58:35Z",
        "value": "250059.17606163025",
        "cumulative": true
    },
    {
        "date": "2020-09-11T08:58:47Z",
        "value": "250783.004611969",
        "cumulative": true
    },
    {
        "date": "2020-09-11T08:59:03Z",
        "value": "251848.17420005798",
        "cumulative": true
    },
    {
        "date": "2020-09-11T08:59:19Z",
        "value": "252904.23524665833",
        "cumulative": true
    },
    {
        "date": "2020-09-11T08:59:34Z",
        "value": "253855.4914932251",
        "cumulative": true
    },
    {
        "date": "2020-09-11T08:59:45Z",
        "value": "254573.79475593567",
        "cumulative": true
    },
    {
        "date": "2020-09-11T08:59:59Z",
        "value": "255491.09434890747",
        "cumulative": true
    },
    {
        "date": "2020-09-11T09:00:11Z",
        "value": "256288.61262512207",
        "cumulative": true
    },
    {
        "date": "2020-09-11T09:00:22Z",
        "value": "256970.58986663818",
        "cumulative": true
    },
    {
        "date": "2020-09-11T09:00:38Z",
        "value": "258020.39917182922",
        "cumulative": true
    },
    {
        "date": "2020-09-11T09:00:57Z",
        "value": "259286.91195106506",
        "cumulative": true
    },
    {
        "date": "2020-09-11T09:01:09Z",
        "value": "260046.07633018494",
        "cumulative": true
    },
    {
        "date": "2020-09-11T09:01:25Z",
        "value": "262698.5739469528",
        "cumulative": true
    },
    {
        "date": "2020-09-11T09:01:45Z",
        "value": "268325.3470239639",
        "cumulative": true
    },
    {
        "date": "2020-09-11T09:02:03Z",
        "value": "273552.78040218353",
        "cumulative": true
    },
    {
        "date": "2020-09-11T09:02:18Z",
        "value": "278342.1583433151",
        "cumulative": true
    },
    {
        "date": "2020-09-11T09:02:34Z",
        "value": "282648.1752347946",
        "cumulative": true
    },
    {
        "date": "2020-09-11T09:02:52Z",
        "value": "288329.10691928864",
        "cumulative": true
    },
    {
        "date": "2020-09-11T09:03:07Z",
        "value": "292700.95275974274",
        "cumulative": true
    },
    {
        "date": "2020-09-11T09:03:24Z",
        "value": "297537.0417318344",
        "cumulative": true
    },
    {
        "date": "2020-09-11T09:03:43Z",
        "value": "303223.9436903",
        "cumulative": true
    },
    {
        "date": "2020-09-11T09:04:01Z",
        "value": "306870.6097869873",
        "cumulative": true
    },
    {
        "date": "2020-09-11T09:04:12Z",
        "value": "307554.8236141205",
        "cumulative": true
    },
    {
        "date": "2020-09-11T09:04:26Z",
        "value": "308465.3601551056",
        "cumulative": true
    },
    {
        "date": "2020-09-11T09:04:40Z",
        "value": "309392.9677219391",
        "cumulative": true
    },
    {
        "date": "2020-09-11T09:04:53Z",
        "value": "310286.44766807556",
        "cumulative": true
    },
    {
        "date": "2020-09-11T09:05:13Z",
        "value": "311640.646030426",
        "cumulative": true
    },
    {
        "date": "2020-09-11T09:05:32Z",
        "value": "312846.1817550659",
        "cumulative": true
    },
    {
        "date": "2020-09-11T09:05:48Z",
        "value": "313933.0833797455",
        "cumulative": true
    },
    {
        "date": "2020-09-11T09:06:01Z",
        "value": "314691.6384010315",
        "cumulative": true
    },
    {
        "date": "2020-09-11T09:06:18Z",
        "value": "315848.47435569763",
        "cumulative": true
    },
    {
        "date": "2020-09-11T09:06:33Z",
        "value": "316892.78251838684",
        "cumulative": true
    },
    {
        "date": "2020-09-11T09:06:48Z",
        "value": "317850.58964920044",
        "cumulative": true
    },
    {
        "date": "2020-09-11T09:07:00Z",
        "value": "318649.8720817566",
        "cumulative": true
    },
    {
        "date": "2020-09-11T09:07:14Z",
        "value": "319527.111492157",
        "cumulative": true
    },
    {
        "date": "2020-09-11T09:07:29Z",
        "value": "320543.27240371704",
        "cumulative": true
    },
    {
        "date": "2020-09-11T09:07:42Z",
        "value": "321364.9145526886",
        "cumulative": true
    },
    {
        "date": "2020-09-11T09:08:01Z",
        "value": "322620.08370018005",
        "cumulative": true
    },
    {
        "date": "2020-09-11T09:08:16Z",
        "value": "323585.744638443",
        "cumulative": true
    },
    {
        "date": "2020-09-11T09:08:35Z",
        "value": "324885.29561424255",
        "cumulative": true
    },
    {
        "date": "2020-09-11T09:08:54Z",
        "value": "326120.45306777954",
        "cumulative": true
    },
    {
        "date": "2020-09-11T09:09:12Z",
        "value": "327262.7102203369",
        "cumulative": true
    },
    {
        "date": "2020-09-11T09:09:31Z",
        "value": "328522.0416755676",
        "cumulative": true
    },
    {
        "date": "2020-09-11T09:09:42Z",
        "value": "329477.67593097687",
        "cumulative": true
    },
    {
        "date": "2020-09-11T09:09:53Z",
        "value": "332671.28813648224",
        "cumulative": true
    },
    {
        "date": "2020-09-11T09:10:11Z",
        "value": "338131.9201555252",
        "cumulative": true
    },
    {
        "date": "2020-09-11T09:10:27Z",
        "value": "342842.7992334366",
        "cumulative": true
    },
    {
        "date": "2020-09-11T09:10:46Z",
        "value": "348253.8984708786",
        "cumulative": true
    },
    {
        "date": "2020-09-11T09:10:56Z",
        "value": "351163.2419939041",
        "cumulative": true
    },
    {
        "date": "2020-09-11T09:11:15Z",
        "value": "356703.73829364777",
        "cumulative": true
    },
    {
        "date": "2020-09-11T09:11:31Z",
        "value": "361533.91935634613",
        "cumulative": true
    },
    {
        "date": "2020-09-11T09:11:46Z",
        "value": "366159.89611148834",
        "cumulative": true
    },
    {
        "date": "2020-09-11T09:11:57Z",
        "value": "369623.5578813553",
        "cumulative": true
    },
    {
        "date": "2020-09-11T09:12:17Z",
        "value": "375176.2246751785",
        "cumulative": true
    },
    {
        "date": "2020-09-11T09:12:33Z",
        "value": "380372.70028591156",
        "cumulative": true
    },
    {
        "date": "2020-09-11T09:12:46Z",
        "value": "384055.1522016525",
        "cumulative": true
    },
    {
        "date": "2020-09-11T09:12:57Z",
        "value": "386976.6249322891",
        "cumulative": true
    },
    {
        "date": "2020-09-11T09:13:17Z",
        "value": "388244.3534421921",
        "cumulative": true
    },
    {
        "date": "2020-09-11T09:13:35Z",
        "value": "389528.1072511673",
        "cumulative": true
    },
    {
        "date": "2020-09-11T09:13:48Z",
        "value": "390358.53617191315",
        "cumulative": true
    },
    {
        "date": "2020-09-11T09:13:59Z",
        "value": "391051.90112018585",
        "cumulative": true
    },
    {
        "date": "2020-09-11T09:14:13Z",
        "value": "391965.06554317474",
        "cumulative": true
    },
    {
        "date": "2020-09-11T09:14:28Z",
        "value": "392983.7313642502",
        "cumulative": true
    },
    {
        "date": "2020-09-11T09:14:39Z",
        "value": "393681.518784523",
        "cumulative": true
    },
    {
        "date": "2020-09-11T09:14:59Z",
        "value": "395006.9257879257",
        "cumulative": true
    },
    {
        "date": "2020-09-11T09:15:12Z",
        "value": "395859.97341632843",
        "cumulative": true
    },
    {
        "date": "2020-09-11T09:15:25Z",
        "value": "396723.68277072906",
        "cumulative": true
    },
    {
        "date": "2020-09-11T09:15:39Z",
        "value": "397620.0105638504",
        "cumulative": true
    },
    {
        "date": "2020-09-11T09:15:57Z",
        "value": "398832.20154476166",
        "cumulative": true
    },
    {
        "date": "2020-09-11T09:16:08Z",
        "value": "399598.6796865463",
        "cumulative": true
    },
    {
        "date": "2020-09-11T09:16:19Z",
        "value": "400248.15002918243",
        "cumulative": true
    },
    {
        "date": "2020-09-11T09:16:35Z",
        "value": "401326.31329631805",
        "cumulative": true
    },
    {
        "date": "2020-09-11T09:16:48Z",
        "value": "402189.8337621689",
        "cumulative": true
    },
    {
        "date": "2020-09-11T09:17:03Z",
        "value": "403093.0494337082",
        "cumulative": true
    },
    {
        "date": "2020-09-11T09:17:18Z",
        "value": "404204.6521539688",
        "cumulative": true
    },
    {
        "date": "2020-09-11T09:17:29Z",
        "value": "404806.73928546906",
        "cumulative": true
    },
    {
        "date": "2020-09-11T09:17:48Z",
        "value": "406029.6365880966",
        "cumulative": true
    },
    {
        "date": "2020-09-11T09:17:58Z",
        "value": "406791.82325077057",
        "cumulative": true
    },
    {
        "date": "2020-09-11T09:18:17Z",
        "value": "408008.21478939056",
        "cumulative": true
    },
    {
        "date": "2020-09-11T09:18:29Z",
        "value": "408815.43230724335",
        "cumulative": true
    },
    {
        "date": "2020-09-11T09:18:45Z",
        "value": "409953.0604696274",
        "cumulative": true
    },
    {
        "date": "2020-09-11T09:19:03Z",
        "value": "411104.0456609726",
        "cumulative": true
    },
    {
        "date": "2020-09-11T09:19:17Z",
        "value": "411967.68435001373",
        "cumulative": true
    },
    {
        "date": "2020-09-11T09:19:28Z",
        "value": "412668.63342380524",
        "cumulative": true
    },
    {
        "date": "2020-09-11T09:19:46Z",
        "value": "413817.99445819855",
        "cumulative": true
    },
    {
        "date": "2020-09-11T09:19:58Z",
        "value": "414622.3278455734",
        "cumulative": true
    },
    {
        "date": "2020-09-11T09:20:12Z",
        "value": "415545.4880800247",
        "cumulative": true
    }
]