[
    {
        "date": "2020-09-11T08:29:04Z",
        "value": "4.00543212890625e-05",
        "cumulative": true
    },
    {
        "date": "2020-09-11T08:29:21Z",
        "value": "4.00543212890625e-05",
        "cumulative": true
    },
    {
        "date": "2020-09-11T08:29:38Z",
        "value": "47.08919620513916",
        "cumulative": true
    },
    {
        "date": "2020-09-11T08:29:51Z",
        "value": "977.7444744110107",
        "cumulative": true
    },
    {
        "date": "2020-09-11T08:30:07Z",
        "value": "3101.9934005737305",
        "cumulative": true
    },
    {
        "date": "2020-09-11T08:30:26Z",
        "value": "5956.2189292907715",
        "cumulative": true
    },
    {
        "date": "2020-09-11T08:30:37Z",
        "value": "7586.40018081665",
        "cumulative": true
    },
    {
        "date": "2020-09-11T08:30:53Z",
        "value": "9703.07423210144",
        "cumulative": true
    },
    {
        "date": "2020-09-11T08:31:07Z",
        "value": "12062.53949546814",
        "cumulative": true
    },
    {
        "date": "2020-09-11T08:31:21Z",
        "value": "14569.42259311676",
        "cumulative": true
    },
    {
        "date": "2020-09-11T08:31:40Z",
        "value": "16884.686591148376",
        "cumulative": true
    },
    {
        "date": "2020-09-11T08:31:55Z",
        "value": "19320.23420906067",
        "cumulative": true
    },
    {
        "date": "2020-09-11T08:32:12Z",
        "value": "21493.599917411804",
        "cumulative": true
    },
    {
        "date": "2020-09-11T08:32:30Z",
        "value": "24357.157987594604",
        "cumulative": true
    },
    {
        "date": "2020-09-11T08:32:45Z",
        "value": "25837.438682556152",
        "cumulative": true
    },
    {
        "date": "2020-09-11T08:33:04Z",
        "value": "30217.75652885437",
        "cumulative": true
    },
    {
        "date": "2020-09-11T08:33:15Z",
        "value": "31052.79617881775",
        "cumulative": true
    },
    {
        "date": "2020-09-11T08:33:27Z",
        "value": "31942.86427116394",
        "cumulative": true
    },
    {
        "date": "2020-09-11T08:33:45Z",
        "value": "36609.84704685211",
        "cumulative": true
    },
    {
        "date": "2020-09-11T08:33:55Z",
        "value": "38033.56701087952",
        "cumulative": true
    },
    {
        "date": "2020-09-11T08:34:08Z",
        "value": "38945.907596588135",
        "cumulative": true
    },
    {
        "date": "2020-09-11T08:34:18Z",
        "value": "39684.336950302124",
        "cumulative": true
    },
    {
        "date": "2020-09-11T08:34:35Z",
        "value": "42446.66320037842",
        "cumulative": true
    },
    {
        "date": "2020-09-11T08:34:51Z",
        "value": "46683.86565208435",
        "cumulative": true
    },
    {
        "date": "2020-09-11T08:35:06Z",
        "value": "48365.43589878082",
        "cumulative": true
    },
    {
        "date": "2020-09-11T08:35:17Z",
        "value": "49125.93313884735",
        "cumulative": true
    },
    {
        "date": "2020-09-11T08:35:30Z",
        "value": "50092.661036491394",
        "cumulative": true
    },
    {
        "date": "2020-09-11T08:35:49Z",
        "value": "53139.01499080658",
        "cumulative": true
    },
    {
        "date": "2020-09-11T08:36:06Z",
        "value": "58157.83884716034",
        "cumulative": true
    },
    {
        "date": "2020-09-11T08:36:24Z",
        "value": "60771.617440223694",
        "cumulative": true
    },
    {
        "date": "2020-09-11T08:36:40Z",
        "value": "61901.11496448517",
        "cumulative": true
    },
    {
        "date": "2020-09-11T08:36:51Z",
        "value": "62734.89068698883",
        "cumulative": true
    },
    {
        "date": "2020-09-11T08:37:11Z",
        "value": "64135.66473484039",
        "cumulative": true
    },
    {
        "date": "2020-09-11T08:37:22Z",
        "value": "66484.24004554749",
        "cumulative": true
    },
    {
        "date": "2020-09-11T08:37:37Z",
        "value": "70591.25568008423",
        "cumulative": true
    },
    {
        "date": "2020-09-11T08:37:50Z",
        "value": "74312.37236595154",
        "cumulative": true
    },
    {
        "date": "2020-09-11T08:38:05Z",
        "value": "76341.34248924255",
        "cumulative": true
    },
    {
        "date": "2020-09-11T08:38:20Z",
        "value": "77422.22205543518",
        "cumulative": true
    },
    {
        "date": "2020-09-11T08:38:39Z",
        "value": "78760.6723651886",
        "cumulative": true
    },
    {
        "date": "2020-09-11T08:38:57Z",
        "value": "80069.04044151306",
        "cumulative": true
    },
    {
        "date": "2020-09-11T08:39:16Z",
        "value": "81724.4952955246",
        "cumulative": true
    },
    {
        "date": "2020-09-11T08:39:35Z",
        "value": "87568.1223230362",
        "cumulative": true
    },
    {
        "date": "2020-09-11T08:39:47Z",
        "value": "91127.92886638641",
        "cumulative": true
    },
    {
        "date": "2020-09-11T08:40:02Z",
        "value": "95544.5902709961",
        "cumulative": true
    },
    {
        "date": "2020-09-11T08:40:15Z",
        "value": "96398.43184661865",
        "cumulative": true
    },
    {
        "date": "2020-09-11T08:40:31Z",
        "value": "97493.34393692017",
        "cumulative": true
    },
    {
        "date": "2020-09-11T08:40:49Z",
        "value": "98627.15216827393",
        "cumulative": true
    },
    {
        "date": "2020-09-11T08:41:03Z",
        "value": "99602.24043083191",
        "cumulative": true
    },
    {
        "date": "2020-09-11T08:41:22Z",
        "value": "100811.877576828",
        "cumulative": true
    },
    {
        "date": "2020-09-11T08:41:32Z",
        "value": "101483.25312614441",
        "cumulative": true
    },
    {
        "date": "2020-09-11T08:41:44Z",
        "value": "102298.79620361328",
        "cumulative": true
    },
    {
        "date": "2020-09-11T08:42:00Z",
        "value": "105702.57942199707",
        "cumulative": true
    },
    {
        "date": "2020-09-11T08:42:11Z",
        "value": "109031.65622901917",
        "cumulative": true
    },
    {
        "date": "2020-09-11T08:42:30Z",
        "value": "115075.52256011963",
        "cumulative": true
    },
    {
        "date": "2020-09-11T08:42:47Z",
        "value": "120661.31131267548",
        "cumulative": true
    },
    {
        "date": "2020-09-11T08:42:59Z",
        "value": "121410.15347385406",
        "cumulative": true
    },
    {
        "date": "2020-09-11T08:43:19Z",
        "value": "122725.76157665253",
        "cumulative": true
    },
    {
        "date": "2020-09-11T08:43:34Z",
        "value": "123726.29060077667",
        "cumulative": true
    },
    {
        "date": "2020-09-11T08:43:48Z",
        "value": "124610.7148141861",
        "cumulative": true
    },
    {
        "date": "2020-09-11T08:44:00Z",
        "value": "125419.53074741364",
        "cumulative": true
    },
    {
        "date": "2020-09-11T08:44:12Z",
        "value": "126174.72694301605",
        "cumulative": true
    },
    {
        "date": "2020-09-11T08:44:30Z",
        "value": "127392.9998922348",
        "cumulative": true
    },
    {
        "date": "2020-09-11T08:44:49Z",
        "value": "128593.40863895416",
        "cumulative": true
    },
    {
        "date": "2020-09-11T08:45:01Z",
        "value": "129458.64292430878",
        "cumulative": true
    },
    {
        "date": "2020-09-11T08:45:13Z",
        "value": "132365.43258666992",
        "cumulative": true
    },
    {
        "date": "2020-09-11T08:45:31Z",
        "value": "137042.829454422",
        "cumulative": true
    },
    {
        "date": "2020-09-11T08:45:41Z",
        "value": "139749.968542099",
        "cumulative": true
    },
    {
        "date": "2020-09-11T08:45:59Z",
        "value": "145551.87997817993",
        "cumulative": true
    },
    {
        "date": "2020-09-11T08:46:10Z",
        "value": "148810.96519088745",
        "cumulative": true
    },
    {
        "date": "2020-09-11T08:46:25Z",
        "value": "152597.34529972076",
        "cumulative": true
    },
    {
        "date": "2020-09-11T08:46:37Z",
        "value": "153389.97960567474",
        "cumulative": true
    },
    {
        "date": "2020-09-11T08:46:56Z",
        "value": "154637.44806575775",
        "cumulative": true
    },
    {
        "date": "2020-09-11T08:47:14Z",
        "value": "155783.5936460495",
        "cumulative": true
    },
    {
        "date": "2020-09-11T08:47:28Z",
        "value": "156729.01630687714",
        "cumulative": true
    },
    {
        "date": "2020-09-11T08:47:41Z",
        "value": "157589.2090845108",
        "cumulative": true
    },
    {
        "date": "2020-09-11T08:47:54Z",
        "value": "158414.59286022186",
        "cumulative": true
    },
    {
        "date": "2020-09-11T08:48:13Z",
        "value": "159688.0279378891",
        "cumulative": true
    },
    {
        "date": "2020-09-11T08:48:31Z",
        "value": "160879.55876255035",
        "cumulative": true
    },
    {
        "date": "2020-09-11T08:48:43Z",
        "value": "161663.067404747",
        "cumulative": true
    },
    {
        "date": "2020-09-11T08:49:02Z",
        "value": "162908.3662519455",
        "cumulative": true
    },
    {
        "date": "2020-09-11T08:49:19Z",
        "value": "165091.55381393433",
        "cumulative": true
    },
    {
        "date": "2020-09-11T08:49:33Z",
        "value": "169136.8341808319",
        "cumulative": true
    },
    {
        "date": "2020-09-11T08:49:44Z",
        "value": "172312.3494682312",
        "cumulative": true
    },
    {
        "date": "2020-09-11T08:49:58Z",
        "value": "176055.62481117249",
        "cumulative": true
    },
    {
        "date": "2020-09-11T08:50:16Z",
        "value": "180916.41617965698",
        "cumulative": true
    },
    {
        "date": "2020-09-11T08:50:28Z",
        "value": "184094.95307159424",
        "cumulative": true
    },
    {
        "date": "2020-09-11T08:50:39Z",
        "value": "187302.12855911255",
        "cumulative": true
    },
    {
        "date": "2020-09-11T08:50:59Z",
        "value": "192454.35260868073",
        "cumulative": true
    },
    {
        "date": "2020-09-11T08:51:09Z",
        "value": "193132.87810230255",
        "cumulative": true
    },
    {
        "date": "2020-09-11T08:51:21Z",
        "value": "193986.14426898956",
        "cumulative": true
    },
    {
        "date": "2020-09-11T08:51:33Z",
        "value": "194716.6514749527",
        "cumulative": true
    },
    {
        "date": "2020-09-11T08:51:51Z",
        "value": "195892.77739429474",
        "cumulative": true
    },
    {
        "date": "2020-09-11T08:52:10Z",
        "value": "197163.37412929535",
        "cumulative": true
    },
    {
        "date": "2020-09-11T08:52:27Z",
        "value": "198274.57228565216",
        "cumulative": true
    },
    {
        "date": "2020-09-11T08:52:45Z",
        "value": "199445.9743452072",
        "cumulative": true
    },
    {
        "date": "2020-09-11T08:52:56Z",
        "value": "200170.1543226242",
        "cumulative": true
    },
    {
        "date": "2020-09-11T08:53:14Z",
        "value": "201281.36398601532",
        "cumulative": true
    },
    {
        "date": "2020-09-11T08:53:27Z",
        "value": "202165.93548488617",
        "cumulative": true
    },
    {
        "date": "2020-09-11T08:53:41Z",
        "value": "203068.97582149506",
        "cumulative": true
    },
    {
        "date": "2020-09-11T08:53:52Z",
        "value": "203773.80432605743",
        "cumulative": true
    },
    {
        "date": "2020-09-11T08:54:11Z",
        "value": "205013.5310792923",
        "cumulative": true
    },
    {
        "date": "2020-09-11T08:54:27Z",
        "value": "206031.3816022873",
        "cumulative": true
    },
    {
        "date": "2020-09-11T08:54:39Z",
        "value": "207443.0466079712",
        "cumulative": true
    },
    {
        "date": "2020-09-11T08:54:57Z",
        "value": "212512.6705303192",
        "cumulative": true
    },
    {
        "date": "2020-09-11T08:55:11Z",
        "value": "216501.24343299866",
        "cumulative": true
    },
    {
        "date": "2020-09-11T08:55:30Z",
        "value": "221749.79556274414",
        "cumulative": true
    },
    {
        "date": "2020-09-11T08:55:41Z",
        "value": "224645.0108947754",
        "cumulative": true
    },
    {
        "date": "2020-09-11T08:55:59Z",
        "value": "230007.7065601349",
        "cumulative": true
    },
    {
        "date": "2020-09-11T08:56:15Z",
        "value": "234653.25395393372",
        "cumulative": true
    },
    {
        "date": "2020-09-11T08:56:33Z",
        "value": "240067.27434158325",
        "cumulative": true
    },
    {
        "date": "2020-09-11T08:56:48Z",
        "value": "243263.645693779",
        "cumulative": true
    },
    {
        "date": "2020-09-11T08:57:02Z",
        "value": "244226.03607273102",
        "cumulative": true
    },
    {
        "date": "2020-09-11T08:57:21Z",
        "value": "245489.7201719284",
        "cumulative": true
    },
    {
        "date": "2020-09-11T08:57:31Z",
        "value": "246116.02149868011",
        "cumulative": true
    },
    {
        "date": "2020-09-11T08:57:46Z",
        "value": "247114.75578594208",
        "cumulative": true
    },
    {
        "date": "2020-09-11T08:58:05Z",
        "value": "248362.50069904327",
        "cumulative": true
    },
    {
        "date": "2020-09-11T08:58:19Z",
        "value": "249285.52783870697",
        "cumulative": true
    },
    {
        "date": "2020-09-11T08:58:29Z",
        "value": "250006.75982570648",
        "cumulative": true
    },
    {
        "date": "2020-09-11T08:58:48Z",
        "value": "251160.55718898773",
        "cumulative": true
    },
    {
        "date": "2020-09-11T08:59:05Z",
        "value": "252235.69899082184",
        "cumulative": true
    },
    {
        "date": "2020-09-11T08:59:24Z",
        "value": "253495.49672603607",
        "cumulative": true
    },
    {
        "date": "2020-09-11T08:59:40Z",
        "value": "254532.9099817276",
        "cumulative": true
    },
    {
        "date": "2020-09-11T08:59:55Z",
        "value": "255612.9978132248",
        "cumulative": true
    },
    {
        "date": "2020-09-11T09:00:08Z",
        "value": "256380.03282260895",
        "cumulative": true
    },
    {
        "date": "2020-09-11T09:00:28Z",
        "value": "257675.12548542023",
        "cumulative": true
    },
    {
        "date": "2020-09-11T09:00:40Z",
        "value": "258502.39881801605",
        "cumulative": true
    },
    {
        "date": "2020-09-11T09:00:58Z",
        "value": "259645.61706256866",
        "cumulative": true
    },
    {
        "date": "2020-09-11T09:01:14Z",
        "value": "260705.64821720123",
        "cumulative": true
    },
    {
        "date": "2020-09-11T09:01:29Z",
        "value": "264238.80508232117",
        "cumulative": true
    },
    {
        "date": "2020-09-11T09:01:45Z",
        "value": "268817.57001304626",
        "cumulative": true
    },
    {
        "date": "2020-09-11T09:02:00Z",
        "value": "272940.9712905884",
        "cumulative": true
    },
    {
        "date": "2020-09-11T09:02:17Z",
        "value": "278438.0117931366",
        "cumulative": true
    },
    {
        "date": "2020-09-11T09:02:34Z",
        "value": "283017.5906600952",
        "cumulative": true
    },
    {
        "date": "2020-09-11T09:02:45Z",
        "value": "286441.58723831177",
        "cumulative": true
    },
    {
        "date": "2020-09-11T09:03:04Z",
        "value": "292171.64417648315",
        "cumulative": true
    },
    {
        "date": "2020-09-11T09:03:20Z",
        "value": "296750.10018348694",
        "cumulative": true
    },
    {
        "date": "2020-09-11T09:03:33Z",
        "value": "300408.3629798889",
        "cumulative": true
    },
    {
        "date": "2020-09-11T09:03:46Z",
        "value": "304519.71315574646",
        "cumulative": true
    },
    {
        "date": "2020-09-11T09:04:03Z",
        "value": "307367.72713947296",
        "cumulative": true
    },
    {
        "date": "2020-09-11T09:04:21Z",
        "value": "308635.83501911163",
        "cumulative": true
    },
    {
        "date": "2020-09-11T09:04:32Z",
        "value": "309321.16829776764",
        "cumulative": true
    },
    {
        "date": "2020-09-11T09:04:47Z",
        "value": "310243.57998752594",
        "cumulative": true
    },
    {
        "date": "2020-09-11T09:05:00Z",
        "value": "311145.11083316803",
        "cumulative": true
    },
    {
        "date": "2020-09-11T09:05:17Z",
        "value": "312284.4439229965",
        "cumulative": true
    },
    {
        "date": "2020-09-11T09:05:28Z",
        "value": "312968.9987745285",
        "cumulative": true
    },
    {
        "date": "2020-09-11T09:05:47Z",
        "value": "314198.24826717377",
        "cumulative": true
    },
    {
        "date": "2020-09-11T09:06:04Z",
        "value": "315305.9433069229",
        "cumulative": true
    },
    {
        "date": "2020-09-11T09:06:19Z",
        "value": "316275.2500886917",
        "cumulative": true
    },
    {
        "date": "2020-09-11T09:06:32Z",
        "value": "317158.51578617096",
        "cumulative": true
    },
    {
        "date": "2020-09-11T09:06:43Z",
        "value": "317861.93799877167",
        "cumulative": true
    },
    {
        "date": "2020-09-11T09:06:55Z",
        "value": "318668.6949262619",
        "cumulative": true
    },
    {
        "date": "2020-09-11T09:07:06Z",
        "value": "319413.6387357712",
        "cumulative": true
    },
    {
        "date": "2020-09-11T09:07:20Z",
        "value": "320293.2985563278",
        "cumulative": true
    },
    {
        "date": "2020-09-11T09:07:32Z",
        "value": "321179.27228832245",
        "cumulative": true
    },
    {
        "date": "2020-09-11T09:07:47Z",
        "value": "322098.9659585953",
        "cumulative": true
    },
    {
        "date": "2020-09-11T09:07:59Z",
        "value": "322847.0727376938",
        "cumulative": true
    },
    {
        "date": "2020-09-11T09:08:09Z",
        "value": "323562.33165836334",
        "cumulative": true
    },
    {
        "date": "2020-09-11T09:08:27Z",
        "value": "324826.22622966766",
        "cumulative": true
    },
    {
        "date": "2020-09-11T09:08:38Z",
        "value": "325511.10966205597",
        "cumulative": true
    },
    {
        "date": "2020-09-11T09:08:52Z",
        "value": "326423.7366247177",
        "cumulative": true
    },
    {
        "date": "2020-09-11T09:09:03Z",
        "value": "327145.4961824417",
        "cumulative": true
    },
    {
        "date": "2020-09-11T09:09:16Z",
        "value": "328019.4581041336",
        "cumulative": true
    },
    {
        "date": "2020-09-11T09:09:35Z",
        "value": "329222.5651445389",
        "cumulative": true
    },
    {
        "date": "2020-09-11T09:09:51Z",
        "value": "332502.8965654373",
        "cumulative": true
    },
    {
        "date": "2020-09-11T09:10:11Z",
        "value": "338458.72268390656",
        "cumulative": true
    },
    {
        "date": "2020-09-11T09:10:26Z",
        "value": "342901.8422861099",
        "cumulative": true
    },
    {
        "date": "2020-09-11T09:10:39Z",
        "value": "346824.6472978592",
        "cumulative": true
    },
    {
        "date": "2020-09-11T09:10:57Z",
        "value": "351693.5910139084",
        "cumulative": true
    },
    {
        "date": "2020-09-11T09:11:08Z",
        "value": "355033.7813386917",
        "cumulative": true
    },
    {
        "date": "2020-09-11T09:11:21Z",
        "value": "358921.0545129776",
        "cumulative": true
    },
    {
        "date": "2020-09-11T09:11:39Z",
        "value": "364410.7269411087",
        "cumulative": true
    },
    {
        "date": "2020-09-11T09:11:50Z",
        "value": "367975.37447834015",
        "cumulative": true
    },
    {
        "date": "2020-09-11T09:12:09Z",
        "value": "373504.7082014084",
        "cumulative": true
    },
    {
        "date": "2020-09-11T09:12:21Z",
        "value": "377000.00569057465",
        "cumulative": true
    },
    {
        "date": "2020-09-11T09:12:33Z",
        "value": "380987.5108346939",
        "cumulative": true
    },
    {
        "date": "2020-09-11T09:12:53Z",
        "value": "386320.177737236",
        "cumulative": true
    },
    {
        "date": "2020-09-11T09:13:12Z",
        "value": "388351.7677221298",
        "cumulative": true
    },
    {
        "date": "2020-09-11T09:13:24Z",
        "value": "389190.941699028",
        "cumulative": true
    },
    {
        "date": "2020-09-11T09:13:41Z",
        "value": "390285.4552927017",
        "cumulative": true
    },
    {
        "date": "2020-09-11T09:13:53Z",
        "value": "391146.5426301956",
        "cumulative": true
    },
    {
        "date": "2020-09-11T09:14:09Z",
        "value": "392135.7414216995",
        "cumulative": true
    },
    {
        "date": "2020-09-11T09:14:20Z",
        "value": "392909.4912176132",
        "cumulative": true
    },
    {
        "date": "2020-09-11T09:14:39Z",
        "value": "394131.77780246735",
        "cumulative": true
    },
    {
        "date": "2020-09-11T09:14:54Z",
        "value": "395177.092707634",
        "cumulative": true
    },
    {
        "date": "2020-09-11T09:15:12Z",
        "value": "396345.36861133575",
        "cumulative": true
    },
    {
        "date": "2020-09-11T09:15:30Z",
        "value": "397504.5290002823",
        "cumulative": true
    },
    {
        "date": "2020-09-11T09:15:48Z",
        "value": "398697.2779188156",
        "cumulative": true
    },
    {
        "date": "2020-09-11T09:16:02Z",
        "value": "399640.4840707779",
        "cumulative": true
    },
    {
        "date": "2020-09-11T09:16:14Z",
        "value": "400426.4508199692",
        "cumulative": true
    },
    {
        "date": "2020-09-11T09:16:28Z",
        "value": "401301.74920749664",
        "cumulative": true
    },
    {
        "date": "2020-09-11T09:16:46Z",
        "value": "402478.8774213791",
        "cumulative": true
    },
    {
        "date": "2020-09-11T09:17:04Z",
        "value": "403626.4936571121",
        "cumulative": true
    },
    {
        "date": "2020-09-11T09:17:17Z",
        "value": "404469.1703824997",
        "cumulative": true
    },
    {
        "date": "2020-09-11T09:17:31Z",
        "value": "405434.64322566986",
        "cumulative": true
    },
    {
        "date": "2020-09-11T09:17:45Z",
        "value": "406406.4344072342",
        "cumulative": true
    },
    {
        "date": "2020-09-11T09:18:02Z",
        "value": "407484.7271203995",
        "cumulative": true
    },
    {
        "date": "2020-09-11T09:18:21Z",
        "value": "408732.12045383453",
        "cumulative": true
    },
    {
        "date": "2020-09-11T09:18:39Z",
        "value": "409932.639626503",
        "cumulative": true
    },
    {
        "date": "2020-09-11T09:18:53Z",
        "value": "410857.9928445816",
        "cumulative": true
    },
    {
        "date": "2020-09-11T09:19:08Z",
        "value": "411874.9922399521",
        "cumulative": true
    },
    {
        "date": "2020-09-11T09:19:18Z",
        "value": "412530.78135204315",
        "cumulative": true
    },
    {
        "date": "2020-09-11T09:19:36Z",
        "value": "413686.0493249893",
        "cumulative": true
    },
    {
        "date": "2020-09-11T09:19:48Z",
        "value": "414470.78751277924",
        "cumulative": true
    },
    {
        "date": "2020-09-11T09:20:07Z",
        "value": "415733.0586633682",
        "cumulative": true
    }
]