[
    {
        "date": "2020-09-11T08:29:18Z",
        "value": "1.8359375",
        "cumulative": false
    },
    {
        "date": "2020-09-11T08:29:33Z",
        "value": "114.23046875",
        "cumulative": false
    },
    {
        "date": "2020-09-11T08:29:46Z",
        "value": "115.54296875",
        "cumulative": false
    },
    {
        "date": "2020-09-11T08:30:06Z",
        "value": "122.890625",
        "cumulative": false
    },
    {
        "date": "2020-09-11T08:30:17Z",
        "value": "118.80859375",
        "cumulative": false
    },
    {
        "date": "2020-09-11T08:30:33Z",
        "value": "132.22265625",
        "cumulative": false
    },
    {
        "date": "2020-09-11T08:30:44Z",
        "value": "136.03515625",
        "cumulative": false
    },
    {
        "date": "2020-09-11T08:31:00Z",
        "value": "141.0703125",
        "cumulative": false
    },
    {
        "date": "2020-09-11T08:31:15Z",
        "value": "132.6640625",
        "cumulative": false
    },
    {
        "date": "2020-09-11T08:31:32Z",
        "value": "154.734375",
        "cumulative": false
    },
    {
        "date": "2020-09-11T08:31:44Z",
        "value": "173.265625",
        "cumulative": false
    },
    {
        "date": "2020-09-11T08:32:03Z",
        "value": "154.90625",
        "cumulative": false
    },
    {
        "date": "2020-09-11T08:32:15Z",
        "value": "187.828125",
        "cumulative": false
    },
    {
        "date": "2020-09-11T08:32:34Z",
        "value": "176.3984375",
        "cumulative": false
    },
    {
        "date": "2020-09-11T08:32:54Z",
        "value": "176.7734375",
        "cumulative": false
    },
    {
        "date": "2020-09-11T08:33:05Z",
        "value": "176.7734375",
        "cumulative": false
    },
    {
        "date": "2020-09-11T08:33:18Z",
        "value": "176.7734375",
        "cumulative": false
    },
    {
        "date": "2020-09-11T08:33:34Z",
        "value": "172.8359375",
        "cumulative": false
    },
    {
        "date": "2020-09-11T08:33:45Z",
        "value": "155.2265625",
        "cumulative": false
    },
    {
        "date": "2020-09-11T08:33:57Z",
        "value": "155.25",
        "cumulative": false
    },
    {
        "date": "2020-09-11T08:34:07Z",
        "value": "155.28125",
        "cumulative": false
    },
    {
        "date": "2020-09-11T08:34:24Z",
        "value": "210.875",
        "cumulative": false
    },
    {
        "date": "2020-09-11T08:34:40Z",
        "value": "197.43359375",
        "cumulative": false
    },
    {
        "date": "2020-09-11T08:34:51Z",
        "value": "183.55859375",
        "cumulative": false
    },
    {
        "date": "2020-09-11T08:35:10Z",
        "value": "211.73828125",
        "cumulative": false
    },
    {
        "date": "2020-09-11T08:35:28Z",
        "value": "211.73828125",
        "cumulative": false
    },
    {
        "date": "2020-09-11T08:35:40Z",
        "value": "211.73828125",
        "cumulative": false
    },
    {
        "date": "2020-09-11T08:35:58Z",
        "value": "216.5546875",
        "cumulative": false
    },
    {
        "date": "2020-09-11T08:36:13Z",
        "value": "147.78515625",
        "cumulative": false
    },
    {
        "date": "2020-09-11T08:36:29Z",
        "value": "236.484375",
        "cumulative": false
    },
    {
        "date": "2020-09-11T08:36:44Z",
        "value": "236.5078125",
        "cumulative": false
    },
    {
        "date": "2020-09-11T08:36:59Z",
        "value": "236.5078125",
        "cumulative": false
    },
    {
        "date": "2020-09-11T08:37:16Z",
        "value": "233.57421875",
        "cumulative": false
    },
    {
        "date": "2020-09-11T08:37:31Z",
        "value": "192.89453125",
        "cumulative": false
    },
    {
        "date": "2020-09-11T08:37:51Z",
        "value": "236.796875",
        "cumulative": false
    },
    {
        "date": "2020-09-11T08:38:03Z",
        "value": "267.28125",
        "cumulative": false
    },
    {
        "date": "2020-09-11T08:38:15Z",
        "value": "155.53125",
        "cumulative": false
    },
    {
        "date": "2020-09-11T08:38:26Z",
        "value": "155.6328125",
        "cumulative": false
    },
    {
        "date": "2020-09-11T08:38:44Z",
        "value": "235.03125",
        "cumulative": false
    },
    {
        "date": "2020-09-11T08:38:57Z",
        "value": "155.7265625",
        "cumulative": false
    },
    {
        "date": "2020-09-11T08:39:09Z",
        "value": "155.609375",
        "cumulative": false
    },
    {
        "date": "2020-09-11T08:39:27Z",
        "value": "212.609375",
        "cumulative": false
    },
    {
        "date": "2020-09-11T08:39:46Z",
        "value": "284.890625",
        "cumulative": false
    },
    {
        "date": "2020-09-11T08:40:02Z",
        "value": "212.546875",
        "cumulative": false
    },
    {
        "date": "2020-09-11T08:40:20Z",
        "value": "183.84375",
        "cumulative": false
    },
    {
        "date": "2020-09-11T08:40:32Z",
        "value": "165.34375",
        "cumulative": false
    },
    {
        "date": "2020-09-11T08:40:47Z",
        "value": "254.3828125",
        "cumulative": false
    },
    {
        "date": "2020-09-11T08:41:00Z",
        "value": "165.390625",
        "cumulative": false
    },
    {
        "date": "2020-09-11T08:41:18Z",
        "value": "165.41796875",
        "cumulative": false
    },
    {
        "date": "2020-09-11T08:41:34Z",
        "value": "197.21875",
        "cumulative": false
    },
    {
        "date": "2020-09-11T08:41:44Z",
        "value": "165.44921875",
        "cumulative": false
    },
    {
        "date": "2020-09-11T08:41:56Z",
        "value": "270.4375",
        "cumulative": false
    },
    {
        "date": "2020-09-11T08:42:08Z",
        "value": "259.4375",
        "cumulative": false
    },
    {
        "date": "2020-09-11T08:42:19Z",
        "value": "259.9453125",
        "cumulative": false
    },
    {
        "date": "2020-09-11T08:42:31Z",
        "value": "267.1875",
        "cumulative": false
    },
    {
        "date": "2020-09-11T08:42:43Z",
        "value": "287.1875",
        "cumulative": false
    },
    {
        "date": "2020-09-11T08:43:02Z",
        "value": "262.75390625",
        "cumulative": false
    },
    {
        "date": "2020-09-11T08:43:16Z",
        "value": "238.87890625",
        "cumulative": false
    },
    {
        "date": "2020-09-11T08:43:33Z",
        "value": "177.7578125",
        "cumulative": false
    },
    {
        "date": "2020-09-11T08:43:45Z",
        "value": "177.75390625",
        "cumulative": false
    },
    {
        "date": "2020-09-11T08:43:57Z",
        "value": "177.94921875",
        "cumulative": false
    },
    {
        "date": "2020-09-11T08:44:09Z",
        "value": "177.7578125",
        "cumulative": false
    },
    {
        "date": "2020-09-11T08:44:23Z",
        "value": "294.234375",
        "cumulative": false
    },
    {
        "date": "2020-09-11T08:44:35Z",
        "value": "177.94921875",
        "cumulative": false
    },
    {
        "date": "2020-09-11T08:44:48Z",
        "value": "177.82421875",
        "cumulative": false
    },
    {
        "date": "2020-09-11T08:45:06Z",
        "value": "286.4453125",
        "cumulative": false
    },
    {
        "date": "2020-09-11T08:45:18Z",
        "value": "268.59765625",
        "cumulative": false
    },
    {
        "date": "2020-09-11T08:45:35Z",
        "value": "353.22265625",
        "cumulative": false
    },
    {
        "date": "2020-09-11T08:45:50Z",
        "value": "402.22265625",
        "cumulative": false
    },
    {
        "date": "2020-09-11T08:46:02Z",
        "value": "268.59765625",
        "cumulative": false
    },
    {
        "date": "2020-09-11T08:46:22Z",
        "value": "193.3984375",
        "cumulative": false
    },
    {
        "date": "2020-09-11T08:46:35Z",
        "value": "347.77734375",
        "cumulative": false
    },
    {
        "date": "2020-09-11T08:46:46Z",
        "value": "318.65234375",
        "cumulative": false
    },
    {
        "date": "2020-09-11T08:47:00Z",
        "value": "387.15234375",
        "cumulative": false
    },
    {
        "date": "2020-09-11T08:47:15Z",
        "value": "233.3984375",
        "cumulative": false
    },
    {
        "date": "2020-09-11T08:47:26Z",
        "value": "193.421875",
        "cumulative": false
    },
    {
        "date": "2020-09-11T08:47:37Z",
        "value": "328.15234375",
        "cumulative": false
    },
    {
        "date": "2020-09-11T08:47:55Z",
        "value": "193.421875",
        "cumulative": false
    },
    {
        "date": "2020-09-11T08:48:07Z",
        "value": "193.40234375",
        "cumulative": false
    },
    {
        "date": "2020-09-11T08:48:23Z",
        "value": "193.3984375",
        "cumulative": false
    },
    {
        "date": "2020-09-11T08:48:39Z",
        "value": "221.52734375",
        "cumulative": false
    },
    {
        "date": "2020-09-11T08:48:53Z",
        "value": "193.421875",
        "cumulative": false
    },
    {
        "date": "2020-09-11T08:49:03Z",
        "value": "193.421875",
        "cumulative": false
    },
    {
        "date": "2020-09-11T08:49:17Z",
        "value": "308.203125",
        "cumulative": false
    },
    {
        "date": "2020-09-11T08:49:36Z",
        "value": "497.54296875",
        "cumulative": false
    },
    {
        "date": "2020-09-11T08:49:47Z",
        "value": "361.71875",
        "cumulative": false
    },
    {
        "date": "2020-09-11T08:50:06Z",
        "value": "434.578125",
        "cumulative": false
    },
    {
        "date": "2020-09-11T08:50:21Z",
        "value": "484.72265625",
        "cumulative": false
    },
    {
        "date": "2020-09-11T08:50:38Z",
        "value": "466.46875",
        "cumulative": false
    },
    {
        "date": "2020-09-11T08:50:53Z",
        "value": "308.203125",
        "cumulative": false
    },
    {
        "date": "2020-09-11T08:51:06Z",
        "value": "213.1484375",
        "cumulative": false
    },
    {
        "date": "2020-09-11T08:51:18Z",
        "value": "213.1484375",
        "cumulative": false
    },
    {
        "date": "2020-09-11T08:51:29Z",
        "value": "213.1875",
        "cumulative": false
    },
    {
        "date": "2020-09-11T08:51:42Z",
        "value": "213.15234375",
        "cumulative": false
    },
    {
        "date": "2020-09-11T08:51:54Z",
        "value": "317.1484375",
        "cumulative": false
    },
    {
        "date": "2020-09-11T08:52:07Z",
        "value": "213.1484375",
        "cumulative": false
    },
    {
        "date": "2020-09-11T08:52:22Z",
        "value": "213.15234375",
        "cumulative": false
    },
    {
        "date": "2020-09-11T08:52:32Z",
        "value": "213.1484375",
        "cumulative": false
    },
    {
        "date": "2020-09-11T08:52:50Z",
        "value": "213.22265625",
        "cumulative": false
    },
    {
        "date": "2020-09-11T08:53:05Z",
        "value": "213.15234375",
        "cumulative": false
    },
    {
        "date": "2020-09-11T08:53:22Z",
        "value": "332.8125",
        "cumulative": false
    },
    {
        "date": "2020-09-11T08:53:42Z",
        "value": "418.27734375",
        "cumulative": false
    },
    {
        "date": "2020-09-11T08:53:56Z",
        "value": "213.1875",
        "cumulative": false
    },
    {
        "date": "2020-09-11T08:54:07Z",
        "value": "213.1875",
        "cumulative": false
    },
    {
        "date": "2020-09-11T08:54:25Z",
        "value": "213.15234375",
        "cumulative": false
    },
    {
        "date": "2020-09-11T08:54:35Z",
        "value": "213.1484375",
        "cumulative": false
    },
    {
        "date": "2020-09-11T08:54:46Z",
        "value": "357.9921875",
        "cumulative": false
    },
    {
        "date": "2020-09-11T08:54:59Z",
        "value": "357.9921875",
        "cumulative": false
    },
    {
        "date": "2020-09-11T08:55:16Z",
        "value": "526.36328125",
        "cumulative": false
    },
    {
        "date": "2020-09-11T08:55:27Z",
        "value": "357.9921875",
        "cumulative": false
    },
    {
        "date": "2020-09-11T08:55:44Z",
        "value": "530.4921875",
        "cumulative": false
    },
    {
        "date": "2020-09-11T08:56:02Z",
        "value": "357.98828125",
        "cumulative": false
    },
    {
        "date": "2020-09-11T08:56:15Z",
        "value": "358.10546875",
        "cumulative": false
    },
    {
        "date": "2020-09-11T08:56:28Z",
        "value": "421.10546875",
        "cumulative": false
    },
    {
        "date": "2020-09-11T08:56:41Z",
        "value": "358.10546875",
        "cumulative": false
    },
    {
        "date": "2020-09-11T08:56:57Z",
        "value": "238.22265625",
        "cumulative": false
    },
    {
        "date": "2020-09-11T08:57:10Z",
        "value": "238.11328125",
        "cumulative": false
    },
    {
        "date": "2020-09-11T08:57:27Z",
        "value": "527.11328125",
        "cumulative": false
    },
    {
        "date": "2020-09-11T08:57:44Z",
        "value": "238.22265625",
        "cumulative": false
    },
    {
        "date": "2020-09-11T08:58:00Z",
        "value": "238.11328125",
        "cumulative": false
    },
    {
        "date": "2020-09-11T08:58:11Z",
        "value": "430.09765625",
        "cumulative": false
    },
    {
        "date": "2020-09-11T08:58:24Z",
        "value": "238.11328125",
        "cumulative": false
    },
    {
        "date": "2020-09-11T08:58:35Z",
        "value": "238.11328125",
        "cumulative": false
    },
    {
        "date": "2020-09-11T08:58:53Z",
        "value": "238.22265625",
        "cumulative": false
    },
    {
        "date": "2020-09-11T08:59:09Z",
        "value": "539.36328125",
        "cumulative": false
    },
    {
        "date": "2020-09-11T08:59:22Z",
        "value": "270.61328125",
        "cumulative": false
    },
    {
        "date": "2020-09-11T08:59:41Z",
        "value": "238.11328125",
        "cumulative": false
    },
    {
        "date": "2020-09-11T08:59:56Z",
        "value": "418.73828125",
        "cumulative": false
    },
    {
        "date": "2020-09-11T09:00:15Z",
        "value": "406.61328125",
        "cumulative": false
    },
    {
        "date": "2020-09-11T09:00:33Z",
        "value": "238.22265625",
        "cumulative": false
    },
    {
        "date": "2020-09-11T09:00:47Z",
        "value": "250.86328125",
        "cumulative": false
    },
    {
        "date": "2020-09-11T09:01:07Z",
        "value": "372.61328125",
        "cumulative": false
    },
    {
        "date": "2020-09-11T09:01:18Z",
        "value": "143.6015625",
        "cumulative": false
    },
    {
        "date": "2020-09-11T09:01:34Z",
        "value": "420.953125",
        "cumulative": false
    },
    {
        "date": "2020-09-11T09:01:53Z",
        "value": "504.40234375",
        "cumulative": false
    },
    {
        "date": "2020-09-11T09:02:12Z",
        "value": "420.98046875",
        "cumulative": false
    },
    {
        "date": "2020-09-11T09:02:31Z",
        "value": "420.953125",
        "cumulative": false
    },
    {
        "date": "2020-09-11T09:02:45Z",
        "value": "420.953125",
        "cumulative": false
    },
    {
        "date": "2020-09-11T09:02:56Z",
        "value": "420.953125",
        "cumulative": false
    },
    {
        "date": "2020-09-11T09:03:13Z",
        "value": "571.703125",
        "cumulative": false
    },
    {
        "date": "2020-09-11T09:03:26Z",
        "value": "426.828125",
        "cumulative": false
    },
    {
        "date": "2020-09-11T09:03:41Z",
        "value": "420.953125",
        "cumulative": false
    },
    {
        "date": "2020-09-11T09:03:52Z",
        "value": "436.203125",
        "cumulative": false
    },
    {
        "date": "2020-09-11T09:04:06Z",
        "value": "269.59375",
        "cumulative": false
    },
    {
        "date": "2020-09-11T09:04:24Z",
        "value": "269.6328125",
        "cumulative": false
    },
    {
        "date": "2020-09-11T09:04:40Z",
        "value": "269.59375",
        "cumulative": false
    },
    {
        "date": "2020-09-11T09:04:51Z",
        "value": "269.58984375",
        "cumulative": false
    },
    {
        "date": "2020-09-11T09:05:10Z",
        "value": "660.59375",
        "cumulative": false
    },
    {
        "date": "2020-09-11T09:05:24Z",
        "value": "420.8828125",
        "cumulative": false
    },
    {
        "date": "2020-09-11T09:05:37Z",
        "value": "287.71875",
        "cumulative": false
    },
    {
        "date": "2020-09-11T09:05:48Z",
        "value": "654.83984375",
        "cumulative": false
    },
    {
        "date": "2020-09-11T09:06:07Z",
        "value": "269.58984375",
        "cumulative": false
    },
    {
        "date": "2020-09-11T09:06:20Z",
        "value": "269.671875",
        "cumulative": false
    },
    {
        "date": "2020-09-11T09:06:38Z",
        "value": "269.59375",
        "cumulative": false
    },
    {
        "date": "2020-09-11T09:06:57Z",
        "value": "269.58984375",
        "cumulative": false
    },
    {
        "date": "2020-09-11T09:07:13Z",
        "value": "269.6328125",
        "cumulative": false
    },
    {
        "date": "2020-09-11T09:07:32Z",
        "value": "326.46484375",
        "cumulative": false
    },
    {
        "date": "2020-09-11T09:07:50Z",
        "value": "496.96875",
        "cumulative": false
    },
    {
        "date": "2020-09-11T09:08:02Z",
        "value": "269.59375",
        "cumulative": false
    },
    {
        "date": "2020-09-11T09:08:13Z",
        "value": "269.58984375",
        "cumulative": false
    },
    {
        "date": "2020-09-11T09:08:32Z",
        "value": "269.58984375",
        "cumulative": false
    },
    {
        "date": "2020-09-11T09:08:48Z",
        "value": "269.58984375",
        "cumulative": false
    },
    {
        "date": "2020-09-11T09:09:01Z",
        "value": "269.6328125",
        "cumulative": false
    },
    {
        "date": "2020-09-11T09:09:20Z",
        "value": "561.46875",
        "cumulative": false
    },
    {
        "date": "2020-09-11T09:09:35Z",
        "value": "269.58984375",
        "cumulative": false
    },
    {
        "date": "2020-09-11T09:09:50Z",
        "value": "500.4453125",
        "cumulative": false
    },
    {
        "date": "2020-09-11T09:10:07Z",
        "value": "500.453125",
        "cumulative": false
    },
    {
        "date": "2020-09-11T09:10:19Z",
        "value": "500.453125",
        "cumulative": false
    },
    {
        "date": "2020-09-11T09:10:34Z",
        "value": "500.48046875",
        "cumulative": false
    },
    {
        "date": "2020-09-11T09:10:49Z",
        "value": "500.4453125",
        "cumulative": false
    },
    {
        "date": "2020-09-11T09:11:01Z",
        "value": "578.3203125",
        "cumulative": false
    },
    {
        "date": "2020-09-11T09:11:17Z",
        "value": "603.5703125",
        "cumulative": false
    },
    {
        "date": "2020-09-11T09:11:32Z",
        "value": "500.4453125",
        "cumulative": false
    },
    {
        "date": "2020-09-11T09:11:47Z",
        "value": "500.4453125",
        "cumulative": false
    },
    {
        "date": "2020-09-11T09:12:02Z",
        "value": "500.4453125",
        "cumulative": false
    },
    {
        "date": "2020-09-11T09:12:18Z",
        "value": "500.48046875",
        "cumulative": false
    },
    {
        "date": "2020-09-11T09:12:35Z",
        "value": "500.453125",
        "cumulative": false
    },
    {
        "date": "2020-09-11T09:12:48Z",
        "value": "500.453125",
        "cumulative": false
    },
    {
        "date": "2020-09-11T09:13:02Z",
        "value": "309.390625",
        "cumulative": false
    },
    {
        "date": "2020-09-11T09:13:14Z",
        "value": "654.96875",
        "cumulative": false
    },
    {
        "date": "2020-09-11T09:13:29Z",
        "value": "309.34375",
        "cumulative": false
    },
    {
        "date": "2020-09-11T09:13:42Z",
        "value": "309.34375",
        "cumulative": false
    },
    {
        "date": "2020-09-11T09:13:52Z",
        "value": "421.09375",
        "cumulative": false
    },
    {
        "date": "2020-09-11T09:14:10Z",
        "value": "411.96875",
        "cumulative": false
    },
    {
        "date": "2020-09-11T09:14:24Z",
        "value": "798.96875",
        "cumulative": false
    },
    {
        "date": "2020-09-11T09:14:42Z",
        "value": "309.34375",
        "cumulative": false
    },
    {
        "date": "2020-09-11T09:15:01Z",
        "value": "309.34375",
        "cumulative": false
    },
    {
        "date": "2020-09-11T09:15:20Z",
        "value": "505.84375",
        "cumulative": false
    },
    {
        "date": "2020-09-11T09:15:30Z",
        "value": "309.34375",
        "cumulative": false
    },
    {
        "date": "2020-09-11T09:15:42Z",
        "value": "779.96875",
        "cumulative": false
    },
    {
        "date": "2020-09-11T09:16:02Z",
        "value": "309.34375",
        "cumulative": false
    },
    {
        "date": "2020-09-11T09:16:16Z",
        "value": "309.34375",
        "cumulative": false
    },
    {
        "date": "2020-09-11T09:16:30Z",
        "value": "676.34375",
        "cumulative": false
    },
    {
        "date": "2020-09-11T09:16:43Z",
        "value": "309.34375",
        "cumulative": false
    },
    {
        "date": "2020-09-11T09:17:02Z",
        "value": "309.34375",
        "cumulative": false
    },
    {
        "date": "2020-09-11T09:17:18Z",
        "value": "453.21875",
        "cumulative": false
    },
    {
        "date": "2020-09-11T09:17:32Z",
        "value": "508.21875",
        "cumulative": false
    },
    {
        "date": "2020-09-11T09:17:45Z",
        "value": "719.34375",
        "cumulative": false
    },
    {
        "date": "2020-09-11T09:18:05Z",
        "value": "309.34375",
        "cumulative": false
    },
    {
        "date": "2020-09-11T09:18:17Z",
        "value": "309.34375",
        "cumulative": false
    },
    {
        "date": "2020-09-11T09:18:35Z",
        "value": "309.34375",
        "cumulative": false
    },
    {
        "date": "2020-09-11T09:18:46Z",
        "value": "544.84375",
        "cumulative": false
    },
    {
        "date": "2020-09-11T09:19:04Z",
        "value": "881.71875",
        "cumulative": false
    },
    {
        "date": "2020-09-11T09:19:17Z",
        "value": "840.96875",
        "cumulative": false
    },
    {
        "date": "2020-09-11T09:19:35Z",
        "value": "309.390625",
        "cumulative": false
    },
    {
        "date": "2020-09-11T09:19:50Z",
        "value": "309.34375",
        "cumulative": false
    },
    {
        "date": "2020-09-11T09:20:05Z",
        "value": "309.4375",
        "cumulative": false
    }
]