[
    {
        "date": "2020-09-11T08:29:04Z",
        "value": "0.0009593963623046875",
        "cumulative": true
    },
    {
        "date": "2020-09-11T08:29:21Z",
        "value": "0.0009593963623046875",
        "cumulative": true
    },
    {
        "date": "2020-09-11T08:29:38Z",
        "value": "46.57183361053467",
        "cumulative": true
    },
    {
        "date": "2020-09-11T08:29:51Z",
        "value": "977.2942609786987",
        "cumulative": true
    },
    {
        "date": "2020-09-11T08:30:07Z",
        "value": "3103.315068244934",
        "cumulative": true
    },
    {
        "date": "2020-09-11T08:30:26Z",
        "value": "5959.561903953552",
        "cumulative": true
    },
    {
        "date": "2020-09-11T08:30:37Z",
        "value": "7588.854439735413",
        "cumulative": true
    },
    {
        "date": "2020-09-11T08:30:53Z",
        "value": "9705.024786949158",
        "cumulative": true
    },
    {
        "date": "2020-09-11T08:31:07Z",
        "value": "12064.644591331482",
        "cumulative": true
    },
    {
        "date": "2020-09-11T08:31:21Z",
        "value": "14573.15717124939",
        "cumulative": true
    },
    {
        "date": "2020-09-11T08:31:40Z",
        "value": "16887.936504364014",
        "cumulative": true
    },
    {
        "date": "2020-09-11T08:31:55Z",
        "value": "19323.197333335876",
        "cumulative": true
    },
    {
        "date": "2020-09-11T08:32:12Z",
        "value": "21491.711059570312",
        "cumulative": true
    },
    {
        "date": "2020-09-11T08:32:30Z",
        "value": "24352.694209098816",
        "cumulative": true
    },
    {
        "date": "2020-09-11T08:32:45Z",
        "value": "25833.707354545593",
        "cumulative": true
    },
    {
        "date": "2020-09-11T08:33:04Z",
        "value": "30217.100741386414",
        "cumulative": true
    },
    {
        "date": "2020-09-11T08:33:15Z",
        "value": "31051.11937046051",
        "cumulative": true
    },
    {
        "date": "2020-09-11T08:33:27Z",
        "value": "31940.9997549057",
        "cumulative": true
    },
    {
        "date": "2020-09-11T08:33:45Z",
        "value": "36610.397426605225",
        "cumulative": true
    },
    {
        "date": "2020-09-11T08:33:55Z",
        "value": "38029.85910320282",
        "cumulative": true
    },
    {
        "date": "2020-09-11T08:34:08Z",
        "value": "38941.38141536713",
        "cumulative": true
    },
    {
        "date": "2020-09-11T08:34:18Z",
        "value": "39679.78049945831",
        "cumulative": true
    },
    {
        "date": "2020-09-11T08:34:35Z",
        "value": "42444.364396095276",
        "cumulative": true
    },
    {
        "date": "2020-09-11T08:34:51Z",
        "value": "46677.04260349274",
        "cumulative": true
    },
    {
        "date": "2020-09-11T08:35:06Z",
        "value": "48359.673400878906",
        "cumulative": true
    },
    {
        "date": "2020-09-11T08:35:17Z",
        "value": "49119.013593673706",
        "cumulative": true
    },
    {
        "date": "2020-09-11T08:35:30Z",
        "value": "50086.0221157074",
        "cumulative": true
    },
    {
        "date": "2020-09-11T08:35:49Z",
        "value": "53132.16498374939",
        "cumulative": true
    },
    {
        "date": "2020-09-11T08:36:06Z",
        "value": "58149.967754364014",
        "cumulative": true
    },
    {
        "date": "2020-09-11T08:36:24Z",
        "value": "60761.607694625854",
        "cumulative": true
    },
    {
        "date": "2020-09-11T08:36:40Z",
        "value": "61887.43606376648",
        "cumulative": true
    },
    {
        "date": "2020-09-11T08:36:51Z",
        "value": "62720.87680435181",
        "cumulative": true
    },
    {
        "date": "2020-09-11T08:37:11Z",
        "value": "64123.79227256775",
        "cumulative": true
    },
    {
        "date": "2020-09-11T08:37:22Z",
        "value": "66469.54521465302",
        "cumulative": true
    },
    {
        "date": "2020-09-11T08:37:37Z",
        "value": "70570.25585079193",
        "cumulative": true
    },
    {
        "date": "2020-09-11T08:37:50Z",
        "value": "74293.72584247589",
        "cumulative": true
    },
    {
        "date": "2020-09-11T08:38:05Z",
        "value": "76322.58535671234",
        "cumulative": true
    },
    {
        "date": "2020-09-11T08:38:20Z",
        "value": "77402.72930622101",
        "cumulative": true
    },
    {
        "date": "2020-09-11T08:38:39Z",
        "value": "78742.66470050812",
        "cumulative": true
    },
    {
        "date": "2020-09-11T08:38:57Z",
        "value": "80048.23418140411",
        "cumulative": true
    },
    {
        "date": "2020-09-11T08:39:16Z",
        "value": "81701.16563606262",
        "cumulative": true
    },
    {
        "date": "2020-09-11T08:39:35Z",
        "value": "87540.03426361084",
        "cumulative": true
    },
    {
        "date": "2020-09-11T08:39:47Z",
        "value": "91100.14147758484",
        "cumulative": true
    },
    {
        "date": "2020-09-11T08:40:02Z",
        "value": "95511.95666980743",
        "cumulative": true
    },
    {
        "date": "2020-09-11T08:40:15Z",
        "value": "96364.14863872528",
        "cumulative": true
    },
    {
        "date": "2020-09-11T08:40:31Z",
        "value": "97455.44702243805",
        "cumulative": true
    },
    {
        "date": "2020-09-11T08:40:49Z",
        "value": "98588.73859882355",
        "cumulative": true
    },
    {
        "date": "2020-09-11T08:41:03Z",
        "value": "99562.29963970184",
        "cumulative": true
    },
    {
        "date": "2020-09-11T08:41:22Z",
        "value": "100768.12203121185",
        "cumulative": true
    },
    {
        "date": "2020-09-11T08:41:32Z",
        "value": "101443.1810464859",
        "cumulative": true
    },
    {
        "date": "2020-09-11T08:41:44Z",
        "value": "102260.05386066437",
        "cumulative": true
    },
    {
        "date": "2020-09-11T08:42:00Z",
        "value": "105658.16324710846",
        "cumulative": true
    },
    {
        "date": "2020-09-11T08:42:11Z",
        "value": "108989.50677776337",
        "cumulative": true
    },
    {
        "date": "2020-09-11T08:42:30Z",
        "value": "115021.56134319305",
        "cumulative": true
    },
    {
        "date": "2020-09-11T08:42:47Z",
        "value": "120596.00078678131",
        "cumulative": true
    },
    {
        "date": "2020-09-11T08:42:59Z",
        "value": "121345.01015853882",
        "cumulative": true
    },
    {
        "date": "2020-09-11T08:43:19Z",
        "value": "122662.16072845459",
        "cumulative": true
    },
    {
        "date": "2020-09-11T08:43:34Z",
        "value": "123661.51910591125",
        "cumulative": true
    },
    {
        "date": "2020-09-11T08:43:48Z",
        "value": "124550.65052986145",
        "cumulative": true
    },
    {
        "date": "2020-09-11T08:44:00Z",
        "value": "125357.63521003723",
        "cumulative": true
    },
    {
        "date": "2020-09-11T08:44:12Z",
        "value": "126113.91927719116",
        "cumulative": true
    },
    {
        "date": "2020-09-11T08:44:30Z",
        "value": "127331.44243049622",
        "cumulative": true
    },
    {
        "date": "2020-09-11T08:44:49Z",
        "value": "128528.28326797485",
        "cumulative": true
    },
    {
        "date": "2020-09-11T08:45:01Z",
        "value": "129396.74026107788",
        "cumulative": true
    },
    {
        "date": "2020-09-11T08:45:13Z",
        "value": "132296.66198825836",
        "cumulative": true
    },
    {
        "date": "2020-09-11T08:45:31Z",
        "value": "136974.12693881989",
        "cumulative": true
    },
    {
        "date": "2020-09-11T08:45:41Z",
        "value": "139681.78291797638",
        "cumulative": true
    },
    {
        "date": "2020-09-11T08:45:59Z",
        "value": "145475.41686534882",
        "cumulative": true
    },
    {
        "date": "2020-09-11T08:46:10Z",
        "value": "148727.7618894577",
        "cumulative": true
    },
    {
        "date": "2020-09-11T08:46:25Z",
        "value": "152506.2372894287",
        "cumulative": true
    },
    {
        "date": "2020-09-11T08:46:37Z",
        "value": "153299.52535438538",
        "cumulative": true
    },
    {
        "date": "2020-09-11T08:46:56Z",
        "value": "154546.2550239563",
        "cumulative": true
    },
    {
        "date": "2020-09-11T08:47:14Z",
        "value": "155692.080160141",
        "cumulative": true
    },
    {
        "date": "2020-09-11T08:47:28Z",
        "value": "156636.9213142395",
        "cumulative": true
    },
    {
        "date": "2020-09-11T08:47:41Z",
        "value": "157497.116191864",
        "cumulative": true
    },
    {
        "date": "2020-09-11T08:47:54Z",
        "value": "158320.98517990112",
        "cumulative": true
    },
    {
        "date": "2020-09-11T08:48:13Z",
        "value": "159594.30944633484",
        "cumulative": true
    },
    {
        "date": "2020-09-11T08:48:31Z",
        "value": "160785.34579467773",
        "cumulative": true
    },
    {
        "date": "2020-09-11T08:48:43Z",
        "value": "161567.99355697632",
        "cumulative": true
    },
    {
        "date": "2020-09-11T08:49:02Z",
        "value": "162813.92904663086",
        "cumulative": true
    },
    {
        "date": "2020-09-11T08:49:19Z",
        "value": "164989.74248600006",
        "cumulative": true
    },
    {
        "date": "2020-09-11T08:49:33Z",
        "value": "169028.74631214142",
        "cumulative": true
    },
    {
        "date": "2020-09-11T08:49:44Z",
        "value": "172199.96195316315",
        "cumulative": true
    },
    {
        "date": "2020-09-11T08:49:58Z",
        "value": "175939.12563037872",
        "cumulative": true
    },
    {
        "date": "2020-09-11T08:50:16Z",
        "value": "180791.1089105606",
        "cumulative": true
    },
    {
        "date": "2020-09-11T08:50:28Z",
        "value": "183966.6486749649",
        "cumulative": true
    },
    {
        "date": "2020-09-11T08:50:39Z",
        "value": "187173.1327829361",
        "cumulative": true
    },
    {
        "date": "2020-09-11T08:50:59Z",
        "value": "192317.6091041565",
        "cumulative": true
    },
    {
        "date": "2020-09-11T08:51:09Z",
        "value": "192996.59622192383",
        "cumulative": true
    },
    {
        "date": "2020-09-11T08:51:21Z",
        "value": "193850.55106925964",
        "cumulative": true
    },
    {
        "date": "2020-09-11T08:51:33Z",
        "value": "194580.07945632935",
        "cumulative": true
    },
    {
        "date": "2020-09-11T08:51:51Z",
        "value": "195757.5507965088",
        "cumulative": true
    },
    {
        "date": "2020-09-11T08:52:10Z",
        "value": "197026.91670417786",
        "cumulative": true
    },
    {
        "date": "2020-09-11T08:52:27Z",
        "value": "198138.24272155762",
        "cumulative": true
    },
    {
        "date": "2020-09-11T08:52:45Z",
        "value": "199307.99426078796",
        "cumulative": true
    },
    {
        "date": "2020-09-11T08:52:56Z",
        "value": "200028.37056541443",
        "cumulative": true
    },
    {
        "date": "2020-09-11T08:53:14Z",
        "value": "201142.6512813568",
        "cumulative": true
    },
    {
        "date": "2020-09-11T08:53:27Z",
        "value": "202026.72774887085",
        "cumulative": true
    },
    {
        "date": "2020-09-11T08:53:41Z",
        "value": "202930.80062294006",
        "cumulative": true
    },
    {
        "date": "2020-09-11T08:53:52Z",
        "value": "203631.759349823",
        "cumulative": true
    },
    {
        "date": "2020-09-11T08:54:11Z",
        "value": "204875.5361843109",
        "cumulative": true
    },
    {
        "date": "2020-09-11T08:54:27Z",
        "value": "205888.69724273682",
        "cumulative": true
    },
    {
        "date": "2020-09-11T08:54:39Z",
        "value": "207302.32562351227",
        "cumulative": true
    },
    {
        "date": "2020-09-11T08:54:57Z",
        "value": "212370.68517017365",
        "cumulative": true
    },
    {
        "date": "2020-09-11T08:55:11Z",
        "value": "216348.24750614166",
        "cumulative": true
    },
    {
        "date": "2020-09-11T08:55:30Z",
        "value": "221585.8331861496",
        "cumulative": true
    },
    {
        "date": "2020-09-11T08:55:41Z",
        "value": "224480.04674053192",
        "cumulative": true
    },
    {
        "date": "2020-09-11T08:55:59Z",
        "value": "229838.1596479416",
        "cumulative": true
    },
    {
        "date": "2020-09-11T08:56:15Z",
        "value": "234482.62016010284",
        "cumulative": true
    },
    {
        "date": "2020-09-11T08:56:33Z",
        "value": "239881.60927677155",
        "cumulative": true
    },
    {
        "date": "2020-09-11T08:56:48Z",
        "value": "243074.64611244202",
        "cumulative": true
    },
    {
        "date": "2020-09-11T08:57:02Z",
        "value": "244038.4078388214",
        "cumulative": true
    },
    {
        "date": "2020-09-11T08:57:21Z",
        "value": "245304.35660743713",
        "cumulative": true
    },
    {
        "date": "2020-09-11T08:57:31Z",
        "value": "245932.06875801086",
        "cumulative": true
    },
    {
        "date": "2020-09-11T08:57:46Z",
        "value": "246931.2098312378",
        "cumulative": true
    },
    {
        "date": "2020-09-11T08:58:05Z",
        "value": "248181.5778503418",
        "cumulative": true
    },
    {
        "date": "2020-09-11T08:58:19Z",
        "value": "249097.53190231323",
        "cumulative": true
    },
    {
        "date": "2020-09-11T08:58:29Z",
        "value": "249818.40242385864",
        "cumulative": true
    },
    {
        "date": "2020-09-11T08:58:48Z",
        "value": "250968.9378376007",
        "cumulative": true
    },
    {
        "date": "2020-09-11T08:59:05Z",
        "value": "252041.03575325012",
        "cumulative": true
    },
    {
        "date": "2020-09-11T08:59:24Z",
        "value": "253298.58874320984",
        "cumulative": true
    },
    {
        "date": "2020-09-11T08:59:40Z",
        "value": "254335.33653640747",
        "cumulative": true
    },
    {
        "date": "2020-09-11T08:59:55Z",
        "value": "255413.14445114136",
        "cumulative": true
    },
    {
        "date": "2020-09-11T09:00:08Z",
        "value": "256180.67151260376",
        "cumulative": true
    },
    {
        "date": "2020-09-11T09:00:28Z",
        "value": "257474.06282615662",
        "cumulative": true
    },
    {
        "date": "2020-09-11T09:00:40Z",
        "value": "258303.74258995056",
        "cumulative": true
    },
    {
        "date": "2020-09-11T09:00:58Z",
        "value": "259445.55368232727",
        "cumulative": true
    },
    {
        "date": "2020-09-11T09:01:14Z",
        "value": "260504.49474143982",
        "cumulative": true
    },
    {
        "date": "2020-09-11T09:01:29Z",
        "value": "264029.3855199814",
        "cumulative": true
    },
    {
        "date": "2020-09-11T09:01:45Z",
        "value": "268601.0294084549",
        "cumulative": true
    },
    {
        "date": "2020-09-11T09:02:00Z",
        "value": "272714.30504894257",
        "cumulative": true
    },
    {
        "date": "2020-09-11T09:02:17Z",
        "value": "278194.57236766815",
        "cumulative": true
    },
    {
        "date": "2020-09-11T09:02:34Z",
        "value": "282766.2851896286",
        "cumulative": true
    },
    {
        "date": "2020-09-11T09:02:45Z",
        "value": "286184.7616529465",
        "cumulative": true
    },
    {
        "date": "2020-09-11T09:03:04Z",
        "value": "291906.37373256683",
        "cumulative": true
    },
    {
        "date": "2020-09-11T09:03:20Z",
        "value": "296473.51623630524",
        "cumulative": true
    },
    {
        "date": "2020-09-11T09:03:33Z",
        "value": "300134.1208753586",
        "cumulative": true
    },
    {
        "date": "2020-09-11T09:03:46Z",
        "value": "304244.7093362808",
        "cumulative": true
    },
    {
        "date": "2020-09-11T09:04:03Z",
        "value": "307087.0987854004",
        "cumulative": true
    },
    {
        "date": "2020-09-11T09:04:21Z",
        "value": "308354.1548538208",
        "cumulative": true
    },
    {
        "date": "2020-09-11T09:04:32Z",
        "value": "309038.900352478",
        "cumulative": true
    },
    {
        "date": "2020-09-11T09:04:47Z",
        "value": "309962.19614601135",
        "cumulative": true
    },
    {
        "date": "2020-09-11T09:05:00Z",
        "value": "310861.9606151581",
        "cumulative": true
    },
    {
        "date": "2020-09-11T09:05:17Z",
        "value": "312001.86402130127",
        "cumulative": true
    },
    {
        "date": "2020-09-11T09:05:28Z",
        "value": "312684.223197937",
        "cumulative": true
    },
    {
        "date": "2020-09-11T09:05:47Z",
        "value": "313913.97138404846",
        "cumulative": true
    },
    {
        "date": "2020-09-11T09:06:04Z",
        "value": "315022.2398662567",
        "cumulative": true
    },
    {
        "date": "2020-09-11T09:06:19Z",
        "value": "315992.68448257446",
        "cumulative": true
    },
    {
        "date": "2020-09-11T09:06:32Z",
        "value": "316879.46839141846",
        "cumulative": true
    },
    {
        "date": "2020-09-11T09:06:43Z",
        "value": "317586.3551940918",
        "cumulative": true
    },
    {
        "date": "2020-09-11T09:06:55Z",
        "value": "318387.8466320038",
        "cumulative": true
    },
    {
        "date": "2020-09-11T09:07:06Z",
        "value": "319132.7055454254",
        "cumulative": true
    },
    {
        "date": "2020-09-11T09:07:20Z",
        "value": "320010.8765850067",
        "cumulative": true
    },
    {
        "date": "2020-09-11T09:07:32Z",
        "value": "320897.3442955017",
        "cumulative": true
    },
    {
        "date": "2020-09-11T09:07:47Z",
        "value": "321814.730802536",
        "cumulative": true
    },
    {
        "date": "2020-09-11T09:07:59Z",
        "value": "322565.1765079498",
        "cumulative": true
    },
    {
        "date": "2020-09-11T09:08:09Z",
        "value": "323276.18389320374",
        "cumulative": true
    },
    {
        "date": "2020-09-11T09:08:27Z",
        "value": "324542.48419189453",
        "cumulative": true
    },
    {
        "date": "2020-09-11T09:08:38Z",
        "value": "325227.5923175812",
        "cumulative": true
    },
    {
        "date": "2020-09-11T09:08:52Z",
        "value": "326138.5895881653",
        "cumulative": true
    },
    {
        "date": "2020-09-11T09:09:03Z",
        "value": "326857.9709415436",
        "cumulative": true
    },
    {
        "date": "2020-09-11T09:09:16Z",
        "value": "327733.0674171448",
        "cumulative": true
    },
    {
        "date": "2020-09-11T09:09:35Z",
        "value": "328937.9853477478",
        "cumulative": true
    },
    {
        "date": "2020-09-11T09:09:51Z",
        "value": "332217.16218948364",
        "cumulative": true
    },
    {
        "date": "2020-09-11T09:10:11Z",
        "value": "338166.72064971924",
        "cumulative": true
    },
    {
        "date": "2020-09-11T09:10:26Z",
        "value": "342604.85533714294",
        "cumulative": true
    },
    {
        "date": "2020-09-11T09:10:39Z",
        "value": "346519.8618412018",
        "cumulative": true
    },
    {
        "date": "2020-09-11T09:10:57Z",
        "value": "351383.3161468506",
        "cumulative": true
    },
    {
        "date": "2020-09-11T09:11:08Z",
        "value": "354720.559135437",
        "cumulative": true
    },
    {
        "date": "2020-09-11T09:11:21Z",
        "value": "358595.79032707214",
        "cumulative": true
    },
    {
        "date": "2020-09-11T09:11:39Z",
        "value": "364076.30969810486",
        "cumulative": true
    },
    {
        "date": "2020-09-11T09:11:50Z",
        "value": "367641.9583683014",
        "cumulative": true
    },
    {
        "date": "2020-09-11T09:12:09Z",
        "value": "373153.4145450592",
        "cumulative": true
    },
    {
        "date": "2020-09-11T09:12:21Z",
        "value": "376635.6700439453",
        "cumulative": true
    },
    {
        "date": "2020-09-11T09:12:33Z",
        "value": "380617.1218185425",
        "cumulative": true
    },
    {
        "date": "2020-09-11T09:12:53Z",
        "value": "385938.7916584015",
        "cumulative": true
    },
    {
        "date": "2020-09-11T09:13:12Z",
        "value": "387969.62530708313",
        "cumulative": true
    },
    {
        "date": "2020-09-11T09:13:24Z",
        "value": "388806.3622970581",
        "cumulative": true
    },
    {
        "date": "2020-09-11T09:13:41Z",
        "value": "389898.75238609314",
        "cumulative": true
    },
    {
        "date": "2020-09-11T09:13:53Z",
        "value": "390761.09984588623",
        "cumulative": true
    },
    {
        "date": "2020-09-11T09:14:09Z",
        "value": "391751.1275138855",
        "cumulative": true
    },
    {
        "date": "2020-09-11T09:14:20Z",
        "value": "392520.9076766968",
        "cumulative": true
    },
    {
        "date": "2020-09-11T09:14:39Z",
        "value": "393741.2404766083",
        "cumulative": true
    },
    {
        "date": "2020-09-11T09:14:54Z",
        "value": "394786.61872673035",
        "cumulative": true
    },
    {
        "date": "2020-09-11T09:15:12Z",
        "value": "395952.370016098",
        "cumulative": true
    },
    {
        "date": "2020-09-11T09:15:30Z",
        "value": "397108.6723327637",
        "cumulative": true
    },
    {
        "date": "2020-09-11T09:15:48Z",
        "value": "398299.47896003723",
        "cumulative": true
    },
    {
        "date": "2020-09-11T09:16:02Z",
        "value": "399244.7024974823",
        "cumulative": true
    },
    {
        "date": "2020-09-11T09:16:14Z",
        "value": "400028.00004196167",
        "cumulative": true
    },
    {
        "date": "2020-09-11T09:16:28Z",
        "value": "400906.4889831543",
        "cumulative": true
    },
    {
        "date": "2020-09-11T09:16:46Z",
        "value": "402080.22546958923",
        "cumulative": true
    },
    {
        "date": "2020-09-11T09:17:04Z",
        "value": "403229.30125808716",
        "cumulative": true
    },
    {
        "date": "2020-09-11T09:17:17Z",
        "value": "404072.4688091278",
        "cumulative": true
    },
    {
        "date": "2020-09-11T09:17:31Z",
        "value": "405034.55476379395",
        "cumulative": true
    },
    {
        "date": "2020-09-11T09:17:45Z",
        "value": "406007.7508049011",
        "cumulative": true
    },
    {
        "date": "2020-09-11T09:18:02Z",
        "value": "407088.1731739044",
        "cumulative": true
    },
    {
        "date": "2020-09-11T09:18:21Z",
        "value": "408334.2015914917",
        "cumulative": true
    },
    {
        "date": "2020-09-11T09:18:39Z",
        "value": "409536.12368774414",
        "cumulative": true
    },
    {
        "date": "2020-09-11T09:18:53Z",
        "value": "410461.90479278564",
        "cumulative": true
    },
    {
        "date": "2020-09-11T09:19:08Z",
        "value": "411476.84552001953",
        "cumulative": true
    },
    {
        "date": "2020-09-11T09:19:18Z",
        "value": "412131.72838020325",
        "cumulative": true
    },
    {
        "date": "2020-09-11T09:19:36Z",
        "value": "413286.55539894104",
        "cumulative": true
    },
    {
        "date": "2020-09-11T09:19:48Z",
        "value": "414072.73075294495",
        "cumulative": true
    },
    {
        "date": "2020-09-11T09:20:07Z",
        "value": "415336.99646377563",
        "cumulative": true
    }
]