[
    {
        "date": "2020-09-11T08:29:15Z",
        "value": "1.6484375",
        "cumulative": false
    },
    {
        "date": "2020-09-11T08:29:27Z",
        "value": "114.171875",
        "cumulative": false
    },
    {
        "date": "2020-09-11T08:29:41Z",
        "value": "114.62109375",
        "cumulative": false
    },
    {
        "date": "2020-09-11T08:29:59Z",
        "value": "119.93359375",
        "cumulative": false
    },
    {
        "date": "2020-09-11T08:30:17Z",
        "value": "127.9921875",
        "cumulative": false
    },
    {
        "date": "2020-09-11T08:30:33Z",
        "value": "132.2578125",
        "cumulative": false
    },
    {
        "date": "2020-09-11T08:30:50Z",
        "value": "136.0703125",
        "cumulative": false
    },
    {
        "date": "2020-09-11T08:31:07Z",
        "value": "141.11328125",
        "cumulative": false
    },
    {
        "date": "2020-09-11T08:31:25Z",
        "value": "154.703125",
        "cumulative": false
    },
    {
        "date": "2020-09-11T08:31:37Z",
        "value": "136.69140625",
        "cumulative": false
    },
    {
        "date": "2020-09-11T08:31:48Z",
        "value": "154.9765625",
        "cumulative": false
    },
    {
        "date": "2020-09-11T08:32:07Z",
        "value": "141.28515625",
        "cumulative": false
    },
    {
        "date": "2020-09-11T08:32:25Z",
        "value": "176.2265625",
        "cumulative": false
    },
    {
        "date": "2020-09-11T08:32:39Z",
        "value": "176.56640625",
        "cumulative": false
    },
    {
        "date": "2020-09-11T08:32:58Z",
        "value": "176.81640625",
        "cumulative": false
    },
    {
        "date": "2020-09-11T08:33:16Z",
        "value": "176.81640625",
        "cumulative": false
    },
    {
        "date": "2020-09-11T08:33:29Z",
        "value": "182.01171875",
        "cumulative": false
    },
    {
        "date": "2020-09-11T08:33:49Z",
        "value": "158.25390625",
        "cumulative": false
    },
    {
        "date": "2020-09-11T08:34:07Z",
        "value": "136.7109375",
        "cumulative": false
    },
    {
        "date": "2020-09-11T08:34:27Z",
        "value": "192.37890625",
        "cumulative": false
    },
    {
        "date": "2020-09-11T08:34:40Z",
        "value": "228.984375",
        "cumulative": false
    },
    {
        "date": "2020-09-11T08:34:50Z",
        "value": "201.22265625",
        "cumulative": false
    },
    {
        "date": "2020-09-11T08:35:05Z",
        "value": "211.78125",
        "cumulative": false
    },
    {
        "date": "2020-09-11T08:35:24Z",
        "value": "211.78125",
        "cumulative": false
    },
    {
        "date": "2020-09-11T08:35:42Z",
        "value": "177.359375",
        "cumulative": false
    },
    {
        "date": "2020-09-11T08:35:56Z",
        "value": "198.26953125",
        "cumulative": false
    },
    {
        "date": "2020-09-11T08:36:10Z",
        "value": "177.44921875",
        "cumulative": false
    },
    {
        "date": "2020-09-11T08:36:24Z",
        "value": "241.09375",
        "cumulative": false
    },
    {
        "date": "2020-09-11T08:36:39Z",
        "value": "147.7890625",
        "cumulative": false
    },
    {
        "date": "2020-09-11T08:36:49Z",
        "value": "206.953125",
        "cumulative": false
    },
    {
        "date": "2020-09-11T08:37:01Z",
        "value": "206.93359375",
        "cumulative": false
    },
    {
        "date": "2020-09-11T08:37:16Z",
        "value": "197.9296875",
        "cumulative": false
    },
    {
        "date": "2020-09-11T08:37:34Z",
        "value": "192.984375",
        "cumulative": false
    },
    {
        "date": "2020-09-11T08:37:46Z",
        "value": "218.1796875",
        "cumulative": false
    },
    {
        "date": "2020-09-11T08:38:05Z",
        "value": "239.90234375",
        "cumulative": false
    },
    {
        "date": "2020-09-11T08:38:24Z",
        "value": "230.296875",
        "cumulative": false
    },
    {
        "date": "2020-09-11T08:38:42Z",
        "value": "155.75",
        "cumulative": false
    },
    {
        "date": "2020-09-11T08:39:02Z",
        "value": "155.78125",
        "cumulative": false
    },
    {
        "date": "2020-09-11T08:39:18Z",
        "value": "212.58203125",
        "cumulative": false
    },
    {
        "date": "2020-09-11T08:39:38Z",
        "value": "212.578125",
        "cumulative": false
    },
    {
        "date": "2020-09-11T08:39:58Z",
        "value": "212.609375",
        "cumulative": false
    },
    {
        "date": "2020-09-11T08:40:12Z",
        "value": "176.0859375",
        "cumulative": false
    },
    {
        "date": "2020-09-11T08:40:28Z",
        "value": "165.42578125",
        "cumulative": false
    },
    {
        "date": "2020-09-11T08:40:47Z",
        "value": "165.45703125",
        "cumulative": false
    },
    {
        "date": "2020-09-11T08:40:59Z",
        "value": "213.58203125",
        "cumulative": false
    },
    {
        "date": "2020-09-11T08:41:17Z",
        "value": "165.49609375",
        "cumulative": false
    },
    {
        "date": "2020-09-11T08:41:28Z",
        "value": "165.51171875",
        "cumulative": false
    },
    {
        "date": "2020-09-11T08:41:39Z",
        "value": "292.640625",
        "cumulative": false
    },
    {
        "date": "2020-09-11T08:41:58Z",
        "value": "260.23046875",
        "cumulative": false
    },
    {
        "date": "2020-09-11T08:42:18Z",
        "value": "237.3515625",
        "cumulative": false
    },
    {
        "date": "2020-09-11T08:42:29Z",
        "value": "237.3515625",
        "cumulative": false
    },
    {
        "date": "2020-09-11T08:42:48Z",
        "value": "177.8984375",
        "cumulative": false
    },
    {
        "date": "2020-09-11T08:43:04Z",
        "value": "283.796875",
        "cumulative": false
    },
    {
        "date": "2020-09-11T08:43:14Z",
        "value": "177.796875",
        "cumulative": false
    },
    {
        "date": "2020-09-11T08:43:30Z",
        "value": "177.97265625",
        "cumulative": false
    },
    {
        "date": "2020-09-11T08:43:46Z",
        "value": "177.9765625",
        "cumulative": false
    },
    {
        "date": "2020-09-11T08:44:04Z",
        "value": "349.171875",
        "cumulative": false
    },
    {
        "date": "2020-09-11T08:44:24Z",
        "value": "180.67578125",
        "cumulative": false
    },
    {
        "date": "2020-09-11T08:44:37Z",
        "value": "177.99609375",
        "cumulative": false
    },
    {
        "date": "2020-09-11T08:44:52Z",
        "value": "177.80078125",
        "cumulative": false
    },
    {
        "date": "2020-09-11T08:45:11Z",
        "value": "268.640625",
        "cumulative": false
    },
    {
        "date": "2020-09-11T08:45:24Z",
        "value": "268.73828125",
        "cumulative": false
    },
    {
        "date": "2020-09-11T08:45:36Z",
        "value": "348.11328125",
        "cumulative": false
    },
    {
        "date": "2020-09-11T08:45:50Z",
        "value": "268.7109375",
        "cumulative": false
    },
    {
        "date": "2020-09-11T08:46:05Z",
        "value": "268.73828125",
        "cumulative": false
    },
    {
        "date": "2020-09-11T08:46:20Z",
        "value": "268.7109375",
        "cumulative": false
    },
    {
        "date": "2020-09-11T08:46:36Z",
        "value": "359.23828125",
        "cumulative": false
    },
    {
        "date": "2020-09-11T08:46:46Z",
        "value": "193.4609375",
        "cumulative": false
    },
    {
        "date": "2020-09-11T08:47:04Z",
        "value": "193.4375",
        "cumulative": false
    },
    {
        "date": "2020-09-11T08:47:14Z",
        "value": "193.4375",
        "cumulative": false
    },
    {
        "date": "2020-09-11T08:47:28Z",
        "value": "193.4609375",
        "cumulative": false
    },
    {
        "date": "2020-09-11T08:47:45Z",
        "value": "193.4375",
        "cumulative": false
    },
    {
        "date": "2020-09-11T08:47:57Z",
        "value": "193.44140625",
        "cumulative": false
    },
    {
        "date": "2020-09-11T08:48:13Z",
        "value": "196.6875",
        "cumulative": false
    },
    {
        "date": "2020-09-11T08:48:32Z",
        "value": "193.44140625",
        "cumulative": false
    },
    {
        "date": "2020-09-11T08:48:47Z",
        "value": "193.4609375",
        "cumulative": false
    },
    {
        "date": "2020-09-11T08:49:00Z",
        "value": "262.31640625",
        "cumulative": false
    },
    {
        "date": "2020-09-11T08:49:19Z",
        "value": "308.1328125",
        "cumulative": false
    },
    {
        "date": "2020-09-11T08:49:33Z",
        "value": "308.2421875",
        "cumulative": false
    },
    {
        "date": "2020-09-11T08:49:46Z",
        "value": "460.6328125",
        "cumulative": false
    },
    {
        "date": "2020-09-11T08:50:05Z",
        "value": "308.13671875",
        "cumulative": false
    },
    {
        "date": "2020-09-11T08:50:18Z",
        "value": "308.13671875",
        "cumulative": false
    },
    {
        "date": "2020-09-11T08:50:34Z",
        "value": "308.2421875",
        "cumulative": false
    },
    {
        "date": "2020-09-11T08:50:45Z",
        "value": "472.5078125",
        "cumulative": false
    },
    {
        "date": "2020-09-11T08:51:02Z",
        "value": "462.44140625",
        "cumulative": false
    },
    {
        "date": "2020-09-11T08:51:21Z",
        "value": "213.21875",
        "cumulative": false
    },
    {
        "date": "2020-09-11T08:51:32Z",
        "value": "213.19140625",
        "cumulative": false
    },
    {
        "date": "2020-09-11T08:51:42Z",
        "value": "213.23046875",
        "cumulative": false
    },
    {
        "date": "2020-09-11T08:51:54Z",
        "value": "213.19140625",
        "cumulative": false
    },
    {
        "date": "2020-09-11T08:52:07Z",
        "value": "263.94140625",
        "cumulative": false
    },
    {
        "date": "2020-09-11T08:52:23Z",
        "value": "213.23046875",
        "cumulative": false
    },
    {
        "date": "2020-09-11T08:52:43Z",
        "value": "213.23046875",
        "cumulative": false
    },
    {
        "date": "2020-09-11T08:53:01Z",
        "value": "213.1953125",
        "cumulative": false
    },
    {
        "date": "2020-09-11T08:53:14Z",
        "value": "213.1953125",
        "cumulative": false
    },
    {
        "date": "2020-09-11T08:53:29Z",
        "value": "468.5703125",
        "cumulative": false
    },
    {
        "date": "2020-09-11T08:53:43Z",
        "value": "213.19140625",
        "cumulative": false
    },
    {
        "date": "2020-09-11T08:53:54Z",
        "value": "213.23046875",
        "cumulative": false
    },
    {
        "date": "2020-09-11T08:54:12Z",
        "value": "213.1953125",
        "cumulative": false
    },
    {
        "date": "2020-09-11T08:54:23Z",
        "value": "213.19140625",
        "cumulative": false
    },
    {
        "date": "2020-09-11T08:54:37Z",
        "value": "358.36328125",
        "cumulative": false
    },
    {
        "date": "2020-09-11T08:54:51Z",
        "value": "588.40234375",
        "cumulative": false
    },
    {
        "date": "2020-09-11T08:55:03Z",
        "value": "446.65234375",
        "cumulative": false
    },
    {
        "date": "2020-09-11T08:55:15Z",
        "value": "358.14453125",
        "cumulative": false
    },
    {
        "date": "2020-09-11T08:55:25Z",
        "value": "358.03125",
        "cumulative": false
    },
    {
        "date": "2020-09-11T08:55:38Z",
        "value": "358.14453125",
        "cumulative": false
    },
    {
        "date": "2020-09-11T08:55:58Z",
        "value": "358.14453125",
        "cumulative": false
    },
    {
        "date": "2020-09-11T08:56:13Z",
        "value": "364.65625",
        "cumulative": false
    },
    {
        "date": "2020-09-11T08:56:25Z",
        "value": "358.14453125",
        "cumulative": false
    },
    {
        "date": "2020-09-11T08:56:39Z",
        "value": "458.15234375",
        "cumulative": false
    },
    {
        "date": "2020-09-11T08:56:55Z",
        "value": "238.15234375",
        "cumulative": false
    },
    {
        "date": "2020-09-11T08:57:09Z",
        "value": "238.15234375",
        "cumulative": false
    },
    {
        "date": "2020-09-11T08:57:25Z",
        "value": "238.20703125",
        "cumulative": false
    },
    {
        "date": "2020-09-11T08:57:44Z",
        "value": "238.15234375",
        "cumulative": false
    },
    {
        "date": "2020-09-11T08:58:03Z",
        "value": "238.26171875",
        "cumulative": false
    },
    {
        "date": "2020-09-11T08:58:16Z",
        "value": "321.52734375",
        "cumulative": false
    },
    {
        "date": "2020-09-11T08:58:35Z",
        "value": "238.15234375",
        "cumulative": false
    },
    {
        "date": "2020-09-11T08:58:53Z",
        "value": "238.15234375",
        "cumulative": false
    },
    {
        "date": "2020-09-11T08:59:06Z",
        "value": "484.90234375",
        "cumulative": false
    },
    {
        "date": "2020-09-11T08:59:16Z",
        "value": "238.15234375",
        "cumulative": false
    },
    {
        "date": "2020-09-11T08:59:30Z",
        "value": "238.15234375",
        "cumulative": false
    },
    {
        "date": "2020-09-11T08:59:43Z",
        "value": "238.15234375",
        "cumulative": false
    },
    {
        "date": "2020-09-11T08:59:59Z",
        "value": "238.15234375",
        "cumulative": false
    },
    {
        "date": "2020-09-11T09:00:19Z",
        "value": "238.26171875",
        "cumulative": false
    },
    {
        "date": "2020-09-11T09:00:31Z",
        "value": "238.15234375",
        "cumulative": false
    },
    {
        "date": "2020-09-11T09:00:43Z",
        "value": "238.26171875",
        "cumulative": false
    },
    {
        "date": "2020-09-11T09:00:56Z",
        "value": "371.65234375",
        "cumulative": false
    },
    {
        "date": "2020-09-11T09:01:10Z",
        "value": "567.90234375",
        "cumulative": false
    },
    {
        "date": "2020-09-11T09:01:23Z",
        "value": "421.05078125",
        "cumulative": false
    },
    {
        "date": "2020-09-11T09:01:41Z",
        "value": "420.99609375",
        "cumulative": false
    },
    {
        "date": "2020-09-11T09:01:58Z",
        "value": "421.0234375",
        "cumulative": false
    },
    {
        "date": "2020-09-11T09:02:13Z",
        "value": "445.24609375",
        "cumulative": false
    },
    {
        "date": "2020-09-11T09:02:29Z",
        "value": "420.99609375",
        "cumulative": false
    },
    {
        "date": "2020-09-11T09:02:48Z",
        "value": "421.05078125",
        "cumulative": false
    },
    {
        "date": "2020-09-11T09:02:58Z",
        "value": "598.49609375",
        "cumulative": false
    },
    {
        "date": "2020-09-11T09:03:16Z",
        "value": "556.37109375",
        "cumulative": false
    },
    {
        "date": "2020-09-11T09:03:29Z",
        "value": "474.24609375",
        "cumulative": false
    },
    {
        "date": "2020-09-11T09:03:42Z",
        "value": "421.0234375",
        "cumulative": false
    },
    {
        "date": "2020-09-11T09:03:53Z",
        "value": "420.99609375",
        "cumulative": false
    },
    {
        "date": "2020-09-11T09:04:10Z",
        "value": "269.6328125",
        "cumulative": false
    },
    {
        "date": "2020-09-11T09:04:22Z",
        "value": "722.88671875",
        "cumulative": false
    },
    {
        "date": "2020-09-11T09:04:41Z",
        "value": "269.67578125",
        "cumulative": false
    },
    {
        "date": "2020-09-11T09:04:52Z",
        "value": "269.6328125",
        "cumulative": false
    },
    {
        "date": "2020-09-11T09:05:05Z",
        "value": "269.6328125",
        "cumulative": false
    },
    {
        "date": "2020-09-11T09:05:23Z",
        "value": "269.63671875",
        "cumulative": false
    },
    {
        "date": "2020-09-11T09:05:37Z",
        "value": "269.63671875",
        "cumulative": false
    },
    {
        "date": "2020-09-11T09:05:54Z",
        "value": "269.6328125",
        "cumulative": false
    },
    {
        "date": "2020-09-11T09:06:14Z",
        "value": "269.6328125",
        "cumulative": false
    },
    {
        "date": "2020-09-11T09:06:30Z",
        "value": "711.6328125",
        "cumulative": false
    },
    {
        "date": "2020-09-11T09:06:44Z",
        "value": "269.67578125",
        "cumulative": false
    },
    {
        "date": "2020-09-11T09:07:00Z",
        "value": "269.63671875",
        "cumulative": false
    },
    {
        "date": "2020-09-11T09:07:14Z",
        "value": "269.63671875",
        "cumulative": false
    },
    {
        "date": "2020-09-11T09:07:28Z",
        "value": "269.63671875",
        "cumulative": false
    },
    {
        "date": "2020-09-11T09:07:42Z",
        "value": "269.63671875",
        "cumulative": false
    },
    {
        "date": "2020-09-11T09:07:57Z",
        "value": "720.26171875",
        "cumulative": false
    },
    {
        "date": "2020-09-11T09:08:12Z",
        "value": "269.6328125",
        "cumulative": false
    },
    {
        "date": "2020-09-11T09:08:30Z",
        "value": "269.63671875",
        "cumulative": false
    },
    {
        "date": "2020-09-11T09:08:46Z",
        "value": "269.6328125",
        "cumulative": false
    },
    {
        "date": "2020-09-11T09:08:56Z",
        "value": "269.67578125",
        "cumulative": false
    },
    {
        "date": "2020-09-11T09:09:16Z",
        "value": "315.2578125",
        "cumulative": false
    },
    {
        "date": "2020-09-11T09:09:30Z",
        "value": "291.5078125",
        "cumulative": false
    },
    {
        "date": "2020-09-11T09:09:42Z",
        "value": "500.48828125",
        "cumulative": false
    },
    {
        "date": "2020-09-11T09:09:53Z",
        "value": "685.1171875",
        "cumulative": false
    },
    {
        "date": "2020-09-11T09:10:11Z",
        "value": "500.5234375",
        "cumulative": false
    },
    {
        "date": "2020-09-11T09:10:30Z",
        "value": "841.36328125",
        "cumulative": false
    },
    {
        "date": "2020-09-11T09:10:46Z",
        "value": "500.5234375",
        "cumulative": false
    },
    {
        "date": "2020-09-11T09:11:05Z",
        "value": "500.48828125",
        "cumulative": false
    },
    {
        "date": "2020-09-11T09:11:19Z",
        "value": "500.5234375",
        "cumulative": false
    },
    {
        "date": "2020-09-11T09:11:29Z",
        "value": "666.73828125",
        "cumulative": false
    },
    {
        "date": "2020-09-11T09:11:40Z",
        "value": "764.23828125",
        "cumulative": false
    },
    {
        "date": "2020-09-11T09:11:59Z",
        "value": "500.48828125",
        "cumulative": false
    },
    {
        "date": "2020-09-11T09:12:11Z",
        "value": "699.23828125",
        "cumulative": false
    },
    {
        "date": "2020-09-11T09:12:28Z",
        "value": "794.3671875",
        "cumulative": false
    },
    {
        "date": "2020-09-11T09:12:40Z",
        "value": "760.9921875",
        "cumulative": false
    },
    {
        "date": "2020-09-11T09:12:53Z",
        "value": "500.48828125",
        "cumulative": false
    },
    {
        "date": "2020-09-11T09:13:04Z",
        "value": "432.3828125",
        "cumulative": false
    },
    {
        "date": "2020-09-11T09:13:22Z",
        "value": "446.0078125",
        "cumulative": false
    },
    {
        "date": "2020-09-11T09:13:38Z",
        "value": "309.3828125",
        "cumulative": false
    },
    {
        "date": "2020-09-11T09:13:49Z",
        "value": "831.1328125",
        "cumulative": false
    },
    {
        "date": "2020-09-11T09:13:59Z",
        "value": "309.38671875",
        "cumulative": false
    },
    {
        "date": "2020-09-11T09:14:16Z",
        "value": "309.38671875",
        "cumulative": false
    },
    {
        "date": "2020-09-11T09:14:28Z",
        "value": "703.63671875",
        "cumulative": false
    },
    {
        "date": "2020-09-11T09:14:40Z",
        "value": "563.7578125",
        "cumulative": false
    },
    {
        "date": "2020-09-11T09:14:58Z",
        "value": "506.18359375",
        "cumulative": false
    },
    {
        "date": "2020-09-11T09:15:16Z",
        "value": "863.8828125",
        "cumulative": false
    },
    {
        "date": "2020-09-11T09:15:32Z",
        "value": "366.0078125",
        "cumulative": false
    },
    {
        "date": "2020-09-11T09:15:49Z",
        "value": "309.3828125",
        "cumulative": false
    },
    {
        "date": "2020-09-11T09:16:02Z",
        "value": "309.38671875",
        "cumulative": false
    },
    {
        "date": "2020-09-11T09:16:14Z",
        "value": "309.3828125",
        "cumulative": false
    },
    {
        "date": "2020-09-11T09:16:33Z",
        "value": "309.3828125",
        "cumulative": false
    },
    {
        "date": "2020-09-11T09:16:46Z",
        "value": "309.43359375",
        "cumulative": false
    },
    {
        "date": "2020-09-11T09:16:58Z",
        "value": "309.43359375",
        "cumulative": false
    },
    {
        "date": "2020-09-11T09:17:14Z",
        "value": "309.38671875",
        "cumulative": false
    },
    {
        "date": "2020-09-11T09:17:24Z",
        "value": "309.43359375",
        "cumulative": false
    },
    {
        "date": "2020-09-11T09:17:39Z",
        "value": "309.38671875",
        "cumulative": false
    },
    {
        "date": "2020-09-11T09:17:54Z",
        "value": "861.2578125",
        "cumulative": false
    },
    {
        "date": "2020-09-11T09:18:09Z",
        "value": "309.3828125",
        "cumulative": false
    },
    {
        "date": "2020-09-11T09:18:20Z",
        "value": "693.8828125",
        "cumulative": false
    },
    {
        "date": "2020-09-11T09:18:31Z",
        "value": "309.38671875",
        "cumulative": false
    },
    {
        "date": "2020-09-11T09:18:48Z",
        "value": "309.38671875",
        "cumulative": false
    },
    {
        "date": "2020-09-11T09:19:03Z",
        "value": "322.8828125",
        "cumulative": false
    },
    {
        "date": "2020-09-11T09:19:22Z",
        "value": "309.43359375",
        "cumulative": false
    },
    {
        "date": "2020-09-11T09:19:40Z",
        "value": "309.38671875",
        "cumulative": false
    },
    {
        "date": "2020-09-11T09:19:53Z",
        "value": "309.3828125",
        "cumulative": false
    },
    {
        "date": "2020-09-11T09:20:08Z",
        "value": "309.38671875",
        "cumulative": false
    }
]