[
    {
        "date": "2020-09-11T08:29:02Z",
        "value": "4.00543212890625e-05",
        "cumulative": true
    },
    {
        "date": "2020-09-11T08:29:27Z",
        "value": "3.343113899230957",
        "cumulative": true
    },
    {
        "date": "2020-09-11T08:29:47Z",
        "value": "497.18931102752686",
        "cumulative": true
    },
    {
        "date": "2020-09-11T08:30:03Z",
        "value": "2478.29638671875",
        "cumulative": true
    },
    {
        "date": "2020-09-11T08:30:14Z",
        "value": "4062.3735494613647",
        "cumulative": true
    },
    {
        "date": "2020-09-11T08:30:30Z",
        "value": "6258.0344133377075",
        "cumulative": true
    },
    {
        "date": "2020-09-11T08:30:49Z",
        "value": "9471.333287239075",
        "cumulative": true
    },
    {
        "date": "2020-09-11T08:31:06Z",
        "value": "12005.423531532288",
        "cumulative": true
    },
    {
        "date": "2020-09-11T08:31:20Z",
        "value": "14457.000570297241",
        "cumulative": true
    },
    {
        "date": "2020-09-11T08:31:40Z",
        "value": "16792.417949676514",
        "cumulative": true
    },
    {
        "date": "2020-09-11T08:31:53Z",
        "value": "19140.41584968567",
        "cumulative": true
    },
    {
        "date": "2020-09-11T08:32:07Z",
        "value": "20359.60365009308",
        "cumulative": true
    },
    {
        "date": "2020-09-11T08:32:24Z",
        "value": "23976.977424621582",
        "cumulative": true
    },
    {
        "date": "2020-09-11T08:32:37Z",
        "value": "24889.80214881897",
        "cumulative": true
    },
    {
        "date": "2020-09-11T08:32:50Z",
        "value": "27457.865268707275",
        "cumulative": true
    },
    {
        "date": "2020-09-11T08:33:07Z",
        "value": "30406.609908103943",
        "cumulative": true
    },
    {
        "date": "2020-09-11T08:33:25Z",
        "value": "31761.512482643127",
        "cumulative": true
    },
    {
        "date": "2020-09-11T08:33:39Z",
        "value": "34812.06334686279",
        "cumulative": true
    },
    {
        "date": "2020-09-11T08:33:53Z",
        "value": "37847.501338005066",
        "cumulative": true
    },
    {
        "date": "2020-09-11T08:34:03Z",
        "value": "38602.56041049957",
        "cumulative": true
    },
    {
        "date": "2020-09-11T08:34:21Z",
        "value": "39867.29688549042",
        "cumulative": true
    },
    {
        "date": "2020-09-11T08:34:39Z",
        "value": "43569.16824531555",
        "cumulative": true
    },
    {
        "date": "2020-09-11T08:34:52Z",
        "value": "47036.96453285217",
        "cumulative": true
    },
    {
        "date": "2020-09-11T08:35:11Z",
        "value": "48677.46982574463",
        "cumulative": true
    },
    {
        "date": "2020-09-11T08:35:21Z",
        "value": "49438.355754852295",
        "cumulative": true
    },
    {
        "date": "2020-09-11T08:35:40Z",
        "value": "50822.86448097229",
        "cumulative": true
    },
    {
        "date": "2020-09-11T08:36:00Z",
        "value": "56318.16171646118",
        "cumulative": true
    },
    {
        "date": "2020-09-11T08:36:15Z",
        "value": "60155.91377258301",
        "cumulative": true
    },
    {
        "date": "2020-09-11T08:36:33Z",
        "value": "61419.940393447876",
        "cumulative": true
    },
    {
        "date": "2020-09-11T08:36:47Z",
        "value": "62432.28366279602",
        "cumulative": true
    },
    {
        "date": "2020-09-11T08:37:06Z",
        "value": "63760.114950180054",
        "cumulative": true
    },
    {
        "date": "2020-09-11T08:37:20Z",
        "value": "65838.16620159149",
        "cumulative": true
    },
    {
        "date": "2020-09-11T08:37:32Z",
        "value": "68963.79394817352",
        "cumulative": true
    },
    {
        "date": "2020-09-11T08:37:42Z",
        "value": "71934.23656749725",
        "cumulative": true
    },
    {
        "date": "2020-09-11T08:37:55Z",
        "value": "75665.3692779541",
        "cumulative": true
    },
    {
        "date": "2020-09-11T08:38:11Z",
        "value": "76785.91358566284",
        "cumulative": true
    },
    {
        "date": "2020-09-11T08:38:27Z",
        "value": "77908.45083236694",
        "cumulative": true
    },
    {
        "date": "2020-09-11T08:38:38Z",
        "value": "78707.68727684021",
        "cumulative": true
    },
    {
        "date": "2020-09-11T08:38:51Z",
        "value": "79625.20237350464",
        "cumulative": true
    },
    {
        "date": "2020-09-11T08:39:06Z",
        "value": "80722.16658782959",
        "cumulative": true
    },
    {
        "date": "2020-09-11T08:39:18Z",
        "value": "82180.18019390106",
        "cumulative": true
    },
    {
        "date": "2020-09-11T08:39:32Z",
        "value": "86671.93121242523",
        "cumulative": true
    },
    {
        "date": "2020-09-11T08:39:48Z",
        "value": "91236.33944416046",
        "cumulative": true
    },
    {
        "date": "2020-09-11T08:40:04Z",
        "value": "95665.50251960754",
        "cumulative": true
    },
    {
        "date": "2020-09-11T08:40:21Z",
        "value": "96759.22409248352",
        "cumulative": true
    },
    {
        "date": "2020-09-11T08:40:36Z",
        "value": "97795.44228935242",
        "cumulative": true
    },
    {
        "date": "2020-09-11T08:40:53Z",
        "value": "98932.3168926239",
        "cumulative": true
    },
    {
        "date": "2020-09-11T08:41:12Z",
        "value": "100164.49073982239",
        "cumulative": true
    },
    {
        "date": "2020-09-11T08:41:30Z",
        "value": "101318.37012863159",
        "cumulative": true
    },
    {
        "date": "2020-09-11T08:41:47Z",
        "value": "102428.15629768372",
        "cumulative": true
    },
    {
        "date": "2020-09-11T08:42:00Z",
        "value": "105609.48395633698",
        "cumulative": true
    },
    {
        "date": "2020-09-11T08:42:18Z",
        "value": "111435.50463199615",
        "cumulative": true
    },
    {
        "date": "2020-09-11T08:42:34Z",
        "value": "116595.1366815567",
        "cumulative": true
    },
    {
        "date": "2020-09-11T08:42:48Z",
        "value": "120654.23509407043",
        "cumulative": true
    },
    {
        "date": "2020-09-11T08:43:01Z",
        "value": "121496.8010635376",
        "cumulative": true
    },
    {
        "date": "2020-09-11T08:43:20Z",
        "value": "122766.36378669739",
        "cumulative": true
    },
    {
        "date": "2020-09-11T08:43:33Z",
        "value": "123602.38097953796",
        "cumulative": true
    },
    {
        "date": "2020-09-11T08:43:47Z",
        "value": "124544.79439735413",
        "cumulative": true
    },
    {
        "date": "2020-09-11T08:43:59Z",
        "value": "125302.6627998352",
        "cumulative": true
    },
    {
        "date": "2020-09-11T08:44:18Z",
        "value": "126545.864320755",
        "cumulative": true
    },
    {
        "date": "2020-09-11T08:44:33Z",
        "value": "127523.44807434082",
        "cumulative": true
    },
    {
        "date": "2020-09-11T08:44:50Z",
        "value": "128674.05590438843",
        "cumulative": true
    },
    {
        "date": "2020-09-11T08:45:03Z",
        "value": "129435.26861763",
        "cumulative": true
    },
    {
        "date": "2020-09-11T08:45:17Z",
        "value": "133198.89740657806",
        "cumulative": true
    },
    {
        "date": "2020-09-11T08:45:30Z",
        "value": "136838.8075723648",
        "cumulative": true
    },
    {
        "date": "2020-09-11T08:45:41Z",
        "value": "139644.74566936493",
        "cumulative": true
    },
    {
        "date": "2020-09-11T08:45:58Z",
        "value": "145241.7388238907",
        "cumulative": true
    },
    {
        "date": "2020-09-11T08:46:13Z",
        "value": "149553.8917837143",
        "cumulative": true
    },
    {
        "date": "2020-09-11T08:46:30Z",
        "value": "152837.8396024704",
        "cumulative": true
    },
    {
        "date": "2020-09-11T08:46:44Z",
        "value": "153765.34396839142",
        "cumulative": true
    },
    {
        "date": "2020-09-11T08:46:56Z",
        "value": "154530.3006887436",
        "cumulative": true
    },
    {
        "date": "2020-09-11T08:47:15Z",
        "value": "155785.49686145782",
        "cumulative": true
    },
    {
        "date": "2020-09-11T08:47:25Z",
        "value": "156466.31426525116",
        "cumulative": true
    },
    {
        "date": "2020-09-11T08:47:39Z",
        "value": "157373.4774312973",
        "cumulative": true
    },
    {
        "date": "2020-09-11T08:47:49Z",
        "value": "158052.06325244904",
        "cumulative": true
    },
    {
        "date": "2020-09-11T08:48:07Z",
        "value": "159237.4765958786",
        "cumulative": true
    },
    {
        "date": "2020-09-11T08:48:25Z",
        "value": "160353.49008655548",
        "cumulative": true
    },
    {
        "date": "2020-09-11T08:48:44Z",
        "value": "161582.39553546906",
        "cumulative": true
    },
    {
        "date": "2020-09-11T08:48:57Z",
        "value": "162465.97360134125",
        "cumulative": true
    },
    {
        "date": "2020-09-11T08:49:14Z",
        "value": "163598.31064033508",
        "cumulative": true
    },
    {
        "date": "2020-09-11T08:49:32Z",
        "value": "168697.0100955963",
        "cumulative": true
    },
    {
        "date": "2020-09-11T08:49:50Z",
        "value": "173893.29977035522",
        "cumulative": true
    },
    {
        "date": "2020-09-11T08:50:04Z",
        "value": "177651.9045562744",
        "cumulative": true
    },
    {
        "date": "2020-09-11T08:50:19Z",
        "value": "181431.42519760132",
        "cumulative": true
    },
    {
        "date": "2020-09-11T08:50:35Z",
        "value": "186028.13083839417",
        "cumulative": true
    },
    {
        "date": "2020-09-11T08:50:54Z",
        "value": "191418.37590789795",
        "cumulative": true
    },
    {
        "date": "2020-09-11T08:51:14Z",
        "value": "193294.39980983734",
        "cumulative": true
    },
    {
        "date": "2020-09-11T08:51:31Z",
        "value": "194431.74387454987",
        "cumulative": true
    },
    {
        "date": "2020-09-11T08:51:46Z",
        "value": "195430.26947116852",
        "cumulative": true
    },
    {
        "date": "2020-09-11T08:52:02Z",
        "value": "196456.08493328094",
        "cumulative": true
    },
    {
        "date": "2020-09-11T08:52:13Z",
        "value": "197204.6918077469",
        "cumulative": true
    },
    {
        "date": "2020-09-11T08:52:29Z",
        "value": "198287.86062526703",
        "cumulative": true
    },
    {
        "date": "2020-09-11T08:52:46Z",
        "value": "199430.69665431976",
        "cumulative": true
    },
    {
        "date": "2020-09-11T08:53:05Z",
        "value": "200609.7361497879",
        "cumulative": true
    },
    {
        "date": "2020-09-11T08:53:15Z",
        "value": "201211.6918039322",
        "cumulative": true
    },
    {
        "date": "2020-09-11T08:53:34Z",
        "value": "202480.42629528046",
        "cumulative": true
    },
    {
        "date": "2020-09-11T08:53:45Z",
        "value": "203179.4019098282",
        "cumulative": true
    },
    {
        "date": "2020-09-11T08:53:56Z",
        "value": "203904.7736635208",
        "cumulative": true
    },
    {
        "date": "2020-09-11T08:54:11Z",
        "value": "204869.4342031479",
        "cumulative": true
    },
    {
        "date": "2020-09-11T08:54:27Z",
        "value": "205892.44286441803",
        "cumulative": true
    },
    {
        "date": "2020-09-11T08:54:44Z",
        "value": "208751.60203933716",
        "cumulative": true
    },
    {
        "date": "2020-09-11T08:54:56Z",
        "value": "212071.77441596985",
        "cumulative": true
    },
    {
        "date": "2020-09-11T08:55:13Z",
        "value": "217107.82741737366",
        "cumulative": true
    },
    {
        "date": "2020-09-11T08:55:28Z",
        "value": "221312.27803611755",
        "cumulative": true
    },
    {
        "date": "2020-09-11T08:55:40Z",
        "value": "224316.29069328308",
        "cumulative": true
    },
    {
        "date": "2020-09-11T08:55:55Z",
        "value": "228921.34014892578",
        "cumulative": true
    },
    {
        "date": "2020-09-11T08:56:12Z",
        "value": "233764.32189559937",
        "cumulative": true
    },
    {
        "date": "2020-09-11T08:56:30Z",
        "value": "239239.38043403625",
        "cumulative": true
    },
    {
        "date": "2020-09-11T08:56:41Z",
        "value": "242414.61819076538",
        "cumulative": true
    },
    {
        "date": "2020-09-11T08:57:00Z",
        "value": "243912.1792936325",
        "cumulative": true
    },
    {
        "date": "2020-09-11T08:57:19Z",
        "value": "245127.8489484787",
        "cumulative": true
    },
    {
        "date": "2020-09-11T08:57:38Z",
        "value": "246391.31042575836",
        "cumulative": true
    },
    {
        "date": "2020-09-11T08:57:51Z",
        "value": "247282.41029071808",
        "cumulative": true
    },
    {
        "date": "2020-09-11T08:58:09Z",
        "value": "248424.14461040497",
        "cumulative": true
    },
    {
        "date": "2020-09-11T08:58:22Z",
        "value": "249293.90962696075",
        "cumulative": true
    },
    {
        "date": "2020-09-11T08:58:34Z",
        "value": "250047.5029001236",
        "cumulative": true
    },
    {
        "date": "2020-09-11T08:58:45Z",
        "value": "250789.67849826813",
        "cumulative": true
    },
    {
        "date": "2020-09-11T08:59:04Z",
        "value": "252013.6696882248",
        "cumulative": true
    },
    {
        "date": "2020-09-11T08:59:23Z",
        "value": "253253.04292964935",
        "cumulative": true
    },
    {
        "date": "2020-09-11T08:59:36Z",
        "value": "254154.15491390228",
        "cumulative": true
    },
    {
        "date": "2020-09-11T08:59:50Z",
        "value": "254974.69247722626",
        "cumulative": true
    },
    {
        "date": "2020-09-11T09:00:03Z",
        "value": "255841.89131832123",
        "cumulative": true
    },
    {
        "date": "2020-09-11T09:00:16Z",
        "value": "256745.60604953766",
        "cumulative": true
    },
    {
        "date": "2020-09-11T09:00:28Z",
        "value": "257495.32365894318",
        "cumulative": true
    },
    {
        "date": "2020-09-11T09:00:46Z",
        "value": "258669.88908672333",
        "cumulative": true
    },
    {
        "date": "2020-09-11T09:01:04Z",
        "value": "259929.97190761566",
        "cumulative": true
    },
    {
        "date": "2020-09-11T09:01:18Z",
        "value": "260832.41347503662",
        "cumulative": true
    },
    {
        "date": "2020-09-11T09:01:29Z",
        "value": "264031.5242443085",
        "cumulative": true
    },
    {
        "date": "2020-09-11T09:01:47Z",
        "value": "269064.41382980347",
        "cumulative": true
    },
    {
        "date": "2020-09-11T09:01:58Z",
        "value": "272455.78108787537",
        "cumulative": true
    },
    {
        "date": "2020-09-11T09:02:12Z",
        "value": "276396.99032211304",
        "cumulative": true
    },
    {
        "date": "2020-09-11T09:02:24Z",
        "value": "280033.5216331482",
        "cumulative": true
    },
    {
        "date": "2020-09-11T09:02:37Z",
        "value": "283691.9266548157",
        "cumulative": true
    },
    {
        "date": "2020-09-11T09:02:55Z",
        "value": "289377.1248989105",
        "cumulative": true
    },
    {
        "date": "2020-09-11T09:03:11Z",
        "value": "294142.94377708435",
        "cumulative": true
    },
    {
        "date": "2020-09-11T09:03:22Z",
        "value": "297042.8296031952",
        "cumulative": true
    },
    {
        "date": "2020-09-11T09:03:40Z",
        "value": "302454.76116371155",
        "cumulative": true
    },
    {
        "date": "2020-09-11T09:03:55Z",
        "value": "306572.9316110611",
        "cumulative": true
    },
    {
        "date": "2020-09-11T09:04:08Z",
        "value": "307481.91865444183",
        "cumulative": true
    },
    {
        "date": "2020-09-11T09:04:21Z",
        "value": "308264.78120708466",
        "cumulative": true
    },
    {
        "date": "2020-09-11T09:04:32Z",
        "value": "309079.2120370865",
        "cumulative": true
    },
    {
        "date": "2020-09-11T09:04:46Z",
        "value": "309990.0411596298",
        "cumulative": true
    },
    {
        "date": "2020-09-11T09:05:01Z",
        "value": "310951.4282979965",
        "cumulative": true
    },
    {
        "date": "2020-09-11T09:05:20Z",
        "value": "312254.58366298676",
        "cumulative": true
    },
    {
        "date": "2020-09-11T09:05:39Z",
        "value": "313477.24061489105",
        "cumulative": true
    },
    {
        "date": "2020-09-11T09:05:59Z",
        "value": "314779.90677165985",
        "cumulative": true
    },
    {
        "date": "2020-09-11T09:06:11Z",
        "value": "315560.6907892227",
        "cumulative": true
    },
    {
        "date": "2020-09-11T09:06:23Z",
        "value": "316373.64846134186",
        "cumulative": true
    },
    {
        "date": "2020-09-11T09:06:43Z",
        "value": "317658.8929929733",
        "cumulative": true
    },
    {
        "date": "2020-09-11T09:07:02Z",
        "value": "318880.24648952484",
        "cumulative": true
    },
    {
        "date": "2020-09-11T09:07:12Z",
        "value": "319562.1162919998",
        "cumulative": true
    },
    {
        "date": "2020-09-11T09:07:22Z",
        "value": "320245.1362218857",
        "cumulative": true
    },
    {
        "date": "2020-09-11T09:07:34Z",
        "value": "320983.8084459305",
        "cumulative": true
    },
    {
        "date": "2020-09-11T09:07:48Z",
        "value": "321888.60106754303",
        "cumulative": true
    },
    {
        "date": "2020-09-11T09:08:03Z",
        "value": "322899.4811067581",
        "cumulative": true
    },
    {
        "date": "2020-09-11T09:08:18Z",
        "value": "323925.1008710861",
        "cumulative": true
    },
    {
        "date": "2020-09-11T09:08:34Z",
        "value": "325035.05309200287",
        "cumulative": true
    },
    {
        "date": "2020-09-11T09:08:53Z",
        "value": "326180.88661289215",
        "cumulative": true
    },
    {
        "date": "2020-09-11T09:09:07Z",
        "value": "327135.44511699677",
        "cumulative": true
    },
    {
        "date": "2020-09-11T09:09:25Z",
        "value": "328272.4889497757",
        "cumulative": true
    },
    {
        "date": "2020-09-11T09:09:38Z",
        "value": "329139.89928913116",
        "cumulative": true
    },
    {
        "date": "2020-09-11T09:09:55Z",
        "value": "333414.33889579773",
        "cumulative": true
    },
    {
        "date": "2020-09-11T09:10:14Z",
        "value": "339182.4525489807",
        "cumulative": true
    },
    {
        "date": "2020-09-11T09:10:33Z",
        "value": "344584.94043540955",
        "cumulative": true
    },
    {
        "date": "2020-09-11T09:10:48Z",
        "value": "348995.4147949219",
        "cumulative": true
    },
    {
        "date": "2020-09-11T09:11:02Z",
        "value": "353203.4890460968",
        "cumulative": true
    },
    {
        "date": "2020-09-11T09:11:19Z",
        "value": "358229.9039878845",
        "cumulative": true
    },
    {
        "date": "2020-09-11T09:11:39Z",
        "value": "364167.47259140015",
        "cumulative": true
    },
    {
        "date": "2020-09-11T09:11:52Z",
        "value": "368240.4439086914",
        "cumulative": true
    },
    {
        "date": "2020-09-11T09:12:05Z",
        "value": "372082.5842514038",
        "cumulative": true
    },
    {
        "date": "2020-09-11T09:12:21Z",
        "value": "376704.9424190521",
        "cumulative": true
    },
    {
        "date": "2020-09-11T09:12:35Z",
        "value": "381317.8196964264",
        "cumulative": true
    },
    {
        "date": "2020-09-11T09:12:55Z",
        "value": "386746.5450973511",
        "cumulative": true
    },
    {
        "date": "2020-09-11T09:13:08Z",
        "value": "387925.4209289551",
        "cumulative": true
    },
    {
        "date": "2020-09-11T09:13:24Z",
        "value": "388878.45941352844",
        "cumulative": true
    },
    {
        "date": "2020-09-11T09:13:36Z",
        "value": "389675.15995788574",
        "cumulative": true
    },
    {
        "date": "2020-09-11T09:13:51Z",
        "value": "390611.51996040344",
        "cumulative": true
    },
    {
        "date": "2020-09-11T09:14:01Z",
        "value": "391404.21874427795",
        "cumulative": true
    },
    {
        "date": "2020-09-11T09:14:20Z",
        "value": "392599.8029613495",
        "cumulative": true
    },
    {
        "date": "2020-09-11T09:14:33Z",
        "value": "393425.28727149963",
        "cumulative": true
    },
    {
        "date": "2020-09-11T09:14:47Z",
        "value": "394339.14901924133",
        "cumulative": true
    },
    {
        "date": "2020-09-11T09:15:01Z",
        "value": "395354.87954330444",
        "cumulative": true
    },
    {
        "date": "2020-09-11T09:15:18Z",
        "value": "396392.5422363281",
        "cumulative": true
    },
    {
        "date": "2020-09-11T09:15:29Z",
        "value": "397163.15162467957",
        "cumulative": true
    },
    {
        "date": "2020-09-11T09:15:41Z",
        "value": "397948.33757019043",
        "cumulative": true
    },
    {
        "date": "2020-09-11T09:15:57Z",
        "value": "398980.6774845123",
        "cumulative": true
    },
    {
        "date": "2020-09-11T09:16:16Z",
        "value": "400192.91770362854",
        "cumulative": true
    },
    {
        "date": "2020-09-11T09:16:32Z",
        "value": "401252.77318573",
        "cumulative": true
    },
    {
        "date": "2020-09-11T09:16:47Z",
        "value": "402184.40689849854",
        "cumulative": true
    },
    {
        "date": "2020-09-11T09:17:03Z",
        "value": "403248.4143409729",
        "cumulative": true
    },
    {
        "date": "2020-09-11T09:17:14Z",
        "value": "404065.51122283936",
        "cumulative": true
    },
    {
        "date": "2020-09-11T09:17:30Z",
        "value": "405027.5602455139",
        "cumulative": true
    },
    {
        "date": "2020-09-11T09:17:44Z",
        "value": "405922.4631843567",
        "cumulative": true
    },
    {
        "date": "2020-09-11T09:18:03Z",
        "value": "407231.1136379242",
        "cumulative": true
    },
    {
        "date": "2020-09-11T09:18:20Z",
        "value": "408382.93162727356",
        "cumulative": true
    },
    {
        "date": "2020-09-11T09:18:38Z",
        "value": "409535.4425125122",
        "cumulative": true
    },
    {
        "date": "2020-09-11T09:18:53Z",
        "value": "410512.8283042908",
        "cumulative": true
    },
    {
        "date": "2020-09-11T09:19:05Z",
        "value": "411338.660490036",
        "cumulative": true
    },
    {
        "date": "2020-09-11T09:19:19Z",
        "value": "412211.8835296631",
        "cumulative": true
    },
    {
        "date": "2020-09-11T09:19:35Z",
        "value": "413276.19675064087",
        "cumulative": true
    },
    {
        "date": "2020-09-11T09:19:49Z",
        "value": "414173.74823760986",
        "cumulative": true
    },
    {
        "date": "2020-09-11T09:20:07Z",
        "value": "415413.61364364624",
        "cumulative": true
    }
]