[
    {
        "date": "2020-09-11T08:29:14Z",
        "value": "0.0009593963623046875",
        "cumulative": true
    },
    {
        "date": "2020-09-11T08:29:29Z",
        "value": "8.118746757507324",
        "cumulative": true
    },
    {
        "date": "2020-09-11T08:29:44Z",
        "value": "229.94240760803223",
        "cumulative": true
    },
    {
        "date": "2020-09-11T08:30:02Z",
        "value": "2442.360918045044",
        "cumulative": true
    },
    {
        "date": "2020-09-11T08:30:20Z",
        "value": "4961.810334205627",
        "cumulative": true
    },
    {
        "date": "2020-09-11T08:30:40Z",
        "value": "7758.397406578064",
        "cumulative": true
    },
    {
        "date": "2020-09-11T08:30:59Z",
        "value": "10578.502247810364",
        "cumulative": true
    },
    {
        "date": "2020-09-11T08:31:18Z",
        "value": "13843.309099197388",
        "cumulative": true
    },
    {
        "date": "2020-09-11T08:31:35Z",
        "value": "15763.204502105713",
        "cumulative": true
    },
    {
        "date": "2020-09-11T08:31:49Z",
        "value": "18851.57968711853",
        "cumulative": true
    },
    {
        "date": "2020-09-11T08:32:02Z",
        "value": "19809.444833755493",
        "cumulative": true
    },
    {
        "date": "2020-09-11T08:32:15Z",
        "value": "22447.209678649902",
        "cumulative": true
    },
    {
        "date": "2020-09-11T08:32:29Z",
        "value": "24332.572865486145",
        "cumulative": true
    },
    {
        "date": "2020-09-11T08:32:47Z",
        "value": "26336.94972229004",
        "cumulative": true
    },
    {
        "date": "2020-09-11T08:32:58Z",
        "value": "29783.46771812439",
        "cumulative": true
    },
    {
        "date": "2020-09-11T08:33:17Z",
        "value": "31134.636734962463",
        "cumulative": true
    },
    {
        "date": "2020-09-11T08:33:30Z",
        "value": "32473.317750930786",
        "cumulative": true
    },
    {
        "date": "2020-09-11T08:33:47Z",
        "value": "37103.452239990234",
        "cumulative": true
    },
    {
        "date": "2020-09-11T08:34:02Z",
        "value": "38546.776540756226",
        "cumulative": true
    },
    {
        "date": "2020-09-11T08:34:16Z",
        "value": "39495.70945739746",
        "cumulative": true
    },
    {
        "date": "2020-09-11T08:34:27Z",
        "value": "40292.327001571655",
        "cumulative": true
    },
    {
        "date": "2020-09-11T08:34:42Z",
        "value": "44139.422441482544",
        "cumulative": true
    },
    {
        "date": "2020-09-11T08:34:56Z",
        "value": "47653.297483444214",
        "cumulative": true
    },
    {
        "date": "2020-09-11T08:35:16Z",
        "value": "49063.76077079773",
        "cumulative": true
    },
    {
        "date": "2020-09-11T08:35:27Z",
        "value": "49918.15187072754",
        "cumulative": true
    },
    {
        "date": "2020-09-11T08:35:39Z",
        "value": "50734.91145324707",
        "cumulative": true
    },
    {
        "date": "2020-09-11T08:35:52Z",
        "value": "53863.557337760925",
        "cumulative": true
    },
    {
        "date": "2020-09-11T08:36:03Z",
        "value": "57324.149903297424",
        "cumulative": true
    },
    {
        "date": "2020-09-11T08:36:15Z",
        "value": "60127.56496524811",
        "cumulative": true
    },
    {
        "date": "2020-09-11T08:36:31Z",
        "value": "61324.31788921356",
        "cumulative": true
    },
    {
        "date": "2020-09-11T08:36:48Z",
        "value": "62500.88354587555",
        "cumulative": true
    },
    {
        "date": "2020-09-11T08:37:04Z",
        "value": "63635.91660785675",
        "cumulative": true
    },
    {
        "date": "2020-09-11T08:37:24Z",
        "value": "66839.80537509918",
        "cumulative": true
    },
    {
        "date": "2020-09-11T08:37:38Z",
        "value": "70720.60768604279",
        "cumulative": true
    },
    {
        "date": "2020-09-11T08:37:51Z",
        "value": "74435.47362422943",
        "cumulative": true
    },
    {
        "date": "2020-09-11T08:38:09Z",
        "value": "76650.19323062897",
        "cumulative": true
    },
    {
        "date": "2020-09-11T08:38:29Z",
        "value": "78066.75948047638",
        "cumulative": true
    },
    {
        "date": "2020-09-11T08:38:49Z",
        "value": "79464.27383327484",
        "cumulative": true
    },
    {
        "date": "2020-09-11T08:39:00Z",
        "value": "80244.9671201706",
        "cumulative": true
    },
    {
        "date": "2020-09-11T08:39:17Z",
        "value": "81969.99362373352",
        "cumulative": true
    },
    {
        "date": "2020-09-11T08:39:31Z",
        "value": "86446.21634292603",
        "cumulative": true
    },
    {
        "date": "2020-09-11T08:39:41Z",
        "value": "89577.21842002869",
        "cumulative": true
    },
    {
        "date": "2020-09-11T08:39:55Z",
        "value": "93371.9760017395",
        "cumulative": true
    },
    {
        "date": "2020-09-11T08:40:08Z",
        "value": "95935.14753437042",
        "cumulative": true
    },
    {
        "date": "2020-09-11T08:40:21Z",
        "value": "96800.97912693024",
        "cumulative": true
    },
    {
        "date": "2020-09-11T08:40:38Z",
        "value": "97933.13391208649",
        "cumulative": true
    },
    {
        "date": "2020-09-11T08:40:57Z",
        "value": "99188.37556934357",
        "cumulative": true
    },
    {
        "date": "2020-09-11T08:41:14Z",
        "value": "100328.99211788177",
        "cumulative": true
    },
    {
        "date": "2020-09-11T08:41:31Z",
        "value": "101466.04094028473",
        "cumulative": true
    },
    {
        "date": "2020-09-11T08:41:48Z",
        "value": "102511.98599147797",
        "cumulative": true
    },
    {
        "date": "2020-09-11T08:42:05Z",
        "value": "107173.15979576111",
        "cumulative": true
    },
    {
        "date": "2020-09-11T08:42:23Z",
        "value": "112934.96956443787",
        "cumulative": true
    },
    {
        "date": "2020-09-11T08:42:42Z",
        "value": "119058.63095474243",
        "cumulative": true
    },
    {
        "date": "2020-09-11T08:43:00Z",
        "value": "121495.04522037506",
        "cumulative": true
    },
    {
        "date": "2020-09-11T08:43:15Z",
        "value": "122487.27386951447",
        "cumulative": true
    },
    {
        "date": "2020-09-11T08:43:32Z",
        "value": "123640.9537935257",
        "cumulative": true
    },
    {
        "date": "2020-09-11T08:43:47Z",
        "value": "124565.86909770966",
        "cumulative": true
    },
    {
        "date": "2020-09-11T08:43:59Z",
        "value": "125351.81183719635",
        "cumulative": true
    },
    {
        "date": "2020-09-11T08:44:14Z",
        "value": "126356.66375255585",
        "cumulative": true
    },
    {
        "date": "2020-09-11T08:44:24Z",
        "value": "127055.20613574982",
        "cumulative": true
    },
    {
        "date": "2020-09-11T08:44:37Z",
        "value": "127890.41542339325",
        "cumulative": true
    },
    {
        "date": "2020-09-11T08:44:49Z",
        "value": "128619.64824390411",
        "cumulative": true
    },
    {
        "date": "2020-09-11T08:45:00Z",
        "value": "129388.6377363205",
        "cumulative": true
    },
    {
        "date": "2020-09-11T08:45:12Z",
        "value": "131808.28539276123",
        "cumulative": true
    },
    {
        "date": "2020-09-11T08:45:25Z",
        "value": "135431.7361946106",
        "cumulative": true
    },
    {
        "date": "2020-09-11T08:45:43Z",
        "value": "140572.10691070557",
        "cumulative": true
    },
    {
        "date": "2020-09-11T08:46:00Z",
        "value": "146028.21503067017",
        "cumulative": true
    },
    {
        "date": "2020-09-11T08:46:20Z",
        "value": "152163.96854400635",
        "cumulative": true
    },
    {
        "date": "2020-09-11T08:46:31Z",
        "value": "152988.6211795807",
        "cumulative": true
    },
    {
        "date": "2020-09-11T08:46:44Z",
        "value": "153860.35483169556",
        "cumulative": true
    },
    {
        "date": "2020-09-11T08:47:02Z",
        "value": "155020.5111694336",
        "cumulative": true
    },
    {
        "date": "2020-09-11T08:47:18Z",
        "value": "156061.46774864197",
        "cumulative": true
    },
    {
        "date": "2020-09-11T08:47:29Z",
        "value": "156844.84387016296",
        "cumulative": true
    },
    {
        "date": "2020-09-11T08:47:47Z",
        "value": "157987.7512512207",
        "cumulative": true
    },
    {
        "date": "2020-09-11T08:47:58Z",
        "value": "158739.06538772583",
        "cumulative": true
    },
    {
        "date": "2020-09-11T08:48:17Z",
        "value": "159926.87852859497",
        "cumulative": true
    },
    {
        "date": "2020-09-11T08:48:36Z",
        "value": "161210.6342086792",
        "cumulative": true
    },
    {
        "date": "2020-09-11T08:48:47Z",
        "value": "161919.00868034363",
        "cumulative": true
    },
    {
        "date": "2020-09-11T08:48:59Z",
        "value": "162735.18654632568",
        "cumulative": true
    },
    {
        "date": "2020-09-11T08:49:13Z",
        "value": "163637.0011768341",
        "cumulative": true
    },
    {
        "date": "2020-09-11T08:49:31Z",
        "value": "168591.51885700226",
        "cumulative": true
    },
    {
        "date": "2020-09-11T08:49:43Z",
        "value": "171883.08380413055",
        "cumulative": true
    },
    {
        "date": "2020-09-11T08:49:59Z",
        "value": "176298.76215076447",
        "cumulative": true
    },
    {
        "date": "2020-09-11T08:50:10Z",
        "value": "179306.5787153244",
        "cumulative": true
    },
    {
        "date": "2020-09-11T08:50:29Z",
        "value": "184692.8166475296",
        "cumulative": true
    },
    {
        "date": "2020-09-11T08:50:40Z",
        "value": "187554.09671497345",
        "cumulative": true
    },
    {
        "date": "2020-09-11T08:50:56Z",
        "value": "192158.64752674103",
        "cumulative": true
    },
    {
        "date": "2020-09-11T08:51:14Z",
        "value": "193477.512922287",
        "cumulative": true
    },
    {
        "date": "2020-09-11T08:51:24Z",
        "value": "194158.49486160278",
        "cumulative": true
    },
    {
        "date": "2020-09-11T08:51:35Z",
        "value": "194813.0014705658",
        "cumulative": true
    },
    {
        "date": "2020-09-11T08:51:52Z",
        "value": "195935.97074317932",
        "cumulative": true
    },
    {
        "date": "2020-09-11T08:52:08Z",
        "value": "197029.4873008728",
        "cumulative": true
    },
    {
        "date": "2020-09-11T08:52:25Z",
        "value": "198162.4329738617",
        "cumulative": true
    },
    {
        "date": "2020-09-11T08:52:37Z",
        "value": "198926.27321624756",
        "cumulative": true
    },
    {
        "date": "2020-09-11T08:52:56Z",
        "value": "200166.69445610046",
        "cumulative": true
    },
    {
        "date": "2020-09-11T08:53:07Z",
        "value": "200919.506357193",
        "cumulative": true
    },
    {
        "date": "2020-09-11T08:53:22Z",
        "value": "201802.25213432312",
        "cumulative": true
    },
    {
        "date": "2020-09-11T08:53:35Z",
        "value": "202743.42881393433",
        "cumulative": true
    },
    {
        "date": "2020-09-11T08:53:54Z",
        "value": "203932.5624256134",
        "cumulative": true
    },
    {
        "date": "2020-09-11T08:54:06Z",
        "value": "204673.91041183472",
        "cumulative": true
    },
    {
        "date": "2020-09-11T08:54:25Z",
        "value": "205946.93099212646",
        "cumulative": true
    },
    {
        "date": "2020-09-11T08:54:45Z",
        "value": "209003.76626110077",
        "cumulative": true
    },
    {
        "date": "2020-09-11T08:55:02Z",
        "value": "213906.42542362213",
        "cumulative": true
    },
    {
        "date": "2020-09-11T08:55:18Z",
        "value": "218460.66816806793",
        "cumulative": true
    },
    {
        "date": "2020-09-11T08:55:35Z",
        "value": "222906.09719371796",
        "cumulative": true
    },
    {
        "date": "2020-09-11T08:55:48Z",
        "value": "226787.0929555893",
        "cumulative": true
    },
    {
        "date": "2020-09-11T08:56:05Z",
        "value": "231936.26835727692",
        "cumulative": true
    },
    {
        "date": "2020-09-11T08:56:16Z",
        "value": "235305.8229856491",
        "cumulative": true
    },
    {
        "date": "2020-09-11T08:56:33Z",
        "value": "240201.70413684845",
        "cumulative": true
    },
    {
        "date": "2020-09-11T08:56:49Z",
        "value": "243397.684797287",
        "cumulative": true
    },
    {
        "date": "2020-09-11T08:57:00Z",
        "value": "244105.75119018555",
        "cumulative": true
    },
    {
        "date": "2020-09-11T08:57:11Z",
        "value": "244829.60887527466",
        "cumulative": true
    },
    {
        "date": "2020-09-11T08:57:27Z",
        "value": "245909.27188301086",
        "cumulative": true
    },
    {
        "date": "2020-09-11T08:57:41Z",
        "value": "246826.41778373718",
        "cumulative": true
    },
    {
        "date": "2020-09-11T08:57:52Z",
        "value": "247529.41855430603",
        "cumulative": true
    },
    {
        "date": "2020-09-11T08:58:08Z",
        "value": "248599.6750640869",
        "cumulative": true
    },
    {
        "date": "2020-09-11T08:58:25Z",
        "value": "249685.9121131897",
        "cumulative": true
    },
    {
        "date": "2020-09-11T08:58:35Z",
        "value": "250407.2997264862",
        "cumulative": true
    },
    {
        "date": "2020-09-11T08:58:47Z",
        "value": "251131.56470680237",
        "cumulative": true
    },
    {
        "date": "2020-09-11T08:59:03Z",
        "value": "252202.05784988403",
        "cumulative": true
    },
    {
        "date": "2020-09-11T08:59:19Z",
        "value": "253256.54684448242",
        "cumulative": true
    },
    {
        "date": "2020-09-11T08:59:34Z",
        "value": "254211.5692501068",
        "cumulative": true
    },
    {
        "date": "2020-09-11T08:59:45Z",
        "value": "254928.84270477295",
        "cumulative": true
    },
    {
        "date": "2020-09-11T08:59:59Z",
        "value": "255849.09358596802",
        "cumulative": true
    },
    {
        "date": "2020-09-11T09:00:11Z",
        "value": "256647.59134292603",
        "cumulative": true
    },
    {
        "date": "2020-09-11T09:00:22Z",
        "value": "257333.51387786865",
        "cumulative": true
    },
    {
        "date": "2020-09-11T09:00:38Z",
        "value": "258383.14469718933",
        "cumulative": true
    },
    {
        "date": "2020-09-11T09:00:57Z",
        "value": "259650.35570526123",
        "cumulative": true
    },
    {
        "date": "2020-09-11T09:01:09Z",
        "value": "260412.21975135803",
        "cumulative": true
    },
    {
        "date": "2020-09-11T09:01:25Z",
        "value": "263069.2881612778",
        "cumulative": true
    },
    {
        "date": "2020-09-11T09:01:45Z",
        "value": "268708.4317789078",
        "cumulative": true
    },
    {
        "date": "2020-09-11T09:02:03Z",
        "value": "273945.0960073471",
        "cumulative": true
    },
    {
        "date": "2020-09-11T09:02:18Z",
        "value": "278744.5937395096",
        "cumulative": true
    },
    {
        "date": "2020-09-11T09:02:34Z",
        "value": "283062.651389122",
        "cumulative": true
    },
    {
        "date": "2020-09-11T09:02:52Z",
        "value": "288748.2973604202",
        "cumulative": true
    },
    {
        "date": "2020-09-11T09:03:07Z",
        "value": "293133.89492321014",
        "cumulative": true
    },
    {
        "date": "2020-09-11T09:03:24Z",
        "value": "297978.6186609268",
        "cumulative": true
    },
    {
        "date": "2020-09-11T09:03:43Z",
        "value": "303664.4912176132",
        "cumulative": true
    },
    {
        "date": "2020-09-11T09:04:01Z",
        "value": "307314.03464508057",
        "cumulative": true
    },
    {
        "date": "2020-09-11T09:04:12Z",
        "value": "307998.2549095154",
        "cumulative": true
    },
    {
        "date": "2020-09-11T09:04:26Z",
        "value": "308911.6426334381",
        "cumulative": true
    },
    {
        "date": "2020-09-11T09:04:40Z",
        "value": "309839.7501106262",
        "cumulative": true
    },
    {
        "date": "2020-09-11T09:04:53Z",
        "value": "310736.2560997009",
        "cumulative": true
    },
    {
        "date": "2020-09-11T09:05:13Z",
        "value": "312090.1886291504",
        "cumulative": true
    },
    {
        "date": "2020-09-11T09:05:32Z",
        "value": "313296.1362609863",
        "cumulative": true
    },
    {
        "date": "2020-09-11T09:05:48Z",
        "value": "314385.5165271759",
        "cumulative": true
    },
    {
        "date": "2020-09-11T09:06:01Z",
        "value": "315144.60318374634",
        "cumulative": true
    },
    {
        "date": "2020-09-11T09:06:18Z",
        "value": "316305.3168640137",
        "cumulative": true
    },
    {
        "date": "2020-09-11T09:06:33Z",
        "value": "317344.72012138367",
        "cumulative": true
    },
    {
        "date": "2020-09-11T09:06:48Z",
        "value": "318303.9988975525",
        "cumulative": true
    },
    {
        "date": "2020-09-11T09:07:00Z",
        "value": "319105.296295166",
        "cumulative": true
    },
    {
        "date": "2020-09-11T09:07:14Z",
        "value": "319982.5200996399",
        "cumulative": true
    },
    {
        "date": "2020-09-11T09:07:29Z",
        "value": "321000.5640678406",
        "cumulative": true
    },
    {
        "date": "2020-09-11T09:07:42Z",
        "value": "321825.2842884064",
        "cumulative": true
    },
    {
        "date": "2020-09-11T09:08:01Z",
        "value": "323078.92397117615",
        "cumulative": true
    },
    {
        "date": "2020-09-11T09:08:16Z",
        "value": "324042.4952888489",
        "cumulative": true
    },
    {
        "date": "2020-09-11T09:08:35Z",
        "value": "325344.1996021271",
        "cumulative": true
    },
    {
        "date": "2020-09-11T09:08:54Z",
        "value": "326581.17208480835",
        "cumulative": true
    },
    {
        "date": "2020-09-11T09:09:12Z",
        "value": "327725.32702064514",
        "cumulative": true
    },
    {
        "date": "2020-09-11T09:09:31Z",
        "value": "328983.45296287537",
        "cumulative": true
    },
    {
        "date": "2020-09-11T09:09:42Z",
        "value": "329941.19979953766",
        "cumulative": true
    },
    {
        "date": "2020-09-11T09:09:53Z",
        "value": "333132.5940065384",
        "cumulative": true
    },
    {
        "date": "2020-09-11T09:10:11Z",
        "value": "338607.0244989395",
        "cumulative": true
    },
    {
        "date": "2020-09-11T09:10:27Z",
        "value": "343319.6630411148",
        "cumulative": true
    },
    {
        "date": "2020-09-11T09:10:46Z",
        "value": "348736.43601322174",
        "cumulative": true
    },
    {
        "date": "2020-09-11T09:10:56Z",
        "value": "351650.90090847015",
        "cumulative": true
    },
    {
        "date": "2020-09-11T09:11:15Z",
        "value": "357201.93864536285",
        "cumulative": true
    },
    {
        "date": "2020-09-11T09:11:31Z",
        "value": "362030.8231153488",
        "cumulative": true
    },
    {
        "date": "2020-09-11T09:11:46Z",
        "value": "366652.3176317215",
        "cumulative": true
    },
    {
        "date": "2020-09-11T09:11:57Z",
        "value": "370114.4405221939",
        "cumulative": true
    },
    {
        "date": "2020-09-11T09:12:17Z",
        "value": "375679.25743579865",
        "cumulative": true
    },
    {
        "date": "2020-09-11T09:12:33Z",
        "value": "380887.99765110016",
        "cumulative": true
    },
    {
        "date": "2020-09-11T09:12:46Z",
        "value": "384575.25436306",
        "cumulative": true
    },
    {
        "date": "2020-09-11T09:12:57Z",
        "value": "387511.1823129654",
        "cumulative": true
    },
    {
        "date": "2020-09-11T09:13:17Z",
        "value": "388777.47428417206",
        "cumulative": true
    },
    {
        "date": "2020-09-11T09:13:35Z",
        "value": "390062.3388605118",
        "cumulative": true
    },
    {
        "date": "2020-09-11T09:13:48Z",
        "value": "390894.01839351654",
        "cumulative": true
    },
    {
        "date": "2020-09-11T09:13:59Z",
        "value": "391582.04406261444",
        "cumulative": true
    },
    {
        "date": "2020-09-11T09:14:13Z",
        "value": "392495.0155057907",
        "cumulative": true
    },
    {
        "date": "2020-09-11T09:14:28Z",
        "value": "393515.9210691452",
        "cumulative": true
    },
    {
        "date": "2020-09-11T09:14:39Z",
        "value": "394216.61786937714",
        "cumulative": true
    },
    {
        "date": "2020-09-11T09:14:59Z",
        "value": "395543.6235380173",
        "cumulative": true
    },
    {
        "date": "2020-09-11T09:15:12Z",
        "value": "396397.8494710922",
        "cumulative": true
    },
    {
        "date": "2020-09-11T09:15:25Z",
        "value": "397263.4225130081",
        "cumulative": true
    },
    {
        "date": "2020-09-11T09:15:39Z",
        "value": "398161.41297245026",
        "cumulative": true
    },
    {
        "date": "2020-09-11T09:15:57Z",
        "value": "399375.0693807602",
        "cumulative": true
    },
    {
        "date": "2020-09-11T09:16:08Z",
        "value": "400143.10750102997",
        "cumulative": true
    },
    {
        "date": "2020-09-11T09:16:19Z",
        "value": "400792.8771276474",
        "cumulative": true
    },
    {
        "date": "2020-09-11T09:16:35Z",
        "value": "401868.49967479706",
        "cumulative": true
    },
    {
        "date": "2020-09-11T09:16:48Z",
        "value": "402734.94072437286",
        "cumulative": true
    },
    {
        "date": "2020-09-11T09:17:03Z",
        "value": "403636.21091747284",
        "cumulative": true
    },
    {
        "date": "2020-09-11T09:17:18Z",
        "value": "404747.713391304",
        "cumulative": true
    },
    {
        "date": "2020-09-11T09:17:29Z",
        "value": "405352.9883184433",
        "cumulative": true
    },
    {
        "date": "2020-09-11T09:17:48Z",
        "value": "406576.8560247421",
        "cumulative": true
    },
    {
        "date": "2020-09-11T09:17:58Z",
        "value": "407339.301156044",
        "cumulative": true
    },
    {
        "date": "2020-09-11T09:18:17Z",
        "value": "408561.2905950546",
        "cumulative": true
    },
    {
        "date": "2020-09-11T09:18:29Z",
        "value": "409366.1440401077",
        "cumulative": true
    },
    {
        "date": "2020-09-11T09:18:45Z",
        "value": "410506.060254097",
        "cumulative": true
    },
    {
        "date": "2020-09-11T09:19:03Z",
        "value": "411656.8975801468",
        "cumulative": true
    },
    {
        "date": "2020-09-11T09:19:17Z",
        "value": "412523.12965106964",
        "cumulative": true
    },
    {
        "date": "2020-09-11T09:19:28Z",
        "value": "413228.14530467987",
        "cumulative": true
    },
    {
        "date": "2020-09-11T09:19:46Z",
        "value": "414374.55862140656",
        "cumulative": true
    },
    {
        "date": "2020-09-11T09:19:58Z",
        "value": "415181.1292886734",
        "cumulative": true
    },
    {
        "date": "2020-09-11T09:20:12Z",
        "value": "416105.48129940033",
        "cumulative": true
    }
]