[
    {
        "date": "2020-09-11T08:29:16Z",
        "value": "0.0009593963623046875",
        "cumulative": true
    },
    {
        "date": "2020-09-11T08:29:28Z",
        "value": "5.39620304107666",
        "cumulative": true
    },
    {
        "date": "2020-09-11T08:29:45Z",
        "value": "319.32764053344727",
        "cumulative": true
    },
    {
        "date": "2020-09-11T08:29:58Z",
        "value": "1938.4859762191772",
        "cumulative": true
    },
    {
        "date": "2020-09-11T08:30:09Z",
        "value": "3553.9353885650635",
        "cumulative": true
    },
    {
        "date": "2020-09-11T08:30:20Z",
        "value": "4923.4970703125",
        "cumulative": true
    },
    {
        "date": "2020-09-11T08:30:39Z",
        "value": "7720.774677276611",
        "cumulative": true
    },
    {
        "date": "2020-09-11T08:30:54Z",
        "value": "9825.962860107422",
        "cumulative": true
    },
    {
        "date": "2020-09-11T08:31:04Z",
        "value": "11894.048245429993",
        "cumulative": true
    },
    {
        "date": "2020-09-11T08:31:18Z",
        "value": "13751.623641967773",
        "cumulative": true
    },
    {
        "date": "2020-09-11T08:31:34Z",
        "value": "15717.76060295105",
        "cumulative": true
    },
    {
        "date": "2020-09-11T08:31:51Z",
        "value": "19014.360620498657",
        "cumulative": true
    },
    {
        "date": "2020-09-11T08:32:05Z",
        "value": "20016.835174560547",
        "cumulative": true
    },
    {
        "date": "2020-09-11T08:32:20Z",
        "value": "23687.38485431671",
        "cumulative": true
    },
    {
        "date": "2020-09-11T08:32:39Z",
        "value": "25055.294518470764",
        "cumulative": true
    },
    {
        "date": "2020-09-11T08:32:50Z",
        "value": "27217.244701385498",
        "cumulative": true
    },
    {
        "date": "2020-09-11T08:33:03Z",
        "value": "30188.412999153137",
        "cumulative": true
    },
    {
        "date": "2020-09-11T08:33:20Z",
        "value": "31386.97514438629",
        "cumulative": true
    },
    {
        "date": "2020-09-11T08:33:38Z",
        "value": "34584.925815582275",
        "cumulative": true
    },
    {
        "date": "2020-09-11T08:33:55Z",
        "value": "37976.33119106293",
        "cumulative": true
    },
    {
        "date": "2020-09-11T08:34:11Z",
        "value": "39137.87512302399",
        "cumulative": true
    },
    {
        "date": "2020-09-11T08:34:26Z",
        "value": "40243.7858839035",
        "cumulative": true
    },
    {
        "date": "2020-09-11T08:34:40Z",
        "value": "43651.14385890961",
        "cumulative": true
    },
    {
        "date": "2020-09-11T08:34:56Z",
        "value": "47634.84049510956",
        "cumulative": true
    },
    {
        "date": "2020-09-11T08:35:14Z",
        "value": "48969.53686618805",
        "cumulative": true
    },
    {
        "date": "2020-09-11T08:35:27Z",
        "value": "49876.98466014862",
        "cumulative": true
    },
    {
        "date": "2020-09-11T08:35:41Z",
        "value": "50879.95039463043",
        "cumulative": true
    },
    {
        "date": "2020-09-11T08:35:55Z",
        "value": "54841.85488700867",
        "cumulative": true
    },
    {
        "date": "2020-09-11T08:36:11Z",
        "value": "59576.29819107056",
        "cumulative": true
    },
    {
        "date": "2020-09-11T08:36:24Z",
        "value": "60757.48895454407",
        "cumulative": true
    },
    {
        "date": "2020-09-11T08:36:34Z",
        "value": "61492.646673202515",
        "cumulative": true
    },
    {
        "date": "2020-09-11T08:36:45Z",
        "value": "62270.56941986084",
        "cumulative": true
    },
    {
        "date": "2020-09-11T08:37:02Z",
        "value": "63502.38424491882",
        "cumulative": true
    },
    {
        "date": "2020-09-11T08:37:17Z",
        "value": "65122.9241771698",
        "cumulative": true
    },
    {
        "date": "2020-09-11T08:37:30Z",
        "value": "68561.66170310974",
        "cumulative": true
    },
    {
        "date": "2020-09-11T08:37:50Z",
        "value": "74152.11581230164",
        "cumulative": true
    },
    {
        "date": "2020-09-11T08:38:10Z",
        "value": "76704.12220191956",
        "cumulative": true
    },
    {
        "date": "2020-09-11T08:38:23Z",
        "value": "77625.10300636292",
        "cumulative": true
    },
    {
        "date": "2020-09-11T08:38:35Z",
        "value": "78553.44740104675",
        "cumulative": true
    },
    {
        "date": "2020-09-11T08:38:48Z",
        "value": "79408.0610370636",
        "cumulative": true
    },
    {
        "date": "2020-09-11T08:38:59Z",
        "value": "80186.5002155304",
        "cumulative": true
    },
    {
        "date": "2020-09-11T08:39:16Z",
        "value": "81738.86486530304",
        "cumulative": true
    },
    {
        "date": "2020-09-11T08:39:27Z",
        "value": "85012.36281871796",
        "cumulative": true
    },
    {
        "date": "2020-09-11T08:39:42Z",
        "value": "89791.12925243378",
        "cumulative": true
    },
    {
        "date": "2020-09-11T08:40:02Z",
        "value": "95558.67366695404",
        "cumulative": true
    },
    {
        "date": "2020-09-11T08:40:14Z",
        "value": "96358.84480190277",
        "cumulative": true
    },
    {
        "date": "2020-09-11T08:40:30Z",
        "value": "97399.63671016693",
        "cumulative": true
    },
    {
        "date": "2020-09-11T08:40:41Z",
        "value": "98139.22748661041",
        "cumulative": true
    },
    {
        "date": "2020-09-11T08:40:55Z",
        "value": "99036.3252363205",
        "cumulative": true
    },
    {
        "date": "2020-09-11T08:41:08Z",
        "value": "99959.88764858246",
        "cumulative": true
    },
    {
        "date": "2020-09-11T08:41:20Z",
        "value": "100680.26211071014",
        "cumulative": true
    },
    {
        "date": "2020-09-11T08:41:39Z",
        "value": "101963.80419445038",
        "cumulative": true
    },
    {
        "date": "2020-09-11T08:41:58Z",
        "value": "105013.01041030884",
        "cumulative": true
    },
    {
        "date": "2020-09-11T08:42:18Z",
        "value": "111291.78477478027",
        "cumulative": true
    },
    {
        "date": "2020-09-11T08:42:34Z",
        "value": "116690.81265068054",
        "cumulative": true
    },
    {
        "date": "2020-09-11T08:42:54Z",
        "value": "121062.72379684448",
        "cumulative": true
    },
    {
        "date": "2020-09-11T08:43:10Z",
        "value": "122114.24996757507",
        "cumulative": true
    },
    {
        "date": "2020-09-11T08:43:20Z",
        "value": "122805.28925704956",
        "cumulative": true
    },
    {
        "date": "2020-09-11T08:43:32Z",
        "value": "123598.7413482666",
        "cumulative": true
    },
    {
        "date": "2020-09-11T08:43:48Z",
        "value": "124607.0135345459",
        "cumulative": true
    },
    {
        "date": "2020-09-11T08:44:00Z",
        "value": "125396.12025642395",
        "cumulative": true
    },
    {
        "date": "2020-09-11T08:44:13Z",
        "value": "126229.11929130554",
        "cumulative": true
    },
    {
        "date": "2020-09-11T08:44:26Z",
        "value": "127100.91355323792",
        "cumulative": true
    },
    {
        "date": "2020-09-11T08:44:38Z",
        "value": "127923.2027759552",
        "cumulative": true
    },
    {
        "date": "2020-09-11T08:44:52Z",
        "value": "128759.57481193542",
        "cumulative": true
    },
    {
        "date": "2020-09-11T08:45:07Z",
        "value": "130519.11214351654",
        "cumulative": true
    },
    {
        "date": "2020-09-11T08:45:24Z",
        "value": "134983.14131832123",
        "cumulative": true
    },
    {
        "date": "2020-09-11T08:45:39Z",
        "value": "139385.6265668869",
        "cumulative": true
    },
    {
        "date": "2020-09-11T08:45:54Z",
        "value": "143715.88664340973",
        "cumulative": true
    },
    {
        "date": "2020-09-11T08:46:13Z",
        "value": "149716.8033323288",
        "cumulative": true
    },
    {
        "date": "2020-09-11T08:46:25Z",
        "value": "152551.98062896729",
        "cumulative": true
    },
    {
        "date": "2020-09-11T08:46:36Z",
        "value": "153232.28254318237",
        "cumulative": true
    },
    {
        "date": "2020-09-11T08:46:53Z",
        "value": "154399.90630722046",
        "cumulative": true
    },
    {
        "date": "2020-09-11T08:47:10Z",
        "value": "155497.4444580078",
        "cumulative": true
    },
    {
        "date": "2020-09-11T08:47:29Z",
        "value": "156744.20169067383",
        "cumulative": true
    },
    {
        "date": "2020-09-11T08:47:47Z",
        "value": "157923.82098197937",
        "cumulative": true
    },
    {
        "date": "2020-09-11T08:48:00Z",
        "value": "158803.19052124023",
        "cumulative": true
    },
    {
        "date": "2020-09-11T08:48:18Z",
        "value": "159959.22577095032",
        "cumulative": true
    },
    {
        "date": "2020-09-11T08:48:30Z",
        "value": "160761.79496383667",
        "cumulative": true
    },
    {
        "date": "2020-09-11T08:48:47Z",
        "value": "161877.6145515442",
        "cumulative": true
    },
    {
        "date": "2020-09-11T08:49:06Z",
        "value": "163106.15740394592",
        "cumulative": true
    },
    {
        "date": "2020-09-11T08:49:18Z",
        "value": "164868.5944700241",
        "cumulative": true
    },
    {
        "date": "2020-09-11T08:49:35Z",
        "value": "169782.0377225876",
        "cumulative": true
    },
    {
        "date": "2020-09-11T08:49:54Z",
        "value": "175117.5541524887",
        "cumulative": true
    },
    {
        "date": "2020-09-11T08:50:06Z",
        "value": "178046.64194774628",
        "cumulative": true
    },
    {
        "date": "2020-09-11T08:50:22Z",
        "value": "182330.6079263687",
        "cumulative": true
    },
    {
        "date": "2020-09-11T08:50:40Z",
        "value": "187433.2454996109",
        "cumulative": true
    },
    {
        "date": "2020-09-11T08:50:52Z",
        "value": "190907.85342884064",
        "cumulative": true
    },
    {
        "date": "2020-09-11T08:51:06Z",
        "value": "192913.33377075195",
        "cumulative": true
    },
    {
        "date": "2020-09-11T08:51:20Z",
        "value": "193807.46229553223",
        "cumulative": true
    },
    {
        "date": "2020-09-11T08:51:35Z",
        "value": "194772.87156295776",
        "cumulative": true
    },
    {
        "date": "2020-09-11T08:51:53Z",
        "value": "195918.44026184082",
        "cumulative": true
    },
    {
        "date": "2020-09-11T08:52:03Z",
        "value": "196631.03011512756",
        "cumulative": true
    },
    {
        "date": "2020-09-11T08:52:22Z",
        "value": "197846.3704509735",
        "cumulative": true
    },
    {
        "date": "2020-09-11T08:52:35Z",
        "value": "198780.160446167",
        "cumulative": true
    },
    {
        "date": "2020-09-11T08:52:47Z",
        "value": "199494.73419761658",
        "cumulative": true
    },
    {
        "date": "2020-09-11T08:53:03Z",
        "value": "200520.1485671997",
        "cumulative": true
    },
    {
        "date": "2020-09-11T08:53:17Z",
        "value": "201420.79205703735",
        "cumulative": true
    },
    {
        "date": "2020-09-11T08:53:35Z",
        "value": "202610.89749526978",
        "cumulative": true
    },
    {
        "date": "2020-09-11T08:53:55Z",
        "value": "203901.01529693604",
        "cumulative": true
    },
    {
        "date": "2020-09-11T08:54:13Z",
        "value": "205090.02995872498",
        "cumulative": true
    },
    {
        "date": "2020-09-11T08:54:30Z",
        "value": "206220.17503356934",
        "cumulative": true
    },
    {
        "date": "2020-09-11T08:54:42Z",
        "value": "208100.75277614594",
        "cumulative": true
    },
    {
        "date": "2020-09-11T08:54:54Z",
        "value": "211563.7415857315",
        "cumulative": true
    },
    {
        "date": "2020-09-11T08:55:12Z",
        "value": "216786.2993364334",
        "cumulative": true
    },
    {
        "date": "2020-09-11T08:55:28Z",
        "value": "221287.24365901947",
        "cumulative": true
    },
    {
        "date": "2020-09-11T08:55:46Z",
        "value": "226335.0149755478",
        "cumulative": true
    },
    {
        "date": "2020-09-11T08:56:02Z",
        "value": "230904.9732618332",
        "cumulative": true
    },
    {
        "date": "2020-09-11T08:56:14Z",
        "value": "234522.1395998001",
        "cumulative": true
    },
    {
        "date": "2020-09-11T08:56:32Z",
        "value": "239720.58257961273",
        "cumulative": true
    },
    {
        "date": "2020-09-11T08:56:44Z",
        "value": "242913.3250732422",
        "cumulative": true
    },
    {
        "date": "2020-09-11T08:57:04Z",
        "value": "244212.6261138916",
        "cumulative": true
    },
    {
        "date": "2020-09-11T08:57:17Z",
        "value": "245090.36294174194",
        "cumulative": true
    },
    {
        "date": "2020-09-11T08:57:35Z",
        "value": "246288.8445072174",
        "cumulative": true
    },
    {
        "date": "2020-09-11T08:57:55Z",
        "value": "247560.89839744568",
        "cumulative": true
    },
    {
        "date": "2020-09-11T08:58:11Z",
        "value": "248655.12879371643",
        "cumulative": true
    },
    {
        "date": "2020-09-11T08:58:23Z",
        "value": "249391.95805740356",
        "cumulative": true
    },
    {
        "date": "2020-09-11T08:58:34Z",
        "value": "250153.6990852356",
        "cumulative": true
    },
    {
        "date": "2020-09-11T08:58:48Z",
        "value": "251051.7773475647",
        "cumulative": true
    },
    {
        "date": "2020-09-11T08:59:07Z",
        "value": "252295.27023506165",
        "cumulative": true
    },
    {
        "date": "2020-09-11T08:59:22Z",
        "value": "253331.84404945374",
        "cumulative": true
    },
    {
        "date": "2020-09-11T08:59:39Z",
        "value": "254413.9499092102",
        "cumulative": true
    },
    {
        "date": "2020-09-11T08:59:51Z",
        "value": "255176.8439731598",
        "cumulative": true
    },
    {
        "date": "2020-09-11T09:00:07Z",
        "value": "256219.85198020935",
        "cumulative": true
    },
    {
        "date": "2020-09-11T09:00:18Z",
        "value": "256941.09885787964",
        "cumulative": true
    },
    {
        "date": "2020-09-11T09:00:37Z",
        "value": "258204.7733669281",
        "cumulative": true
    },
    {
        "date": "2020-09-11T09:00:54Z",
        "value": "259321.09022331238",
        "cumulative": true
    },
    {
        "date": "2020-09-11T09:01:07Z",
        "value": "260190.408203125",
        "cumulative": true
    },
    {
        "date": "2020-09-11T09:01:24Z",
        "value": "262718.067489624",
        "cumulative": true
    },
    {
        "date": "2020-09-11T09:01:36Z",
        "value": "265967.66432762146",
        "cumulative": true
    },
    {
        "date": "2020-09-11T09:01:49Z",
        "value": "269721.8970336914",
        "cumulative": true
    },
    {
        "date": "2020-09-11T09:02:02Z",
        "value": "273352.46171569824",
        "cumulative": true
    },
    {
        "date": "2020-09-11T09:02:18Z",
        "value": "278292.7256450653",
        "cumulative": true
    },
    {
        "date": "2020-09-11T09:02:35Z",
        "value": "283322.30356407166",
        "cumulative": true
    },
    {
        "date": "2020-09-11T09:02:53Z",
        "value": "288748.8486404419",
        "cumulative": true
    },
    {
        "date": "2020-09-11T09:03:07Z",
        "value": "292935.83767318726",
        "cumulative": true
    },
    {
        "date": "2020-09-11T09:03:26Z",
        "value": "298272.87760925293",
        "cumulative": true
    },
    {
        "date": "2020-09-11T09:03:38Z",
        "value": "301916.3311767578",
        "cumulative": true
    },
    {
        "date": "2020-09-11T09:03:51Z",
        "value": "306020.859954834",
        "cumulative": true
    },
    {
        "date": "2020-09-11T09:04:03Z",
        "value": "307233.4746952057",
        "cumulative": true
    },
    {
        "date": "2020-09-11T09:04:16Z",
        "value": "308045.43733406067",
        "cumulative": true
    },
    {
        "date": "2020-09-11T09:04:32Z",
        "value": "309175.34281921387",
        "cumulative": true
    },
    {
        "date": "2020-09-11T09:04:49Z",
        "value": "310281.87878990173",
        "cumulative": true
    },
    {
        "date": "2020-09-11T09:05:01Z",
        "value": "311051.28148269653",
        "cumulative": true
    },
    {
        "date": "2020-09-11T09:05:16Z",
        "value": "312075.0655403137",
        "cumulative": true
    },
    {
        "date": "2020-09-11T09:05:35Z",
        "value": "313280.61695098877",
        "cumulative": true
    },
    {
        "date": "2020-09-11T09:05:49Z",
        "value": "314221.52456092834",
        "cumulative": true
    },
    {
        "date": "2020-09-11T09:06:02Z",
        "value": "315105.0697994232",
        "cumulative": true
    },
    {
        "date": "2020-09-11T09:06:14Z",
        "value": "315842.93013191223",
        "cumulative": true
    },
    {
        "date": "2020-09-11T09:06:32Z",
        "value": "317021.5464229584",
        "cumulative": true
    },
    {
        "date": "2020-09-11T09:06:43Z",
        "value": "317839.8649597168",
        "cumulative": true
    },
    {
        "date": "2020-09-11T09:07:00Z",
        "value": "318906.99761772156",
        "cumulative": true
    },
    {
        "date": "2020-09-11T09:07:18Z",
        "value": "320009.62816619873",
        "cumulative": true
    },
    {
        "date": "2020-09-11T09:07:32Z",
        "value": "321030.15944480896",
        "cumulative": true
    },
    {
        "date": "2020-09-11T09:07:51Z",
        "value": "322191.2687339783",
        "cumulative": true
    },
    {
        "date": "2020-09-11T09:08:10Z",
        "value": "323536.93574905396",
        "cumulative": true
    },
    {
        "date": "2020-09-11T09:08:23Z",
        "value": "324308.6436691284",
        "cumulative": true
    },
    {
        "date": "2020-09-11T09:08:34Z",
        "value": "325134.7007675171",
        "cumulative": true
    },
    {
        "date": "2020-09-11T09:08:48Z",
        "value": "326048.0832157135",
        "cumulative": true
    },
    {
        "date": "2020-09-11T09:09:04Z",
        "value": "327010.57768821716",
        "cumulative": true
    },
    {
        "date": "2020-09-11T09:09:16Z",
        "value": "327872.6900424957",
        "cumulative": true
    },
    {
        "date": "2020-09-11T09:09:26Z",
        "value": "328554.97516059875",
        "cumulative": true
    },
    {
        "date": "2020-09-11T09:09:37Z",
        "value": "329222.8008556366",
        "cumulative": true
    },
    {
        "date": "2020-09-11T09:09:54Z",
        "value": "333516.00332164764",
        "cumulative": true
    },
    {
        "date": "2020-09-11T09:10:14Z",
        "value": "339100.27033138275",
        "cumulative": true
    },
    {
        "date": "2020-09-11T09:10:31Z",
        "value": "344113.3998632431",
        "cumulative": true
    },
    {
        "date": "2020-09-11T09:10:43Z",
        "value": "347921.2406511307",
        "cumulative": true
    },
    {
        "date": "2020-09-11T09:10:54Z",
        "value": "350881.0310125351",
        "cumulative": true
    },
    {
        "date": "2020-09-11T09:11:11Z",
        "value": "356025.30292987823",
        "cumulative": true
    },
    {
        "date": "2020-09-11T09:11:24Z",
        "value": "359635.78137493134",
        "cumulative": true
    },
    {
        "date": "2020-09-11T09:11:38Z",
        "value": "363978.0099515915",
        "cumulative": true
    },
    {
        "date": "2020-09-11T09:11:55Z",
        "value": "369189.4066400528",
        "cumulative": true
    },
    {
        "date": "2020-09-11T09:12:09Z",
        "value": "373340.9335336685",
        "cumulative": true
    },
    {
        "date": "2020-09-11T09:12:19Z",
        "value": "376238.70707798004",
        "cumulative": true
    },
    {
        "date": "2020-09-11T09:12:36Z",
        "value": "381430.19813632965",
        "cumulative": true
    },
    {
        "date": "2020-09-11T09:12:51Z",
        "value": "385506.6822710037",
        "cumulative": true
    },
    {
        "date": "2020-09-11T09:13:10Z",
        "value": "388075.69814777374",
        "cumulative": true
    },
    {
        "date": "2020-09-11T09:13:30Z",
        "value": "389343.88105106354",
        "cumulative": true
    },
    {
        "date": "2020-09-11T09:13:40Z",
        "value": "390078.1373605728",
        "cumulative": true
    },
    {
        "date": "2020-09-11T09:13:53Z",
        "value": "390943.0417795181",
        "cumulative": true
    },
    {
        "date": "2020-09-11T09:14:11Z",
        "value": "392093.8533143997",
        "cumulative": true
    },
    {
        "date": "2020-09-11T09:14:23Z",
        "value": "392958.44525814056",
        "cumulative": true
    },
    {
        "date": "2020-09-11T09:14:40Z",
        "value": "394021.8799238205",
        "cumulative": true
    },
    {
        "date": "2020-09-11T09:14:56Z",
        "value": "395085.32161045074",
        "cumulative": true
    },
    {
        "date": "2020-09-11T09:15:10Z",
        "value": "395958.9945039749",
        "cumulative": true
    },
    {
        "date": "2020-09-11T09:15:22Z",
        "value": "396758.5786962509",
        "cumulative": true
    },
    {
        "date": "2020-09-11T09:15:42Z",
        "value": "398139.9958162308",
        "cumulative": true
    },
    {
        "date": "2020-09-11T09:16:01Z",
        "value": "399370.6741781235",
        "cumulative": true
    },
    {
        "date": "2020-09-11T09:16:21Z",
        "value": "400722.4725370407",
        "cumulative": true
    },
    {
        "date": "2020-09-11T09:16:31Z",
        "value": "401307.7999238968",
        "cumulative": true
    },
    {
        "date": "2020-09-11T09:16:49Z",
        "value": "402457.58080768585",
        "cumulative": true
    },
    {
        "date": "2020-09-11T09:17:08Z",
        "value": "403704.0795316696",
        "cumulative": true
    },
    {
        "date": "2020-09-11T09:17:19Z",
        "value": "404470.5575418472",
        "cumulative": true
    },
    {
        "date": "2020-09-11T09:17:36Z",
        "value": "405623.479016304",
        "cumulative": true
    },
    {
        "date": "2020-09-11T09:17:55Z",
        "value": "406795.435751915",
        "cumulative": true
    },
    {
        "date": "2020-09-11T09:18:10Z",
        "value": "407753.12734889984",
        "cumulative": true
    },
    {
        "date": "2020-09-11T09:18:27Z",
        "value": "408926.2644224167",
        "cumulative": true
    },
    {
        "date": "2020-09-11T09:18:42Z",
        "value": "409941.77408123016",
        "cumulative": true
    },
    {
        "date": "2020-09-11T09:18:53Z",
        "value": "410621.39319324493",
        "cumulative": true
    },
    {
        "date": "2020-09-11T09:19:05Z",
        "value": "411429.45922756195",
        "cumulative": true
    },
    {
        "date": "2020-09-11T09:19:21Z",
        "value": "412533.2372789383",
        "cumulative": true
    },
    {
        "date": "2020-09-11T09:19:37Z",
        "value": "413556.9532728195",
        "cumulative": true
    },
    {
        "date": "2020-09-11T09:19:56Z",
        "value": "414834.72327136993",
        "cumulative": true
    },
    {
        "date": "2020-09-11T09:20:07Z",
        "value": "415508.25538158417",
        "cumulative": true
    }
]