[
    {
        "date": "2020-09-11T08:29:21Z",
        "value": "1.73828125",
        "cumulative": false
    },
    {
        "date": "2020-09-11T08:29:39Z",
        "value": "114.46484375",
        "cumulative": false
    },
    {
        "date": "2020-09-11T08:29:56Z",
        "value": "120.5546875",
        "cumulative": false
    },
    {
        "date": "2020-09-11T08:30:12Z",
        "value": "118.25390625",
        "cumulative": false
    },
    {
        "date": "2020-09-11T08:30:27Z",
        "value": "128.55859375",
        "cumulative": false
    },
    {
        "date": "2020-09-11T08:30:45Z",
        "value": "136.05078125",
        "cumulative": false
    },
    {
        "date": "2020-09-11T08:30:56Z",
        "value": "136.05078125",
        "cumulative": false
    },
    {
        "date": "2020-09-11T08:31:14Z",
        "value": "141.08984375",
        "cumulative": false
    },
    {
        "date": "2020-09-11T08:31:33Z",
        "value": "154.47265625",
        "cumulative": false
    },
    {
        "date": "2020-09-11T08:31:52Z",
        "value": "155.05078125",
        "cumulative": false
    },
    {
        "date": "2020-09-11T08:32:11Z",
        "value": "187.85546875",
        "cumulative": false
    },
    {
        "date": "2020-09-11T08:32:30Z",
        "value": "176.2109375",
        "cumulative": false
    },
    {
        "date": "2020-09-11T08:32:50Z",
        "value": "176.796875",
        "cumulative": false
    },
    {
        "date": "2020-09-11T08:33:03Z",
        "value": "176.796875",
        "cumulative": false
    },
    {
        "date": "2020-09-11T08:33:23Z",
        "value": "176.796875",
        "cumulative": false
    },
    {
        "date": "2020-09-11T08:33:41Z",
        "value": "155.23828125",
        "cumulative": false
    },
    {
        "date": "2020-09-11T08:33:53Z",
        "value": "155.109375",
        "cumulative": false
    },
    {
        "date": "2020-09-11T08:34:11Z",
        "value": "144.171875",
        "cumulative": false
    },
    {
        "date": "2020-09-11T08:34:31Z",
        "value": "183.57421875",
        "cumulative": false
    },
    {
        "date": "2020-09-11T08:34:46Z",
        "value": "183.57421875",
        "cumulative": false
    },
    {
        "date": "2020-09-11T08:35:05Z",
        "value": "211.76171875",
        "cumulative": false
    },
    {
        "date": "2020-09-11T08:35:25Z",
        "value": "211.76171875",
        "cumulative": false
    },
    {
        "date": "2020-09-11T08:35:38Z",
        "value": "211.76171875",
        "cumulative": false
    },
    {
        "date": "2020-09-11T08:35:52Z",
        "value": "177.44140625",
        "cumulative": false
    },
    {
        "date": "2020-09-11T08:36:11Z",
        "value": "200.95703125",
        "cumulative": false
    },
    {
        "date": "2020-09-11T08:36:26Z",
        "value": "236.5",
        "cumulative": false
    },
    {
        "date": "2020-09-11T08:36:38Z",
        "value": "236.421875",
        "cumulative": false
    },
    {
        "date": "2020-09-11T08:36:56Z",
        "value": "236.5390625",
        "cumulative": false
    },
    {
        "date": "2020-09-11T08:37:12Z",
        "value": "236.48828125",
        "cumulative": false
    },
    {
        "date": "2020-09-11T08:37:30Z",
        "value": "244.29296875",
        "cumulative": false
    },
    {
        "date": "2020-09-11T08:37:42Z",
        "value": "193.0",
        "cumulative": false
    },
    {
        "date": "2020-09-11T08:37:55Z",
        "value": "125.5625",
        "cumulative": false
    },
    {
        "date": "2020-09-11T08:38:15Z",
        "value": "155.70703125",
        "cumulative": false
    },
    {
        "date": "2020-09-11T08:38:29Z",
        "value": "155.70703125",
        "cumulative": false
    },
    {
        "date": "2020-09-11T08:38:41Z",
        "value": "155.640625",
        "cumulative": false
    },
    {
        "date": "2020-09-11T08:38:58Z",
        "value": "183.421875",
        "cumulative": false
    },
    {
        "date": "2020-09-11T08:39:09Z",
        "value": "171.453125",
        "cumulative": false
    },
    {
        "date": "2020-09-11T08:39:20Z",
        "value": "212.5703125",
        "cumulative": false
    },
    {
        "date": "2020-09-11T08:39:34Z",
        "value": "212.6015625",
        "cumulative": false
    },
    {
        "date": "2020-09-11T08:39:50Z",
        "value": "212.5703125",
        "cumulative": false
    },
    {
        "date": "2020-09-11T08:40:03Z",
        "value": "165.3671875",
        "cumulative": false
    },
    {
        "date": "2020-09-11T08:40:18Z",
        "value": "165.36328125",
        "cumulative": false
    },
    {
        "date": "2020-09-11T08:40:28Z",
        "value": "165.36328125",
        "cumulative": false
    },
    {
        "date": "2020-09-11T08:40:40Z",
        "value": "165.3671875",
        "cumulative": false
    },
    {
        "date": "2020-09-11T08:40:55Z",
        "value": "219.3671875",
        "cumulative": false
    },
    {
        "date": "2020-09-11T08:41:15Z",
        "value": "194.44921875",
        "cumulative": false
    },
    {
        "date": "2020-09-11T08:41:32Z",
        "value": "256.1171875",
        "cumulative": false
    },
    {
        "date": "2020-09-11T08:41:52Z",
        "value": "237.34375",
        "cumulative": false
    },
    {
        "date": "2020-09-11T08:42:07Z",
        "value": "283.7109375",
        "cumulative": false
    },
    {
        "date": "2020-09-11T08:42:24Z",
        "value": "237.34375",
        "cumulative": false
    },
    {
        "date": "2020-09-11T08:42:40Z",
        "value": "237.3515625",
        "cumulative": false
    },
    {
        "date": "2020-09-11T08:42:57Z",
        "value": "268.3984375",
        "cumulative": false
    },
    {
        "date": "2020-09-11T08:43:12Z",
        "value": "177.84375",
        "cumulative": false
    },
    {
        "date": "2020-09-11T08:43:29Z",
        "value": "177.7734375",
        "cumulative": false
    },
    {
        "date": "2020-09-11T08:43:41Z",
        "value": "177.78125",
        "cumulative": false
    },
    {
        "date": "2020-09-11T08:44:00Z",
        "value": "177.84375",
        "cumulative": false
    },
    {
        "date": "2020-09-11T08:44:11Z",
        "value": "319.84375",
        "cumulative": false
    },
    {
        "date": "2020-09-11T08:44:23Z",
        "value": "255.53125",
        "cumulative": false
    },
    {
        "date": "2020-09-11T08:44:42Z",
        "value": "177.84375",
        "cumulative": false
    },
    {
        "date": "2020-09-11T08:44:53Z",
        "value": "207.40625",
        "cumulative": false
    },
    {
        "date": "2020-09-11T08:45:07Z",
        "value": "384.74609375",
        "cumulative": false
    },
    {
        "date": "2020-09-11T08:45:24Z",
        "value": "268.62109375",
        "cumulative": false
    },
    {
        "date": "2020-09-11T08:45:38Z",
        "value": "405.71875",
        "cumulative": false
    },
    {
        "date": "2020-09-11T08:45:51Z",
        "value": "324.99609375",
        "cumulative": false
    },
    {
        "date": "2020-09-11T08:46:07Z",
        "value": "268.69140625",
        "cumulative": false
    },
    {
        "date": "2020-09-11T08:46:25Z",
        "value": "357.296875",
        "cumulative": false
    },
    {
        "date": "2020-09-11T08:46:40Z",
        "value": "193.41796875",
        "cumulative": false
    },
    {
        "date": "2020-09-11T08:46:58Z",
        "value": "193.44140625",
        "cumulative": false
    },
    {
        "date": "2020-09-11T08:47:15Z",
        "value": "263.16796875",
        "cumulative": false
    },
    {
        "date": "2020-09-11T08:47:31Z",
        "value": "193.41796875",
        "cumulative": false
    },
    {
        "date": "2020-09-11T08:47:43Z",
        "value": "193.44140625",
        "cumulative": false
    },
    {
        "date": "2020-09-11T08:47:59Z",
        "value": "362.44140625",
        "cumulative": false
    },
    {
        "date": "2020-09-11T08:48:10Z",
        "value": "358.91796875",
        "cumulative": false
    },
    {
        "date": "2020-09-11T08:48:28Z",
        "value": "193.44140625",
        "cumulative": false
    },
    {
        "date": "2020-09-11T08:48:43Z",
        "value": "193.421875",
        "cumulative": false
    },
    {
        "date": "2020-09-11T08:49:01Z",
        "value": "193.41796875",
        "cumulative": false
    },
    {
        "date": "2020-09-11T08:49:12Z",
        "value": "356.79296875",
        "cumulative": false
    },
    {
        "date": "2020-09-11T08:49:27Z",
        "value": "308.11328125",
        "cumulative": false
    },
    {
        "date": "2020-09-11T08:49:47Z",
        "value": "439.0625",
        "cumulative": false
    },
    {
        "date": "2020-09-11T08:50:05Z",
        "value": "311.3671875",
        "cumulative": false
    },
    {
        "date": "2020-09-11T08:50:24Z",
        "value": "394.98828125",
        "cumulative": false
    },
    {
        "date": "2020-09-11T08:50:38Z",
        "value": "447.86328125",
        "cumulative": false
    },
    {
        "date": "2020-09-11T08:50:55Z",
        "value": "316.6171875",
        "cumulative": false
    },
    {
        "date": "2020-09-11T08:51:09Z",
        "value": "351.171875",
        "cumulative": false
    },
    {
        "date": "2020-09-11T08:51:29Z",
        "value": "470.79296875",
        "cumulative": false
    },
    {
        "date": "2020-09-11T08:51:42Z",
        "value": "213.20703125",
        "cumulative": false
    },
    {
        "date": "2020-09-11T08:51:56Z",
        "value": "213.171875",
        "cumulative": false
    },
    {
        "date": "2020-09-11T08:52:14Z",
        "value": "441.546875",
        "cumulative": false
    },
    {
        "date": "2020-09-11T08:52:28Z",
        "value": "213.16796875",
        "cumulative": false
    },
    {
        "date": "2020-09-11T08:52:42Z",
        "value": "213.16796875",
        "cumulative": false
    },
    {
        "date": "2020-09-11T08:52:55Z",
        "value": "213.16796875",
        "cumulative": false
    },
    {
        "date": "2020-09-11T08:53:14Z",
        "value": "477.16796875",
        "cumulative": false
    },
    {
        "date": "2020-09-11T08:53:25Z",
        "value": "213.16796875",
        "cumulative": false
    },
    {
        "date": "2020-09-11T08:53:44Z",
        "value": "213.16796875",
        "cumulative": false
    },
    {
        "date": "2020-09-11T08:54:01Z",
        "value": "213.16796875",
        "cumulative": false
    },
    {
        "date": "2020-09-11T08:54:12Z",
        "value": "213.20703125",
        "cumulative": false
    },
    {
        "date": "2020-09-11T08:54:23Z",
        "value": "286.66796875",
        "cumulative": false
    },
    {
        "date": "2020-09-11T08:54:41Z",
        "value": "385.76171875",
        "cumulative": false
    },
    {
        "date": "2020-09-11T08:54:54Z",
        "value": "358.01171875",
        "cumulative": false
    },
    {
        "date": "2020-09-11T08:55:10Z",
        "value": "358.125",
        "cumulative": false
    },
    {
        "date": "2020-09-11T08:55:25Z",
        "value": "358.125",
        "cumulative": false
    },
    {
        "date": "2020-09-11T08:55:44Z",
        "value": "364.58203125",
        "cumulative": false
    },
    {
        "date": "2020-09-11T08:56:00Z",
        "value": "358.01171875",
        "cumulative": false
    },
    {
        "date": "2020-09-11T08:56:12Z",
        "value": "478.2578125",
        "cumulative": false
    },
    {
        "date": "2020-09-11T08:56:22Z",
        "value": "358.10546875",
        "cumulative": false
    },
    {
        "date": "2020-09-11T08:56:34Z",
        "value": "547.3828125",
        "cumulative": false
    },
    {
        "date": "2020-09-11T08:56:47Z",
        "value": "238.13671875",
        "cumulative": false
    },
    {
        "date": "2020-09-11T08:57:05Z",
        "value": "475.38671875",
        "cumulative": false
    },
    {
        "date": "2020-09-11T08:57:20Z",
        "value": "238.24609375",
        "cumulative": false
    },
    {
        "date": "2020-09-11T08:57:34Z",
        "value": "238.13671875",
        "cumulative": false
    },
    {
        "date": "2020-09-11T08:57:48Z",
        "value": "238.13671875",
        "cumulative": false
    },
    {
        "date": "2020-09-11T08:58:07Z",
        "value": "238.13671875",
        "cumulative": false
    },
    {
        "date": "2020-09-11T08:58:18Z",
        "value": "238.13671875",
        "cumulative": false
    },
    {
        "date": "2020-09-11T08:58:30Z",
        "value": "514.76171875",
        "cumulative": false
    },
    {
        "date": "2020-09-11T08:58:44Z",
        "value": "238.24609375",
        "cumulative": false
    },
    {
        "date": "2020-09-11T08:58:58Z",
        "value": "238.23046875",
        "cumulative": false
    },
    {
        "date": "2020-09-11T08:59:15Z",
        "value": "238.13671875",
        "cumulative": false
    },
    {
        "date": "2020-09-11T08:59:29Z",
        "value": "579.01171875",
        "cumulative": false
    },
    {
        "date": "2020-09-11T08:59:40Z",
        "value": "238.24609375",
        "cumulative": false
    },
    {
        "date": "2020-09-11T08:59:58Z",
        "value": "238.13671875",
        "cumulative": false
    },
    {
        "date": "2020-09-11T09:00:09Z",
        "value": "238.13671875",
        "cumulative": false
    },
    {
        "date": "2020-09-11T09:00:21Z",
        "value": "238.13671875",
        "cumulative": false
    },
    {
        "date": "2020-09-11T09:00:37Z",
        "value": "238.24609375",
        "cumulative": false
    },
    {
        "date": "2020-09-11T09:00:48Z",
        "value": "461.51171875",
        "cumulative": false
    },
    {
        "date": "2020-09-11T09:01:03Z",
        "value": "238.13671875",
        "cumulative": false
    },
    {
        "date": "2020-09-11T09:01:16Z",
        "value": "238.24609375",
        "cumulative": false
    },
    {
        "date": "2020-09-11T09:01:32Z",
        "value": "420.9765625",
        "cumulative": false
    },
    {
        "date": "2020-09-11T09:01:47Z",
        "value": "662.4765625",
        "cumulative": false
    },
    {
        "date": "2020-09-11T09:02:00Z",
        "value": "704.2265625",
        "cumulative": false
    },
    {
        "date": "2020-09-11T09:02:16Z",
        "value": "582.62890625",
        "cumulative": false
    },
    {
        "date": "2020-09-11T09:02:34Z",
        "value": "421.03125",
        "cumulative": false
    },
    {
        "date": "2020-09-11T09:02:51Z",
        "value": "421.00390625",
        "cumulative": false
    },
    {
        "date": "2020-09-11T09:03:08Z",
        "value": "468.8515625",
        "cumulative": false
    },
    {
        "date": "2020-09-11T09:03:24Z",
        "value": "420.9765625",
        "cumulative": false
    },
    {
        "date": "2020-09-11T09:03:38Z",
        "value": "445.53125",
        "cumulative": false
    },
    {
        "date": "2020-09-11T09:03:49Z",
        "value": "420.9765625",
        "cumulative": false
    },
    {
        "date": "2020-09-11T09:04:03Z",
        "value": "269.61328125",
        "cumulative": false
    },
    {
        "date": "2020-09-11T09:04:19Z",
        "value": "647.36328125",
        "cumulative": false
    },
    {
        "date": "2020-09-11T09:04:34Z",
        "value": "269.6171875",
        "cumulative": false
    },
    {
        "date": "2020-09-11T09:04:49Z",
        "value": "495.6171875",
        "cumulative": false
    },
    {
        "date": "2020-09-11T09:05:06Z",
        "value": "269.61328125",
        "cumulative": false
    },
    {
        "date": "2020-09-11T09:05:24Z",
        "value": "640.3671875",
        "cumulative": false
    },
    {
        "date": "2020-09-11T09:05:41Z",
        "value": "660.11328125",
        "cumulative": false
    },
    {
        "date": "2020-09-11T09:05:55Z",
        "value": "466.36328125",
        "cumulative": false
    },
    {
        "date": "2020-09-11T09:06:11Z",
        "value": "269.6171875",
        "cumulative": false
    },
    {
        "date": "2020-09-11T09:06:30Z",
        "value": "711.11328125",
        "cumulative": false
    },
    {
        "date": "2020-09-11T09:06:47Z",
        "value": "612.7421875",
        "cumulative": false
    },
    {
        "date": "2020-09-11T09:07:07Z",
        "value": "269.6171875",
        "cumulative": false
    },
    {
        "date": "2020-09-11T09:07:18Z",
        "value": "330.11328125",
        "cumulative": false
    },
    {
        "date": "2020-09-11T09:07:38Z",
        "value": "269.61328125",
        "cumulative": false
    },
    {
        "date": "2020-09-11T09:07:48Z",
        "value": "269.6171875",
        "cumulative": false
    },
    {
        "date": "2020-09-11T09:07:59Z",
        "value": "269.61328125",
        "cumulative": false
    },
    {
        "date": "2020-09-11T09:08:17Z",
        "value": "468.6171875",
        "cumulative": false
    },
    {
        "date": "2020-09-11T09:08:28Z",
        "value": "539.90625",
        "cumulative": false
    },
    {
        "date": "2020-09-11T09:08:47Z",
        "value": "269.61328125",
        "cumulative": false
    },
    {
        "date": "2020-09-11T09:09:01Z",
        "value": "269.61328125",
        "cumulative": false
    },
    {
        "date": "2020-09-11T09:09:18Z",
        "value": "269.6171875",
        "cumulative": false
    },
    {
        "date": "2020-09-11T09:09:35Z",
        "value": "269.65625",
        "cumulative": false
    },
    {
        "date": "2020-09-11T09:09:46Z",
        "value": "500.46875",
        "cumulative": false
    },
    {
        "date": "2020-09-11T09:10:06Z",
        "value": "812.84375",
        "cumulative": false
    },
    {
        "date": "2020-09-11T09:10:16Z",
        "value": "757.09765625",
        "cumulative": false
    },
    {
        "date": "2020-09-11T09:10:28Z",
        "value": "500.47265625",
        "cumulative": false
    },
    {
        "date": "2020-09-11T09:10:38Z",
        "value": "500.50390625",
        "cumulative": false
    },
    {
        "date": "2020-09-11T09:10:53Z",
        "value": "531.34375",
        "cumulative": false
    },
    {
        "date": "2020-09-11T09:11:05Z",
        "value": "500.46875",
        "cumulative": false
    },
    {
        "date": "2020-09-11T09:11:18Z",
        "value": "500.50390625",
        "cumulative": false
    },
    {
        "date": "2020-09-11T09:11:30Z",
        "value": "500.47265625",
        "cumulative": false
    },
    {
        "date": "2020-09-11T09:11:43Z",
        "value": "500.46875",
        "cumulative": false
    },
    {
        "date": "2020-09-11T09:11:57Z",
        "value": "831.72265625",
        "cumulative": false
    },
    {
        "date": "2020-09-11T09:12:14Z",
        "value": "500.46875",
        "cumulative": false
    },
    {
        "date": "2020-09-11T09:12:29Z",
        "value": "500.46875",
        "cumulative": false
    },
    {
        "date": "2020-09-11T09:12:44Z",
        "value": "703.59765625",
        "cumulative": false
    },
    {
        "date": "2020-09-11T09:13:03Z",
        "value": "309.36328125",
        "cumulative": false
    },
    {
        "date": "2020-09-11T09:13:16Z",
        "value": "309.4140625",
        "cumulative": false
    },
    {
        "date": "2020-09-11T09:13:30Z",
        "value": "309.4140625",
        "cumulative": false
    },
    {
        "date": "2020-09-11T09:13:44Z",
        "value": "548.4921875",
        "cumulative": false
    },
    {
        "date": "2020-09-11T09:14:00Z",
        "value": "309.3671875",
        "cumulative": false
    },
    {
        "date": "2020-09-11T09:14:15Z",
        "value": "682.86328125",
        "cumulative": false
    },
    {
        "date": "2020-09-11T09:14:27Z",
        "value": "342.4921875",
        "cumulative": false
    },
    {
        "date": "2020-09-11T09:14:40Z",
        "value": "309.36328125",
        "cumulative": false
    },
    {
        "date": "2020-09-11T09:14:50Z",
        "value": "309.4140625",
        "cumulative": false
    },
    {
        "date": "2020-09-11T09:15:01Z",
        "value": "309.3671875",
        "cumulative": false
    },
    {
        "date": "2020-09-11T09:15:15Z",
        "value": "309.36328125",
        "cumulative": false
    },
    {
        "date": "2020-09-11T09:15:34Z",
        "value": "309.45703125",
        "cumulative": false
    },
    {
        "date": "2020-09-11T09:15:51Z",
        "value": "309.4140625",
        "cumulative": false
    },
    {
        "date": "2020-09-11T09:16:04Z",
        "value": "823.1171875",
        "cumulative": false
    },
    {
        "date": "2020-09-11T09:16:21Z",
        "value": "309.3671875",
        "cumulative": false
    },
    {
        "date": "2020-09-11T09:16:32Z",
        "value": "309.36328125",
        "cumulative": false
    },
    {
        "date": "2020-09-11T09:16:50Z",
        "value": "309.4140625",
        "cumulative": false
    },
    {
        "date": "2020-09-11T09:17:03Z",
        "value": "309.3671875",
        "cumulative": false
    },
    {
        "date": "2020-09-11T09:17:20Z",
        "value": "309.4140625",
        "cumulative": false
    },
    {
        "date": "2020-09-11T09:17:38Z",
        "value": "309.3671875",
        "cumulative": false
    },
    {
        "date": "2020-09-11T09:17:57Z",
        "value": "309.3671875",
        "cumulative": false
    },
    {
        "date": "2020-09-11T09:18:17Z",
        "value": "309.36328125",
        "cumulative": false
    },
    {
        "date": "2020-09-11T09:18:28Z",
        "value": "478.98828125",
        "cumulative": false
    },
    {
        "date": "2020-09-11T09:18:45Z",
        "value": "309.36328125",
        "cumulative": false
    },
    {
        "date": "2020-09-11T09:19:02Z",
        "value": "309.36328125",
        "cumulative": false
    },
    {
        "date": "2020-09-11T09:19:21Z",
        "value": "709.61328125",
        "cumulative": false
    },
    {
        "date": "2020-09-11T09:19:39Z",
        "value": "765.61328125",
        "cumulative": false
    },
    {
        "date": "2020-09-11T09:19:53Z",
        "value": "309.36328125",
        "cumulative": false
    },
    {
        "date": "2020-09-11T09:20:11Z",
        "value": "309.36328125",
        "cumulative": false
    }
]