[
    {
        "date": "2020-09-11T08:29:34Z",
        "value": "0.482852507",
        "cumulative": false
    },
    {
        "date": "2020-09-11T08:29:48Z",
        "value": "1.088602558",
        "cumulative": false
    },
    {
        "date": "2020-09-11T08:30:05Z",
        "value": "1.498422546",
        "cumulative": false
    },
    {
        "date": "2020-09-11T08:30:16Z",
        "value": "1.249413882",
        "cumulative": false
    },
    {
        "date": "2020-09-11T08:30:33Z",
        "value": "1.121715473",
        "cumulative": false
    },
    {
        "date": "2020-09-11T08:30:49Z",
        "value": "1.011695768",
        "cumulative": false
    },
    {
        "date": "2020-09-11T08:31:08Z",
        "value": "1.077742484",
        "cumulative": false
    },
    {
        "date": "2020-09-11T08:31:27Z",
        "value": "0.997867892",
        "cumulative": false
    },
    {
        "date": "2020-09-11T08:31:45Z",
        "value": "0.931190146",
        "cumulative": false
    },
    {
        "date": "2020-09-11T08:31:59Z",
        "value": "1.056172883",
        "cumulative": false
    },
    {
        "date": "2020-09-11T08:32:14Z",
        "value": "0.840566505",
        "cumulative": false
    },
    {
        "date": "2020-09-11T08:32:27Z",
        "value": "0.953108552",
        "cumulative": false
    },
    {
        "date": "2020-09-11T08:32:38Z",
        "value": "1.107413839",
        "cumulative": false
    },
    {
        "date": "2020-09-11T08:32:52Z",
        "value": "0.811730745",
        "cumulative": false
    },
    {
        "date": "2020-09-11T08:33:12Z",
        "value": "0.967623912",
        "cumulative": false
    },
    {
        "date": "2020-09-11T08:33:30Z",
        "value": "1.067953607",
        "cumulative": false
    },
    {
        "date": "2020-09-11T08:33:46Z",
        "value": "0.673516265",
        "cumulative": false
    },
    {
        "date": "2020-09-11T08:33:59Z",
        "value": "0.972572108",
        "cumulative": false
    },
    {
        "date": "2020-09-11T08:34:09Z",
        "value": "1.101326402",
        "cumulative": false
    },
    {
        "date": "2020-09-11T08:34:25Z",
        "value": "1.086688235",
        "cumulative": false
    },
    {
        "date": "2020-09-11T08:34:44Z",
        "value": "0.739045679",
        "cumulative": false
    },
    {
        "date": "2020-09-11T08:35:03Z",
        "value": "0.87796493",
        "cumulative": false
    },
    {
        "date": "2020-09-11T08:35:13Z",
        "value": "1.100951763",
        "cumulative": false
    },
    {
        "date": "2020-09-11T08:35:24Z",
        "value": "1.095107608",
        "cumulative": false
    },
    {
        "date": "2020-09-11T08:35:39Z",
        "value": "1.104701375",
        "cumulative": false
    },
    {
        "date": "2020-09-11T08:35:56Z",
        "value": "0.82403926",
        "cumulative": false
    },
    {
        "date": "2020-09-11T08:36:08Z",
        "value": "0.704160432",
        "cumulative": false
    },
    {
        "date": "2020-09-11T08:36:23Z",
        "value": "0.998438808",
        "cumulative": false
    },
    {
        "date": "2020-09-11T08:36:36Z",
        "value": "1.06350485",
        "cumulative": false
    },
    {
        "date": "2020-09-11T08:36:48Z",
        "value": "1.093310021",
        "cumulative": false
    },
    {
        "date": "2020-09-11T08:36:58Z",
        "value": "1.094578558",
        "cumulative": false
    },
    {
        "date": "2020-09-11T08:37:11Z",
        "value": "1.056154603",
        "cumulative": false
    },
    {
        "date": "2020-09-11T08:37:21Z",
        "value": "0.816665086",
        "cumulative": false
    },
    {
        "date": "2020-09-11T08:37:32Z",
        "value": "0.666240553",
        "cumulative": false
    },
    {
        "date": "2020-09-11T08:37:44Z",
        "value": "0.727327358",
        "cumulative": false
    },
    {
        "date": "2020-09-11T08:38:02Z",
        "value": "0.852313345",
        "cumulative": false
    },
    {
        "date": "2020-09-11T08:38:12Z",
        "value": "1.061908783",
        "cumulative": false
    },
    {
        "date": "2020-09-11T08:38:26Z",
        "value": "1.088312173",
        "cumulative": false
    },
    {
        "date": "2020-09-11T08:38:42Z",
        "value": "1.081128958",
        "cumulative": false
    },
    {
        "date": "2020-09-11T08:38:54Z",
        "value": "1.067688413",
        "cumulative": false
    },
    {
        "date": "2020-09-11T08:39:05Z",
        "value": "1.098570838",
        "cumulative": false
    },
    {
        "date": "2020-09-11T08:39:25Z",
        "value": "0.892892962",
        "cumulative": false
    },
    {
        "date": "2020-09-11T08:39:37Z",
        "value": "0.768199074",
        "cumulative": false
    },
    {
        "date": "2020-09-11T08:39:54Z",
        "value": "0.682490639",
        "cumulative": false
    },
    {
        "date": "2020-09-11T08:40:10Z",
        "value": "0.915451838",
        "cumulative": false
    },
    {
        "date": "2020-09-11T08:40:25Z",
        "value": "1.016060286",
        "cumulative": false
    },
    {
        "date": "2020-09-11T08:40:42Z",
        "value": "1.015409032",
        "cumulative": false
    },
    {
        "date": "2020-09-11T08:41:01Z",
        "value": "0.990108701",
        "cumulative": false
    },
    {
        "date": "2020-09-11T08:41:11Z",
        "value": "1.014425387",
        "cumulative": false
    },
    {
        "date": "2020-09-11T08:41:22Z",
        "value": "0.962465062",
        "cumulative": false
    },
    {
        "date": "2020-09-11T08:41:39Z",
        "value": "0.982712037",
        "cumulative": false
    },
    {
        "date": "2020-09-11T08:41:52Z",
        "value": "0.921479796",
        "cumulative": false
    },
    {
        "date": "2020-09-11T08:42:03Z",
        "value": "0.738928835",
        "cumulative": false
    },
    {
        "date": "2020-09-11T08:42:20Z",
        "value": "0.783090899",
        "cumulative": false
    },
    {
        "date": "2020-09-11T08:42:37Z",
        "value": "0.798320072",
        "cumulative": false
    },
    {
        "date": "2020-09-11T08:42:47Z",
        "value": "0.764244716",
        "cumulative": false
    },
    {
        "date": "2020-09-11T08:43:00Z",
        "value": "1.015483192",
        "cumulative": false
    },
    {
        "date": "2020-09-11T08:43:14Z",
        "value": "0.986742282",
        "cumulative": false
    },
    {
        "date": "2020-09-11T08:43:27Z",
        "value": "0.99123183",
        "cumulative": false
    },
    {
        "date": "2020-09-11T08:43:40Z",
        "value": "0.969182447",
        "cumulative": false
    },
    {
        "date": "2020-09-11T08:43:58Z",
        "value": "0.9804365",
        "cumulative": false
    },
    {
        "date": "2020-09-11T08:44:16Z",
        "value": "1.014596947",
        "cumulative": false
    },
    {
        "date": "2020-09-11T08:44:29Z",
        "value": "0.995853503",
        "cumulative": false
    },
    {
        "date": "2020-09-11T08:44:48Z",
        "value": "0.968148482",
        "cumulative": false
    },
    {
        "date": "2020-09-11T08:44:59Z",
        "value": "0.978201964",
        "cumulative": false
    },
    {
        "date": "2020-09-11T08:45:13Z",
        "value": "0.819131948",
        "cumulative": false
    },
    {
        "date": "2020-09-11T08:45:33Z",
        "value": "0.667333242",
        "cumulative": false
    },
    {
        "date": "2020-09-11T08:45:51Z",
        "value": "0.712123055",
        "cumulative": false
    },
    {
        "date": "2020-09-11T08:46:06Z",
        "value": "0.76683425",
        "cumulative": false
    },
    {
        "date": "2020-09-11T08:46:22Z",
        "value": "0.791231237",
        "cumulative": false
    },
    {
        "date": "2020-09-11T08:46:37Z",
        "value": "0.963227946",
        "cumulative": false
    },
    {
        "date": "2020-09-11T08:46:49Z",
        "value": "1.008356153",
        "cumulative": false
    },
    {
        "date": "2020-09-11T08:47:02Z",
        "value": "0.989509592",
        "cumulative": false
    },
    {
        "date": "2020-09-11T08:47:13Z",
        "value": "0.993572118",
        "cumulative": false
    },
    {
        "date": "2020-09-11T08:47:24Z",
        "value": "0.984534877",
        "cumulative": false
    },
    {
        "date": "2020-09-11T08:47:35Z",
        "value": "0.993663408",
        "cumulative": false
    },
    {
        "date": "2020-09-11T08:47:50Z",
        "value": "0.992928985",
        "cumulative": false
    },
    {
        "date": "2020-09-11T08:48:06Z",
        "value": "0.994357288",
        "cumulative": false
    },
    {
        "date": "2020-09-11T08:48:23Z",
        "value": "0.966384496",
        "cumulative": false
    },
    {
        "date": "2020-09-11T08:48:40Z",
        "value": "0.985571134",
        "cumulative": false
    },
    {
        "date": "2020-09-11T08:48:54Z",
        "value": "0.957754837",
        "cumulative": false
    },
    {
        "date": "2020-09-11T08:49:06Z",
        "value": "0.978719043",
        "cumulative": false
    },
    {
        "date": "2020-09-11T08:49:17Z",
        "value": "0.913978596",
        "cumulative": false
    },
    {
        "date": "2020-09-11T08:49:30Z",
        "value": "0.734751077",
        "cumulative": false
    },
    {
        "date": "2020-09-11T08:49:43Z",
        "value": "0.688018765",
        "cumulative": false
    },
    {
        "date": "2020-09-11T08:49:58Z",
        "value": "0.675368235",
        "cumulative": false
    },
    {
        "date": "2020-09-11T08:50:13Z",
        "value": "0.670765526",
        "cumulative": false
    },
    {
        "date": "2020-09-11T08:50:28Z",
        "value": "0.667851681",
        "cumulative": false
    },
    {
        "date": "2020-09-11T08:50:39Z",
        "value": "0.684039638",
        "cumulative": false
    },
    {
        "date": "2020-09-11T08:50:58Z",
        "value": "0.701778863",
        "cumulative": false
    },
    {
        "date": "2020-09-11T08:51:11Z",
        "value": "0.952662861",
        "cumulative": false
    },
    {
        "date": "2020-09-11T08:51:29Z",
        "value": "0.977887053",
        "cumulative": false
    },
    {
        "date": "2020-09-11T08:51:43Z",
        "value": "0.973626802",
        "cumulative": false
    },
    {
        "date": "2020-09-11T08:51:56Z",
        "value": "0.988866595",
        "cumulative": false
    },
    {
        "date": "2020-09-11T08:52:06Z",
        "value": "0.975335441",
        "cumulative": false
    },
    {
        "date": "2020-09-11T08:52:26Z",
        "value": "0.969969119",
        "cumulative": false
    },
    {
        "date": "2020-09-11T08:52:44Z",
        "value": "0.975791177",
        "cumulative": false
    },
    {
        "date": "2020-09-11T08:53:02Z",
        "value": "0.96647389",
        "cumulative": false
    },
    {
        "date": "2020-09-11T08:53:20Z",
        "value": "0.936711794",
        "cumulative": false
    },
    {
        "date": "2020-09-11T08:53:32Z",
        "value": "0.984249534",
        "cumulative": false
    },
    {
        "date": "2020-09-11T08:53:48Z",
        "value": "0.941107765",
        "cumulative": false
    },
    {
        "date": "2020-09-11T08:54:00Z",
        "value": "0.974752003",
        "cumulative": false
    },
    {
        "date": "2020-09-11T08:54:19Z",
        "value": "0.96956578",
        "cumulative": false
    },
    {
        "date": "2020-09-11T08:54:39Z",
        "value": "0.945694218",
        "cumulative": false
    },
    {
        "date": "2020-09-11T08:54:54Z",
        "value": "0.690550583",
        "cumulative": false
    },
    {
        "date": "2020-09-11T08:55:09Z",
        "value": "0.71223851",
        "cumulative": false
    },
    {
        "date": "2020-09-11T08:55:21Z",
        "value": "0.667319523",
        "cumulative": false
    },
    {
        "date": "2020-09-11T08:55:32Z",
        "value": "0.655192804",
        "cumulative": false
    },
    {
        "date": "2020-09-11T08:55:46Z",
        "value": "0.714446236",
        "cumulative": false
    },
    {
        "date": "2020-09-11T08:56:02Z",
        "value": "0.697786237",
        "cumulative": false
    },
    {
        "date": "2020-09-11T08:56:13Z",
        "value": "0.73637399",
        "cumulative": false
    },
    {
        "date": "2020-09-11T08:56:30Z",
        "value": "0.744791071",
        "cumulative": false
    },
    {
        "date": "2020-09-11T08:56:45Z",
        "value": "0.751488536",
        "cumulative": false
    },
    {
        "date": "2020-09-11T08:56:59Z",
        "value": "0.971000667",
        "cumulative": false
    },
    {
        "date": "2020-09-11T08:57:18Z",
        "value": "0.980871934",
        "cumulative": false
    },
    {
        "date": "2020-09-11T08:57:29Z",
        "value": "0.972888578",
        "cumulative": false
    },
    {
        "date": "2020-09-11T08:57:42Z",
        "value": "0.986299277",
        "cumulative": false
    },
    {
        "date": "2020-09-11T08:57:59Z",
        "value": "0.975842711",
        "cumulative": false
    },
    {
        "date": "2020-09-11T08:58:10Z",
        "value": "0.968596893",
        "cumulative": false
    },
    {
        "date": "2020-09-11T08:58:27Z",
        "value": "0.968802091",
        "cumulative": false
    },
    {
        "date": "2020-09-11T08:58:41Z",
        "value": "0.978386278",
        "cumulative": false
    },
    {
        "date": "2020-09-11T08:59:01Z",
        "value": "0.959796752",
        "cumulative": false
    },
    {
        "date": "2020-09-11T08:59:14Z",
        "value": "0.958996876",
        "cumulative": false
    },
    {
        "date": "2020-09-11T08:59:26Z",
        "value": "0.953054912",
        "cumulative": false
    },
    {
        "date": "2020-09-11T08:59:45Z",
        "value": "0.973132755",
        "cumulative": false
    },
    {
        "date": "2020-09-11T09:00:00Z",
        "value": "0.988199047",
        "cumulative": false
    },
    {
        "date": "2020-09-11T09:00:17Z",
        "value": "0.978569214",
        "cumulative": false
    },
    {
        "date": "2020-09-11T09:00:33Z",
        "value": "0.976061419",
        "cumulative": false
    },
    {
        "date": "2020-09-11T09:00:47Z",
        "value": "0.971387906",
        "cumulative": false
    },
    {
        "date": "2020-09-11T09:01:00Z",
        "value": "0.967656986",
        "cumulative": false
    },
    {
        "date": "2020-09-11T09:01:14Z",
        "value": "0.978911613",
        "cumulative": false
    },
    {
        "date": "2020-09-11T09:01:25Z",
        "value": "0.783937482",
        "cumulative": false
    },
    {
        "date": "2020-09-11T09:01:42Z",
        "value": "0.707323471",
        "cumulative": false
    },
    {
        "date": "2020-09-11T09:02:02Z",
        "value": "0.709282453",
        "cumulative": false
    },
    {
        "date": "2020-09-11T09:02:20Z",
        "value": "0.734164948",
        "cumulative": false
    },
    {
        "date": "2020-09-11T09:02:33Z",
        "value": "0.71198531",
        "cumulative": false
    },
    {
        "date": "2020-09-11T09:02:44Z",
        "value": "0.749035098",
        "cumulative": false
    },
    {
        "date": "2020-09-11T09:03:02Z",
        "value": "0.734335557",
        "cumulative": false
    },
    {
        "date": "2020-09-11T09:03:17Z",
        "value": "0.730590215",
        "cumulative": false
    },
    {
        "date": "2020-09-11T09:03:31Z",
        "value": "0.71792147",
        "cumulative": false
    },
    {
        "date": "2020-09-11T09:03:50Z",
        "value": "0.752228218",
        "cumulative": false
    },
    {
        "date": "2020-09-11T09:04:08Z",
        "value": "0.935734367",
        "cumulative": false
    },
    {
        "date": "2020-09-11T09:04:24Z",
        "value": "0.976477925",
        "cumulative": false
    },
    {
        "date": "2020-09-11T09:04:40Z",
        "value": "0.978391436",
        "cumulative": false
    },
    {
        "date": "2020-09-11T09:04:51Z",
        "value": "0.998173209",
        "cumulative": false
    },
    {
        "date": "2020-09-11T09:05:06Z",
        "value": "0.981045326",
        "cumulative": false
    },
    {
        "date": "2020-09-11T09:05:22Z",
        "value": "0.974418017",
        "cumulative": false
    },
    {
        "date": "2020-09-11T09:05:41Z",
        "value": "0.982862115",
        "cumulative": false
    },
    {
        "date": "2020-09-11T09:05:55Z",
        "value": "0.954929868",
        "cumulative": false
    },
    {
        "date": "2020-09-11T09:06:14Z",
        "value": "0.982944",
        "cumulative": false
    },
    {
        "date": "2020-09-11T09:06:25Z",
        "value": "0.990788169",
        "cumulative": false
    },
    {
        "date": "2020-09-11T09:06:43Z",
        "value": "0.96300395",
        "cumulative": false
    },
    {
        "date": "2020-09-11T09:07:00Z",
        "value": "0.97112359",
        "cumulative": false
    },
    {
        "date": "2020-09-11T09:07:12Z",
        "value": "0.961020956",
        "cumulative": false
    },
    {
        "date": "2020-09-11T09:07:24Z",
        "value": "0.992297875",
        "cumulative": false
    },
    {
        "date": "2020-09-11T09:07:36Z",
        "value": "0.97276207",
        "cumulative": false
    },
    {
        "date": "2020-09-11T09:07:55Z",
        "value": "0.97276293",
        "cumulative": false
    },
    {
        "date": "2020-09-11T09:08:14Z",
        "value": "0.982477361",
        "cumulative": false
    },
    {
        "date": "2020-09-11T09:08:25Z",
        "value": "0.975848385",
        "cumulative": false
    },
    {
        "date": "2020-09-11T09:08:37Z",
        "value": "0.991304743",
        "cumulative": false
    },
    {
        "date": "2020-09-11T09:08:51Z",
        "value": "0.97074665",
        "cumulative": false
    },
    {
        "date": "2020-09-11T09:09:01Z",
        "value": "0.980398788",
        "cumulative": false
    },
    {
        "date": "2020-09-11T09:09:20Z",
        "value": "0.945827845",
        "cumulative": false
    },
    {
        "date": "2020-09-11T09:09:30Z",
        "value": "0.972020462",
        "cumulative": false
    },
    {
        "date": "2020-09-11T09:09:45Z",
        "value": "0.878501989",
        "cumulative": false
    },
    {
        "date": "2020-09-11T09:10:03Z",
        "value": "0.769896607",
        "cumulative": false
    },
    {
        "date": "2020-09-11T09:10:20Z",
        "value": "0.730014179",
        "cumulative": false
    },
    {
        "date": "2020-09-11T09:10:39Z",
        "value": "0.730484893",
        "cumulative": false
    },
    {
        "date": "2020-09-11T09:10:49Z",
        "value": "0.665373956",
        "cumulative": false
    },
    {
        "date": "2020-09-11T09:11:02Z",
        "value": "0.712365769",
        "cumulative": false
    },
    {
        "date": "2020-09-11T09:11:15Z",
        "value": "0.695540022",
        "cumulative": false
    },
    {
        "date": "2020-09-11T09:11:31Z",
        "value": "0.743473451",
        "cumulative": false
    },
    {
        "date": "2020-09-11T09:11:44Z",
        "value": "0.776940196",
        "cumulative": false
    },
    {
        "date": "2020-09-11T09:11:56Z",
        "value": "0.735994562",
        "cumulative": false
    },
    {
        "date": "2020-09-11T09:12:11Z",
        "value": "0.684813099",
        "cumulative": false
    },
    {
        "date": "2020-09-11T09:12:30Z",
        "value": "0.775230297",
        "cumulative": false
    },
    {
        "date": "2020-09-11T09:12:44Z",
        "value": "0.682891988",
        "cumulative": false
    },
    {
        "date": "2020-09-11T09:12:57Z",
        "value": "0.771634701",
        "cumulative": false
    },
    {
        "date": "2020-09-11T09:13:12Z",
        "value": "0.975459074",
        "cumulative": false
    },
    {
        "date": "2020-09-11T09:13:24Z",
        "value": "0.979765801",
        "cumulative": false
    },
    {
        "date": "2020-09-11T09:13:39Z",
        "value": "0.969445153",
        "cumulative": false
    },
    {
        "date": "2020-09-11T09:13:53Z",
        "value": "0.987339855",
        "cumulative": false
    },
    {
        "date": "2020-09-11T09:14:06Z",
        "value": "0.986532289",
        "cumulative": false
    },
    {
        "date": "2020-09-11T09:14:21Z",
        "value": "0.989593729",
        "cumulative": false
    },
    {
        "date": "2020-09-11T09:14:37Z",
        "value": "0.985738747",
        "cumulative": false
    },
    {
        "date": "2020-09-11T09:14:47Z",
        "value": "0.974911891",
        "cumulative": false
    },
    {
        "date": "2020-09-11T09:15:07Z",
        "value": "0.97042821",
        "cumulative": false
    },
    {
        "date": "2020-09-11T09:15:20Z",
        "value": "0.99440732",
        "cumulative": false
    },
    {
        "date": "2020-09-11T09:15:36Z",
        "value": "0.992900533",
        "cumulative": false
    },
    {
        "date": "2020-09-11T09:15:55Z",
        "value": "0.973764959",
        "cumulative": false
    },
    {
        "date": "2020-09-11T09:16:09Z",
        "value": "0.97510289",
        "cumulative": false
    },
    {
        "date": "2020-09-11T09:16:22Z",
        "value": "0.942382639",
        "cumulative": false
    },
    {
        "date": "2020-09-11T09:16:32Z",
        "value": "0.959722644",
        "cumulative": false
    },
    {
        "date": "2020-09-11T09:16:50Z",
        "value": "0.967573109",
        "cumulative": false
    },
    {
        "date": "2020-09-11T09:17:00Z",
        "value": "0.982848543",
        "cumulative": false
    },
    {
        "date": "2020-09-11T09:17:16Z",
        "value": "0.965881859",
        "cumulative": false
    },
    {
        "date": "2020-09-11T09:17:34Z",
        "value": "0.971888805",
        "cumulative": false
    },
    {
        "date": "2020-09-11T09:17:45Z",
        "value": "0.983251586",
        "cumulative": false
    },
    {
        "date": "2020-09-11T09:18:03Z",
        "value": "0.985527541",
        "cumulative": false
    },
    {
        "date": "2020-09-11T09:18:14Z",
        "value": "0.996906485",
        "cumulative": false
    },
    {
        "date": "2020-09-11T09:18:27Z",
        "value": "0.993281253",
        "cumulative": false
    },
    {
        "date": "2020-09-11T09:18:45Z",
        "value": "0.97662627",
        "cumulative": false
    },
    {
        "date": "2020-09-11T09:19:02Z",
        "value": "0.972783307",
        "cumulative": false
    },
    {
        "date": "2020-09-11T09:19:14Z",
        "value": "0.983419856",
        "cumulative": false
    },
    {
        "date": "2020-09-11T09:19:29Z",
        "value": "0.952742777",
        "cumulative": false
    },
    {
        "date": "2020-09-11T09:19:40Z",
        "value": "0.991931754",
        "cumulative": false
    },
    {
        "date": "2020-09-11T09:19:52Z",
        "value": "0.961643567",
        "cumulative": false
    },
    {
        "date": "2020-09-11T09:20:06Z",
        "value": "0.986807939",
        "cumulative": false
    },
    {
        "date": "2020-09-11T09:20:17Z",
        "value": "0.592807413",
        "cumulative": false
    }
]