[
    {
        "date": "2020-09-11T08:29:02Z",
        "value": "0.0009593963623046875",
        "cumulative": true
    },
    {
        "date": "2020-09-11T08:29:27Z",
        "value": "3.581563949584961",
        "cumulative": true
    },
    {
        "date": "2020-09-11T08:29:47Z",
        "value": "497.4179153442383",
        "cumulative": true
    },
    {
        "date": "2020-09-11T08:30:03Z",
        "value": "2478.4299268722534",
        "cumulative": true
    },
    {
        "date": "2020-09-11T08:30:14Z",
        "value": "4061.724054336548",
        "cumulative": true
    },
    {
        "date": "2020-09-11T08:30:30Z",
        "value": "6255.5392055511475",
        "cumulative": true
    },
    {
        "date": "2020-09-11T08:30:49Z",
        "value": "9472.094869613647",
        "cumulative": true
    },
    {
        "date": "2020-09-11T08:31:06Z",
        "value": "12004.531879425049",
        "cumulative": true
    },
    {
        "date": "2020-09-11T08:31:20Z",
        "value": "14457.94164943695",
        "cumulative": true
    },
    {
        "date": "2020-09-11T08:31:40Z",
        "value": "16794.459307670593",
        "cumulative": true
    },
    {
        "date": "2020-09-11T08:31:53Z",
        "value": "19142.112364768982",
        "cumulative": true
    },
    {
        "date": "2020-09-11T08:32:07Z",
        "value": "20362.435625076294",
        "cumulative": true
    },
    {
        "date": "2020-09-11T08:32:24Z",
        "value": "23976.869841575623",
        "cumulative": true
    },
    {
        "date": "2020-09-11T08:32:37Z",
        "value": "24889.665467262268",
        "cumulative": true
    },
    {
        "date": "2020-09-11T08:32:50Z",
        "value": "27454.251299858093",
        "cumulative": true
    },
    {
        "date": "2020-09-11T08:33:07Z",
        "value": "30406.295400619507",
        "cumulative": true
    },
    {
        "date": "2020-09-11T08:33:25Z",
        "value": "31761.132402420044",
        "cumulative": true
    },
    {
        "date": "2020-09-11T08:33:39Z",
        "value": "34815.756766319275",
        "cumulative": true
    },
    {
        "date": "2020-09-11T08:33:53Z",
        "value": "37850.49710273743",
        "cumulative": true
    },
    {
        "date": "2020-09-11T08:34:03Z",
        "value": "38604.03077316284",
        "cumulative": true
    },
    {
        "date": "2020-09-11T08:34:21Z",
        "value": "39868.13662338257",
        "cumulative": true
    },
    {
        "date": "2020-09-11T08:34:39Z",
        "value": "43566.11157512665",
        "cumulative": true
    },
    {
        "date": "2020-09-11T08:34:52Z",
        "value": "47031.253586769104",
        "cumulative": true
    },
    {
        "date": "2020-09-11T08:35:11Z",
        "value": "48670.45611667633",
        "cumulative": true
    },
    {
        "date": "2020-09-11T08:35:21Z",
        "value": "49431.82080936432",
        "cumulative": true
    },
    {
        "date": "2020-09-11T08:35:40Z",
        "value": "50816.22086048126",
        "cumulative": true
    },
    {
        "date": "2020-09-11T08:36:00Z",
        "value": "56313.994683265686",
        "cumulative": true
    },
    {
        "date": "2020-09-11T08:36:15Z",
        "value": "60151.80826282501",
        "cumulative": true
    },
    {
        "date": "2020-09-11T08:36:33Z",
        "value": "61417.610323905945",
        "cumulative": true
    },
    {
        "date": "2020-09-11T08:36:47Z",
        "value": "62428.28439426422",
        "cumulative": true
    },
    {
        "date": "2020-09-11T08:37:06Z",
        "value": "63753.35261631012",
        "cumulative": true
    },
    {
        "date": "2020-09-11T08:37:20Z",
        "value": "65832.09485054016",
        "cumulative": true
    },
    {
        "date": "2020-09-11T08:37:32Z",
        "value": "68954.53787994385",
        "cumulative": true
    },
    {
        "date": "2020-09-11T08:37:42Z",
        "value": "71918.42283439636",
        "cumulative": true
    },
    {
        "date": "2020-09-11T08:37:55Z",
        "value": "75643.1177740097",
        "cumulative": true
    },
    {
        "date": "2020-09-11T08:38:11Z",
        "value": "76761.95337200165",
        "cumulative": true
    },
    {
        "date": "2020-09-11T08:38:27Z",
        "value": "77883.80475521088",
        "cumulative": true
    },
    {
        "date": "2020-09-11T08:38:38Z",
        "value": "78680.54218196869",
        "cumulative": true
    },
    {
        "date": "2020-09-11T08:38:51Z",
        "value": "79596.7496881485",
        "cumulative": true
    },
    {
        "date": "2020-09-11T08:39:06Z",
        "value": "80696.884806633",
        "cumulative": true
    },
    {
        "date": "2020-09-11T08:39:18Z",
        "value": "82154.21145820618",
        "cumulative": true
    },
    {
        "date": "2020-09-11T08:39:32Z",
        "value": "86642.59574127197",
        "cumulative": true
    },
    {
        "date": "2020-09-11T08:39:48Z",
        "value": "91209.75887680054",
        "cumulative": true
    },
    {
        "date": "2020-09-11T08:40:04Z",
        "value": "95637.90296268463",
        "cumulative": true
    },
    {
        "date": "2020-09-11T08:40:21Z",
        "value": "96732.70605945587",
        "cumulative": true
    },
    {
        "date": "2020-09-11T08:40:36Z",
        "value": "97766.2461309433",
        "cumulative": true
    },
    {
        "date": "2020-09-11T08:40:53Z",
        "value": "98902.2182970047",
        "cumulative": true
    },
    {
        "date": "2020-09-11T08:41:12Z",
        "value": "100134.1844625473",
        "cumulative": true
    },
    {
        "date": "2020-09-11T08:41:30Z",
        "value": "101285.67136096954",
        "cumulative": true
    },
    {
        "date": "2020-09-11T08:41:47Z",
        "value": "102399.19000339508",
        "cumulative": true
    },
    {
        "date": "2020-09-11T08:42:00Z",
        "value": "105573.70178794861",
        "cumulative": true
    },
    {
        "date": "2020-09-11T08:42:18Z",
        "value": "111398.18682098389",
        "cumulative": true
    },
    {
        "date": "2020-09-11T08:42:34Z",
        "value": "116549.61933898926",
        "cumulative": true
    },
    {
        "date": "2020-09-11T08:42:48Z",
        "value": "120612.68974781036",
        "cumulative": true
    },
    {
        "date": "2020-09-11T08:43:01Z",
        "value": "121454.55044269562",
        "cumulative": true
    },
    {
        "date": "2020-09-11T08:43:20Z",
        "value": "122721.96386432648",
        "cumulative": true
    },
    {
        "date": "2020-09-11T08:43:33Z",
        "value": "123559.69203090668",
        "cumulative": true
    },
    {
        "date": "2020-09-11T08:43:47Z",
        "value": "124503.69769954681",
        "cumulative": true
    },
    {
        "date": "2020-09-11T08:43:59Z",
        "value": "125259.2194223404",
        "cumulative": true
    },
    {
        "date": "2020-09-11T08:44:18Z",
        "value": "126500.04580020905",
        "cumulative": true
    },
    {
        "date": "2020-09-11T08:44:33Z",
        "value": "127479.86803340912",
        "cumulative": true
    },
    {
        "date": "2020-09-11T08:44:50Z",
        "value": "128625.70460796356",
        "cumulative": true
    },
    {
        "date": "2020-09-11T08:45:03Z",
        "value": "129386.88506221771",
        "cumulative": true
    },
    {
        "date": "2020-09-11T08:45:17Z",
        "value": "133158.5295600891",
        "cumulative": true
    },
    {
        "date": "2020-09-11T08:45:30Z",
        "value": "136791.0413799286",
        "cumulative": true
    },
    {
        "date": "2020-09-11T08:45:41Z",
        "value": "139594.0081539154",
        "cumulative": true
    },
    {
        "date": "2020-09-11T08:45:58Z",
        "value": "145191.29622268677",
        "cumulative": true
    },
    {
        "date": "2020-09-11T08:46:13Z",
        "value": "149503.87797355652",
        "cumulative": true
    },
    {
        "date": "2020-09-11T08:46:30Z",
        "value": "152786.4023628235",
        "cumulative": true
    },
    {
        "date": "2020-09-11T08:46:44Z",
        "value": "153712.32250213623",
        "cumulative": true
    },
    {
        "date": "2020-09-11T08:46:56Z",
        "value": "154476.934425354",
        "cumulative": true
    },
    {
        "date": "2020-09-11T08:47:15Z",
        "value": "155732.5183353424",
        "cumulative": true
    },
    {
        "date": "2020-09-11T08:47:25Z",
        "value": "156411.8590373993",
        "cumulative": true
    },
    {
        "date": "2020-09-11T08:47:39Z",
        "value": "157319.14978027344",
        "cumulative": true
    },
    {
        "date": "2020-09-11T08:47:49Z",
        "value": "157998.24430274963",
        "cumulative": true
    },
    {
        "date": "2020-09-11T08:48:07Z",
        "value": "159182.34266281128",
        "cumulative": true
    },
    {
        "date": "2020-09-11T08:48:25Z",
        "value": "160295.9695186615",
        "cumulative": true
    },
    {
        "date": "2020-09-11T08:48:44Z",
        "value": "161526.68603897095",
        "cumulative": true
    },
    {
        "date": "2020-09-11T08:48:57Z",
        "value": "162411.36451911926",
        "cumulative": true
    },
    {
        "date": "2020-09-11T08:49:14Z",
        "value": "163541.82839488983",
        "cumulative": true
    },
    {
        "date": "2020-09-11T08:49:32Z",
        "value": "168631.1762971878",
        "cumulative": true
    },
    {
        "date": "2020-09-11T08:49:50Z",
        "value": "173836.11099147797",
        "cumulative": true
    },
    {
        "date": "2020-09-11T08:50:04Z",
        "value": "177583.18206882477",
        "cumulative": true
    },
    {
        "date": "2020-09-11T08:50:19Z",
        "value": "181361.65244197845",
        "cumulative": true
    },
    {
        "date": "2020-09-11T08:50:35Z",
        "value": "185953.76402759552",
        "cumulative": true
    },
    {
        "date": "2020-09-11T08:50:54Z",
        "value": "191339.3312482834",
        "cumulative": true
    },
    {
        "date": "2020-09-11T08:51:14Z",
        "value": "193216.46206092834",
        "cumulative": true
    },
    {
        "date": "2020-09-11T08:51:31Z",
        "value": "194353.63464546204",
        "cumulative": true
    },
    {
        "date": "2020-09-11T08:51:46Z",
        "value": "195351.22686767578",
        "cumulative": true
    },
    {
        "date": "2020-09-11T08:52:02Z",
        "value": "196379.84150123596",
        "cumulative": true
    },
    {
        "date": "2020-09-11T08:52:13Z",
        "value": "197126.81227111816",
        "cumulative": true
    },
    {
        "date": "2020-09-11T08:52:29Z",
        "value": "198207.44160461426",
        "cumulative": true
    },
    {
        "date": "2020-09-11T08:52:46Z",
        "value": "199351.7333393097",
        "cumulative": true
    },
    {
        "date": "2020-09-11T08:53:05Z",
        "value": "200529.61163902283",
        "cumulative": true
    },
    {
        "date": "2020-09-11T08:53:15Z",
        "value": "201131.49229049683",
        "cumulative": true
    },
    {
        "date": "2020-09-11T08:53:34Z",
        "value": "202400.12035369873",
        "cumulative": true
    },
    {
        "date": "2020-09-11T08:53:45Z",
        "value": "203097.11901283264",
        "cumulative": true
    },
    {
        "date": "2020-09-11T08:53:56Z",
        "value": "203819.38644218445",
        "cumulative": true
    },
    {
        "date": "2020-09-11T08:54:11Z",
        "value": "204785.6545829773",
        "cumulative": true
    },
    {
        "date": "2020-09-11T08:54:27Z",
        "value": "205811.16651916504",
        "cumulative": true
    },
    {
        "date": "2020-09-11T08:54:44Z",
        "value": "208674.65688419342",
        "cumulative": true
    },
    {
        "date": "2020-09-11T08:54:56Z",
        "value": "211988.62884426117",
        "cumulative": true
    },
    {
        "date": "2020-09-11T08:55:13Z",
        "value": "217032.83192539215",
        "cumulative": true
    },
    {
        "date": "2020-09-11T08:55:28Z",
        "value": "221229.18896007538",
        "cumulative": true
    },
    {
        "date": "2020-09-11T08:55:40Z",
        "value": "224234.49906253815",
        "cumulative": true
    },
    {
        "date": "2020-09-11T08:55:55Z",
        "value": "228845.3839712143",
        "cumulative": true
    },
    {
        "date": "2020-09-11T08:56:12Z",
        "value": "233693.45786762238",
        "cumulative": true
    },
    {
        "date": "2020-09-11T08:56:30Z",
        "value": "239173.49072360992",
        "cumulative": true
    },
    {
        "date": "2020-09-11T08:56:41Z",
        "value": "242348.76787662506",
        "cumulative": true
    },
    {
        "date": "2020-09-11T08:57:00Z",
        "value": "243842.09408187866",
        "cumulative": true
    },
    {
        "date": "2020-09-11T08:57:19Z",
        "value": "245058.2109451294",
        "cumulative": true
    },
    {
        "date": "2020-09-11T08:57:38Z",
        "value": "246321.74980163574",
        "cumulative": true
    },
    {
        "date": "2020-09-11T08:57:51Z",
        "value": "247214.1949634552",
        "cumulative": true
    },
    {
        "date": "2020-09-11T08:58:09Z",
        "value": "248358.8227443695",
        "cumulative": true
    },
    {
        "date": "2020-09-11T08:58:22Z",
        "value": "249231.6363887787",
        "cumulative": true
    },
    {
        "date": "2020-09-11T08:58:34Z",
        "value": "249983.89192962646",
        "cumulative": true
    },
    {
        "date": "2020-09-11T08:58:45Z",
        "value": "250726.81198310852",
        "cumulative": true
    },
    {
        "date": "2020-09-11T08:59:04Z",
        "value": "251952.44668006897",
        "cumulative": true
    },
    {
        "date": "2020-09-11T08:59:23Z",
        "value": "253186.03239250183",
        "cumulative": true
    },
    {
        "date": "2020-09-11T08:59:36Z",
        "value": "254087.59838867188",
        "cumulative": true
    },
    {
        "date": "2020-09-11T08:59:50Z",
        "value": "254908.3173828125",
        "cumulative": true
    },
    {
        "date": "2020-09-11T09:00:03Z",
        "value": "255774.7255783081",
        "cumulative": true
    },
    {
        "date": "2020-09-11T09:00:16Z",
        "value": "256679.77462768555",
        "cumulative": true
    },
    {
        "date": "2020-09-11T09:00:28Z",
        "value": "257428.78354644775",
        "cumulative": true
    },
    {
        "date": "2020-09-11T09:00:46Z",
        "value": "258606.48040771484",
        "cumulative": true
    },
    {
        "date": "2020-09-11T09:01:04Z",
        "value": "259864.49392700195",
        "cumulative": true
    },
    {
        "date": "2020-09-11T09:01:18Z",
        "value": "260766.66210746765",
        "cumulative": true
    },
    {
        "date": "2020-09-11T09:01:29Z",
        "value": "263963.7425298691",
        "cumulative": true
    },
    {
        "date": "2020-09-11T09:01:47Z",
        "value": "268993.9349908829",
        "cumulative": true
    },
    {
        "date": "2020-09-11T09:01:58Z",
        "value": "272381.28241443634",
        "cumulative": true
    },
    {
        "date": "2020-09-11T09:02:12Z",
        "value": "276337.4447336197",
        "cumulative": true
    },
    {
        "date": "2020-09-11T09:02:24Z",
        "value": "279967.76100063324",
        "cumulative": true
    },
    {
        "date": "2020-09-11T09:02:37Z",
        "value": "283623.49459552765",
        "cumulative": true
    },
    {
        "date": "2020-09-11T09:02:55Z",
        "value": "289295.82011318207",
        "cumulative": true
    },
    {
        "date": "2020-09-11T09:03:11Z",
        "value": "294060.1033849716",
        "cumulative": true
    },
    {
        "date": "2020-09-11T09:03:22Z",
        "value": "296955.60195827484",
        "cumulative": true
    },
    {
        "date": "2020-09-11T09:03:40Z",
        "value": "302365.1955347061",
        "cumulative": true
    },
    {
        "date": "2020-09-11T09:03:55Z",
        "value": "306487.12416648865",
        "cumulative": true
    },
    {
        "date": "2020-09-11T09:04:08Z",
        "value": "307394.2366695404",
        "cumulative": true
    },
    {
        "date": "2020-09-11T09:04:21Z",
        "value": "308178.4571285248",
        "cumulative": true
    },
    {
        "date": "2020-09-11T09:04:32Z",
        "value": "308990.65179252625",
        "cumulative": true
    },
    {
        "date": "2020-09-11T09:04:46Z",
        "value": "309901.683631897",
        "cumulative": true
    },
    {
        "date": "2020-09-11T09:05:01Z",
        "value": "310864.5293521881",
        "cumulative": true
    },
    {
        "date": "2020-09-11T09:05:20Z",
        "value": "312165.12275505066",
        "cumulative": true
    },
    {
        "date": "2020-09-11T09:05:39Z",
        "value": "313385.7986755371",
        "cumulative": true
    },
    {
        "date": "2020-09-11T09:05:59Z",
        "value": "314687.52492141724",
        "cumulative": true
    },
    {
        "date": "2020-09-11T09:06:11Z",
        "value": "315468.49841308594",
        "cumulative": true
    },
    {
        "date": "2020-09-11T09:06:23Z",
        "value": "316284.68661499023",
        "cumulative": true
    },
    {
        "date": "2020-09-11T09:06:43Z",
        "value": "317567.2703819275",
        "cumulative": true
    },
    {
        "date": "2020-09-11T09:07:02Z",
        "value": "318791.8169326782",
        "cumulative": true
    },
    {
        "date": "2020-09-11T09:07:12Z",
        "value": "319475.12360572815",
        "cumulative": true
    },
    {
        "date": "2020-09-11T09:07:22Z",
        "value": "320159.80481529236",
        "cumulative": true
    },
    {
        "date": "2020-09-11T09:07:34Z",
        "value": "320896.0560207367",
        "cumulative": true
    },
    {
        "date": "2020-09-11T09:07:48Z",
        "value": "321800.77491378784",
        "cumulative": true
    },
    {
        "date": "2020-09-11T09:08:03Z",
        "value": "322814.3353538513",
        "cumulative": true
    },
    {
        "date": "2020-09-11T09:08:18Z",
        "value": "323843.00988197327",
        "cumulative": true
    },
    {
        "date": "2020-09-11T09:08:34Z",
        "value": "324949.2760105133",
        "cumulative": true
    },
    {
        "date": "2020-09-11T09:08:53Z",
        "value": "326093.2581653595",
        "cumulative": true
    },
    {
        "date": "2020-09-11T09:09:07Z",
        "value": "327048.26240730286",
        "cumulative": true
    },
    {
        "date": "2020-09-11T09:09:25Z",
        "value": "328185.9195213318",
        "cumulative": true
    },
    {
        "date": "2020-09-11T09:09:38Z",
        "value": "329052.4698791504",
        "cumulative": true
    },
    {
        "date": "2020-09-11T09:09:55Z",
        "value": "333322.35946941376",
        "cumulative": true
    },
    {
        "date": "2020-09-11T09:10:14Z",
        "value": "339092.68138599396",
        "cumulative": true
    },
    {
        "date": "2020-09-11T09:10:33Z",
        "value": "344498.12673664093",
        "cumulative": true
    },
    {
        "date": "2020-09-11T09:10:48Z",
        "value": "348910.530831337",
        "cumulative": true
    },
    {
        "date": "2020-09-11T09:11:02Z",
        "value": "353120.96283245087",
        "cumulative": true
    },
    {
        "date": "2020-09-11T09:11:19Z",
        "value": "358147.6864042282",
        "cumulative": true
    },
    {
        "date": "2020-09-11T09:11:39Z",
        "value": "364083.6523733139",
        "cumulative": true
    },
    {
        "date": "2020-09-11T09:11:52Z",
        "value": "368175.2761964798",
        "cumulative": true
    },
    {
        "date": "2020-09-11T09:12:05Z",
        "value": "372018.07309627533",
        "cumulative": true
    },
    {
        "date": "2020-09-11T09:12:21Z",
        "value": "376639.2595834732",
        "cumulative": true
    },
    {
        "date": "2020-09-11T09:12:35Z",
        "value": "381255.4870080948",
        "cumulative": true
    },
    {
        "date": "2020-09-11T09:12:55Z",
        "value": "386684.7900571823",
        "cumulative": true
    },
    {
        "date": "2020-09-11T09:13:08Z",
        "value": "387865.62298488617",
        "cumulative": true
    },
    {
        "date": "2020-09-11T09:13:24Z",
        "value": "388819.13550662994",
        "cumulative": true
    },
    {
        "date": "2020-09-11T09:13:36Z",
        "value": "389616.24509716034",
        "cumulative": true
    },
    {
        "date": "2020-09-11T09:13:51Z",
        "value": "390552.47252750397",
        "cumulative": true
    },
    {
        "date": "2020-09-11T09:14:01Z",
        "value": "391345.63816928864",
        "cumulative": true
    },
    {
        "date": "2020-09-11T09:14:20Z",
        "value": "392540.95776844025",
        "cumulative": true
    },
    {
        "date": "2020-09-11T09:14:33Z",
        "value": "393365.7495851517",
        "cumulative": true
    },
    {
        "date": "2020-09-11T09:14:47Z",
        "value": "394278.7079324722",
        "cumulative": true
    },
    {
        "date": "2020-09-11T09:15:01Z",
        "value": "395298.23266124725",
        "cumulative": true
    },
    {
        "date": "2020-09-11T09:15:18Z",
        "value": "396333.6525220871",
        "cumulative": true
    },
    {
        "date": "2020-09-11T09:15:29Z",
        "value": "397103.9764890671",
        "cumulative": true
    },
    {
        "date": "2020-09-11T09:15:41Z",
        "value": "397887.59023571014",
        "cumulative": true
    },
    {
        "date": "2020-09-11T09:15:57Z",
        "value": "398920.3212556839",
        "cumulative": true
    },
    {
        "date": "2020-09-11T09:16:16Z",
        "value": "400134.6765604019",
        "cumulative": true
    },
    {
        "date": "2020-09-11T09:16:32Z",
        "value": "401194.35175037384",
        "cumulative": true
    },
    {
        "date": "2020-09-11T09:16:47Z",
        "value": "402125.55827236176",
        "cumulative": true
    },
    {
        "date": "2020-09-11T09:17:03Z",
        "value": "403191.2880048752",
        "cumulative": true
    },
    {
        "date": "2020-09-11T09:17:14Z",
        "value": "404009.5859670639",
        "cumulative": true
    },
    {
        "date": "2020-09-11T09:17:30Z",
        "value": "404970.4762659073",
        "cumulative": true
    },
    {
        "date": "2020-09-11T09:17:44Z",
        "value": "405864.33409786224",
        "cumulative": true
    },
    {
        "date": "2020-09-11T09:18:03Z",
        "value": "407173.33785533905",
        "cumulative": true
    },
    {
        "date": "2020-09-11T09:18:20Z",
        "value": "408323.2917547226",
        "cumulative": true
    },
    {
        "date": "2020-09-11T09:18:38Z",
        "value": "409473.7645177841",
        "cumulative": true
    },
    {
        "date": "2020-09-11T09:18:53Z",
        "value": "410451.4024438858",
        "cumulative": true
    },
    {
        "date": "2020-09-11T09:19:05Z",
        "value": "411277.5847978592",
        "cumulative": true
    },
    {
        "date": "2020-09-11T09:19:19Z",
        "value": "412148.4793615341",
        "cumulative": true
    },
    {
        "date": "2020-09-11T09:19:35Z",
        "value": "413212.38289928436",
        "cumulative": true
    },
    {
        "date": "2020-09-11T09:19:49Z",
        "value": "414110.32599544525",
        "cumulative": true
    },
    {
        "date": "2020-09-11T09:20:07Z",
        "value": "415349.5544271469",
        "cumulative": true
    }
]