[
    {
        "date": "2020-09-11T08:29:33Z",
        "value": "0.566683285",
        "cumulative": false
    },
    {
        "date": "2020-09-11T08:29:46Z",
        "value": "1.01023335",
        "cumulative": false
    },
    {
        "date": "2020-09-11T08:30:06Z",
        "value": "1.520737489",
        "cumulative": false
    },
    {
        "date": "2020-09-11T08:30:17Z",
        "value": "1.243274823",
        "cumulative": false
    },
    {
        "date": "2020-09-11T08:30:33Z",
        "value": "1.08525857",
        "cumulative": false
    },
    {
        "date": "2020-09-11T08:30:44Z",
        "value": "1.068262597",
        "cumulative": false
    },
    {
        "date": "2020-09-11T08:31:00Z",
        "value": "0.99984057",
        "cumulative": false
    },
    {
        "date": "2020-09-11T08:31:15Z",
        "value": "1.092090705",
        "cumulative": false
    },
    {
        "date": "2020-09-11T08:31:32Z",
        "value": "0.989045778",
        "cumulative": false
    },
    {
        "date": "2020-09-11T08:31:44Z",
        "value": "0.89726353",
        "cumulative": false
    },
    {
        "date": "2020-09-11T08:32:03Z",
        "value": "1.046806523",
        "cumulative": false
    },
    {
        "date": "2020-09-11T08:32:15Z",
        "value": "0.739374313",
        "cumulative": false
    },
    {
        "date": "2020-09-11T08:32:34Z",
        "value": "1.013977975",
        "cumulative": false
    },
    {
        "date": "2020-09-11T08:32:54Z",
        "value": "0.870926461",
        "cumulative": false
    },
    {
        "date": "2020-09-11T08:33:05Z",
        "value": "0.924072976",
        "cumulative": false
    },
    {
        "date": "2020-09-11T08:33:18Z",
        "value": "1.073047411",
        "cumulative": false
    },
    {
        "date": "2020-09-11T08:33:34Z",
        "value": "0.960858838",
        "cumulative": false
    },
    {
        "date": "2020-09-11T08:33:45Z",
        "value": "0.679790982",
        "cumulative": false
    },
    {
        "date": "2020-09-11T08:33:57Z",
        "value": "0.91511697",
        "cumulative": false
    },
    {
        "date": "2020-09-11T08:34:07Z",
        "value": "1.067620749",
        "cumulative": false
    },
    {
        "date": "2020-09-11T08:34:24Z",
        "value": "1.074361163",
        "cumulative": false
    },
    {
        "date": "2020-09-11T08:34:40Z",
        "value": "0.784744846",
        "cumulative": false
    },
    {
        "date": "2020-09-11T08:34:51Z",
        "value": "0.698838304",
        "cumulative": false
    },
    {
        "date": "2020-09-11T08:35:10Z",
        "value": "1.006909464",
        "cumulative": false
    },
    {
        "date": "2020-09-11T08:35:28Z",
        "value": "1.058935277",
        "cumulative": false
    },
    {
        "date": "2020-09-11T08:35:40Z",
        "value": "1.054740653",
        "cumulative": false
    },
    {
        "date": "2020-09-11T08:35:58Z",
        "value": "0.811607639",
        "cumulative": false
    },
    {
        "date": "2020-09-11T08:36:13Z",
        "value": "0.768347611",
        "cumulative": false
    },
    {
        "date": "2020-09-11T08:36:29Z",
        "value": "1.053056427",
        "cumulative": false
    },
    {
        "date": "2020-09-11T08:36:44Z",
        "value": "1.060228445",
        "cumulative": false
    },
    {
        "date": "2020-09-11T08:36:59Z",
        "value": "1.077343615",
        "cumulative": false
    },
    {
        "date": "2020-09-11T08:37:16Z",
        "value": "1.005143522",
        "cumulative": false
    },
    {
        "date": "2020-09-11T08:37:31Z",
        "value": "0.69657724",
        "cumulative": false
    },
    {
        "date": "2020-09-11T08:37:51Z",
        "value": "0.71603586",
        "cumulative": false
    },
    {
        "date": "2020-09-11T08:38:03Z",
        "value": "0.964930649",
        "cumulative": false
    },
    {
        "date": "2020-09-11T08:38:15Z",
        "value": "1.085484221",
        "cumulative": false
    },
    {
        "date": "2020-09-11T08:38:26Z",
        "value": "1.086607671",
        "cumulative": false
    },
    {
        "date": "2020-09-11T08:38:44Z",
        "value": "1.068672339",
        "cumulative": false
    },
    {
        "date": "2020-09-11T08:38:57Z",
        "value": "1.088517231",
        "cumulative": false
    },
    {
        "date": "2020-09-11T08:39:09Z",
        "value": "1.080356041",
        "cumulative": false
    },
    {
        "date": "2020-09-11T08:39:27Z",
        "value": "0.867095121",
        "cumulative": false
    },
    {
        "date": "2020-09-11T08:39:46Z",
        "value": "0.771266918",
        "cumulative": false
    },
    {
        "date": "2020-09-11T08:40:02Z",
        "value": "0.758210163",
        "cumulative": false
    },
    {
        "date": "2020-09-11T08:40:20Z",
        "value": "1.019029661",
        "cumulative": false
    },
    {
        "date": "2020-09-11T08:40:32Z",
        "value": "1.024625786",
        "cumulative": false
    },
    {
        "date": "2020-09-11T08:40:47Z",
        "value": "0.999548005",
        "cumulative": false
    },
    {
        "date": "2020-09-11T08:41:00Z",
        "value": "1.013996213",
        "cumulative": false
    },
    {
        "date": "2020-09-11T08:41:18Z",
        "value": "1.018325927",
        "cumulative": false
    },
    {
        "date": "2020-09-11T08:41:34Z",
        "value": "0.957944665",
        "cumulative": false
    },
    {
        "date": "2020-09-11T08:41:44Z",
        "value": "1.029535751",
        "cumulative": false
    },
    {
        "date": "2020-09-11T08:41:56Z",
        "value": "0.877148896",
        "cumulative": false
    },
    {
        "date": "2020-09-11T08:42:08Z",
        "value": "0.795885688",
        "cumulative": false
    },
    {
        "date": "2020-09-11T08:42:19Z",
        "value": "0.832967575",
        "cumulative": false
    },
    {
        "date": "2020-09-11T08:42:31Z",
        "value": "0.845978931",
        "cumulative": false
    },
    {
        "date": "2020-09-11T08:42:43Z",
        "value": "0.840140991",
        "cumulative": false
    },
    {
        "date": "2020-09-11T08:43:02Z",
        "value": "0.938859776",
        "cumulative": false
    },
    {
        "date": "2020-09-11T08:43:16Z",
        "value": "1.009540306",
        "cumulative": false
    },
    {
        "date": "2020-09-11T08:43:33Z",
        "value": "0.997152084",
        "cumulative": false
    },
    {
        "date": "2020-09-11T08:43:45Z",
        "value": "0.980643341",
        "cumulative": false
    },
    {
        "date": "2020-09-11T08:43:57Z",
        "value": "0.971128094",
        "cumulative": false
    },
    {
        "date": "2020-09-11T08:44:09Z",
        "value": "1.012789172",
        "cumulative": false
    },
    {
        "date": "2020-09-11T08:44:23Z",
        "value": "1.001093237",
        "cumulative": false
    },
    {
        "date": "2020-09-11T08:44:35Z",
        "value": "1.005881445",
        "cumulative": false
    },
    {
        "date": "2020-09-11T08:44:48Z",
        "value": "0.961426868",
        "cumulative": false
    },
    {
        "date": "2020-09-11T08:45:06Z",
        "value": "0.943742507",
        "cumulative": false
    },
    {
        "date": "2020-09-11T08:45:18Z",
        "value": "0.744899737",
        "cumulative": false
    },
    {
        "date": "2020-09-11T08:45:35Z",
        "value": "0.701027557",
        "cumulative": false
    },
    {
        "date": "2020-09-11T08:45:50Z",
        "value": "0.736808077",
        "cumulative": false
    },
    {
        "date": "2020-09-11T08:46:02Z",
        "value": "0.844431393",
        "cumulative": false
    },
    {
        "date": "2020-09-11T08:46:22Z",
        "value": "0.788127539",
        "cumulative": false
    },
    {
        "date": "2020-09-11T08:46:35Z",
        "value": "0.954605352",
        "cumulative": false
    },
    {
        "date": "2020-09-11T08:46:46Z",
        "value": "0.989646619",
        "cumulative": false
    },
    {
        "date": "2020-09-11T08:47:00Z",
        "value": "0.994265473",
        "cumulative": false
    },
    {
        "date": "2020-09-11T08:47:15Z",
        "value": "0.976765735",
        "cumulative": false
    },
    {
        "date": "2020-09-11T08:47:26Z",
        "value": "0.979196941",
        "cumulative": false
    },
    {
        "date": "2020-09-11T08:47:37Z",
        "value": "0.983168179",
        "cumulative": false
    },
    {
        "date": "2020-09-11T08:47:55Z",
        "value": "0.989947238",
        "cumulative": false
    },
    {
        "date": "2020-09-11T08:48:07Z",
        "value": "0.980578723",
        "cumulative": false
    },
    {
        "date": "2020-09-11T08:48:23Z",
        "value": "0.961108729",
        "cumulative": false
    },
    {
        "date": "2020-09-11T08:48:39Z",
        "value": "0.967041556",
        "cumulative": false
    },
    {
        "date": "2020-09-11T08:48:53Z",
        "value": "0.952445678",
        "cumulative": false
    },
    {
        "date": "2020-09-11T08:49:03Z",
        "value": "0.984887987",
        "cumulative": false
    },
    {
        "date": "2020-09-11T08:49:17Z",
        "value": "0.92545307",
        "cumulative": false
    },
    {
        "date": "2020-09-11T08:49:36Z",
        "value": "0.739760954",
        "cumulative": false
    },
    {
        "date": "2020-09-11T08:49:47Z",
        "value": "0.711377779",
        "cumulative": false
    },
    {
        "date": "2020-09-11T08:50:06Z",
        "value": "0.717862902",
        "cumulative": false
    },
    {
        "date": "2020-09-11T08:50:21Z",
        "value": "0.705560469",
        "cumulative": false
    },
    {
        "date": "2020-09-11T08:50:38Z",
        "value": "0.749866196",
        "cumulative": false
    },
    {
        "date": "2020-09-11T08:50:53Z",
        "value": "0.71961694",
        "cumulative": false
    },
    {
        "date": "2020-09-11T08:51:06Z",
        "value": "0.870162203",
        "cumulative": false
    },
    {
        "date": "2020-09-11T08:51:18Z",
        "value": "0.987185781",
        "cumulative": false
    },
    {
        "date": "2020-09-11T08:51:29Z",
        "value": "0.969290352",
        "cumulative": false
    },
    {
        "date": "2020-09-11T08:51:42Z",
        "value": "0.960280992",
        "cumulative": false
    },
    {
        "date": "2020-09-11T08:51:54Z",
        "value": "0.980604692",
        "cumulative": false
    },
    {
        "date": "2020-09-11T08:52:07Z",
        "value": "0.988087942",
        "cumulative": false
    },
    {
        "date": "2020-09-11T08:52:22Z",
        "value": "0.971789823",
        "cumulative": false
    },
    {
        "date": "2020-09-11T08:52:32Z",
        "value": "0.976134373",
        "cumulative": false
    },
    {
        "date": "2020-09-11T08:52:50Z",
        "value": "0.966261561",
        "cumulative": false
    },
    {
        "date": "2020-09-11T08:53:05Z",
        "value": "0.981281746",
        "cumulative": false
    },
    {
        "date": "2020-09-11T08:53:22Z",
        "value": "0.932390853",
        "cumulative": false
    },
    {
        "date": "2020-09-11T08:53:42Z",
        "value": "0.974008373",
        "cumulative": false
    },
    {
        "date": "2020-09-11T08:53:56Z",
        "value": "0.955078786",
        "cumulative": false
    },
    {
        "date": "2020-09-11T08:54:07Z",
        "value": "0.992598442",
        "cumulative": false
    },
    {
        "date": "2020-09-11T08:54:25Z",
        "value": "0.975549057",
        "cumulative": false
    },
    {
        "date": "2020-09-11T08:54:35Z",
        "value": "0.970070046",
        "cumulative": false
    },
    {
        "date": "2020-09-11T08:54:46Z",
        "value": "0.777183746",
        "cumulative": false
    },
    {
        "date": "2020-09-11T08:54:59Z",
        "value": "0.723908478",
        "cumulative": false
    },
    {
        "date": "2020-09-11T08:55:16Z",
        "value": "0.762381055",
        "cumulative": false
    },
    {
        "date": "2020-09-11T08:55:27Z",
        "value": "0.714193201",
        "cumulative": false
    },
    {
        "date": "2020-09-11T08:55:44Z",
        "value": "0.721071231",
        "cumulative": false
    },
    {
        "date": "2020-09-11T08:56:02Z",
        "value": "0.746959984",
        "cumulative": false
    },
    {
        "date": "2020-09-11T08:56:15Z",
        "value": "0.771452371",
        "cumulative": false
    },
    {
        "date": "2020-09-11T08:56:28Z",
        "value": "0.763597663",
        "cumulative": false
    },
    {
        "date": "2020-09-11T08:56:41Z",
        "value": "0.758559592",
        "cumulative": false
    },
    {
        "date": "2020-09-11T08:56:57Z",
        "value": "0.949711898",
        "cumulative": false
    },
    {
        "date": "2020-09-11T08:57:10Z",
        "value": "0.976878802",
        "cumulative": false
    },
    {
        "date": "2020-09-11T08:57:27Z",
        "value": "0.981593446",
        "cumulative": false
    },
    {
        "date": "2020-09-11T08:57:44Z",
        "value": "0.980094316",
        "cumulative": false
    },
    {
        "date": "2020-09-11T08:58:00Z",
        "value": "0.969627145",
        "cumulative": false
    },
    {
        "date": "2020-09-11T08:58:11Z",
        "value": "0.985446958",
        "cumulative": false
    },
    {
        "date": "2020-09-11T08:58:24Z",
        "value": "0.974615963",
        "cumulative": false
    },
    {
        "date": "2020-09-11T08:58:35Z",
        "value": "0.968809227",
        "cumulative": false
    },
    {
        "date": "2020-09-11T08:58:53Z",
        "value": "0.980167851",
        "cumulative": false
    },
    {
        "date": "2020-09-11T08:59:09Z",
        "value": "0.942223275",
        "cumulative": false
    },
    {
        "date": "2020-09-11T08:59:22Z",
        "value": "0.961395538",
        "cumulative": false
    },
    {
        "date": "2020-09-11T08:59:41Z",
        "value": "0.968799385",
        "cumulative": false
    },
    {
        "date": "2020-09-11T08:59:56Z",
        "value": "0.973438075",
        "cumulative": false
    },
    {
        "date": "2020-09-11T09:00:15Z",
        "value": "0.980177854",
        "cumulative": false
    },
    {
        "date": "2020-09-11T09:00:33Z",
        "value": "0.993561247",
        "cumulative": false
    },
    {
        "date": "2020-09-11T09:00:47Z",
        "value": "0.984777481",
        "cumulative": false
    },
    {
        "date": "2020-09-11T09:01:07Z",
        "value": "0.988168003",
        "cumulative": false
    },
    {
        "date": "2020-09-11T09:01:18Z",
        "value": "0.974948893",
        "cumulative": false
    },
    {
        "date": "2020-09-11T09:01:34Z",
        "value": "0.729661725",
        "cumulative": false
    },
    {
        "date": "2020-09-11T09:01:53Z",
        "value": "0.739439765",
        "cumulative": false
    },
    {
        "date": "2020-09-11T09:02:12Z",
        "value": "0.752637312",
        "cumulative": false
    },
    {
        "date": "2020-09-11T09:02:31Z",
        "value": "0.735665229",
        "cumulative": false
    },
    {
        "date": "2020-09-11T09:02:45Z",
        "value": "0.761211323",
        "cumulative": false
    },
    {
        "date": "2020-09-11T09:02:56Z",
        "value": "0.751756265",
        "cumulative": false
    },
    {
        "date": "2020-09-11T09:03:13Z",
        "value": "0.737336749",
        "cumulative": false
    },
    {
        "date": "2020-09-11T09:03:26Z",
        "value": "0.728314237",
        "cumulative": false
    },
    {
        "date": "2020-09-11T09:03:41Z",
        "value": "0.777566264",
        "cumulative": false
    },
    {
        "date": "2020-09-11T09:03:52Z",
        "value": "0.732611264",
        "cumulative": false
    },
    {
        "date": "2020-09-11T09:04:06Z",
        "value": "0.971762269",
        "cumulative": false
    },
    {
        "date": "2020-09-11T09:04:24Z",
        "value": "0.968858256",
        "cumulative": false
    },
    {
        "date": "2020-09-11T09:04:40Z",
        "value": "0.981154336",
        "cumulative": false
    },
    {
        "date": "2020-09-11T09:04:51Z",
        "value": "0.988886245",
        "cumulative": false
    },
    {
        "date": "2020-09-11T09:05:10Z",
        "value": "0.968526659",
        "cumulative": false
    },
    {
        "date": "2020-09-11T09:05:24Z",
        "value": "0.981971264",
        "cumulative": false
    },
    {
        "date": "2020-09-11T09:05:37Z",
        "value": "0.983189504",
        "cumulative": false
    },
    {
        "date": "2020-09-11T09:05:48Z",
        "value": "0.99938155",
        "cumulative": false
    },
    {
        "date": "2020-09-11T09:06:07Z",
        "value": "0.970731384",
        "cumulative": false
    },
    {
        "date": "2020-09-11T09:06:20Z",
        "value": "0.977171515",
        "cumulative": false
    },
    {
        "date": "2020-09-11T09:06:38Z",
        "value": "0.982426817",
        "cumulative": false
    },
    {
        "date": "2020-09-11T09:06:57Z",
        "value": "0.963944806",
        "cumulative": false
    },
    {
        "date": "2020-09-11T09:07:13Z",
        "value": "0.954570244",
        "cumulative": false
    },
    {
        "date": "2020-09-11T09:07:32Z",
        "value": "0.978447241",
        "cumulative": false
    },
    {
        "date": "2020-09-11T09:07:50Z",
        "value": "0.978404408",
        "cumulative": false
    },
    {
        "date": "2020-09-11T09:08:02Z",
        "value": "0.970598421",
        "cumulative": false
    },
    {
        "date": "2020-09-11T09:08:13Z",
        "value": "0.974261872",
        "cumulative": false
    },
    {
        "date": "2020-09-11T09:08:32Z",
        "value": "0.980324237",
        "cumulative": false
    },
    {
        "date": "2020-09-11T09:08:48Z",
        "value": "0.972619874",
        "cumulative": false
    },
    {
        "date": "2020-09-11T09:09:01Z",
        "value": "0.989762536",
        "cumulative": false
    },
    {
        "date": "2020-09-11T09:09:20Z",
        "value": "0.947056789",
        "cumulative": false
    },
    {
        "date": "2020-09-11T09:09:35Z",
        "value": "0.983947612",
        "cumulative": false
    },
    {
        "date": "2020-09-11T09:09:50Z",
        "value": "0.789691299",
        "cumulative": false
    },
    {
        "date": "2020-09-11T09:10:07Z",
        "value": "0.761842849",
        "cumulative": false
    },
    {
        "date": "2020-09-11T09:10:19Z",
        "value": "0.726820688",
        "cumulative": false
    },
    {
        "date": "2020-09-11T09:10:34Z",
        "value": "0.742731502",
        "cumulative": false
    },
    {
        "date": "2020-09-11T09:10:49Z",
        "value": "0.723536563",
        "cumulative": false
    },
    {
        "date": "2020-09-11T09:11:01Z",
        "value": "0.730157449",
        "cumulative": false
    },
    {
        "date": "2020-09-11T09:11:17Z",
        "value": "0.767588791",
        "cumulative": false
    },
    {
        "date": "2020-09-11T09:11:32Z",
        "value": "0.770571791",
        "cumulative": false
    },
    {
        "date": "2020-09-11T09:11:47Z",
        "value": "0.789080997",
        "cumulative": false
    },
    {
        "date": "2020-09-11T09:12:02Z",
        "value": "0.741559553",
        "cumulative": false
    },
    {
        "date": "2020-09-11T09:12:18Z",
        "value": "0.715170645",
        "cumulative": false
    },
    {
        "date": "2020-09-11T09:12:35Z",
        "value": "0.78930089",
        "cumulative": false
    },
    {
        "date": "2020-09-11T09:12:48Z",
        "value": "0.683409734",
        "cumulative": false
    },
    {
        "date": "2020-09-11T09:13:02Z",
        "value": "0.87268463",
        "cumulative": false
    },
    {
        "date": "2020-09-11T09:13:14Z",
        "value": "0.966589857",
        "cumulative": false
    },
    {
        "date": "2020-09-11T09:13:29Z",
        "value": "0.985481404",
        "cumulative": false
    },
    {
        "date": "2020-09-11T09:13:42Z",
        "value": "0.960053256",
        "cumulative": false
    },
    {
        "date": "2020-09-11T09:13:52Z",
        "value": "0.982183864",
        "cumulative": false
    },
    {
        "date": "2020-09-11T09:14:10Z",
        "value": "0.984540239",
        "cumulative": false
    },
    {
        "date": "2020-09-11T09:14:24Z",
        "value": "0.983514514",
        "cumulative": false
    },
    {
        "date": "2020-09-11T09:14:42Z",
        "value": "0.977663425",
        "cumulative": false
    },
    {
        "date": "2020-09-11T09:15:01Z",
        "value": "0.980679306",
        "cumulative": false
    },
    {
        "date": "2020-09-11T09:15:20Z",
        "value": "0.962162142",
        "cumulative": false
    },
    {
        "date": "2020-09-11T09:15:30Z",
        "value": "0.986313456",
        "cumulative": false
    },
    {
        "date": "2020-09-11T09:15:42Z",
        "value": "0.970276331",
        "cumulative": false
    },
    {
        "date": "2020-09-11T09:16:02Z",
        "value": "0.987655113",
        "cumulative": false
    },
    {
        "date": "2020-09-11T09:16:16Z",
        "value": "0.934375411",
        "cumulative": false
    },
    {
        "date": "2020-09-11T09:16:30Z",
        "value": "0.952526619",
        "cumulative": false
    },
    {
        "date": "2020-09-11T09:16:43Z",
        "value": "0.98714329",
        "cumulative": false
    },
    {
        "date": "2020-09-11T09:17:02Z",
        "value": "0.96211836",
        "cumulative": false
    },
    {
        "date": "2020-09-11T09:17:18Z",
        "value": "0.967454451",
        "cumulative": false
    },
    {
        "date": "2020-09-11T09:17:32Z",
        "value": "0.96496134",
        "cumulative": false
    },
    {
        "date": "2020-09-11T09:17:45Z",
        "value": "0.987835263",
        "cumulative": false
    },
    {
        "date": "2020-09-11T09:18:05Z",
        "value": "0.985693625",
        "cumulative": false
    },
    {
        "date": "2020-09-11T09:18:17Z",
        "value": "0.976302529",
        "cumulative": false
    },
    {
        "date": "2020-09-11T09:18:35Z",
        "value": "0.985369272",
        "cumulative": false
    },
    {
        "date": "2020-09-11T09:18:46Z",
        "value": "0.963548992",
        "cumulative": false
    },
    {
        "date": "2020-09-11T09:19:04Z",
        "value": "0.975860258",
        "cumulative": false
    },
    {
        "date": "2020-09-11T09:19:17Z",
        "value": "0.979253039",
        "cumulative": false
    },
    {
        "date": "2020-09-11T09:19:35Z",
        "value": "0.957894288",
        "cumulative": false
    },
    {
        "date": "2020-09-11T09:19:50Z",
        "value": "0.976121511",
        "cumulative": false
    },
    {
        "date": "2020-09-11T09:20:05Z",
        "value": "0.978576697",
        "cumulative": false
    }
]