[
    {
        "date": "2020-09-11T08:29:27Z",
        "value": "0.299709372",
        "cumulative": false
    },
    {
        "date": "2020-09-11T08:29:41Z",
        "value": "0.797397754",
        "cumulative": false
    },
    {
        "date": "2020-09-11T08:29:59Z",
        "value": "1.468846686",
        "cumulative": false
    },
    {
        "date": "2020-09-11T08:30:17Z",
        "value": "1.231420285",
        "cumulative": false
    },
    {
        "date": "2020-09-11T08:30:33Z",
        "value": "1.043372305",
        "cumulative": false
    },
    {
        "date": "2020-09-11T08:30:50Z",
        "value": "1.008022532",
        "cumulative": false
    },
    {
        "date": "2020-09-11T08:31:07Z",
        "value": "1.025890881",
        "cumulative": false
    },
    {
        "date": "2020-09-11T08:31:25Z",
        "value": "0.972753291",
        "cumulative": false
    },
    {
        "date": "2020-09-11T08:31:37Z",
        "value": "1.131194382",
        "cumulative": false
    },
    {
        "date": "2020-09-11T08:31:48Z",
        "value": "0.698592833",
        "cumulative": false
    },
    {
        "date": "2020-09-11T08:32:07Z",
        "value": "1.088686894",
        "cumulative": false
    },
    {
        "date": "2020-09-11T08:32:25Z",
        "value": "0.782121257",
        "cumulative": false
    },
    {
        "date": "2020-09-11T08:32:39Z",
        "value": "1.082583833",
        "cumulative": false
    },
    {
        "date": "2020-09-11T08:32:58Z",
        "value": "0.729253992",
        "cumulative": false
    },
    {
        "date": "2020-09-11T08:33:16Z",
        "value": "1.048137576",
        "cumulative": false
    },
    {
        "date": "2020-09-11T08:33:29Z",
        "value": "1.059525279",
        "cumulative": false
    },
    {
        "date": "2020-09-11T08:33:49Z",
        "value": "0.637798557",
        "cumulative": false
    },
    {
        "date": "2020-09-11T08:34:07Z",
        "value": "1.05833905",
        "cumulative": false
    },
    {
        "date": "2020-09-11T08:34:27Z",
        "value": "1.039603966",
        "cumulative": false
    },
    {
        "date": "2020-09-11T08:34:40Z",
        "value": "0.753452692",
        "cumulative": false
    },
    {
        "date": "2020-09-11T08:34:50Z",
        "value": "0.674840848",
        "cumulative": false
    },
    {
        "date": "2020-09-11T08:35:05Z",
        "value": "0.941315887",
        "cumulative": false
    },
    {
        "date": "2020-09-11T08:35:24Z",
        "value": "1.041830026",
        "cumulative": false
    },
    {
        "date": "2020-09-11T08:35:42Z",
        "value": "1.03996295",
        "cumulative": false
    },
    {
        "date": "2020-09-11T08:35:56Z",
        "value": "0.726637548",
        "cumulative": false
    },
    {
        "date": "2020-09-11T08:36:10Z",
        "value": "0.707769459",
        "cumulative": false
    },
    {
        "date": "2020-09-11T08:36:24Z",
        "value": "1.023793662",
        "cumulative": false
    },
    {
        "date": "2020-09-11T08:36:39Z",
        "value": "1.043917808",
        "cumulative": false
    },
    {
        "date": "2020-09-11T08:36:49Z",
        "value": "1.067258023",
        "cumulative": false
    },
    {
        "date": "2020-09-11T08:37:01Z",
        "value": "1.065201344",
        "cumulative": false
    },
    {
        "date": "2020-09-11T08:37:16Z",
        "value": "0.995124347",
        "cumulative": false
    },
    {
        "date": "2020-09-11T08:37:34Z",
        "value": "0.654750134",
        "cumulative": false
    },
    {
        "date": "2020-09-11T08:37:46Z",
        "value": "0.696472802",
        "cumulative": false
    },
    {
        "date": "2020-09-11T08:38:05Z",
        "value": "0.879164823",
        "cumulative": false
    },
    {
        "date": "2020-09-11T08:38:24Z",
        "value": "1.076439798",
        "cumulative": false
    },
    {
        "date": "2020-09-11T08:38:42Z",
        "value": "1.076002616",
        "cumulative": false
    },
    {
        "date": "2020-09-11T08:39:02Z",
        "value": "1.063952825",
        "cumulative": false
    },
    {
        "date": "2020-09-11T08:39:18Z",
        "value": "0.969476119",
        "cumulative": false
    },
    {
        "date": "2020-09-11T08:39:38Z",
        "value": "0.732380566",
        "cumulative": false
    },
    {
        "date": "2020-09-11T08:39:58Z",
        "value": "0.700575446",
        "cumulative": false
    },
    {
        "date": "2020-09-11T08:40:12Z",
        "value": "0.952728147",
        "cumulative": false
    },
    {
        "date": "2020-09-11T08:40:28Z",
        "value": "1.002448983",
        "cumulative": false
    },
    {
        "date": "2020-09-11T08:40:47Z",
        "value": "0.988236118",
        "cumulative": false
    },
    {
        "date": "2020-09-11T08:40:59Z",
        "value": "0.992817203",
        "cumulative": false
    },
    {
        "date": "2020-09-11T08:41:17Z",
        "value": "0.996787004",
        "cumulative": false
    },
    {
        "date": "2020-09-11T08:41:28Z",
        "value": "0.961297122",
        "cumulative": false
    },
    {
        "date": "2020-09-11T08:41:39Z",
        "value": "0.959872129",
        "cumulative": false
    },
    {
        "date": "2020-09-11T08:41:58Z",
        "value": "0.855824553",
        "cumulative": false
    },
    {
        "date": "2020-09-11T08:42:18Z",
        "value": "0.755509092",
        "cumulative": false
    },
    {
        "date": "2020-09-11T08:42:29Z",
        "value": "0.761662793",
        "cumulative": false
    },
    {
        "date": "2020-09-11T08:42:48Z",
        "value": "0.755052148",
        "cumulative": false
    },
    {
        "date": "2020-09-11T08:43:04Z",
        "value": "0.981176961",
        "cumulative": false
    },
    {
        "date": "2020-09-11T08:43:14Z",
        "value": "0.996723251",
        "cumulative": false
    },
    {
        "date": "2020-09-11T08:43:30Z",
        "value": "0.98050201",
        "cumulative": false
    },
    {
        "date": "2020-09-11T08:43:46Z",
        "value": "0.969129898",
        "cumulative": false
    },
    {
        "date": "2020-09-11T08:44:04Z",
        "value": "0.968737097",
        "cumulative": false
    },
    {
        "date": "2020-09-11T08:44:24Z",
        "value": "0.988282733",
        "cumulative": false
    },
    {
        "date": "2020-09-11T08:44:37Z",
        "value": "0.996371463",
        "cumulative": false
    },
    {
        "date": "2020-09-11T08:44:52Z",
        "value": "0.951411058",
        "cumulative": false
    },
    {
        "date": "2020-09-11T08:45:11Z",
        "value": "0.873811187",
        "cumulative": false
    },
    {
        "date": "2020-09-11T08:45:24Z",
        "value": "0.657357549",
        "cumulative": false
    },
    {
        "date": "2020-09-11T08:45:36Z",
        "value": "0.673527453",
        "cumulative": false
    },
    {
        "date": "2020-09-11T08:45:50Z",
        "value": "0.685855388",
        "cumulative": false
    },
    {
        "date": "2020-09-11T08:46:05Z",
        "value": "0.781031674",
        "cumulative": false
    },
    {
        "date": "2020-09-11T08:46:20Z",
        "value": "0.723107339",
        "cumulative": false
    },
    {
        "date": "2020-09-11T08:46:36Z",
        "value": "0.955215646",
        "cumulative": false
    },
    {
        "date": "2020-09-11T08:46:46Z",
        "value": "0.978036525",
        "cumulative": false
    },
    {
        "date": "2020-09-11T08:47:04Z",
        "value": "0.991196065",
        "cumulative": false
    },
    {
        "date": "2020-09-11T08:47:14Z",
        "value": "0.977725249",
        "cumulative": false
    },
    {
        "date": "2020-09-11T08:47:28Z",
        "value": "0.981779609",
        "cumulative": false
    },
    {
        "date": "2020-09-11T08:47:45Z",
        "value": "0.986776814",
        "cumulative": false
    },
    {
        "date": "2020-09-11T08:47:57Z",
        "value": "0.98538281",
        "cumulative": false
    },
    {
        "date": "2020-09-11T08:48:13Z",
        "value": "0.96690013",
        "cumulative": false
    },
    {
        "date": "2020-09-11T08:48:32Z",
        "value": "0.977418754",
        "cumulative": false
    },
    {
        "date": "2020-09-11T08:48:47Z",
        "value": "0.947612144",
        "cumulative": false
    },
    {
        "date": "2020-09-11T08:49:00Z",
        "value": "0.951249727",
        "cumulative": false
    },
    {
        "date": "2020-09-11T08:49:19Z",
        "value": "0.897877204",
        "cumulative": false
    },
    {
        "date": "2020-09-11T08:49:33Z",
        "value": "0.668097323",
        "cumulative": false
    },
    {
        "date": "2020-09-11T08:49:46Z",
        "value": "0.665249759",
        "cumulative": false
    },
    {
        "date": "2020-09-11T08:50:05Z",
        "value": "0.666288757",
        "cumulative": false
    },
    {
        "date": "2020-09-11T08:50:18Z",
        "value": "0.623522605",
        "cumulative": false
    },
    {
        "date": "2020-09-11T08:50:34Z",
        "value": "0.704727132",
        "cumulative": false
    },
    {
        "date": "2020-09-11T08:50:45Z",
        "value": "0.657121557",
        "cumulative": false
    },
    {
        "date": "2020-09-11T08:51:02Z",
        "value": "0.762739377",
        "cumulative": false
    },
    {
        "date": "2020-09-11T08:51:21Z",
        "value": "0.977852789",
        "cumulative": false
    },
    {
        "date": "2020-09-11T08:51:32Z",
        "value": "0.951591987",
        "cumulative": false
    },
    {
        "date": "2020-09-11T08:51:42Z",
        "value": "0.987648416",
        "cumulative": false
    },
    {
        "date": "2020-09-11T08:51:54Z",
        "value": "0.983615108",
        "cumulative": false
    },
    {
        "date": "2020-09-11T08:52:07Z",
        "value": "0.96568543",
        "cumulative": false
    },
    {
        "date": "2020-09-11T08:52:23Z",
        "value": "0.972066235",
        "cumulative": false
    },
    {
        "date": "2020-09-11T08:52:43Z",
        "value": "0.978476866",
        "cumulative": false
    },
    {
        "date": "2020-09-11T08:53:01Z",
        "value": "0.961338866",
        "cumulative": false
    },
    {
        "date": "2020-09-11T08:53:14Z",
        "value": "0.915609556",
        "cumulative": false
    },
    {
        "date": "2020-09-11T08:53:29Z",
        "value": "0.972818219",
        "cumulative": false
    },
    {
        "date": "2020-09-11T08:53:43Z",
        "value": "0.953679752",
        "cumulative": false
    },
    {
        "date": "2020-09-11T08:53:54Z",
        "value": "0.942167588",
        "cumulative": false
    },
    {
        "date": "2020-09-11T08:54:12Z",
        "value": "0.960600379",
        "cumulative": false
    },
    {
        "date": "2020-09-11T08:54:23Z",
        "value": "0.964304134",
        "cumulative": false
    },
    {
        "date": "2020-09-11T08:54:37Z",
        "value": "0.945893594",
        "cumulative": false
    },
    {
        "date": "2020-09-11T08:54:51Z",
        "value": "0.687734879",
        "cumulative": false
    },
    {
        "date": "2020-09-11T08:55:03Z",
        "value": "0.67230404",
        "cumulative": false
    },
    {
        "date": "2020-09-11T08:55:15Z",
        "value": "0.722026889",
        "cumulative": false
    },
    {
        "date": "2020-09-11T08:55:25Z",
        "value": "0.634127728",
        "cumulative": false
    },
    {
        "date": "2020-09-11T08:55:38Z",
        "value": "0.652531402",
        "cumulative": false
    },
    {
        "date": "2020-09-11T08:55:58Z",
        "value": "0.711370246",
        "cumulative": false
    },
    {
        "date": "2020-09-11T08:56:13Z",
        "value": "0.705914267",
        "cumulative": false
    },
    {
        "date": "2020-09-11T08:56:25Z",
        "value": "0.712890932",
        "cumulative": false
    },
    {
        "date": "2020-09-11T08:56:39Z",
        "value": "0.731829196",
        "cumulative": false
    },
    {
        "date": "2020-09-11T08:56:55Z",
        "value": "0.905419372",
        "cumulative": false
    },
    {
        "date": "2020-09-11T08:57:09Z",
        "value": "0.965707257",
        "cumulative": false
    },
    {
        "date": "2020-09-11T08:57:25Z",
        "value": "0.978444481",
        "cumulative": false
    },
    {
        "date": "2020-09-11T08:57:44Z",
        "value": "0.980970205",
        "cumulative": false
    },
    {
        "date": "2020-09-11T08:58:03Z",
        "value": "0.971273392",
        "cumulative": false
    },
    {
        "date": "2020-09-11T08:58:16Z",
        "value": "0.962863699",
        "cumulative": false
    },
    {
        "date": "2020-09-11T08:58:35Z",
        "value": "0.991247652",
        "cumulative": false
    },
    {
        "date": "2020-09-11T08:58:53Z",
        "value": "0.979067589",
        "cumulative": false
    },
    {
        "date": "2020-09-11T08:59:06Z",
        "value": "0.943197554",
        "cumulative": false
    },
    {
        "date": "2020-09-11T08:59:16Z",
        "value": "0.964165307",
        "cumulative": false
    },
    {
        "date": "2020-09-11T08:59:30Z",
        "value": "0.955500182",
        "cumulative": false
    },
    {
        "date": "2020-09-11T08:59:43Z",
        "value": "0.953363122",
        "cumulative": false
    },
    {
        "date": "2020-09-11T08:59:59Z",
        "value": "0.968697887",
        "cumulative": false
    },
    {
        "date": "2020-09-11T09:00:19Z",
        "value": "0.971713065",
        "cumulative": false
    },
    {
        "date": "2020-09-11T09:00:31Z",
        "value": "0.977164896",
        "cumulative": false
    },
    {
        "date": "2020-09-11T09:00:43Z",
        "value": "0.968806455",
        "cumulative": false
    },
    {
        "date": "2020-09-11T09:00:56Z",
        "value": "0.97250293",
        "cumulative": false
    },
    {
        "date": "2020-09-11T09:01:10Z",
        "value": "0.97126773",
        "cumulative": false
    },
    {
        "date": "2020-09-11T09:01:23Z",
        "value": "0.867286154",
        "cumulative": false
    },
    {
        "date": "2020-09-11T09:01:41Z",
        "value": "0.702450595",
        "cumulative": false
    },
    {
        "date": "2020-09-11T09:01:58Z",
        "value": "0.703405877",
        "cumulative": false
    },
    {
        "date": "2020-09-11T09:02:13Z",
        "value": "0.709919081",
        "cumulative": false
    },
    {
        "date": "2020-09-11T09:02:29Z",
        "value": "0.707574276",
        "cumulative": false
    },
    {
        "date": "2020-09-11T09:02:48Z",
        "value": "0.716922838",
        "cumulative": false
    },
    {
        "date": "2020-09-11T09:02:58Z",
        "value": "0.681714241",
        "cumulative": false
    },
    {
        "date": "2020-09-11T09:03:16Z",
        "value": "0.716252339",
        "cumulative": false
    },
    {
        "date": "2020-09-11T09:03:29Z",
        "value": "0.671803815",
        "cumulative": false
    },
    {
        "date": "2020-09-11T09:03:42Z",
        "value": "0.73915306",
        "cumulative": false
    },
    {
        "date": "2020-09-11T09:03:53Z",
        "value": "0.725998562",
        "cumulative": false
    },
    {
        "date": "2020-09-11T09:04:10Z",
        "value": "0.963344421",
        "cumulative": false
    },
    {
        "date": "2020-09-11T09:04:22Z",
        "value": "0.9485579",
        "cumulative": false
    },
    {
        "date": "2020-09-11T09:04:41Z",
        "value": "0.97735874",
        "cumulative": false
    },
    {
        "date": "2020-09-11T09:04:52Z",
        "value": "0.978559706",
        "cumulative": false
    },
    {
        "date": "2020-09-11T09:05:05Z",
        "value": "0.970354715",
        "cumulative": false
    },
    {
        "date": "2020-09-11T09:05:23Z",
        "value": "0.968226225",
        "cumulative": false
    },
    {
        "date": "2020-09-11T09:05:37Z",
        "value": "0.978993879",
        "cumulative": false
    },
    {
        "date": "2020-09-11T09:05:54Z",
        "value": "0.973236492",
        "cumulative": false
    },
    {
        "date": "2020-09-11T09:06:14Z",
        "value": "0.95689624",
        "cumulative": false
    },
    {
        "date": "2020-09-11T09:06:30Z",
        "value": "0.971315871",
        "cumulative": false
    },
    {
        "date": "2020-09-11T09:06:44Z",
        "value": "0.964417493",
        "cumulative": false
    },
    {
        "date": "2020-09-11T09:07:00Z",
        "value": "0.973123226",
        "cumulative": false
    },
    {
        "date": "2020-09-11T09:07:14Z",
        "value": "0.941884104",
        "cumulative": false
    },
    {
        "date": "2020-09-11T09:07:28Z",
        "value": "0.967095428",
        "cumulative": false
    },
    {
        "date": "2020-09-11T09:07:42Z",
        "value": "0.97300964",
        "cumulative": false
    },
    {
        "date": "2020-09-11T09:07:57Z",
        "value": "0.947663217",
        "cumulative": false
    },
    {
        "date": "2020-09-11T09:08:12Z",
        "value": "0.979304999",
        "cumulative": false
    },
    {
        "date": "2020-09-11T09:08:30Z",
        "value": "0.971112332",
        "cumulative": false
    },
    {
        "date": "2020-09-11T09:08:46Z",
        "value": "0.961396572",
        "cumulative": false
    },
    {
        "date": "2020-09-11T09:08:56Z",
        "value": "0.971753012",
        "cumulative": false
    },
    {
        "date": "2020-09-11T09:09:16Z",
        "value": "0.949452718",
        "cumulative": false
    },
    {
        "date": "2020-09-11T09:09:30Z",
        "value": "0.951868075",
        "cumulative": false
    },
    {
        "date": "2020-09-11T09:09:42Z",
        "value": "0.90227155",
        "cumulative": false
    },
    {
        "date": "2020-09-11T09:09:53Z",
        "value": "0.709744078",
        "cumulative": false
    },
    {
        "date": "2020-09-11T09:10:11Z",
        "value": "0.705019165",
        "cumulative": false
    },
    {
        "date": "2020-09-11T09:10:30Z",
        "value": "0.675074042",
        "cumulative": false
    },
    {
        "date": "2020-09-11T09:10:46Z",
        "value": "0.721865079",
        "cumulative": false
    },
    {
        "date": "2020-09-11T09:11:05Z",
        "value": "0.670926355",
        "cumulative": false
    },
    {
        "date": "2020-09-11T09:11:19Z",
        "value": "0.692662695",
        "cumulative": false
    },
    {
        "date": "2020-09-11T09:11:29Z",
        "value": "0.697173028",
        "cumulative": false
    },
    {
        "date": "2020-09-11T09:11:40Z",
        "value": "0.758849184",
        "cumulative": false
    },
    {
        "date": "2020-09-11T09:11:59Z",
        "value": "0.708529453",
        "cumulative": false
    },
    {
        "date": "2020-09-11T09:12:11Z",
        "value": "0.677460954",
        "cumulative": false
    },
    {
        "date": "2020-09-11T09:12:28Z",
        "value": "0.742299096",
        "cumulative": false
    },
    {
        "date": "2020-09-11T09:12:40Z",
        "value": "0.695536211",
        "cumulative": false
    },
    {
        "date": "2020-09-11T09:12:53Z",
        "value": "0.662523221",
        "cumulative": false
    },
    {
        "date": "2020-09-11T09:13:04Z",
        "value": "0.917484649",
        "cumulative": false
    },
    {
        "date": "2020-09-11T09:13:22Z",
        "value": "0.953201176",
        "cumulative": false
    },
    {
        "date": "2020-09-11T09:13:38Z",
        "value": "0.96193954",
        "cumulative": false
    },
    {
        "date": "2020-09-11T09:13:49Z",
        "value": "0.961322774",
        "cumulative": false
    },
    {
        "date": "2020-09-11T09:13:59Z",
        "value": "0.976456922",
        "cumulative": false
    },
    {
        "date": "2020-09-11T09:14:16Z",
        "value": "0.975837319",
        "cumulative": false
    },
    {
        "date": "2020-09-11T09:14:28Z",
        "value": "0.974128746",
        "cumulative": false
    },
    {
        "date": "2020-09-11T09:14:40Z",
        "value": "0.964606565",
        "cumulative": false
    },
    {
        "date": "2020-09-11T09:14:58Z",
        "value": "0.965052582",
        "cumulative": false
    },
    {
        "date": "2020-09-11T09:15:16Z",
        "value": "0.964918047",
        "cumulative": false
    },
    {
        "date": "2020-09-11T09:15:32Z",
        "value": "0.960949127",
        "cumulative": false
    },
    {
        "date": "2020-09-11T09:15:49Z",
        "value": "0.982507785",
        "cumulative": false
    },
    {
        "date": "2020-09-11T09:16:02Z",
        "value": "0.974851832",
        "cumulative": false
    },
    {
        "date": "2020-09-11T09:16:14Z",
        "value": "0.949389209",
        "cumulative": false
    },
    {
        "date": "2020-09-11T09:16:33Z",
        "value": "0.93352783",
        "cumulative": false
    },
    {
        "date": "2020-09-11T09:16:46Z",
        "value": "0.938877661",
        "cumulative": false
    },
    {
        "date": "2020-09-11T09:16:58Z",
        "value": "0.954535399",
        "cumulative": false
    },
    {
        "date": "2020-09-11T09:17:14Z",
        "value": "0.955356895",
        "cumulative": false
    },
    {
        "date": "2020-09-11T09:17:24Z",
        "value": "0.974034681",
        "cumulative": false
    },
    {
        "date": "2020-09-11T09:17:39Z",
        "value": "0.965852371",
        "cumulative": false
    },
    {
        "date": "2020-09-11T09:17:54Z",
        "value": "0.965996441",
        "cumulative": false
    },
    {
        "date": "2020-09-11T09:18:09Z",
        "value": "0.966211839",
        "cumulative": false
    },
    {
        "date": "2020-09-11T09:18:20Z",
        "value": "0.959114601",
        "cumulative": false
    },
    {
        "date": "2020-09-11T09:18:31Z",
        "value": "0.991153896",
        "cumulative": false
    },
    {
        "date": "2020-09-11T09:18:48Z",
        "value": "0.961182896",
        "cumulative": false
    },
    {
        "date": "2020-09-11T09:19:03Z",
        "value": "0.949641011",
        "cumulative": false
    },
    {
        "date": "2020-09-11T09:19:22Z",
        "value": "0.976432385",
        "cumulative": false
    },
    {
        "date": "2020-09-11T09:19:40Z",
        "value": "0.949868131",
        "cumulative": false
    },
    {
        "date": "2020-09-11T09:19:53Z",
        "value": "0.960698418",
        "cumulative": false
    },
    {
        "date": "2020-09-11T09:20:08Z",
        "value": "0.976118943",
        "cumulative": false
    }
]