[
    {
        "date": "2020-09-11T08:29:39Z",
        "value": "0.712012912",
        "cumulative": false
    },
    {
        "date": "2020-09-11T08:29:56Z",
        "value": "1.410340034",
        "cumulative": false
    },
    {
        "date": "2020-09-11T08:30:12Z",
        "value": "1.360321171",
        "cumulative": false
    },
    {
        "date": "2020-09-11T08:30:27Z",
        "value": "1.152663451",
        "cumulative": false
    },
    {
        "date": "2020-09-11T08:30:45Z",
        "value": "1.004568696",
        "cumulative": false
    },
    {
        "date": "2020-09-11T08:30:56Z",
        "value": "1.13120651",
        "cumulative": false
    },
    {
        "date": "2020-09-11T08:31:14Z",
        "value": "1.030908456",
        "cumulative": false
    },
    {
        "date": "2020-09-11T08:31:33Z",
        "value": "0.96970707",
        "cumulative": false
    },
    {
        "date": "2020-09-11T08:31:52Z",
        "value": "0.895238274",
        "cumulative": false
    },
    {
        "date": "2020-09-11T08:32:11Z",
        "value": "0.968422375",
        "cumulative": false
    },
    {
        "date": "2020-09-11T08:32:30Z",
        "value": "0.906748979",
        "cumulative": false
    },
    {
        "date": "2020-09-11T08:32:50Z",
        "value": "0.940664646",
        "cumulative": false
    },
    {
        "date": "2020-09-11T08:33:03Z",
        "value": "0.829699104",
        "cumulative": false
    },
    {
        "date": "2020-09-11T08:33:23Z",
        "value": "1.064630511",
        "cumulative": false
    },
    {
        "date": "2020-09-11T08:33:41Z",
        "value": "0.811970291",
        "cumulative": false
    },
    {
        "date": "2020-09-11T08:33:53Z",
        "value": "0.795023017",
        "cumulative": false
    },
    {
        "date": "2020-09-11T08:34:11Z",
        "value": "1.064782524",
        "cumulative": false
    },
    {
        "date": "2020-09-11T08:34:31Z",
        "value": "1.034968158",
        "cumulative": false
    },
    {
        "date": "2020-09-11T08:34:46Z",
        "value": "0.708374423",
        "cumulative": false
    },
    {
        "date": "2020-09-11T08:35:05Z",
        "value": "0.911044686",
        "cumulative": false
    },
    {
        "date": "2020-09-11T08:35:25Z",
        "value": "1.046307513",
        "cumulative": false
    },
    {
        "date": "2020-09-11T08:35:38Z",
        "value": "1.043607703",
        "cumulative": false
    },
    {
        "date": "2020-09-11T08:35:52Z",
        "value": "0.84820636",
        "cumulative": false
    },
    {
        "date": "2020-09-11T08:36:11Z",
        "value": "0.761791781",
        "cumulative": false
    },
    {
        "date": "2020-09-11T08:36:26Z",
        "value": "1.040402102",
        "cumulative": false
    },
    {
        "date": "2020-09-11T08:36:38Z",
        "value": "1.056571001",
        "cumulative": false
    },
    {
        "date": "2020-09-11T08:36:56Z",
        "value": "1.077885101",
        "cumulative": false
    },
    {
        "date": "2020-09-11T08:37:12Z",
        "value": "1.067820308",
        "cumulative": false
    },
    {
        "date": "2020-09-11T08:37:30Z",
        "value": "0.749949021",
        "cumulative": false
    },
    {
        "date": "2020-09-11T08:37:42Z",
        "value": "0.705624607",
        "cumulative": false
    },
    {
        "date": "2020-09-11T08:37:55Z",
        "value": "0.719515194",
        "cumulative": false
    },
    {
        "date": "2020-09-11T08:38:15Z",
        "value": "1.080668794",
        "cumulative": false
    },
    {
        "date": "2020-09-11T08:38:29Z",
        "value": "1.087161937",
        "cumulative": false
    },
    {
        "date": "2020-09-11T08:38:41Z",
        "value": "1.078869486",
        "cumulative": false
    },
    {
        "date": "2020-09-11T08:38:58Z",
        "value": "1.06720463",
        "cumulative": false
    },
    {
        "date": "2020-09-11T08:39:09Z",
        "value": "1.090778571",
        "cumulative": false
    },
    {
        "date": "2020-09-11T08:39:20Z",
        "value": "0.879067485",
        "cumulative": false
    },
    {
        "date": "2020-09-11T08:39:34Z",
        "value": "0.792429931",
        "cumulative": false
    },
    {
        "date": "2020-09-11T08:39:50Z",
        "value": "0.704389806",
        "cumulative": false
    },
    {
        "date": "2020-09-11T08:40:03Z",
        "value": "0.805330671",
        "cumulative": false
    },
    {
        "date": "2020-09-11T08:40:18Z",
        "value": "0.986142589",
        "cumulative": false
    },
    {
        "date": "2020-09-11T08:40:28Z",
        "value": "0.988265812",
        "cumulative": false
    },
    {
        "date": "2020-09-11T08:40:40Z",
        "value": "0.98327648",
        "cumulative": false
    },
    {
        "date": "2020-09-11T08:40:55Z",
        "value": "0.969341872",
        "cumulative": false
    },
    {
        "date": "2020-09-11T08:41:15Z",
        "value": "0.996904874",
        "cumulative": false
    },
    {
        "date": "2020-09-11T08:41:32Z",
        "value": "0.95281954",
        "cumulative": false
    },
    {
        "date": "2020-09-11T08:41:52Z",
        "value": "0.923496153",
        "cumulative": false
    },
    {
        "date": "2020-09-11T08:42:07Z",
        "value": "0.778537278",
        "cumulative": false
    },
    {
        "date": "2020-09-11T08:42:24Z",
        "value": "0.800345161",
        "cumulative": false
    },
    {
        "date": "2020-09-11T08:42:40Z",
        "value": "0.808834859",
        "cumulative": false
    },
    {
        "date": "2020-09-11T08:42:57Z",
        "value": "0.887393688",
        "cumulative": false
    },
    {
        "date": "2020-09-11T08:43:12Z",
        "value": "0.972670011",
        "cumulative": false
    },
    {
        "date": "2020-09-11T08:43:29Z",
        "value": "0.973716878",
        "cumulative": false
    },
    {
        "date": "2020-09-11T08:43:41Z",
        "value": "0.950459253",
        "cumulative": false
    },
    {
        "date": "2020-09-11T08:44:00Z",
        "value": "0.963845023",
        "cumulative": false
    },
    {
        "date": "2020-09-11T08:44:11Z",
        "value": "0.983819488",
        "cumulative": false
    },
    {
        "date": "2020-09-11T08:44:23Z",
        "value": "0.986022345",
        "cumulative": false
    },
    {
        "date": "2020-09-11T08:44:42Z",
        "value": "0.983008659",
        "cumulative": false
    },
    {
        "date": "2020-09-11T08:44:53Z",
        "value": "0.929296647",
        "cumulative": false
    },
    {
        "date": "2020-09-11T08:45:07Z",
        "value": "0.938429129",
        "cumulative": false
    },
    {
        "date": "2020-09-11T08:45:24Z",
        "value": "0.68669007",
        "cumulative": false
    },
    {
        "date": "2020-09-11T08:45:38Z",
        "value": "0.70094592",
        "cumulative": false
    },
    {
        "date": "2020-09-11T08:45:51Z",
        "value": "0.748030167",
        "cumulative": false
    },
    {
        "date": "2020-09-11T08:46:07Z",
        "value": "0.776698935",
        "cumulative": false
    },
    {
        "date": "2020-09-11T08:46:25Z",
        "value": "0.823469911",
        "cumulative": false
    },
    {
        "date": "2020-09-11T08:46:40Z",
        "value": "0.984002581",
        "cumulative": false
    },
    {
        "date": "2020-09-11T08:46:58Z",
        "value": "0.983842766",
        "cumulative": false
    },
    {
        "date": "2020-09-11T08:47:15Z",
        "value": "0.983944876",
        "cumulative": false
    },
    {
        "date": "2020-09-11T08:47:31Z",
        "value": "0.994973702",
        "cumulative": false
    },
    {
        "date": "2020-09-11T08:47:43Z",
        "value": "0.983991865",
        "cumulative": false
    },
    {
        "date": "2020-09-11T08:47:59Z",
        "value": "0.978235015",
        "cumulative": false
    },
    {
        "date": "2020-09-11T08:48:10Z",
        "value": "0.98807871",
        "cumulative": false
    },
    {
        "date": "2020-09-11T08:48:28Z",
        "value": "0.959721296",
        "cumulative": false
    },
    {
        "date": "2020-09-11T08:48:43Z",
        "value": "0.955838873",
        "cumulative": false
    },
    {
        "date": "2020-09-11T08:49:01Z",
        "value": "0.979015186",
        "cumulative": false
    },
    {
        "date": "2020-09-11T08:49:12Z",
        "value": "0.973540798",
        "cumulative": false
    },
    {
        "date": "2020-09-11T08:49:27Z",
        "value": "0.722441568",
        "cumulative": false
    },
    {
        "date": "2020-09-11T08:49:47Z",
        "value": "0.706481535",
        "cumulative": false
    },
    {
        "date": "2020-09-11T08:50:05Z",
        "value": "0.707157878",
        "cumulative": false
    },
    {
        "date": "2020-09-11T08:50:24Z",
        "value": "0.659130092",
        "cumulative": false
    },
    {
        "date": "2020-09-11T08:50:38Z",
        "value": "0.687083081",
        "cumulative": false
    },
    {
        "date": "2020-09-11T08:50:55Z",
        "value": "0.684861784",
        "cumulative": false
    },
    {
        "date": "2020-09-11T08:51:09Z",
        "value": "0.905357988",
        "cumulative": false
    },
    {
        "date": "2020-09-11T08:51:29Z",
        "value": "0.975979447",
        "cumulative": false
    },
    {
        "date": "2020-09-11T08:51:42Z",
        "value": "0.963041938",
        "cumulative": false
    },
    {
        "date": "2020-09-11T08:51:56Z",
        "value": "0.984750755",
        "cumulative": false
    },
    {
        "date": "2020-09-11T08:52:14Z",
        "value": "0.970602588",
        "cumulative": false
    },
    {
        "date": "2020-09-11T08:52:28Z",
        "value": "0.98870413",
        "cumulative": false
    },
    {
        "date": "2020-09-11T08:52:42Z",
        "value": "0.974781119",
        "cumulative": false
    },
    {
        "date": "2020-09-11T08:52:55Z",
        "value": "0.962504",
        "cumulative": false
    },
    {
        "date": "2020-09-11T08:53:14Z",
        "value": "0.936589813",
        "cumulative": false
    },
    {
        "date": "2020-09-11T08:53:25Z",
        "value": "0.975686119",
        "cumulative": false
    },
    {
        "date": "2020-09-11T08:53:44Z",
        "value": "0.965179335",
        "cumulative": false
    },
    {
        "date": "2020-09-11T08:54:01Z",
        "value": "0.954038361",
        "cumulative": false
    },
    {
        "date": "2020-09-11T08:54:12Z",
        "value": "0.958700491",
        "cumulative": false
    },
    {
        "date": "2020-09-11T08:54:23Z",
        "value": "0.979295698",
        "cumulative": false
    },
    {
        "date": "2020-09-11T08:54:41Z",
        "value": "0.906560966",
        "cumulative": false
    },
    {
        "date": "2020-09-11T08:54:54Z",
        "value": "0.689639054",
        "cumulative": false
    },
    {
        "date": "2020-09-11T08:55:10Z",
        "value": "0.721747702",
        "cumulative": false
    },
    {
        "date": "2020-09-11T08:55:25Z",
        "value": "0.719325256",
        "cumulative": false
    },
    {
        "date": "2020-09-11T08:55:44Z",
        "value": "0.67912761",
        "cumulative": false
    },
    {
        "date": "2020-09-11T08:56:00Z",
        "value": "0.718915877",
        "cumulative": false
    },
    {
        "date": "2020-09-11T08:56:12Z",
        "value": "0.748216279",
        "cumulative": false
    },
    {
        "date": "2020-09-11T08:56:22Z",
        "value": "0.745808968",
        "cumulative": false
    },
    {
        "date": "2020-09-11T08:56:34Z",
        "value": "0.745790701",
        "cumulative": false
    },
    {
        "date": "2020-09-11T08:56:47Z",
        "value": "0.807982103",
        "cumulative": false
    },
    {
        "date": "2020-09-11T08:57:05Z",
        "value": "0.976498399",
        "cumulative": false
    },
    {
        "date": "2020-09-11T08:57:20Z",
        "value": "0.965966869",
        "cumulative": false
    },
    {
        "date": "2020-09-11T08:57:34Z",
        "value": "0.988904762",
        "cumulative": false
    },
    {
        "date": "2020-09-11T08:57:48Z",
        "value": "0.986501658",
        "cumulative": false
    },
    {
        "date": "2020-09-11T08:58:07Z",
        "value": "0.969909702",
        "cumulative": false
    },
    {
        "date": "2020-09-11T08:58:18Z",
        "value": "0.970739771",
        "cumulative": false
    },
    {
        "date": "2020-09-11T08:58:30Z",
        "value": "0.979762173",
        "cumulative": false
    },
    {
        "date": "2020-09-11T08:58:44Z",
        "value": "0.978792935",
        "cumulative": false
    },
    {
        "date": "2020-09-11T08:58:58Z",
        "value": "0.979535962",
        "cumulative": false
    },
    {
        "date": "2020-09-11T08:59:15Z",
        "value": "0.941505117",
        "cumulative": false
    },
    {
        "date": "2020-09-11T08:59:29Z",
        "value": "0.958850354",
        "cumulative": false
    },
    {
        "date": "2020-09-11T08:59:40Z",
        "value": "0.965646666",
        "cumulative": false
    },
    {
        "date": "2020-09-11T08:59:58Z",
        "value": "0.982676673",
        "cumulative": false
    },
    {
        "date": "2020-09-11T09:00:09Z",
        "value": "0.986047116",
        "cumulative": false
    },
    {
        "date": "2020-09-11T09:00:21Z",
        "value": "0.982352012",
        "cumulative": false
    },
    {
        "date": "2020-09-11T09:00:37Z",
        "value": "0.979473794",
        "cumulative": false
    },
    {
        "date": "2020-09-11T09:00:48Z",
        "value": "0.980656101",
        "cumulative": false
    },
    {
        "date": "2020-09-11T09:01:03Z",
        "value": "0.983957672",
        "cumulative": false
    },
    {
        "date": "2020-09-11T09:01:16Z",
        "value": "0.984629554",
        "cumulative": false
    },
    {
        "date": "2020-09-11T09:01:32Z",
        "value": "0.744004353",
        "cumulative": false
    },
    {
        "date": "2020-09-11T09:01:47Z",
        "value": "0.699517222",
        "cumulative": false
    },
    {
        "date": "2020-09-11T09:02:00Z",
        "value": "0.745627286",
        "cumulative": false
    },
    {
        "date": "2020-09-11T09:02:16Z",
        "value": "0.747902289",
        "cumulative": false
    },
    {
        "date": "2020-09-11T09:02:34Z",
        "value": "0.727546463",
        "cumulative": false
    },
    {
        "date": "2020-09-11T09:02:51Z",
        "value": "0.758113333",
        "cumulative": false
    },
    {
        "date": "2020-09-11T09:03:08Z",
        "value": "0.733247408",
        "cumulative": false
    },
    {
        "date": "2020-09-11T09:03:24Z",
        "value": "0.702415702",
        "cumulative": false
    },
    {
        "date": "2020-09-11T09:03:38Z",
        "value": "0.748925613",
        "cumulative": false
    },
    {
        "date": "2020-09-11T09:03:49Z",
        "value": "0.765154734",
        "cumulative": false
    },
    {
        "date": "2020-09-11T09:04:03Z",
        "value": "0.890864143",
        "cumulative": false
    },
    {
        "date": "2020-09-11T09:04:19Z",
        "value": "0.966111504",
        "cumulative": false
    },
    {
        "date": "2020-09-11T09:04:34Z",
        "value": "0.982819872",
        "cumulative": false
    },
    {
        "date": "2020-09-11T09:04:49Z",
        "value": "0.974987874",
        "cumulative": false
    },
    {
        "date": "2020-09-11T09:05:06Z",
        "value": "0.984170834",
        "cumulative": false
    },
    {
        "date": "2020-09-11T09:05:24Z",
        "value": "0.970341245",
        "cumulative": false
    },
    {
        "date": "2020-09-11T09:05:41Z",
        "value": "0.982522127",
        "cumulative": false
    },
    {
        "date": "2020-09-11T09:05:55Z",
        "value": "0.975043494",
        "cumulative": false
    },
    {
        "date": "2020-09-11T09:06:11Z",
        "value": "0.971251667",
        "cumulative": false
    },
    {
        "date": "2020-09-11T09:06:30Z",
        "value": "0.973517",
        "cumulative": false
    },
    {
        "date": "2020-09-11T09:06:47Z",
        "value": "0.970277859",
        "cumulative": false
    },
    {
        "date": "2020-09-11T09:07:07Z",
        "value": "0.953003224",
        "cumulative": false
    },
    {
        "date": "2020-09-11T09:07:18Z",
        "value": "0.97167175",
        "cumulative": false
    },
    {
        "date": "2020-09-11T09:07:38Z",
        "value": "0.98548161",
        "cumulative": false
    },
    {
        "date": "2020-09-11T09:07:48Z",
        "value": "0.986459524",
        "cumulative": false
    },
    {
        "date": "2020-09-11T09:07:59Z",
        "value": "0.969989134",
        "cumulative": false
    },
    {
        "date": "2020-09-11T09:08:17Z",
        "value": "0.976486967",
        "cumulative": false
    },
    {
        "date": "2020-09-11T09:08:28Z",
        "value": "0.985684754",
        "cumulative": false
    },
    {
        "date": "2020-09-11T09:08:47Z",
        "value": "0.978880043",
        "cumulative": false
    },
    {
        "date": "2020-09-11T09:09:01Z",
        "value": "0.979368429",
        "cumulative": false
    },
    {
        "date": "2020-09-11T09:09:18Z",
        "value": "0.958793589",
        "cumulative": false
    },
    {
        "date": "2020-09-11T09:09:35Z",
        "value": "0.96229379",
        "cumulative": false
    },
    {
        "date": "2020-09-11T09:09:46Z",
        "value": "0.825890547",
        "cumulative": false
    },
    {
        "date": "2020-09-11T09:10:06Z",
        "value": "0.76357427",
        "cumulative": false
    },
    {
        "date": "2020-09-11T09:10:16Z",
        "value": "0.689238127",
        "cumulative": false
    },
    {
        "date": "2020-09-11T09:10:28Z",
        "value": "0.699023263",
        "cumulative": false
    },
    {
        "date": "2020-09-11T09:10:38Z",
        "value": "0.782319255",
        "cumulative": false
    },
    {
        "date": "2020-09-11T09:10:53Z",
        "value": "0.681777906",
        "cumulative": false
    },
    {
        "date": "2020-09-11T09:11:05Z",
        "value": "0.748877624",
        "cumulative": false
    },
    {
        "date": "2020-09-11T09:11:18Z",
        "value": "0.729853559",
        "cumulative": false
    },
    {
        "date": "2020-09-11T09:11:30Z",
        "value": "0.75218206",
        "cumulative": false
    },
    {
        "date": "2020-09-11T09:11:43Z",
        "value": "0.777187091",
        "cumulative": false
    },
    {
        "date": "2020-09-11T09:11:57Z",
        "value": "0.750357751",
        "cumulative": false
    },
    {
        "date": "2020-09-11T09:12:14Z",
        "value": "0.708659748",
        "cumulative": false
    },
    {
        "date": "2020-09-11T09:12:29Z",
        "value": "0.768522082",
        "cumulative": false
    },
    {
        "date": "2020-09-11T09:12:44Z",
        "value": "0.690986879",
        "cumulative": false
    },
    {
        "date": "2020-09-11T09:13:03Z",
        "value": "0.862864156",
        "cumulative": false
    },
    {
        "date": "2020-09-11T09:13:16Z",
        "value": "0.967227017",
        "cumulative": false
    },
    {
        "date": "2020-09-11T09:13:30Z",
        "value": "0.983324983",
        "cumulative": false
    },
    {
        "date": "2020-09-11T09:13:44Z",
        "value": "0.960922005",
        "cumulative": false
    },
    {
        "date": "2020-09-11T09:14:00Z",
        "value": "0.992927164",
        "cumulative": false
    },
    {
        "date": "2020-09-11T09:14:15Z",
        "value": "0.969936536",
        "cumulative": false
    },
    {
        "date": "2020-09-11T09:14:27Z",
        "value": "0.986123802",
        "cumulative": false
    },
    {
        "date": "2020-09-11T09:14:40Z",
        "value": "0.98295065",
        "cumulative": false
    },
    {
        "date": "2020-09-11T09:14:50Z",
        "value": "0.965042839",
        "cumulative": false
    },
    {
        "date": "2020-09-11T09:15:01Z",
        "value": "0.988735094",
        "cumulative": false
    },
    {
        "date": "2020-09-11T09:15:15Z",
        "value": "0.965972709",
        "cumulative": false
    },
    {
        "date": "2020-09-11T09:15:34Z",
        "value": "0.97802621",
        "cumulative": false
    },
    {
        "date": "2020-09-11T09:15:51Z",
        "value": "0.980507074",
        "cumulative": false
    },
    {
        "date": "2020-09-11T09:16:04Z",
        "value": "0.972146884",
        "cumulative": false
    },
    {
        "date": "2020-09-11T09:16:21Z",
        "value": "0.964777591",
        "cumulative": false
    },
    {
        "date": "2020-09-11T09:16:32Z",
        "value": "0.959947625",
        "cumulative": false
    },
    {
        "date": "2020-09-11T09:16:50Z",
        "value": "0.958109295",
        "cumulative": false
    },
    {
        "date": "2020-09-11T09:17:03Z",
        "value": "0.974155333",
        "cumulative": false
    },
    {
        "date": "2020-09-11T09:17:20Z",
        "value": "0.974304118",
        "cumulative": false
    },
    {
        "date": "2020-09-11T09:17:38Z",
        "value": "0.970927786",
        "cumulative": false
    },
    {
        "date": "2020-09-11T09:17:57Z",
        "value": "0.98589134",
        "cumulative": false
    },
    {
        "date": "2020-09-11T09:18:17Z",
        "value": "0.974726092",
        "cumulative": false
    },
    {
        "date": "2020-09-11T09:18:28Z",
        "value": "0.982002912",
        "cumulative": false
    },
    {
        "date": "2020-09-11T09:18:45Z",
        "value": "0.995748501",
        "cumulative": false
    },
    {
        "date": "2020-09-11T09:19:02Z",
        "value": "0.962452237",
        "cumulative": false
    },
    {
        "date": "2020-09-11T09:19:21Z",
        "value": "0.976900024",
        "cumulative": false
    },
    {
        "date": "2020-09-11T09:19:39Z",
        "value": "0.959126586",
        "cumulative": false
    },
    {
        "date": "2020-09-11T09:19:53Z",
        "value": "0.964622028",
        "cumulative": false
    },
    {
        "date": "2020-09-11T09:20:11Z",
        "value": "0.988213391",
        "cumulative": false
    }
]