[
    {
        "date": "2020-09-11T08:29:16Z",
        "value": "1.88671875",
        "cumulative": false
    },
    {
        "date": "2020-09-11T08:29:34Z",
        "value": "114.10546875",
        "cumulative": false
    },
    {
        "date": "2020-09-11T08:29:48Z",
        "value": "116.16796875",
        "cumulative": false
    },
    {
        "date": "2020-09-11T08:30:05Z",
        "value": "122.65234375",
        "cumulative": false
    },
    {
        "date": "2020-09-11T08:30:16Z",
        "value": "118.91015625",
        "cumulative": false
    },
    {
        "date": "2020-09-11T08:30:33Z",
        "value": "139.484375",
        "cumulative": false
    },
    {
        "date": "2020-09-11T08:30:49Z",
        "value": "122.55859375",
        "cumulative": false
    },
    {
        "date": "2020-09-11T08:31:08Z",
        "value": "146.98046875",
        "cumulative": false
    },
    {
        "date": "2020-09-11T08:31:27Z",
        "value": "154.45703125",
        "cumulative": false
    },
    {
        "date": "2020-09-11T08:31:45Z",
        "value": "173.3046875",
        "cumulative": false
    },
    {
        "date": "2020-09-11T08:31:59Z",
        "value": "144.53125",
        "cumulative": false
    },
    {
        "date": "2020-09-11T08:32:14Z",
        "value": "187.8671875",
        "cumulative": false
    },
    {
        "date": "2020-09-11T08:32:27Z",
        "value": "176.328125",
        "cumulative": false
    },
    {
        "date": "2020-09-11T08:32:38Z",
        "value": "176.3984375",
        "cumulative": false
    },
    {
        "date": "2020-09-11T08:32:52Z",
        "value": "206.2109375",
        "cumulative": false
    },
    {
        "date": "2020-09-11T08:33:12Z",
        "value": "176.83203125",
        "cumulative": false
    },
    {
        "date": "2020-09-11T08:33:30Z",
        "value": "157.6328125",
        "cumulative": false
    },
    {
        "date": "2020-09-11T08:33:46Z",
        "value": "190.6328125",
        "cumulative": false
    },
    {
        "date": "2020-09-11T08:33:59Z",
        "value": "173.75390625",
        "cumulative": false
    },
    {
        "date": "2020-09-11T08:34:09Z",
        "value": "186.125",
        "cumulative": false
    },
    {
        "date": "2020-09-11T08:34:25Z",
        "value": "136.69140625",
        "cumulative": false
    },
    {
        "date": "2020-09-11T08:34:44Z",
        "value": "224.40234375",
        "cumulative": false
    },
    {
        "date": "2020-09-11T08:35:03Z",
        "value": "141.640625",
        "cumulative": false
    },
    {
        "date": "2020-09-11T08:35:13Z",
        "value": "188.33984375",
        "cumulative": false
    },
    {
        "date": "2020-09-11T08:35:24Z",
        "value": "164.96875",
        "cumulative": false
    },
    {
        "date": "2020-09-11T08:35:39Z",
        "value": "188.40234375",
        "cumulative": false
    },
    {
        "date": "2020-09-11T08:35:56Z",
        "value": "177.46484375",
        "cumulative": false
    },
    {
        "date": "2020-09-11T08:36:08Z",
        "value": "177.390625",
        "cumulative": false
    },
    {
        "date": "2020-09-11T08:36:23Z",
        "value": "177.359375",
        "cumulative": false
    },
    {
        "date": "2020-09-11T08:36:36Z",
        "value": "189.36328125",
        "cumulative": false
    },
    {
        "date": "2020-09-11T08:36:48Z",
        "value": "233.546875",
        "cumulative": false
    },
    {
        "date": "2020-09-11T08:36:58Z",
        "value": "266.140625",
        "cumulative": false
    },
    {
        "date": "2020-09-11T08:37:11Z",
        "value": "177.25390625",
        "cumulative": false
    },
    {
        "date": "2020-09-11T08:37:21Z",
        "value": "260.1796875",
        "cumulative": false
    },
    {
        "date": "2020-09-11T08:37:32Z",
        "value": "192.94140625",
        "cumulative": false
    },
    {
        "date": "2020-09-11T08:37:44Z",
        "value": "192.984375",
        "cumulative": false
    },
    {
        "date": "2020-09-11T08:38:02Z",
        "value": "155.56640625",
        "cumulative": false
    },
    {
        "date": "2020-09-11T08:38:12Z",
        "value": "251.85546875",
        "cumulative": false
    },
    {
        "date": "2020-09-11T08:38:26Z",
        "value": "155.73046875",
        "cumulative": false
    },
    {
        "date": "2020-09-11T08:38:42Z",
        "value": "155.73046875",
        "cumulative": false
    },
    {
        "date": "2020-09-11T08:38:54Z",
        "value": "155.62109375",
        "cumulative": false
    },
    {
        "date": "2020-09-11T08:39:05Z",
        "value": "155.56640625",
        "cumulative": false
    },
    {
        "date": "2020-09-11T08:39:25Z",
        "value": "248.58203125",
        "cumulative": false
    },
    {
        "date": "2020-09-11T08:39:37Z",
        "value": "212.61328125",
        "cumulative": false
    },
    {
        "date": "2020-09-11T08:39:54Z",
        "value": "285.83203125",
        "cumulative": false
    },
    {
        "date": "2020-09-11T08:40:10Z",
        "value": "253.37890625",
        "cumulative": false
    },
    {
        "date": "2020-09-11T08:40:25Z",
        "value": "165.37890625",
        "cumulative": false
    },
    {
        "date": "2020-09-11T08:40:42Z",
        "value": "165.37890625",
        "cumulative": false
    },
    {
        "date": "2020-09-11T08:41:01Z",
        "value": "222.75390625",
        "cumulative": false
    },
    {
        "date": "2020-09-11T08:41:11Z",
        "value": "165.37890625",
        "cumulative": false
    },
    {
        "date": "2020-09-11T08:41:22Z",
        "value": "279.37890625",
        "cumulative": false
    },
    {
        "date": "2020-09-11T08:41:39Z",
        "value": "269.3203125",
        "cumulative": false
    },
    {
        "date": "2020-09-11T08:41:52Z",
        "value": "333.34765625",
        "cumulative": false
    },
    {
        "date": "2020-09-11T08:42:03Z",
        "value": "237.36328125",
        "cumulative": false
    },
    {
        "date": "2020-09-11T08:42:20Z",
        "value": "323.98828125",
        "cumulative": false
    },
    {
        "date": "2020-09-11T08:42:37Z",
        "value": "237.35546875",
        "cumulative": false
    },
    {
        "date": "2020-09-11T08:42:47Z",
        "value": "166.7265625",
        "cumulative": false
    },
    {
        "date": "2020-09-11T08:43:00Z",
        "value": "177.96484375",
        "cumulative": false
    },
    {
        "date": "2020-09-11T08:43:14Z",
        "value": "177.79296875",
        "cumulative": false
    },
    {
        "date": "2020-09-11T08:43:27Z",
        "value": "272.51953125",
        "cumulative": false
    },
    {
        "date": "2020-09-11T08:43:40Z",
        "value": "177.984375",
        "cumulative": false
    },
    {
        "date": "2020-09-11T08:43:58Z",
        "value": "177.984375",
        "cumulative": false
    },
    {
        "date": "2020-09-11T08:44:16Z",
        "value": "177.984375",
        "cumulative": false
    },
    {
        "date": "2020-09-11T08:44:29Z",
        "value": "177.7890625",
        "cumulative": false
    },
    {
        "date": "2020-09-11T08:44:48Z",
        "value": "215.16796875",
        "cumulative": false
    },
    {
        "date": "2020-09-11T08:44:59Z",
        "value": "279.41796875",
        "cumulative": false
    },
    {
        "date": "2020-09-11T08:45:13Z",
        "value": "288.5078125",
        "cumulative": false
    },
    {
        "date": "2020-09-11T08:45:33Z",
        "value": "268.703125",
        "cumulative": false
    },
    {
        "date": "2020-09-11T08:45:51Z",
        "value": "404.3984375",
        "cumulative": false
    },
    {
        "date": "2020-09-11T08:46:06Z",
        "value": "268.74609375",
        "cumulative": false
    },
    {
        "date": "2020-09-11T08:46:22Z",
        "value": "193.4296875",
        "cumulative": false
    },
    {
        "date": "2020-09-11T08:46:37Z",
        "value": "276.3046875",
        "cumulative": false
    },
    {
        "date": "2020-09-11T08:46:49Z",
        "value": "416.05859375",
        "cumulative": false
    },
    {
        "date": "2020-09-11T08:47:02Z",
        "value": "193.4609375",
        "cumulative": false
    },
    {
        "date": "2020-09-11T08:47:13Z",
        "value": "247.93359375",
        "cumulative": false
    },
    {
        "date": "2020-09-11T08:47:24Z",
        "value": "193.453125",
        "cumulative": false
    },
    {
        "date": "2020-09-11T08:47:35Z",
        "value": "193.453125",
        "cumulative": false
    },
    {
        "date": "2020-09-11T08:47:50Z",
        "value": "193.43359375",
        "cumulative": false
    },
    {
        "date": "2020-09-11T08:48:06Z",
        "value": "193.453125",
        "cumulative": false
    },
    {
        "date": "2020-09-11T08:48:23Z",
        "value": "193.4296875",
        "cumulative": false
    },
    {
        "date": "2020-09-11T08:48:40Z",
        "value": "193.4296875",
        "cumulative": false
    },
    {
        "date": "2020-09-11T08:48:54Z",
        "value": "395.43359375",
        "cumulative": false
    },
    {
        "date": "2020-09-11T08:49:06Z",
        "value": "193.453125",
        "cumulative": false
    },
    {
        "date": "2020-09-11T08:49:17Z",
        "value": "463.87890625",
        "cumulative": false
    },
    {
        "date": "2020-09-11T08:49:30Z",
        "value": "488.1328125",
        "cumulative": false
    },
    {
        "date": "2020-09-11T08:49:43Z",
        "value": "341.50390625",
        "cumulative": false
    },
    {
        "date": "2020-09-11T08:49:58Z",
        "value": "427.23828125",
        "cumulative": false
    },
    {
        "date": "2020-09-11T08:50:13Z",
        "value": "338.50390625",
        "cumulative": false
    },
    {
        "date": "2020-09-11T08:50:28Z",
        "value": "463.25390625",
        "cumulative": false
    },
    {
        "date": "2020-09-11T08:50:39Z",
        "value": "308.203125",
        "cumulative": false
    },
    {
        "date": "2020-09-11T08:50:58Z",
        "value": "213.21875",
        "cumulative": false
    },
    {
        "date": "2020-09-11T08:51:11Z",
        "value": "379.93359375",
        "cumulative": false
    },
    {
        "date": "2020-09-11T08:51:29Z",
        "value": "213.1875",
        "cumulative": false
    },
    {
        "date": "2020-09-11T08:51:43Z",
        "value": "213.19921875",
        "cumulative": false
    },
    {
        "date": "2020-09-11T08:51:56Z",
        "value": "213.2109375",
        "cumulative": false
    },
    {
        "date": "2020-09-11T08:52:06Z",
        "value": "213.18359375",
        "cumulative": false
    },
    {
        "date": "2020-09-11T08:52:26Z",
        "value": "213.22265625",
        "cumulative": false
    },
    {
        "date": "2020-09-11T08:52:44Z",
        "value": "213.1875",
        "cumulative": false
    },
    {
        "date": "2020-09-11T08:53:02Z",
        "value": "294.3125",
        "cumulative": false
    },
    {
        "date": "2020-09-11T08:53:20Z",
        "value": "213.1875",
        "cumulative": false
    },
    {
        "date": "2020-09-11T08:53:32Z",
        "value": "213.1875",
        "cumulative": false
    },
    {
        "date": "2020-09-11T08:53:48Z",
        "value": "213.18359375",
        "cumulative": false
    },
    {
        "date": "2020-09-11T08:54:00Z",
        "value": "213.22265625",
        "cumulative": false
    },
    {
        "date": "2020-09-11T08:54:19Z",
        "value": "393.05859375",
        "cumulative": false
    },
    {
        "date": "2020-09-11T08:54:39Z",
        "value": "516.5234375",
        "cumulative": false
    },
    {
        "date": "2020-09-11T08:54:54Z",
        "value": "358.0234375",
        "cumulative": false
    },
    {
        "date": "2020-09-11T08:55:09Z",
        "value": "358.13671875",
        "cumulative": false
    },
    {
        "date": "2020-09-11T08:55:21Z",
        "value": "380.76953125",
        "cumulative": false
    },
    {
        "date": "2020-09-11T08:55:32Z",
        "value": "449.26953125",
        "cumulative": false
    },
    {
        "date": "2020-09-11T08:55:46Z",
        "value": "358.13671875",
        "cumulative": false
    },
    {
        "date": "2020-09-11T08:56:02Z",
        "value": "358.01953125",
        "cumulative": false
    },
    {
        "date": "2020-09-11T08:56:13Z",
        "value": "358.13671875",
        "cumulative": false
    },
    {
        "date": "2020-09-11T08:56:30Z",
        "value": "390.3984375",
        "cumulative": false
    },
    {
        "date": "2020-09-11T08:56:45Z",
        "value": "238.1484375",
        "cumulative": false
    },
    {
        "date": "2020-09-11T08:56:59Z",
        "value": "251.5234375",
        "cumulative": false
    },
    {
        "date": "2020-09-11T08:57:18Z",
        "value": "238.1484375",
        "cumulative": false
    },
    {
        "date": "2020-09-11T08:57:29Z",
        "value": "421.5234375",
        "cumulative": false
    },
    {
        "date": "2020-09-11T08:57:42Z",
        "value": "238.1484375",
        "cumulative": false
    },
    {
        "date": "2020-09-11T08:57:59Z",
        "value": "238.1484375",
        "cumulative": false
    },
    {
        "date": "2020-09-11T08:58:10Z",
        "value": "238.1484375",
        "cumulative": false
    },
    {
        "date": "2020-09-11T08:58:27Z",
        "value": "555.6484375",
        "cumulative": false
    },
    {
        "date": "2020-09-11T08:58:41Z",
        "value": "534.5234375",
        "cumulative": false
    },
    {
        "date": "2020-09-11T08:59:01Z",
        "value": "238.2578125",
        "cumulative": false
    },
    {
        "date": "2020-09-11T08:59:14Z",
        "value": "238.1484375",
        "cumulative": false
    },
    {
        "date": "2020-09-11T08:59:26Z",
        "value": "583.7734375",
        "cumulative": false
    },
    {
        "date": "2020-09-11T08:59:45Z",
        "value": "238.1484375",
        "cumulative": false
    },
    {
        "date": "2020-09-11T09:00:00Z",
        "value": "238.1484375",
        "cumulative": false
    },
    {
        "date": "2020-09-11T09:00:17Z",
        "value": "238.1484375",
        "cumulative": false
    },
    {
        "date": "2020-09-11T09:00:33Z",
        "value": "238.2578125",
        "cumulative": false
    },
    {
        "date": "2020-09-11T09:00:47Z",
        "value": "238.1484375",
        "cumulative": false
    },
    {
        "date": "2020-09-11T09:01:00Z",
        "value": "238.2578125",
        "cumulative": false
    },
    {
        "date": "2020-09-11T09:01:14Z",
        "value": "238.2578125",
        "cumulative": false
    },
    {
        "date": "2020-09-11T09:01:25Z",
        "value": "420.98828125",
        "cumulative": false
    },
    {
        "date": "2020-09-11T09:01:42Z",
        "value": "574.98828125",
        "cumulative": false
    },
    {
        "date": "2020-09-11T09:02:02Z",
        "value": "420.9921875",
        "cumulative": false
    },
    {
        "date": "2020-09-11T09:02:20Z",
        "value": "421.015625",
        "cumulative": false
    },
    {
        "date": "2020-09-11T09:02:33Z",
        "value": "421.015625",
        "cumulative": false
    },
    {
        "date": "2020-09-11T09:02:44Z",
        "value": "621.36328125",
        "cumulative": false
    },
    {
        "date": "2020-09-11T09:03:02Z",
        "value": "421.0390625",
        "cumulative": false
    },
    {
        "date": "2020-09-11T09:03:17Z",
        "value": "420.98828125",
        "cumulative": false
    },
    {
        "date": "2020-09-11T09:03:31Z",
        "value": "595.140625",
        "cumulative": false
    },
    {
        "date": "2020-09-11T09:03:50Z",
        "value": "522.4921875",
        "cumulative": false
    },
    {
        "date": "2020-09-11T09:04:08Z",
        "value": "269.625",
        "cumulative": false
    },
    {
        "date": "2020-09-11T09:04:24Z",
        "value": "269.625",
        "cumulative": false
    },
    {
        "date": "2020-09-11T09:04:40Z",
        "value": "269.66796875",
        "cumulative": false
    },
    {
        "date": "2020-09-11T09:04:51Z",
        "value": "269.625",
        "cumulative": false
    },
    {
        "date": "2020-09-11T09:05:06Z",
        "value": "269.625",
        "cumulative": false
    },
    {
        "date": "2020-09-11T09:05:22Z",
        "value": "269.6328125",
        "cumulative": false
    },
    {
        "date": "2020-09-11T09:05:41Z",
        "value": "446.0",
        "cumulative": false
    },
    {
        "date": "2020-09-11T09:05:55Z",
        "value": "625.875",
        "cumulative": false
    },
    {
        "date": "2020-09-11T09:06:14Z",
        "value": "269.625",
        "cumulative": false
    },
    {
        "date": "2020-09-11T09:06:25Z",
        "value": "269.6328125",
        "cumulative": false
    },
    {
        "date": "2020-09-11T09:06:43Z",
        "value": "269.625",
        "cumulative": false
    },
    {
        "date": "2020-09-11T09:07:00Z",
        "value": "269.6328125",
        "cumulative": false
    },
    {
        "date": "2020-09-11T09:07:12Z",
        "value": "657.0",
        "cumulative": false
    },
    {
        "date": "2020-09-11T09:07:24Z",
        "value": "269.625",
        "cumulative": false
    },
    {
        "date": "2020-09-11T09:07:36Z",
        "value": "554.7578125",
        "cumulative": false
    },
    {
        "date": "2020-09-11T09:07:55Z",
        "value": "269.6328125",
        "cumulative": false
    },
    {
        "date": "2020-09-11T09:08:14Z",
        "value": "669.41796875",
        "cumulative": false
    },
    {
        "date": "2020-09-11T09:08:25Z",
        "value": "711.79296875",
        "cumulative": false
    },
    {
        "date": "2020-09-11T09:08:37Z",
        "value": "269.6328125",
        "cumulative": false
    },
    {
        "date": "2020-09-11T09:08:51Z",
        "value": "269.6328125",
        "cumulative": false
    },
    {
        "date": "2020-09-11T09:09:01Z",
        "value": "269.625",
        "cumulative": false
    },
    {
        "date": "2020-09-11T09:09:20Z",
        "value": "582.0078125",
        "cumulative": false
    },
    {
        "date": "2020-09-11T09:09:30Z",
        "value": "488.625",
        "cumulative": false
    },
    {
        "date": "2020-09-11T09:09:45Z",
        "value": "586.11328125",
        "cumulative": false
    },
    {
        "date": "2020-09-11T09:10:03Z",
        "value": "500.48828125",
        "cumulative": false
    },
    {
        "date": "2020-09-11T09:10:20Z",
        "value": "855.23828125",
        "cumulative": false
    },
    {
        "date": "2020-09-11T09:10:39Z",
        "value": "526.23828125",
        "cumulative": false
    },
    {
        "date": "2020-09-11T09:10:49Z",
        "value": "580.98046875",
        "cumulative": false
    },
    {
        "date": "2020-09-11T09:11:02Z",
        "value": "500.515625",
        "cumulative": false
    },
    {
        "date": "2020-09-11T09:11:15Z",
        "value": "525.73828125",
        "cumulative": false
    },
    {
        "date": "2020-09-11T09:11:31Z",
        "value": "532.11328125",
        "cumulative": false
    },
    {
        "date": "2020-09-11T09:11:44Z",
        "value": "784.48046875",
        "cumulative": false
    },
    {
        "date": "2020-09-11T09:11:56Z",
        "value": "500.48828125",
        "cumulative": false
    },
    {
        "date": "2020-09-11T09:12:11Z",
        "value": "500.48046875",
        "cumulative": false
    },
    {
        "date": "2020-09-11T09:12:30Z",
        "value": "500.515625",
        "cumulative": false
    },
    {
        "date": "2020-09-11T09:12:44Z",
        "value": "500.48828125",
        "cumulative": false
    },
    {
        "date": "2020-09-11T09:12:57Z",
        "value": "309.3828125",
        "cumulative": false
    },
    {
        "date": "2020-09-11T09:13:12Z",
        "value": "309.37890625",
        "cumulative": false
    },
    {
        "date": "2020-09-11T09:13:24Z",
        "value": "309.4296875",
        "cumulative": false
    },
    {
        "date": "2020-09-11T09:13:39Z",
        "value": "378.62890625",
        "cumulative": false
    },
    {
        "date": "2020-09-11T09:13:53Z",
        "value": "624.8828125",
        "cumulative": false
    },
    {
        "date": "2020-09-11T09:14:06Z",
        "value": "799.25390625",
        "cumulative": false
    },
    {
        "date": "2020-09-11T09:14:21Z",
        "value": "309.37890625",
        "cumulative": false
    },
    {
        "date": "2020-09-11T09:14:37Z",
        "value": "309.37890625",
        "cumulative": false
    },
    {
        "date": "2020-09-11T09:14:47Z",
        "value": "309.37890625",
        "cumulative": false
    },
    {
        "date": "2020-09-11T09:15:07Z",
        "value": "726.62890625",
        "cumulative": false
    },
    {
        "date": "2020-09-11T09:15:20Z",
        "value": "563.3828125",
        "cumulative": false
    },
    {
        "date": "2020-09-11T09:15:36Z",
        "value": "309.3828125",
        "cumulative": false
    },
    {
        "date": "2020-09-11T09:15:55Z",
        "value": "874.2578125",
        "cumulative": false
    },
    {
        "date": "2020-09-11T09:16:09Z",
        "value": "309.3828125",
        "cumulative": false
    },
    {
        "date": "2020-09-11T09:16:22Z",
        "value": "309.4296875",
        "cumulative": false
    },
    {
        "date": "2020-09-11T09:16:32Z",
        "value": "309.37890625",
        "cumulative": false
    },
    {
        "date": "2020-09-11T09:16:50Z",
        "value": "309.4296875",
        "cumulative": false
    },
    {
        "date": "2020-09-11T09:17:00Z",
        "value": "309.37890625",
        "cumulative": false
    },
    {
        "date": "2020-09-11T09:17:16Z",
        "value": "309.37890625",
        "cumulative": false
    },
    {
        "date": "2020-09-11T09:17:34Z",
        "value": "309.37890625",
        "cumulative": false
    },
    {
        "date": "2020-09-11T09:17:45Z",
        "value": "425.12890625",
        "cumulative": false
    },
    {
        "date": "2020-09-11T09:18:03Z",
        "value": "771.12890625",
        "cumulative": false
    },
    {
        "date": "2020-09-11T09:18:14Z",
        "value": "309.3828125",
        "cumulative": false
    },
    {
        "date": "2020-09-11T09:18:27Z",
        "value": "309.37890625",
        "cumulative": false
    },
    {
        "date": "2020-09-11T09:18:45Z",
        "value": "309.37890625",
        "cumulative": false
    },
    {
        "date": "2020-09-11T09:19:02Z",
        "value": "309.37890625",
        "cumulative": false
    },
    {
        "date": "2020-09-11T09:19:14Z",
        "value": "309.3828125",
        "cumulative": false
    },
    {
        "date": "2020-09-11T09:19:29Z",
        "value": "354.75390625",
        "cumulative": false
    },
    {
        "date": "2020-09-11T09:19:40Z",
        "value": "309.3828125",
        "cumulative": false
    },
    {
        "date": "2020-09-11T09:19:52Z",
        "value": "784.2578125",
        "cumulative": false
    },
    {
        "date": "2020-09-11T09:20:06Z",
        "value": "309.4296875",
        "cumulative": false
    },
    {
        "date": "2020-09-11T09:20:17Z",
        "value": "118.26171875",
        "cumulative": false
    }
]