[
    {
        "date": "2020-09-11T12:39:39Z",
        "value": "0.0009593963623046875",
        "cumulative": true
    },
    {
        "date": "2020-09-11T12:39:58Z",
        "value": "1291.918360710144",
        "cumulative": true
    },
    {
        "date": "2020-09-11T12:40:11Z",
        "value": "4058.8636169433594",
        "cumulative": true
    },
    {
        "date": "2020-09-11T12:40:30Z",
        "value": "7937.261254310608",
        "cumulative": true
    },
    {
        "date": "2020-09-11T12:40:47Z",
        "value": "10892.436347007751",
        "cumulative": true
    },
    {
        "date": "2020-09-11T12:40:58Z",
        "value": "12951.066550254822",
        "cumulative": true
    },
    {
        "date": "2020-09-11T12:41:13Z",
        "value": "16122.145701408386",
        "cumulative": true
    },
    {
        "date": "2020-09-11T12:41:26Z",
        "value": "18557.642273902893",
        "cumulative": true
    },
    {
        "date": "2020-09-11T12:41:44Z",
        "value": "21712.743411064148",
        "cumulative": true
    },
    {
        "date": "2020-09-11T12:42:03Z",
        "value": "25721.54345703125",
        "cumulative": true
    },
    {
        "date": "2020-09-11T12:42:14Z",
        "value": "27174.562991142273",
        "cumulative": true
    },
    {
        "date": "2020-09-11T12:42:30Z",
        "value": "30486.893738746643",
        "cumulative": true
    },
    {
        "date": "2020-09-11T12:42:48Z",
        "value": "33135.97703361511",
        "cumulative": true
    },
    {
        "date": "2020-09-11T12:43:05Z",
        "value": "36162.847504615784",
        "cumulative": true
    },
    {
        "date": "2020-09-11T12:43:22Z",
        "value": "39649.67415332794",
        "cumulative": true
    },
    {
        "date": "2020-09-11T12:43:37Z",
        "value": "41750.31980705261",
        "cumulative": true
    },
    {
        "date": "2020-09-11T12:43:51Z",
        "value": "43631.03783798218",
        "cumulative": true
    },
    {
        "date": "2020-09-11T12:44:05Z",
        "value": "46647.17546272278",
        "cumulative": true
    },
    {
        "date": "2020-09-11T12:44:16Z",
        "value": "49205.20700454712",
        "cumulative": true
    },
    {
        "date": "2020-09-11T12:44:28Z",
        "value": "51146.461194992065",
        "cumulative": true
    },
    {
        "date": "2020-09-11T12:44:41Z",
        "value": "52393.88684082031",
        "cumulative": true
    },
    {
        "date": "2020-09-11T12:44:52Z",
        "value": "53562.370319366455",
        "cumulative": true
    },
    {
        "date": "2020-09-11T12:45:06Z",
        "value": "55486.050461769104",
        "cumulative": true
    },
    {
        "date": "2020-09-11T12:45:19Z",
        "value": "58636.36434650421",
        "cumulative": true
    },
    {
        "date": "2020-09-11T12:45:30Z",
        "value": "61293.4071264267",
        "cumulative": true
    },
    {
        "date": "2020-09-11T12:45:48Z",
        "value": "64568.18577671051",
        "cumulative": true
    },
    {
        "date": "2020-09-11T12:46:04Z",
        "value": "66140.71085071564",
        "cumulative": true
    },
    {
        "date": "2020-09-11T12:46:18Z",
        "value": "67573.80583286285",
        "cumulative": true
    },
    {
        "date": "2020-09-11T12:46:32Z",
        "value": "69083.71233463287",
        "cumulative": true
    },
    {
        "date": "2020-09-11T12:46:46Z",
        "value": "72601.76397228241",
        "cumulative": true
    },
    {
        "date": "2020-09-11T12:46:57Z",
        "value": "75476.09570217133",
        "cumulative": true
    },
    {
        "date": "2020-09-11T12:47:12Z",
        "value": "79410.83103466034",
        "cumulative": true
    },
    {
        "date": "2020-09-11T12:47:22Z",
        "value": "81176.5763835907",
        "cumulative": true
    },
    {
        "date": "2020-09-11T12:47:41Z",
        "value": "83045.25690460205",
        "cumulative": true
    },
    {
        "date": "2020-09-11T12:47:55Z",
        "value": "84369.22093200684",
        "cumulative": true
    },
    {
        "date": "2020-09-11T12:48:06Z",
        "value": "85454.70028877258",
        "cumulative": true
    },
    {
        "date": "2020-09-11T12:48:20Z",
        "value": "86931.36807346344",
        "cumulative": true
    },
    {
        "date": "2020-09-11T12:48:37Z",
        "value": "90960.45543384552",
        "cumulative": true
    },
    {
        "date": "2020-09-11T12:48:47Z",
        "value": "93534.12636852264",
        "cumulative": true
    },
    {
        "date": "2020-09-11T12:48:59Z",
        "value": "96421.41456317902",
        "cumulative": true
    },
    {
        "date": "2020-09-11T12:49:15Z",
        "value": "100205.2080373764",
        "cumulative": true
    },
    {
        "date": "2020-09-11T12:49:30Z",
        "value": "102714.73786735535",
        "cumulative": true
    },
    {
        "date": "2020-09-11T12:49:42Z",
        "value": "103857.3975353241",
        "cumulative": true
    },
    {
        "date": "2020-09-11T12:49:56Z",
        "value": "105224.48350143433",
        "cumulative": true
    },
    {
        "date": "2020-09-11T12:50:10Z",
        "value": "106514.2103767395",
        "cumulative": true
    },
    {
        "date": "2020-09-11T12:50:26Z",
        "value": "108110.02983665466",
        "cumulative": true
    },
    {
        "date": "2020-09-11T12:50:44Z",
        "value": "110130.00860786438",
        "cumulative": true
    },
    {
        "date": "2020-09-11T12:51:02Z",
        "value": "114490.75727844238",
        "cumulative": true
    },
    {
        "date": "2020-09-11T12:51:14Z",
        "value": "117422.98418045044",
        "cumulative": true
    },
    {
        "date": "2020-09-11T12:51:27Z",
        "value": "120339.45174598694",
        "cumulative": true
    },
    {
        "date": "2020-09-11T12:51:44Z",
        "value": "124191.52913475037",
        "cumulative": true
    },
    {
        "date": "2020-09-11T12:52:00Z",
        "value": "128046.60841751099",
        "cumulative": true
    },
    {
        "date": "2020-09-11T12:52:18Z",
        "value": "130262.61054134369",
        "cumulative": true
    },
    {
        "date": "2020-09-11T12:52:34Z",
        "value": "131804.6183423996",
        "cumulative": true
    },
    {
        "date": "2020-09-11T12:52:54Z",
        "value": "133826.68351268768",
        "cumulative": true
    },
    {
        "date": "2020-09-11T12:53:12Z",
        "value": "135561.91698741913",
        "cumulative": true
    },
    {
        "date": "2020-09-11T12:53:25Z",
        "value": "136913.78994464874",
        "cumulative": true
    },
    {
        "date": "2020-09-11T12:53:38Z",
        "value": "138164.0557489395",
        "cumulative": true
    },
    {
        "date": "2020-09-11T12:53:56Z",
        "value": "142096.9036283493",
        "cumulative": true
    },
    {
        "date": "2020-09-11T12:54:13Z",
        "value": "145998.6404619217",
        "cumulative": true
    },
    {
        "date": "2020-09-11T12:54:32Z",
        "value": "150379.43540859222",
        "cumulative": true
    },
    {
        "date": "2020-09-11T12:54:50Z",
        "value": "154763.81656742096",
        "cumulative": true
    },
    {
        "date": "2020-09-11T12:55:07Z",
        "value": "158827.49700641632",
        "cumulative": true
    },
    {
        "date": "2020-09-11T12:55:23Z",
        "value": "162547.2632741928",
        "cumulative": true
    },
    {
        "date": "2020-09-11T12:55:38Z",
        "value": "164117.44429779053",
        "cumulative": true
    },
    {
        "date": "2020-09-11T12:55:50Z",
        "value": "165448.35051727295",
        "cumulative": true
    },
    {
        "date": "2020-09-11T12:56:02Z",
        "value": "166656.2850074768",
        "cumulative": true
    },
    {
        "date": "2020-09-11T12:56:15Z",
        "value": "167868.03820610046",
        "cumulative": true
    },
    {
        "date": "2020-09-11T12:56:35Z",
        "value": "169808.06093406677",
        "cumulative": true
    },
    {
        "date": "2020-09-11T12:56:47Z",
        "value": "171140.25626564026",
        "cumulative": true
    },
    {
        "date": "2020-09-11T12:57:02Z",
        "value": "172595.53253173828",
        "cumulative": true
    },
    {
        "date": "2020-09-11T12:57:16Z",
        "value": "173927.19849777222",
        "cumulative": true
    },
    {
        "date": "2020-09-11T12:57:27Z",
        "value": "175201.18785476685",
        "cumulative": true
    },
    {
        "date": "2020-09-11T12:57:43Z",
        "value": "179187.1219482422",
        "cumulative": true
    },
    {
        "date": "2020-09-11T12:57:58Z",
        "value": "182707.71527290344",
        "cumulative": true
    },
    {
        "date": "2020-09-11T12:58:15Z",
        "value": "186820.50961494446",
        "cumulative": true
    },
    {
        "date": "2020-09-11T12:58:35Z",
        "value": "191795.3653240204",
        "cumulative": true
    },
    {
        "date": "2020-09-11T12:58:51Z",
        "value": "195839.4548511505",
        "cumulative": true
    },
    {
        "date": "2020-09-11T12:59:10Z",
        "value": "200263.41172981262",
        "cumulative": true
    },
    {
        "date": "2020-09-11T12:59:24Z",
        "value": "203831.79061889648",
        "cumulative": true
    },
    {
        "date": "2020-09-11T12:59:44Z",
        "value": "206718.5056734085",
        "cumulative": true
    },
    {
        "date": "2020-09-11T12:59:59Z",
        "value": "208236.71141719818",
        "cumulative": true
    },
    {
        "date": "2020-09-11T13:00:15Z",
        "value": "209895.15819835663",
        "cumulative": true
    },
    {
        "date": "2020-09-11T13:00:35Z",
        "value": "211881.85052967072",
        "cumulative": true
    },
    {
        "date": "2020-09-11T13:00:54Z",
        "value": "213870.23997974396",
        "cumulative": true
    },
    {
        "date": "2020-09-11T13:01:06Z",
        "value": "215093.68667316437",
        "cumulative": true
    },
    {
        "date": "2020-09-11T13:01:24Z",
        "value": "216924.6569738388",
        "cumulative": true
    },
    {
        "date": "2020-09-11T13:01:36Z",
        "value": "218008.4170217514",
        "cumulative": true
    },
    {
        "date": "2020-09-11T13:01:51Z",
        "value": "219519.57639980316",
        "cumulative": true
    },
    {
        "date": "2020-09-11T13:02:09Z",
        "value": "222281.5605316162",
        "cumulative": true
    },
    {
        "date": "2020-09-11T13:02:21Z",
        "value": "225365.75300216675",
        "cumulative": true
    },
    {
        "date": "2020-09-11T13:02:33Z",
        "value": "228446.54184532166",
        "cumulative": true
    },
    {
        "date": "2020-09-11T13:02:51Z",
        "value": "233031.90340805054",
        "cumulative": true
    },
    {
        "date": "2020-09-11T13:03:10Z",
        "value": "237858.16708564758",
        "cumulative": true
    },
    {
        "date": "2020-09-11T13:03:30Z",
        "value": "242718.62571907043",
        "cumulative": true
    },
    {
        "date": "2020-09-11T13:03:47Z",
        "value": "246959.62330818176",
        "cumulative": true
    },
    {
        "date": "2020-09-11T13:04:01Z",
        "value": "250619.72183990479",
        "cumulative": true
    },
    {
        "date": "2020-09-11T13:04:17Z",
        "value": "254652.55068206787",
        "cumulative": true
    },
    {
        "date": "2020-09-11T13:04:33Z",
        "value": "258610.52922058105",
        "cumulative": true
    },
    {
        "date": "2020-09-11T13:04:45Z",
        "value": "260270.72705841064",
        "cumulative": true
    },
    {
        "date": "2020-09-11T13:04:58Z",
        "value": "261632.43329429626",
        "cumulative": true
    },
    {
        "date": "2020-09-11T13:05:09Z",
        "value": "262796.89782714844",
        "cumulative": true
    },
    {
        "date": "2020-09-11T13:05:27Z",
        "value": "264550.06639289856",
        "cumulative": true
    },
    {
        "date": "2020-09-11T13:05:38Z",
        "value": "265706.3400440216",
        "cumulative": true
    },
    {
        "date": "2020-09-11T13:05:49Z",
        "value": "266686.2311286926",
        "cumulative": true
    },
    {
        "date": "2020-09-11T13:06:07Z",
        "value": "268623.84818840027",
        "cumulative": true
    },
    {
        "date": "2020-09-11T13:06:18Z",
        "value": "269785.20956230164",
        "cumulative": true
    },
    {
        "date": "2020-09-11T13:06:32Z",
        "value": "271146.7825279236",
        "cumulative": true
    },
    {
        "date": "2020-09-11T13:06:50Z",
        "value": "273092.6248264313",
        "cumulative": true
    },
    {
        "date": "2020-09-11T13:07:09Z",
        "value": "274957.9053878784",
        "cumulative": true
    },
    {
        "date": "2020-09-11T13:07:19Z",
        "value": "276010.3698234558",
        "cumulative": true
    },
    {
        "date": "2020-09-11T13:07:32Z",
        "value": "277173.29783821106",
        "cumulative": true
    },
    {
        "date": "2020-09-11T13:07:45Z",
        "value": "278535.72050476074",
        "cumulative": true
    }
]