[
    {
        "date": "2020-09-11T12:39:31Z",
        "value": "1.76953125",
        "cumulative": false
    },
    {
        "date": "2020-09-11T12:39:45Z",
        "value": "891.8984375",
        "cumulative": false
    },
    {
        "date": "2020-09-11T12:40:02Z",
        "value": "1173.90234375",
        "cumulative": false
    },
    {
        "date": "2020-09-11T12:40:14Z",
        "value": "1178.2578125",
        "cumulative": false
    },
    {
        "date": "2020-09-11T12:40:24Z",
        "value": "1183.41796875",
        "cumulative": false
    },
    {
        "date": "2020-09-11T12:40:41Z",
        "value": "1191.6328125",
        "cumulative": false
    },
    {
        "date": "2020-09-11T12:40:51Z",
        "value": "1191.625",
        "cumulative": false
    },
    {
        "date": "2020-09-11T12:41:02Z",
        "value": "1197.359375",
        "cumulative": false
    },
    {
        "date": "2020-09-11T12:41:21Z",
        "value": "1204.5546875",
        "cumulative": false
    },
    {
        "date": "2020-09-11T12:41:39Z",
        "value": "1213.734375",
        "cumulative": false
    },
    {
        "date": "2020-09-11T12:41:58Z",
        "value": "1213.734375",
        "cumulative": false
    },
    {
        "date": "2020-09-11T12:42:12Z",
        "value": "1199.6484375",
        "cumulative": false
    },
    {
        "date": "2020-09-11T12:42:30Z",
        "value": "1198.08203125",
        "cumulative": false
    },
    {
        "date": "2020-09-11T12:42:41Z",
        "value": "1193.08984375",
        "cumulative": false
    },
    {
        "date": "2020-09-11T12:43:01Z",
        "value": "1193.10546875",
        "cumulative": false
    },
    {
        "date": "2020-09-11T12:43:18Z",
        "value": "1193.08984375",
        "cumulative": false
    },
    {
        "date": "2020-09-11T12:43:36Z",
        "value": "1258.453125",
        "cumulative": false
    },
    {
        "date": "2020-09-11T12:43:50Z",
        "value": "1199.28515625",
        "cumulative": false
    },
    {
        "date": "2020-09-11T12:44:01Z",
        "value": "1236.30859375",
        "cumulative": false
    },
    {
        "date": "2020-09-11T12:44:13Z",
        "value": "1234.10546875",
        "cumulative": false
    },
    {
        "date": "2020-09-11T12:44:27Z",
        "value": "1205.7265625",
        "cumulative": false
    },
    {
        "date": "2020-09-11T12:44:41Z",
        "value": "1199.28125",
        "cumulative": false
    },
    {
        "date": "2020-09-11T12:44:59Z",
        "value": "1219.984375",
        "cumulative": false
    },
    {
        "date": "2020-09-11T12:45:19Z",
        "value": "1249.3203125",
        "cumulative": false
    },
    {
        "date": "2020-09-11T12:45:35Z",
        "value": "1199.31640625",
        "cumulative": false
    },
    {
        "date": "2020-09-11T12:45:47Z",
        "value": "1199.390625",
        "cumulative": false
    },
    {
        "date": "2020-09-11T12:46:00Z",
        "value": "1199.375",
        "cumulative": false
    },
    {
        "date": "2020-09-11T12:46:11Z",
        "value": "1200.94921875",
        "cumulative": false
    },
    {
        "date": "2020-09-11T12:46:29Z",
        "value": "1199.30859375",
        "cumulative": false
    },
    {
        "date": "2020-09-11T12:46:45Z",
        "value": "1313.58984375",
        "cumulative": false
    },
    {
        "date": "2020-09-11T12:46:59Z",
        "value": "1259.5859375",
        "cumulative": false
    },
    {
        "date": "2020-09-11T12:47:18Z",
        "value": "1199.23046875",
        "cumulative": false
    },
    {
        "date": "2020-09-11T12:47:35Z",
        "value": "1282.51953125",
        "cumulative": false
    },
    {
        "date": "2020-09-11T12:47:54Z",
        "value": "1371.16796875",
        "cumulative": false
    },
    {
        "date": "2020-09-11T12:48:09Z",
        "value": "1258.83203125",
        "cumulative": false
    },
    {
        "date": "2020-09-11T12:48:28Z",
        "value": "1349.6484375",
        "cumulative": false
    },
    {
        "date": "2020-09-11T12:48:43Z",
        "value": "1268.2734375",
        "cumulative": false
    },
    {
        "date": "2020-09-11T12:49:00Z",
        "value": "1215.0234375",
        "cumulative": false
    },
    {
        "date": "2020-09-11T12:49:17Z",
        "value": "1349.6796875",
        "cumulative": false
    },
    {
        "date": "2020-09-11T12:49:29Z",
        "value": "1270.796875",
        "cumulative": false
    },
    {
        "date": "2020-09-11T12:49:43Z",
        "value": "1406.5625",
        "cumulative": false
    },
    {
        "date": "2020-09-11T12:50:03Z",
        "value": "1294.578125",
        "cumulative": false
    },
    {
        "date": "2020-09-11T12:50:21Z",
        "value": "1370.3125",
        "cumulative": false
    },
    {
        "date": "2020-09-11T12:50:40Z",
        "value": "1199.328125",
        "cumulative": false
    },
    {
        "date": "2020-09-11T12:50:54Z",
        "value": "1199.32421875",
        "cumulative": false
    },
    {
        "date": "2020-09-11T12:51:06Z",
        "value": "1389.17578125",
        "cumulative": false
    },
    {
        "date": "2020-09-11T12:51:18Z",
        "value": "1199.23828125",
        "cumulative": false
    },
    {
        "date": "2020-09-11T12:51:33Z",
        "value": "1273.53125",
        "cumulative": false
    },
    {
        "date": "2020-09-11T12:51:53Z",
        "value": "1346.81640625",
        "cumulative": false
    },
    {
        "date": "2020-09-11T12:52:05Z",
        "value": "1199.34375",
        "cumulative": false
    },
    {
        "date": "2020-09-11T12:52:18Z",
        "value": "1429.0",
        "cumulative": false
    },
    {
        "date": "2020-09-11T12:52:28Z",
        "value": "1199.34375",
        "cumulative": false
    },
    {
        "date": "2020-09-11T12:52:44Z",
        "value": "1336.96875",
        "cumulative": false
    },
    {
        "date": "2020-09-11T12:52:55Z",
        "value": "1409.8125",
        "cumulative": false
    },
    {
        "date": "2020-09-11T12:53:13Z",
        "value": "1244.15625",
        "cumulative": false
    },
    {
        "date": "2020-09-11T12:53:24Z",
        "value": "1199.28125",
        "cumulative": false
    },
    {
        "date": "2020-09-11T12:53:39Z",
        "value": "1294.625",
        "cumulative": false
    },
    {
        "date": "2020-09-11T12:53:50Z",
        "value": "1199.359375",
        "cumulative": false
    },
    {
        "date": "2020-09-11T12:54:06Z",
        "value": "1199.30859375",
        "cumulative": false
    },
    {
        "date": "2020-09-11T12:54:18Z",
        "value": "1199.29296875",
        "cumulative": false
    },
    {
        "date": "2020-09-11T12:54:38Z",
        "value": "1288.6953125",
        "cumulative": false
    },
    {
        "date": "2020-09-11T12:54:50Z",
        "value": "1199.3046875",
        "cumulative": false
    },
    {
        "date": "2020-09-11T12:55:08Z",
        "value": "1199.34375",
        "cumulative": false
    },
    {
        "date": "2020-09-11T12:55:27Z",
        "value": "1363.58203125",
        "cumulative": false
    },
    {
        "date": "2020-09-11T12:55:40Z",
        "value": "1424.2890625",
        "cumulative": false
    },
    {
        "date": "2020-09-11T12:55:57Z",
        "value": "1379.015625",
        "cumulative": false
    },
    {
        "date": "2020-09-11T12:56:16Z",
        "value": "1296.703125",
        "cumulative": false
    },
    {
        "date": "2020-09-11T12:56:28Z",
        "value": "1349.5078125",
        "cumulative": false
    },
    {
        "date": "2020-09-11T12:56:45Z",
        "value": "1249.484375",
        "cumulative": false
    },
    {
        "date": "2020-09-11T12:56:59Z",
        "value": "1199.375",
        "cumulative": false
    },
    {
        "date": "2020-09-11T12:57:18Z",
        "value": "1323.20703125",
        "cumulative": false
    },
    {
        "date": "2020-09-11T12:57:32Z",
        "value": "1380.45703125",
        "cumulative": false
    },
    {
        "date": "2020-09-11T12:57:43Z",
        "value": "1199.31640625",
        "cumulative": false
    },
    {
        "date": "2020-09-11T12:57:58Z",
        "value": "1199.32421875",
        "cumulative": false
    },
    {
        "date": "2020-09-11T12:58:11Z",
        "value": "1292.43359375",
        "cumulative": false
    },
    {
        "date": "2020-09-11T12:58:29Z",
        "value": "1199.28515625",
        "cumulative": false
    },
    {
        "date": "2020-09-11T12:58:44Z",
        "value": "1256.94140625",
        "cumulative": false
    },
    {
        "date": "2020-09-11T12:58:57Z",
        "value": "1199.30078125",
        "cumulative": false
    },
    {
        "date": "2020-09-11T12:59:08Z",
        "value": "1199.26171875",
        "cumulative": false
    },
    {
        "date": "2020-09-11T12:59:19Z",
        "value": "1199.34765625",
        "cumulative": false
    },
    {
        "date": "2020-09-11T12:59:33Z",
        "value": "1575.73828125",
        "cumulative": false
    },
    {
        "date": "2020-09-11T12:59:46Z",
        "value": "1550.8046875",
        "cumulative": false
    },
    {
        "date": "2020-09-11T12:59:56Z",
        "value": "1361.42578125",
        "cumulative": false
    },
    {
        "date": "2020-09-11T13:00:09Z",
        "value": "1650.20703125",
        "cumulative": false
    },
    {
        "date": "2020-09-11T13:00:22Z",
        "value": "1515.2734375",
        "cumulative": false
    },
    {
        "date": "2020-09-11T13:00:38Z",
        "value": "1199.28515625",
        "cumulative": false
    },
    {
        "date": "2020-09-11T13:00:51Z",
        "value": "1199.31640625",
        "cumulative": false
    },
    {
        "date": "2020-09-11T13:01:05Z",
        "value": "1271.6328125",
        "cumulative": false
    },
    {
        "date": "2020-09-11T13:01:18Z",
        "value": "1593.0390625",
        "cumulative": false
    },
    {
        "date": "2020-09-11T13:01:37Z",
        "value": "1510.62109375",
        "cumulative": false
    },
    {
        "date": "2020-09-11T13:01:48Z",
        "value": "1471.3671875",
        "cumulative": false
    },
    {
        "date": "2020-09-11T13:02:08Z",
        "value": "1415.1875",
        "cumulative": false
    },
    {
        "date": "2020-09-11T13:02:26Z",
        "value": "1199.34375",
        "cumulative": false
    },
    {
        "date": "2020-09-11T13:02:46Z",
        "value": "1199.375",
        "cumulative": false
    },
    {
        "date": "2020-09-11T13:03:00Z",
        "value": "1199.28125",
        "cumulative": false
    },
    {
        "date": "2020-09-11T13:03:18Z",
        "value": "1581.5",
        "cumulative": false
    },
    {
        "date": "2020-09-11T13:03:28Z",
        "value": "1320.96875",
        "cumulative": false
    },
    {
        "date": "2020-09-11T13:03:47Z",
        "value": "1199.375",
        "cumulative": false
    },
    {
        "date": "2020-09-11T13:03:59Z",
        "value": "1199.375",
        "cumulative": false
    },
    {
        "date": "2020-09-11T13:04:10Z",
        "value": "1411.390625",
        "cumulative": false
    },
    {
        "date": "2020-09-11T13:04:23Z",
        "value": "1573.1171875",
        "cumulative": false
    },
    {
        "date": "2020-09-11T13:04:41Z",
        "value": "1429.40625",
        "cumulative": false
    },
    {
        "date": "2020-09-11T13:04:56Z",
        "value": "1415.625",
        "cumulative": false
    },
    {
        "date": "2020-09-11T13:05:10Z",
        "value": "1199.34375",
        "cumulative": false
    },
    {
        "date": "2020-09-11T13:05:29Z",
        "value": "1609.10546875",
        "cumulative": false
    },
    {
        "date": "2020-09-11T13:05:45Z",
        "value": "1287.4921875",
        "cumulative": false
    },
    {
        "date": "2020-09-11T13:05:58Z",
        "value": "1595.375",
        "cumulative": false
    },
    {
        "date": "2020-09-11T13:06:17Z",
        "value": "1558.1796875",
        "cumulative": false
    },
    {
        "date": "2020-09-11T13:06:30Z",
        "value": "1341.98046875",
        "cumulative": false
    },
    {
        "date": "2020-09-11T13:06:42Z",
        "value": "1199.28125",
        "cumulative": false
    },
    {
        "date": "2020-09-11T13:07:01Z",
        "value": "1671.41796875",
        "cumulative": false
    },
    {
        "date": "2020-09-11T13:07:21Z",
        "value": "1286.140625",
        "cumulative": false
    },
    {
        "date": "2020-09-11T13:07:38Z",
        "value": "1199.27734375",
        "cumulative": false
    },
    {
        "date": "2020-09-11T13:07:53Z",
        "value": "1199.265625",
        "cumulative": false
    }
]