[
    {
        "date": "2020-09-11T12:39:31Z",
        "value": "1.6953125",
        "cumulative": false
    },
    {
        "date": "2020-09-11T12:39:46Z",
        "value": "1148.1796875",
        "cumulative": false
    },
    {
        "date": "2020-09-11T12:40:05Z",
        "value": "1173.2890625",
        "cumulative": false
    },
    {
        "date": "2020-09-11T12:40:25Z",
        "value": "1181.61328125",
        "cumulative": false
    },
    {
        "date": "2020-09-11T12:40:36Z",
        "value": "1185.25390625",
        "cumulative": false
    },
    {
        "date": "2020-09-11T12:40:49Z",
        "value": "1189.78515625",
        "cumulative": false
    },
    {
        "date": "2020-09-11T12:41:05Z",
        "value": "1195.546875",
        "cumulative": false
    },
    {
        "date": "2020-09-11T12:41:18Z",
        "value": "1202.8046875",
        "cumulative": false
    },
    {
        "date": "2020-09-11T12:41:36Z",
        "value": "1211.98046875",
        "cumulative": false
    },
    {
        "date": "2020-09-11T12:41:47Z",
        "value": "1211.98046875",
        "cumulative": false
    },
    {
        "date": "2020-09-11T12:42:01Z",
        "value": "1210.80078125",
        "cumulative": false
    },
    {
        "date": "2020-09-11T12:42:18Z",
        "value": "1186.47265625",
        "cumulative": false
    },
    {
        "date": "2020-09-11T12:42:38Z",
        "value": "1192.9609375",
        "cumulative": false
    },
    {
        "date": "2020-09-11T12:42:54Z",
        "value": "1191.3359375",
        "cumulative": false
    },
    {
        "date": "2020-09-11T12:43:12Z",
        "value": "1250.55078125",
        "cumulative": false
    },
    {
        "date": "2020-09-11T12:43:27Z",
        "value": "1231.42578125",
        "cumulative": false
    },
    {
        "date": "2020-09-11T12:43:46Z",
        "value": "1197.5546875",
        "cumulative": false
    },
    {
        "date": "2020-09-11T12:44:02Z",
        "value": "1197.57421875",
        "cumulative": false
    },
    {
        "date": "2020-09-11T12:44:15Z",
        "value": "1252.06640625",
        "cumulative": false
    },
    {
        "date": "2020-09-11T12:44:25Z",
        "value": "1273.1796875",
        "cumulative": false
    },
    {
        "date": "2020-09-11T12:44:39Z",
        "value": "1296.3203125",
        "cumulative": false
    },
    {
        "date": "2020-09-11T12:44:52Z",
        "value": "1236.30078125",
        "cumulative": false
    },
    {
        "date": "2020-09-11T12:45:09Z",
        "value": "1264.640625",
        "cumulative": false
    },
    {
        "date": "2020-09-11T12:45:21Z",
        "value": "1291.93359375",
        "cumulative": false
    },
    {
        "date": "2020-09-11T12:45:35Z",
        "value": "1197.515625",
        "cumulative": false
    },
    {
        "date": "2020-09-11T12:45:53Z",
        "value": "1313.23046875",
        "cumulative": false
    },
    {
        "date": "2020-09-11T12:46:10Z",
        "value": "1252.16015625",
        "cumulative": false
    },
    {
        "date": "2020-09-11T12:46:27Z",
        "value": "1298.61328125",
        "cumulative": false
    },
    {
        "date": "2020-09-11T12:46:38Z",
        "value": "1228.11328125",
        "cumulative": false
    },
    {
        "date": "2020-09-11T12:46:52Z",
        "value": "1278.34765625",
        "cumulative": false
    },
    {
        "date": "2020-09-11T12:47:05Z",
        "value": "1197.58984375",
        "cumulative": false
    },
    {
        "date": "2020-09-11T12:47:18Z",
        "value": "1197.5078125",
        "cumulative": false
    },
    {
        "date": "2020-09-11T12:47:35Z",
        "value": "1197.484375",
        "cumulative": false
    },
    {
        "date": "2020-09-11T12:47:50Z",
        "value": "1263.51953125",
        "cumulative": false
    },
    {
        "date": "2020-09-11T12:48:09Z",
        "value": "1297.26171875",
        "cumulative": false
    },
    {
        "date": "2020-09-11T12:48:24Z",
        "value": "1197.4921875",
        "cumulative": false
    },
    {
        "date": "2020-09-11T12:48:43Z",
        "value": "1238.30078125",
        "cumulative": false
    },
    {
        "date": "2020-09-11T12:48:58Z",
        "value": "1288.26953125",
        "cumulative": false
    },
    {
        "date": "2020-09-11T12:49:09Z",
        "value": "1241.98828125",
        "cumulative": false
    },
    {
        "date": "2020-09-11T12:49:26Z",
        "value": "1379.16015625",
        "cumulative": false
    },
    {
        "date": "2020-09-11T12:49:44Z",
        "value": "1197.51953125",
        "cumulative": false
    },
    {
        "date": "2020-09-11T12:50:04Z",
        "value": "1332.78515625",
        "cumulative": false
    },
    {
        "date": "2020-09-11T12:50:24Z",
        "value": "1353.55078125",
        "cumulative": false
    },
    {
        "date": "2020-09-11T12:50:34Z",
        "value": "1197.64453125",
        "cumulative": false
    },
    {
        "date": "2020-09-11T12:50:48Z",
        "value": "1290.9765625",
        "cumulative": false
    },
    {
        "date": "2020-09-11T12:51:04Z",
        "value": "1197.5859375",
        "cumulative": false
    },
    {
        "date": "2020-09-11T12:51:18Z",
        "value": "1197.6171875",
        "cumulative": false
    },
    {
        "date": "2020-09-11T12:51:30Z",
        "value": "1249.48046875",
        "cumulative": false
    },
    {
        "date": "2020-09-11T12:51:47Z",
        "value": "1387.46484375",
        "cumulative": false
    },
    {
        "date": "2020-09-11T12:51:58Z",
        "value": "1197.56640625",
        "cumulative": false
    },
    {
        "date": "2020-09-11T12:52:14Z",
        "value": "1215.2890625",
        "cumulative": false
    },
    {
        "date": "2020-09-11T12:52:34Z",
        "value": "1273.0390625",
        "cumulative": false
    },
    {
        "date": "2020-09-11T12:52:45Z",
        "value": "1474.83984375",
        "cumulative": false
    },
    {
        "date": "2020-09-11T12:53:01Z",
        "value": "1457.37109375",
        "cumulative": false
    },
    {
        "date": "2020-09-11T12:53:16Z",
        "value": "1278.71484375",
        "cumulative": false
    },
    {
        "date": "2020-09-11T12:53:26Z",
        "value": "1476.65234375",
        "cumulative": false
    },
    {
        "date": "2020-09-11T12:53:42Z",
        "value": "1359.390625",
        "cumulative": false
    },
    {
        "date": "2020-09-11T12:54:02Z",
        "value": "1338.79296875",
        "cumulative": false
    },
    {
        "date": "2020-09-11T12:54:21Z",
        "value": "1197.5703125",
        "cumulative": false
    },
    {
        "date": "2020-09-11T12:54:34Z",
        "value": "1304.4296875",
        "cumulative": false
    },
    {
        "date": "2020-09-11T12:54:49Z",
        "value": "1197.62890625",
        "cumulative": false
    },
    {
        "date": "2020-09-11T12:55:03Z",
        "value": "1197.6015625",
        "cumulative": false
    },
    {
        "date": "2020-09-11T12:55:15Z",
        "value": "1264.2109375",
        "cumulative": false
    },
    {
        "date": "2020-09-11T12:55:25Z",
        "value": "1282.2265625",
        "cumulative": false
    },
    {
        "date": "2020-09-11T12:55:41Z",
        "value": "1232.72265625",
        "cumulative": false
    },
    {
        "date": "2020-09-11T12:55:53Z",
        "value": "1402.27734375",
        "cumulative": false
    },
    {
        "date": "2020-09-11T12:56:12Z",
        "value": "1197.58984375",
        "cumulative": false
    },
    {
        "date": "2020-09-11T12:56:29Z",
        "value": "1211.44140625",
        "cumulative": false
    },
    {
        "date": "2020-09-11T12:56:47Z",
        "value": "1489.54296875",
        "cumulative": false
    },
    {
        "date": "2020-09-11T12:57:06Z",
        "value": "1197.5859375",
        "cumulative": false
    },
    {
        "date": "2020-09-11T12:57:26Z",
        "value": "1197.5703125",
        "cumulative": false
    },
    {
        "date": "2020-09-11T12:57:40Z",
        "value": "1197.6015625",
        "cumulative": false
    },
    {
        "date": "2020-09-11T12:57:59Z",
        "value": "1197.5546875",
        "cumulative": false
    },
    {
        "date": "2020-09-11T12:58:17Z",
        "value": "1213.0078125",
        "cumulative": false
    },
    {
        "date": "2020-09-11T12:58:35Z",
        "value": "1500.3359375",
        "cumulative": false
    },
    {
        "date": "2020-09-11T12:58:46Z",
        "value": "1197.5703125",
        "cumulative": false
    },
    {
        "date": "2020-09-11T12:59:01Z",
        "value": "1336.828125",
        "cumulative": false
    },
    {
        "date": "2020-09-11T12:59:15Z",
        "value": "1203.359375",
        "cumulative": false
    },
    {
        "date": "2020-09-11T12:59:28Z",
        "value": "1197.59375",
        "cumulative": false
    },
    {
        "date": "2020-09-11T12:59:47Z",
        "value": "1257.77734375",
        "cumulative": false
    },
    {
        "date": "2020-09-11T13:00:00Z",
        "value": "1646.55859375",
        "cumulative": false
    },
    {
        "date": "2020-09-11T13:00:20Z",
        "value": "1197.55078125",
        "cumulative": false
    },
    {
        "date": "2020-09-11T13:00:31Z",
        "value": "1445.046875",
        "cumulative": false
    },
    {
        "date": "2020-09-11T13:00:51Z",
        "value": "1197.62890625",
        "cumulative": false
    },
    {
        "date": "2020-09-11T13:01:06Z",
        "value": "1368.5546875",
        "cumulative": false
    },
    {
        "date": "2020-09-11T13:01:17Z",
        "value": "1237.6015625",
        "cumulative": false
    },
    {
        "date": "2020-09-11T13:01:27Z",
        "value": "1197.59765625",
        "cumulative": false
    },
    {
        "date": "2020-09-11T13:01:45Z",
        "value": "1537.9609375",
        "cumulative": false
    },
    {
        "date": "2020-09-11T13:02:00Z",
        "value": "1310.7109375",
        "cumulative": false
    },
    {
        "date": "2020-09-11T13:02:17Z",
        "value": "1579.8125",
        "cumulative": false
    },
    {
        "date": "2020-09-11T13:02:31Z",
        "value": "1197.625",
        "cumulative": false
    },
    {
        "date": "2020-09-11T13:02:42Z",
        "value": "1475.21875",
        "cumulative": false
    },
    {
        "date": "2020-09-11T13:02:59Z",
        "value": "1463.8125",
        "cumulative": false
    },
    {
        "date": "2020-09-11T13:03:14Z",
        "value": "1290.875",
        "cumulative": false
    },
    {
        "date": "2020-09-11T13:03:33Z",
        "value": "1197.53125",
        "cumulative": false
    },
    {
        "date": "2020-09-11T13:03:48Z",
        "value": "1197.59375",
        "cumulative": false
    },
    {
        "date": "2020-09-11T13:04:08Z",
        "value": "1437.59375",
        "cumulative": false
    },
    {
        "date": "2020-09-11T13:04:24Z",
        "value": "1340.0625",
        "cumulative": false
    },
    {
        "date": "2020-09-11T13:04:43Z",
        "value": "1607.5703125",
        "cumulative": false
    },
    {
        "date": "2020-09-11T13:04:55Z",
        "value": "1197.62109375",
        "cumulative": false
    },
    {
        "date": "2020-09-11T13:05:12Z",
        "value": "1197.6328125",
        "cumulative": false
    },
    {
        "date": "2020-09-11T13:05:26Z",
        "value": "1197.55859375",
        "cumulative": false
    },
    {
        "date": "2020-09-11T13:05:44Z",
        "value": "1301.6953125",
        "cumulative": false
    },
    {
        "date": "2020-09-11T13:05:57Z",
        "value": "1197.62109375",
        "cumulative": false
    },
    {
        "date": "2020-09-11T13:06:08Z",
        "value": "1764.98828125",
        "cumulative": false
    },
    {
        "date": "2020-09-11T13:06:27Z",
        "value": "1718.66796875",
        "cumulative": false
    },
    {
        "date": "2020-09-11T13:06:41Z",
        "value": "1483.5625",
        "cumulative": false
    },
    {
        "date": "2020-09-11T13:06:54Z",
        "value": "1366.11328125",
        "cumulative": false
    },
    {
        "date": "2020-09-11T13:07:12Z",
        "value": "1507.375",
        "cumulative": false
    },
    {
        "date": "2020-09-11T13:07:28Z",
        "value": "1759.4453125",
        "cumulative": false
    },
    {
        "date": "2020-09-11T13:07:46Z",
        "value": "1197.625",
        "cumulative": false
    }
]