[
    {
        "date": "2020-09-11T12:39:44Z",
        "value": "0.007098197937011719",
        "cumulative": true
    },
    {
        "date": "2020-09-11T12:39:56Z",
        "value": "898.6905574798584",
        "cumulative": true
    },
    {
        "date": "2020-09-11T12:40:12Z",
        "value": "4396.381258010864",
        "cumulative": true
    },
    {
        "date": "2020-09-11T12:40:28Z",
        "value": "7341.672944068909",
        "cumulative": true
    },
    {
        "date": "2020-09-11T12:40:44Z",
        "value": "10385.22588634491",
        "cumulative": true
    },
    {
        "date": "2020-09-11T12:40:58Z",
        "value": "12955.396078109741",
        "cumulative": true
    },
    {
        "date": "2020-09-11T12:41:15Z",
        "value": "16346.884896278381",
        "cumulative": true
    },
    {
        "date": "2020-09-11T12:41:26Z",
        "value": "18369.10567188263",
        "cumulative": true
    },
    {
        "date": "2020-09-11T12:41:39Z",
        "value": "20867.53335762024",
        "cumulative": true
    },
    {
        "date": "2020-09-11T12:41:54Z",
        "value": "24211.42513847351",
        "cumulative": true
    },
    {
        "date": "2020-09-11T12:42:10Z",
        "value": "26539.429293632507",
        "cumulative": true
    },
    {
        "date": "2020-09-11T12:42:24Z",
        "value": "29187.73318386078",
        "cumulative": true
    },
    {
        "date": "2020-09-11T12:42:36Z",
        "value": "31671.13686466217",
        "cumulative": true
    },
    {
        "date": "2020-09-11T12:42:53Z",
        "value": "33768.21237850189",
        "cumulative": true
    },
    {
        "date": "2020-09-11T12:43:04Z",
        "value": "35950.0358915329",
        "cumulative": true
    },
    {
        "date": "2020-09-11T12:43:21Z",
        "value": "39476.16998958588",
        "cumulative": true
    },
    {
        "date": "2020-09-11T12:43:34Z",
        "value": "41308.38651943207",
        "cumulative": true
    },
    {
        "date": "2020-09-11T12:43:46Z",
        "value": "42801.75824260712",
        "cumulative": true
    },
    {
        "date": "2020-09-11T12:43:57Z",
        "value": "44847.31824302673",
        "cumulative": true
    },
    {
        "date": "2020-09-11T12:44:13Z",
        "value": "48401.76280975342",
        "cumulative": true
    },
    {
        "date": "2020-09-11T12:44:33Z",
        "value": "51644.98339557648",
        "cumulative": true
    },
    {
        "date": "2020-09-11T12:44:46Z",
        "value": "52933.27320575714",
        "cumulative": true
    },
    {
        "date": "2020-09-11T12:45:06Z",
        "value": "55493.90278053284",
        "cumulative": true
    },
    {
        "date": "2020-09-11T12:45:23Z",
        "value": "59498.81587791443",
        "cumulative": true
    },
    {
        "date": "2020-09-11T12:45:41Z",
        "value": "63697.22430610657",
        "cumulative": true
    },
    {
        "date": "2020-09-11T12:45:54Z",
        "value": "65128.17299461365",
        "cumulative": true
    },
    {
        "date": "2020-09-11T12:46:06Z",
        "value": "66364.84292602539",
        "cumulative": true
    },
    {
        "date": "2020-09-11T12:46:24Z",
        "value": "68131.40417671204",
        "cumulative": true
    },
    {
        "date": "2020-09-11T12:46:42Z",
        "value": "71517.94888877869",
        "cumulative": true
    },
    {
        "date": "2020-09-11T12:46:58Z",
        "value": "75605.36493682861",
        "cumulative": true
    },
    {
        "date": "2020-09-11T12:47:12Z",
        "value": "79442.25204277039",
        "cumulative": true
    },
    {
        "date": "2020-09-11T12:47:23Z",
        "value": "81185.66006278992",
        "cumulative": true
    },
    {
        "date": "2020-09-11T12:47:34Z",
        "value": "82268.4030342102",
        "cumulative": true
    },
    {
        "date": "2020-09-11T12:47:53Z",
        "value": "84197.83204269409",
        "cumulative": true
    },
    {
        "date": "2020-09-11T12:48:04Z",
        "value": "85281.80619239807",
        "cumulative": true
    },
    {
        "date": "2020-09-11T12:48:22Z",
        "value": "87327.09401702881",
        "cumulative": true
    },
    {
        "date": "2020-09-11T12:48:39Z",
        "value": "91504.30556488037",
        "cumulative": true
    },
    {
        "date": "2020-09-11T12:48:53Z",
        "value": "94846.77984046936",
        "cumulative": true
    },
    {
        "date": "2020-09-11T12:49:03Z",
        "value": "97348.13987731934",
        "cumulative": true
    },
    {
        "date": "2020-09-11T12:49:18Z",
        "value": "101078.97759819031",
        "cumulative": true
    },
    {
        "date": "2020-09-11T12:49:34Z",
        "value": "103207.17334651947",
        "cumulative": true
    },
    {
        "date": "2020-09-11T12:49:47Z",
        "value": "104344.63421535492",
        "cumulative": true
    },
    {
        "date": "2020-09-11T12:49:57Z",
        "value": "105335.31969165802",
        "cumulative": true
    },
    {
        "date": "2020-09-11T12:50:08Z",
        "value": "106381.75586605072",
        "cumulative": true
    },
    {
        "date": "2020-09-11T12:50:27Z",
        "value": "108234.09936237335",
        "cumulative": true
    },
    {
        "date": "2020-09-11T12:50:45Z",
        "value": "110571.90813541412",
        "cumulative": true
    },
    {
        "date": "2020-09-11T12:51:02Z",
        "value": "114419.95602703094",
        "cumulative": true
    },
    {
        "date": "2020-09-11T12:51:20Z",
        "value": "118766.19292354584",
        "cumulative": true
    },
    {
        "date": "2020-09-11T12:51:35Z",
        "value": "122318.99616527557",
        "cumulative": true
    },
    {
        "date": "2020-09-11T12:51:54Z",
        "value": "126751.43576717377",
        "cumulative": true
    },
    {
        "date": "2020-09-11T12:52:14Z",
        "value": "129836.74113368988",
        "cumulative": true
    },
    {
        "date": "2020-09-11T12:52:28Z",
        "value": "131280.004696846",
        "cumulative": true
    },
    {
        "date": "2020-09-11T12:52:39Z",
        "value": "132366.4838399887",
        "cumulative": true
    },
    {
        "date": "2020-09-11T12:52:53Z",
        "value": "133781.62770938873",
        "cumulative": true
    },
    {
        "date": "2020-09-11T12:53:11Z",
        "value": "135509.076294899",
        "cumulative": true
    },
    {
        "date": "2020-09-11T12:53:31Z",
        "value": "137433.13798427582",
        "cumulative": true
    },
    {
        "date": "2020-09-11T12:53:50Z",
        "value": "140432.35854053497",
        "cumulative": true
    },
    {
        "date": "2020-09-11T12:54:00Z",
        "value": "143098.4717950821",
        "cumulative": true
    },
    {
        "date": "2020-09-11T12:54:13Z",
        "value": "145788.99237155914",
        "cumulative": true
    },
    {
        "date": "2020-09-11T12:54:24Z",
        "value": "148434.04531002045",
        "cumulative": true
    },
    {
        "date": "2020-09-11T12:54:38Z",
        "value": "151833.69770526886",
        "cumulative": true
    },
    {
        "date": "2020-09-11T12:54:54Z",
        "value": "155705.36955165863",
        "cumulative": true
    },
    {
        "date": "2020-09-11T12:55:05Z",
        "value": "158172.3661146164",
        "cumulative": true
    },
    {
        "date": "2020-09-11T12:55:17Z",
        "value": "161069.84382724762",
        "cumulative": true
    },
    {
        "date": "2020-09-11T12:55:35Z",
        "value": "163866.99704742432",
        "cumulative": true
    },
    {
        "date": "2020-09-11T12:55:49Z",
        "value": "165323.5302886963",
        "cumulative": true
    },
    {
        "date": "2020-09-11T12:55:59Z",
        "value": "166292.84363365173",
        "cumulative": true
    },
    {
        "date": "2020-09-11T12:56:13Z",
        "value": "167706.54053497314",
        "cumulative": true
    },
    {
        "date": "2020-09-11T12:56:32Z",
        "value": "169569.29661941528",
        "cumulative": true
    },
    {
        "date": "2020-09-11T12:56:46Z",
        "value": "171030.2974948883",
        "cumulative": true
    },
    {
        "date": "2020-09-11T12:56:59Z",
        "value": "172367.13954925537",
        "cumulative": true
    },
    {
        "date": "2020-09-11T12:57:11Z",
        "value": "173560.66720199585",
        "cumulative": true
    },
    {
        "date": "2020-09-11T12:57:26Z",
        "value": "175224.35510730743",
        "cumulative": true
    },
    {
        "date": "2020-09-11T12:57:42Z",
        "value": "179206.88832187653",
        "cumulative": true
    },
    {
        "date": "2020-09-11T12:57:52Z",
        "value": "181493.63054561615",
        "cumulative": true
    },
    {
        "date": "2020-09-11T12:58:12Z",
        "value": "186246.92842960358",
        "cumulative": true
    },
    {
        "date": "2020-09-11T12:58:31Z",
        "value": "191049.1061372757",
        "cumulative": true
    },
    {
        "date": "2020-09-11T12:58:48Z",
        "value": "195008.3561143875",
        "cumulative": true
    },
    {
        "date": "2020-09-11T12:59:00Z",
        "value": "197881.81236934662",
        "cumulative": true
    },
    {
        "date": "2020-09-11T12:59:12Z",
        "value": "200939.7101945877",
        "cumulative": true
    },
    {
        "date": "2020-09-11T12:59:31Z",
        "value": "205528.75139045715",
        "cumulative": true
    },
    {
        "date": "2020-09-11T12:59:44Z",
        "value": "206902.00716018677",
        "cumulative": true
    },
    {
        "date": "2020-09-11T12:59:56Z",
        "value": "208123.00951766968",
        "cumulative": true
    },
    {
        "date": "2020-09-11T13:00:08Z",
        "value": "209196.5951309204",
        "cumulative": true
    },
    {
        "date": "2020-09-11T13:00:27Z",
        "value": "211185.69944000244",
        "cumulative": true
    },
    {
        "date": "2020-09-11T13:00:40Z",
        "value": "212564.08819580078",
        "cumulative": true
    },
    {
        "date": "2020-09-11T13:00:53Z",
        "value": "213789.82128334045",
        "cumulative": true
    },
    {
        "date": "2020-09-11T13:01:03Z",
        "value": "214860.34819221497",
        "cumulative": true
    },
    {
        "date": "2020-09-11T13:01:16Z",
        "value": "216089.95005226135",
        "cumulative": true
    },
    {
        "date": "2020-09-11T13:01:32Z",
        "value": "217773.36305999756",
        "cumulative": true
    },
    {
        "date": "2020-09-11T13:01:44Z",
        "value": "218997.87371635437",
        "cumulative": true
    },
    {
        "date": "2020-09-11T13:02:03Z",
        "value": "220836.42613697052",
        "cumulative": true
    },
    {
        "date": "2020-09-11T13:02:20Z",
        "value": "225332.26455020905",
        "cumulative": true
    },
    {
        "date": "2020-09-11T13:02:35Z",
        "value": "228948.02315235138",
        "cumulative": true
    },
    {
        "date": "2020-09-11T13:02:54Z",
        "value": "233964.85784244537",
        "cumulative": true
    },
    {
        "date": "2020-09-11T13:03:08Z",
        "value": "237439.26027965546",
        "cumulative": true
    },
    {
        "date": "2020-09-11T13:03:18Z",
        "value": "240122.75183582306",
        "cumulative": true
    },
    {
        "date": "2020-09-11T13:03:34Z",
        "value": "243803.1460943222",
        "cumulative": true
    },
    {
        "date": "2020-09-11T13:03:52Z",
        "value": "248282.57821941376",
        "cumulative": true
    },
    {
        "date": "2020-09-11T13:04:12Z",
        "value": "253288.5084180832",
        "cumulative": true
    },
    {
        "date": "2020-09-11T13:04:29Z",
        "value": "257892.67145633698",
        "cumulative": true
    },
    {
        "date": "2020-09-11T13:04:41Z",
        "value": "260020.00391674042",
        "cumulative": true
    },
    {
        "date": "2020-09-11T13:04:53Z",
        "value": "261179.81158733368",
        "cumulative": true
    },
    {
        "date": "2020-09-11T13:05:05Z",
        "value": "262528.9126710892",
        "cumulative": true
    },
    {
        "date": "2020-09-11T13:05:24Z",
        "value": "264267.9357481003",
        "cumulative": true
    },
    {
        "date": "2020-09-11T13:05:34Z",
        "value": "265277.5146741867",
        "cumulative": true
    },
    {
        "date": "2020-09-11T13:05:49Z",
        "value": "266978.5312280655",
        "cumulative": true
    },
    {
        "date": "2020-09-11T13:06:02Z",
        "value": "268145.0442800522",
        "cumulative": true
    },
    {
        "date": "2020-09-11T13:06:13Z",
        "value": "269309.4116334915",
        "cumulative": true
    },
    {
        "date": "2020-09-11T13:06:29Z",
        "value": "270860.4645757675",
        "cumulative": true
    },
    {
        "date": "2020-09-11T13:06:40Z",
        "value": "272050.8443593979",
        "cumulative": true
    },
    {
        "date": "2020-09-11T13:06:54Z",
        "value": "273574.6191415787",
        "cumulative": true
    },
    {
        "date": "2020-09-11T13:07:06Z",
        "value": "274738.6002969742",
        "cumulative": true
    },
    {
        "date": "2020-09-11T13:07:17Z",
        "value": "275894.16891765594",
        "cumulative": true
    },
    {
        "date": "2020-09-11T13:07:37Z",
        "value": "277825.15155506134",
        "cumulative": true
    },
    {
        "date": "2020-09-11T13:07:54Z",
        "value": "278792.72208595276",
        "cumulative": true
    }
]