[
    {
        "date": "2020-09-11T12:39:44Z",
        "value": "0.0029621124267578125",
        "cumulative": true
    },
    {
        "date": "2020-09-11T12:39:56Z",
        "value": "898.5027770996094",
        "cumulative": true
    },
    {
        "date": "2020-09-11T12:40:12Z",
        "value": "4407.764755249023",
        "cumulative": true
    },
    {
        "date": "2020-09-11T12:40:28Z",
        "value": "7354.35847568512",
        "cumulative": true
    },
    {
        "date": "2020-09-11T12:40:44Z",
        "value": "10406.116181373596",
        "cumulative": true
    },
    {
        "date": "2020-09-11T12:40:58Z",
        "value": "12975.915424346924",
        "cumulative": true
    },
    {
        "date": "2020-09-11T12:41:15Z",
        "value": "16388.873517036438",
        "cumulative": true
    },
    {
        "date": "2020-09-11T12:41:26Z",
        "value": "18411.83231830597",
        "cumulative": true
    },
    {
        "date": "2020-09-11T12:41:39Z",
        "value": "20905.287229537964",
        "cumulative": true
    },
    {
        "date": "2020-09-11T12:41:54Z",
        "value": "24239.269971847534",
        "cumulative": true
    },
    {
        "date": "2020-09-11T12:42:10Z",
        "value": "26559.229620933533",
        "cumulative": true
    },
    {
        "date": "2020-09-11T12:42:24Z",
        "value": "29197.749707221985",
        "cumulative": true
    },
    {
        "date": "2020-09-11T12:42:36Z",
        "value": "31678.204112052917",
        "cumulative": true
    },
    {
        "date": "2020-09-11T12:42:53Z",
        "value": "33767.7293844223",
        "cumulative": true
    },
    {
        "date": "2020-09-11T12:43:04Z",
        "value": "35947.90805912018",
        "cumulative": true
    },
    {
        "date": "2020-09-11T12:43:21Z",
        "value": "39465.92245006561",
        "cumulative": true
    },
    {
        "date": "2020-09-11T12:43:34Z",
        "value": "41294.145031929016",
        "cumulative": true
    },
    {
        "date": "2020-09-11T12:43:46Z",
        "value": "42785.92632770538",
        "cumulative": true
    },
    {
        "date": "2020-09-11T12:43:57Z",
        "value": "44828.52328491211",
        "cumulative": true
    },
    {
        "date": "2020-09-11T12:44:13Z",
        "value": "48375.694173812866",
        "cumulative": true
    },
    {
        "date": "2020-09-11T12:44:33Z",
        "value": "51623.503376960754",
        "cumulative": true
    },
    {
        "date": "2020-09-11T12:44:46Z",
        "value": "52915.470187187195",
        "cumulative": true
    },
    {
        "date": "2020-09-11T12:45:06Z",
        "value": "55477.75514602661",
        "cumulative": true
    },
    {
        "date": "2020-09-11T12:45:23Z",
        "value": "59487.896785736084",
        "cumulative": true
    },
    {
        "date": "2020-09-11T12:45:41Z",
        "value": "63700.32627296448",
        "cumulative": true
    },
    {
        "date": "2020-09-11T12:45:54Z",
        "value": "65132.319232940674",
        "cumulative": true
    },
    {
        "date": "2020-09-11T12:46:06Z",
        "value": "66372.41409873962",
        "cumulative": true
    },
    {
        "date": "2020-09-11T12:46:24Z",
        "value": "68134.61294364929",
        "cumulative": true
    },
    {
        "date": "2020-09-11T12:46:42Z",
        "value": "71511.6383972168",
        "cumulative": true
    },
    {
        "date": "2020-09-11T12:46:58Z",
        "value": "75589.99521064758",
        "cumulative": true
    },
    {
        "date": "2020-09-11T12:47:12Z",
        "value": "79424.62015914917",
        "cumulative": true
    },
    {
        "date": "2020-09-11T12:47:23Z",
        "value": "81167.21368408203",
        "cumulative": true
    },
    {
        "date": "2020-09-11T12:47:34Z",
        "value": "82250.78127479553",
        "cumulative": true
    },
    {
        "date": "2020-09-11T12:47:53Z",
        "value": "84177.06914138794",
        "cumulative": true
    },
    {
        "date": "2020-09-11T12:48:04Z",
        "value": "85261.70434188843",
        "cumulative": true
    },
    {
        "date": "2020-09-11T12:48:22Z",
        "value": "87307.17966461182",
        "cumulative": true
    },
    {
        "date": "2020-09-11T12:48:39Z",
        "value": "91475.2423248291",
        "cumulative": true
    },
    {
        "date": "2020-09-11T12:48:53Z",
        "value": "94810.30054473877",
        "cumulative": true
    },
    {
        "date": "2020-09-11T12:49:03Z",
        "value": "97311.5234298706",
        "cumulative": true
    },
    {
        "date": "2020-09-11T12:49:18Z",
        "value": "101032.04473304749",
        "cumulative": true
    },
    {
        "date": "2020-09-11T12:49:34Z",
        "value": "103158.19620037079",
        "cumulative": true
    },
    {
        "date": "2020-09-11T12:49:47Z",
        "value": "104300.50427913666",
        "cumulative": true
    },
    {
        "date": "2020-09-11T12:49:57Z",
        "value": "105286.65709781647",
        "cumulative": true
    },
    {
        "date": "2020-09-11T12:50:08Z",
        "value": "106326.33808612823",
        "cumulative": true
    },
    {
        "date": "2020-09-11T12:50:27Z",
        "value": "108172.72922611237",
        "cumulative": true
    },
    {
        "date": "2020-09-11T12:50:45Z",
        "value": "110500.79450893402",
        "cumulative": true
    },
    {
        "date": "2020-09-11T12:51:02Z",
        "value": "114354.28136348724",
        "cumulative": true
    },
    {
        "date": "2020-09-11T12:51:20Z",
        "value": "118706.43331241608",
        "cumulative": true
    },
    {
        "date": "2020-09-11T12:51:35Z",
        "value": "122254.01466655731",
        "cumulative": true
    },
    {
        "date": "2020-09-11T12:51:54Z",
        "value": "126684.23259067535",
        "cumulative": true
    },
    {
        "date": "2020-09-11T12:52:14Z",
        "value": "129767.75904369354",
        "cumulative": true
    },
    {
        "date": "2020-09-11T12:52:28Z",
        "value": "131214.3660287857",
        "cumulative": true
    },
    {
        "date": "2020-09-11T12:52:39Z",
        "value": "132303.31466388702",
        "cumulative": true
    },
    {
        "date": "2020-09-11T12:52:53Z",
        "value": "133718.5609445572",
        "cumulative": true
    },
    {
        "date": "2020-09-11T12:53:11Z",
        "value": "135454.24770259857",
        "cumulative": true
    },
    {
        "date": "2020-09-11T12:53:31Z",
        "value": "137383.76171398163",
        "cumulative": true
    },
    {
        "date": "2020-09-11T12:53:50Z",
        "value": "140393.1230764389",
        "cumulative": true
    },
    {
        "date": "2020-09-11T12:54:00Z",
        "value": "143070.12458515167",
        "cumulative": true
    },
    {
        "date": "2020-09-11T12:54:13Z",
        "value": "145764.07384586334",
        "cumulative": true
    },
    {
        "date": "2020-09-11T12:54:24Z",
        "value": "148422.22975063324",
        "cumulative": true
    },
    {
        "date": "2020-09-11T12:54:38Z",
        "value": "151833.819231987",
        "cumulative": true
    },
    {
        "date": "2020-09-11T12:54:54Z",
        "value": "155720.02623462677",
        "cumulative": true
    },
    {
        "date": "2020-09-11T12:55:05Z",
        "value": "158188.6296892166",
        "cumulative": true
    },
    {
        "date": "2020-09-11T12:55:17Z",
        "value": "161077.48403263092",
        "cumulative": true
    },
    {
        "date": "2020-09-11T12:55:35Z",
        "value": "163866.0469532013",
        "cumulative": true
    },
    {
        "date": "2020-09-11T12:55:49Z",
        "value": "165318.11592674255",
        "cumulative": true
    },
    {
        "date": "2020-09-11T12:55:59Z",
        "value": "166284.32992362976",
        "cumulative": true
    },
    {
        "date": "2020-09-11T12:56:13Z",
        "value": "167698.4919281006",
        "cumulative": true
    },
    {
        "date": "2020-09-11T12:56:32Z",
        "value": "169557.49795532227",
        "cumulative": true
    },
    {
        "date": "2020-09-11T12:56:46Z",
        "value": "171009.3104724884",
        "cumulative": true
    },
    {
        "date": "2020-09-11T12:56:59Z",
        "value": "172342.1888065338",
        "cumulative": true
    },
    {
        "date": "2020-09-11T12:57:11Z",
        "value": "173534.57912826538",
        "cumulative": true
    },
    {
        "date": "2020-09-11T12:57:26Z",
        "value": "175189.78216075897",
        "cumulative": true
    },
    {
        "date": "2020-09-11T12:57:42Z",
        "value": "179163.20633220673",
        "cumulative": true
    },
    {
        "date": "2020-09-11T12:57:52Z",
        "value": "181448.45598888397",
        "cumulative": true
    },
    {
        "date": "2020-09-11T12:58:12Z",
        "value": "186192.09891223907",
        "cumulative": true
    },
    {
        "date": "2020-09-11T12:58:31Z",
        "value": "190992.07056331635",
        "cumulative": true
    },
    {
        "date": "2020-09-11T12:58:48Z",
        "value": "194946.51474666595",
        "cumulative": true
    },
    {
        "date": "2020-09-11T12:59:00Z",
        "value": "197808.81962490082",
        "cumulative": true
    },
    {
        "date": "2020-09-11T12:59:12Z",
        "value": "200861.25005626678",
        "cumulative": true
    },
    {
        "date": "2020-09-11T12:59:31Z",
        "value": "205446.6649799347",
        "cumulative": true
    },
    {
        "date": "2020-09-11T12:59:44Z",
        "value": "206819.94530296326",
        "cumulative": true
    },
    {
        "date": "2020-09-11T12:59:56Z",
        "value": "208041.85061073303",
        "cumulative": true
    },
    {
        "date": "2020-09-11T13:00:08Z",
        "value": "209113.96941375732",
        "cumulative": true
    },
    {
        "date": "2020-09-11T13:00:27Z",
        "value": "211100.1204814911",
        "cumulative": true
    },
    {
        "date": "2020-09-11T13:00:40Z",
        "value": "212478.63857460022",
        "cumulative": true
    },
    {
        "date": "2020-09-11T13:00:53Z",
        "value": "213701.60371017456",
        "cumulative": true
    },
    {
        "date": "2020-09-11T13:01:03Z",
        "value": "214771.02569007874",
        "cumulative": true
    },
    {
        "date": "2020-09-11T13:01:16Z",
        "value": "215991.6926059723",
        "cumulative": true
    },
    {
        "date": "2020-09-11T13:01:32Z",
        "value": "217672.273979187",
        "cumulative": true
    },
    {
        "date": "2020-09-11T13:01:44Z",
        "value": "218892.15079307556",
        "cumulative": true
    },
    {
        "date": "2020-09-11T13:02:03Z",
        "value": "220723.5170507431",
        "cumulative": true
    },
    {
        "date": "2020-09-11T13:02:20Z",
        "value": "225211.5778799057",
        "cumulative": true
    },
    {
        "date": "2020-09-11T13:02:35Z",
        "value": "228814.26984882355",
        "cumulative": true
    },
    {
        "date": "2020-09-11T13:02:54Z",
        "value": "233828.95248317719",
        "cumulative": true
    },
    {
        "date": "2020-09-11T13:03:08Z",
        "value": "237297.1164484024",
        "cumulative": true
    },
    {
        "date": "2020-09-11T13:03:18Z",
        "value": "239977.6140050888",
        "cumulative": true
    },
    {
        "date": "2020-09-11T13:03:34Z",
        "value": "243658.49085712433",
        "cumulative": true
    },
    {
        "date": "2020-09-11T13:03:52Z",
        "value": "248145.5634469986",
        "cumulative": true
    },
    {
        "date": "2020-09-11T13:04:12Z",
        "value": "253142.34660625458",
        "cumulative": true
    },
    {
        "date": "2020-09-11T13:04:29Z",
        "value": "257738.28450870514",
        "cumulative": true
    },
    {
        "date": "2020-09-11T13:04:41Z",
        "value": "259862.4844942093",
        "cumulative": true
    },
    {
        "date": "2020-09-11T13:04:53Z",
        "value": "261026.7384519577",
        "cumulative": true
    },
    {
        "date": "2020-09-11T13:05:05Z",
        "value": "262389.79788684845",
        "cumulative": true
    },
    {
        "date": "2020-09-11T13:05:24Z",
        "value": "264141.78463077545",
        "cumulative": true
    },
    {
        "date": "2020-09-11T13:05:34Z",
        "value": "265151.32057857513",
        "cumulative": true
    },
    {
        "date": "2020-09-11T13:05:49Z",
        "value": "266860.07117938995",
        "cumulative": true
    },
    {
        "date": "2020-09-11T13:06:02Z",
        "value": "268023.40489673615",
        "cumulative": true
    },
    {
        "date": "2020-09-11T13:06:13Z",
        "value": "269186.6511697769",
        "cumulative": true
    },
    {
        "date": "2020-09-11T13:06:29Z",
        "value": "270740.89953136444",
        "cumulative": true
    },
    {
        "date": "2020-09-11T13:06:40Z",
        "value": "271932.55251026154",
        "cumulative": true
    },
    {
        "date": "2020-09-11T13:06:54Z",
        "value": "273463.32814502716",
        "cumulative": true
    },
    {
        "date": "2020-09-11T13:07:06Z",
        "value": "274630.5477399826",
        "cumulative": true
    },
    {
        "date": "2020-09-11T13:07:17Z",
        "value": "275797.13052272797",
        "cumulative": true
    },
    {
        "date": "2020-09-11T13:07:37Z",
        "value": "277740.2264928818",
        "cumulative": true
    },
    {
        "date": "2020-09-11T13:07:54Z",
        "value": "278712.3519039154",
        "cumulative": true
    }
]