[
    {
        "date": "2020-09-11T12:39:46Z",
        "value": "0.290586639",
        "cumulative": false
    },
    {
        "date": "2020-09-11T12:40:05Z",
        "value": "1.678783669",
        "cumulative": false
    },
    {
        "date": "2020-09-11T12:40:25Z",
        "value": "1.836770712",
        "cumulative": false
    },
    {
        "date": "2020-09-11T12:40:36Z",
        "value": "1.710699726",
        "cumulative": false
    },
    {
        "date": "2020-09-11T12:40:49Z",
        "value": "1.70086944",
        "cumulative": false
    },
    {
        "date": "2020-09-11T12:41:05Z",
        "value": "1.661167967",
        "cumulative": false
    },
    {
        "date": "2020-09-11T12:41:18Z",
        "value": "1.656659614",
        "cumulative": false
    },
    {
        "date": "2020-09-11T12:41:36Z",
        "value": "1.619178295",
        "cumulative": false
    },
    {
        "date": "2020-09-11T12:41:47Z",
        "value": "1.655514836",
        "cumulative": false
    },
    {
        "date": "2020-09-11T12:42:01Z",
        "value": "1.564726243",
        "cumulative": false
    },
    {
        "date": "2020-09-11T12:42:18Z",
        "value": "1.571776181",
        "cumulative": false
    },
    {
        "date": "2020-09-11T12:42:38Z",
        "value": "1.505796813",
        "cumulative": false
    },
    {
        "date": "2020-09-11T12:42:54Z",
        "value": "1.559776254",
        "cumulative": false
    },
    {
        "date": "2020-09-11T12:43:12Z",
        "value": "1.497069067",
        "cumulative": false
    },
    {
        "date": "2020-09-11T12:43:27Z",
        "value": "1.495768201",
        "cumulative": false
    },
    {
        "date": "2020-09-11T12:43:46Z",
        "value": "1.539927337",
        "cumulative": false
    },
    {
        "date": "2020-09-11T12:44:02Z",
        "value": "1.496547587",
        "cumulative": false
    },
    {
        "date": "2020-09-11T12:44:15Z",
        "value": "1.468185136",
        "cumulative": false
    },
    {
        "date": "2020-09-11T12:44:25Z",
        "value": "1.424335819",
        "cumulative": false
    },
    {
        "date": "2020-09-11T12:44:39Z",
        "value": "1.223609998",
        "cumulative": false
    },
    {
        "date": "2020-09-11T12:44:52Z",
        "value": "1.210148464",
        "cumulative": false
    },
    {
        "date": "2020-09-11T12:45:09Z",
        "value": "1.31327175",
        "cumulative": false
    },
    {
        "date": "2020-09-11T12:45:21Z",
        "value": "1.459655982",
        "cumulative": false
    },
    {
        "date": "2020-09-11T12:45:35Z",
        "value": "1.452102729",
        "cumulative": false
    },
    {
        "date": "2020-09-11T12:45:53Z",
        "value": "1.291390851",
        "cumulative": false
    },
    {
        "date": "2020-09-11T12:46:10Z",
        "value": "1.210646014",
        "cumulative": false
    },
    {
        "date": "2020-09-11T12:46:27Z",
        "value": "1.237268306",
        "cumulative": false
    },
    {
        "date": "2020-09-11T12:46:38Z",
        "value": "1.357853593",
        "cumulative": false
    },
    {
        "date": "2020-09-11T12:46:52Z",
        "value": "1.400484128",
        "cumulative": false
    },
    {
        "date": "2020-09-11T12:47:05Z",
        "value": "1.387414144",
        "cumulative": false
    },
    {
        "date": "2020-09-11T12:47:18Z",
        "value": "1.392136026",
        "cumulative": false
    },
    {
        "date": "2020-09-11T12:47:35Z",
        "value": "1.237447188",
        "cumulative": false
    },
    {
        "date": "2020-09-11T12:47:50Z",
        "value": "1.224680121",
        "cumulative": false
    },
    {
        "date": "2020-09-11T12:48:09Z",
        "value": "1.218926031",
        "cumulative": false
    },
    {
        "date": "2020-09-11T12:48:24Z",
        "value": "1.292741829",
        "cumulative": false
    },
    {
        "date": "2020-09-11T12:48:43Z",
        "value": "1.437142885",
        "cumulative": false
    },
    {
        "date": "2020-09-11T12:48:58Z",
        "value": "1.412050372",
        "cumulative": false
    },
    {
        "date": "2020-09-11T12:49:09Z",
        "value": "1.447313259",
        "cumulative": false
    },
    {
        "date": "2020-09-11T12:49:26Z",
        "value": "1.369754897",
        "cumulative": false
    },
    {
        "date": "2020-09-11T12:49:44Z",
        "value": "1.270416434",
        "cumulative": false
    },
    {
        "date": "2020-09-11T12:50:04Z",
        "value": "1.231409707",
        "cumulative": false
    },
    {
        "date": "2020-09-11T12:50:24Z",
        "value": "1.224438015",
        "cumulative": false
    },
    {
        "date": "2020-09-11T12:50:34Z",
        "value": "1.233797363",
        "cumulative": false
    },
    {
        "date": "2020-09-11T12:50:48Z",
        "value": "1.347323365",
        "cumulative": false
    },
    {
        "date": "2020-09-11T12:51:04Z",
        "value": "1.464719635",
        "cumulative": false
    },
    {
        "date": "2020-09-11T12:51:18Z",
        "value": "1.46016393",
        "cumulative": false
    },
    {
        "date": "2020-09-11T12:51:30Z",
        "value": "1.475213854",
        "cumulative": false
    },
    {
        "date": "2020-09-11T12:51:47Z",
        "value": "1.459555599",
        "cumulative": false
    },
    {
        "date": "2020-09-11T12:51:58Z",
        "value": "1.477464027",
        "cumulative": false
    },
    {
        "date": "2020-09-11T12:52:14Z",
        "value": "1.305103672",
        "cumulative": false
    },
    {
        "date": "2020-09-11T12:52:34Z",
        "value": "1.22173538",
        "cumulative": false
    },
    {
        "date": "2020-09-11T12:52:45Z",
        "value": "1.206162675",
        "cumulative": false
    },
    {
        "date": "2020-09-11T12:53:01Z",
        "value": "1.21152613",
        "cumulative": false
    },
    {
        "date": "2020-09-11T12:53:16Z",
        "value": "1.231668023",
        "cumulative": false
    },
    {
        "date": "2020-09-11T12:53:26Z",
        "value": "1.22798845",
        "cumulative": false
    },
    {
        "date": "2020-09-11T12:53:42Z",
        "value": "1.24186458",
        "cumulative": false
    },
    {
        "date": "2020-09-11T12:54:02Z",
        "value": "1.461881393",
        "cumulative": false
    },
    {
        "date": "2020-09-11T12:54:21Z",
        "value": "1.458499751",
        "cumulative": false
    },
    {
        "date": "2020-09-11T12:54:34Z",
        "value": "1.449364048",
        "cumulative": false
    },
    {
        "date": "2020-09-11T12:54:49Z",
        "value": "1.438418708",
        "cumulative": false
    },
    {
        "date": "2020-09-11T12:55:03Z",
        "value": "1.478084927",
        "cumulative": false
    },
    {
        "date": "2020-09-11T12:55:15Z",
        "value": "1.437337106",
        "cumulative": false
    },
    {
        "date": "2020-09-11T12:55:25Z",
        "value": "1.414224626",
        "cumulative": false
    },
    {
        "date": "2020-09-11T12:55:41Z",
        "value": "1.21012769",
        "cumulative": false
    },
    {
        "date": "2020-09-11T12:55:53Z",
        "value": "1.19874587",
        "cumulative": false
    },
    {
        "date": "2020-09-11T12:56:12Z",
        "value": "1.219875783",
        "cumulative": false
    },
    {
        "date": "2020-09-11T12:56:29Z",
        "value": "1.216351752",
        "cumulative": false
    },
    {
        "date": "2020-09-11T12:56:47Z",
        "value": "1.205760739",
        "cumulative": false
    },
    {
        "date": "2020-09-11T12:57:06Z",
        "value": "1.216515098",
        "cumulative": false
    },
    {
        "date": "2020-09-11T12:57:26Z",
        "value": "1.232279627",
        "cumulative": false
    },
    {
        "date": "2020-09-11T12:57:40Z",
        "value": "1.415791796",
        "cumulative": false
    },
    {
        "date": "2020-09-11T12:57:59Z",
        "value": "1.460633509",
        "cumulative": false
    },
    {
        "date": "2020-09-11T12:58:17Z",
        "value": "1.448390926",
        "cumulative": false
    },
    {
        "date": "2020-09-11T12:58:35Z",
        "value": "1.41302156",
        "cumulative": false
    },
    {
        "date": "2020-09-11T12:58:46Z",
        "value": "1.453586405",
        "cumulative": false
    },
    {
        "date": "2020-09-11T12:59:01Z",
        "value": "1.439189677",
        "cumulative": false
    },
    {
        "date": "2020-09-11T12:59:15Z",
        "value": "1.433402255",
        "cumulative": false
    },
    {
        "date": "2020-09-11T12:59:28Z",
        "value": "1.416249298",
        "cumulative": false
    },
    {
        "date": "2020-09-11T12:59:47Z",
        "value": "1.245789025",
        "cumulative": false
    },
    {
        "date": "2020-09-11T13:00:00Z",
        "value": "1.182950058",
        "cumulative": false
    },
    {
        "date": "2020-09-11T13:00:20Z",
        "value": "1.206728464",
        "cumulative": false
    },
    {
        "date": "2020-09-11T13:00:31Z",
        "value": "1.213690307",
        "cumulative": false
    },
    {
        "date": "2020-09-11T13:00:51Z",
        "value": "1.219393679",
        "cumulative": false
    },
    {
        "date": "2020-09-11T13:01:06Z",
        "value": "1.193708994",
        "cumulative": false
    },
    {
        "date": "2020-09-11T13:01:17Z",
        "value": "1.243209534",
        "cumulative": false
    },
    {
        "date": "2020-09-11T13:01:27Z",
        "value": "1.198367138",
        "cumulative": false
    },
    {
        "date": "2020-09-11T13:01:45Z",
        "value": "1.20075044",
        "cumulative": false
    },
    {
        "date": "2020-09-11T13:02:00Z",
        "value": "1.236102206",
        "cumulative": false
    },
    {
        "date": "2020-09-11T13:02:17Z",
        "value": "1.3617545",
        "cumulative": false
    },
    {
        "date": "2020-09-11T13:02:31Z",
        "value": "1.414553964",
        "cumulative": false
    },
    {
        "date": "2020-09-11T13:02:42Z",
        "value": "1.416925015",
        "cumulative": false
    },
    {
        "date": "2020-09-11T13:02:59Z",
        "value": "1.409889439",
        "cumulative": false
    },
    {
        "date": "2020-09-11T13:03:14Z",
        "value": "1.427054187",
        "cumulative": false
    },
    {
        "date": "2020-09-11T13:03:33Z",
        "value": "1.404517591",
        "cumulative": false
    },
    {
        "date": "2020-09-11T13:03:48Z",
        "value": "1.407007668",
        "cumulative": false
    },
    {
        "date": "2020-09-11T13:04:08Z",
        "value": "1.429832915",
        "cumulative": false
    },
    {
        "date": "2020-09-11T13:04:24Z",
        "value": "1.413513926",
        "cumulative": false
    },
    {
        "date": "2020-09-11T13:04:43Z",
        "value": "1.317514144",
        "cumulative": false
    },
    {
        "date": "2020-09-11T13:04:55Z",
        "value": "1.194342274",
        "cumulative": false
    },
    {
        "date": "2020-09-11T13:05:12Z",
        "value": "1.19663546",
        "cumulative": false
    },
    {
        "date": "2020-09-11T13:05:26Z",
        "value": "1.210707",
        "cumulative": false
    },
    {
        "date": "2020-09-11T13:05:44Z",
        "value": "1.215914226",
        "cumulative": false
    },
    {
        "date": "2020-09-11T13:05:57Z",
        "value": "1.210396935",
        "cumulative": false
    },
    {
        "date": "2020-09-11T13:06:08Z",
        "value": "1.197232021",
        "cumulative": false
    },
    {
        "date": "2020-09-11T13:06:27Z",
        "value": "1.202936799",
        "cumulative": false
    },
    {
        "date": "2020-09-11T13:06:41Z",
        "value": "1.209771223",
        "cumulative": false
    },
    {
        "date": "2020-09-11T13:06:54Z",
        "value": "1.201619792",
        "cumulative": false
    },
    {
        "date": "2020-09-11T13:07:12Z",
        "value": "1.202521169",
        "cumulative": false
    },
    {
        "date": "2020-09-11T13:07:28Z",
        "value": "1.196746075",
        "cumulative": false
    },
    {
        "date": "2020-09-11T13:07:46Z",
        "value": "1.231219108",
        "cumulative": false
    }
]