[
    {
        "date": "2020-09-11T12:39:39Z",
        "value": "4.00543212890625e-05",
        "cumulative": true
    },
    {
        "date": "2020-09-11T12:39:58Z",
        "value": "1291.238953590393",
        "cumulative": true
    },
    {
        "date": "2020-09-11T12:40:11Z",
        "value": "4047.8678131103516",
        "cumulative": true
    },
    {
        "date": "2020-09-11T12:40:30Z",
        "value": "7921.161534309387",
        "cumulative": true
    },
    {
        "date": "2020-09-11T12:40:47Z",
        "value": "10865.48401927948",
        "cumulative": true
    },
    {
        "date": "2020-09-11T12:40:58Z",
        "value": "12923.533730506897",
        "cumulative": true
    },
    {
        "date": "2020-09-11T12:41:13Z",
        "value": "16072.604952812195",
        "cumulative": true
    },
    {
        "date": "2020-09-11T12:41:26Z",
        "value": "18505.880534172058",
        "cumulative": true
    },
    {
        "date": "2020-09-11T12:41:44Z",
        "value": "21666.84287929535",
        "cumulative": true
    },
    {
        "date": "2020-09-11T12:42:03Z",
        "value": "25686.672971725464",
        "cumulative": true
    },
    {
        "date": "2020-09-11T12:42:14Z",
        "value": "27141.40645122528",
        "cumulative": true
    },
    {
        "date": "2020-09-11T12:42:30Z",
        "value": "30463.105818748474",
        "cumulative": true
    },
    {
        "date": "2020-09-11T12:42:48Z",
        "value": "33118.37001800537",
        "cumulative": true
    },
    {
        "date": "2020-09-11T12:43:05Z",
        "value": "36147.84809780121",
        "cumulative": true
    },
    {
        "date": "2020-09-11T12:43:22Z",
        "value": "39642.253600120544",
        "cumulative": true
    },
    {
        "date": "2020-09-11T12:43:37Z",
        "value": "41744.26934814453",
        "cumulative": true
    },
    {
        "date": "2020-09-11T12:43:51Z",
        "value": "43624.78632354736",
        "cumulative": true
    },
    {
        "date": "2020-09-11T12:44:05Z",
        "value": "46653.1529750824",
        "cumulative": true
    },
    {
        "date": "2020-09-11T12:44:16Z",
        "value": "49208.08532714844",
        "cumulative": true
    },
    {
        "date": "2020-09-11T12:44:28Z",
        "value": "51148.036933898926",
        "cumulative": true
    },
    {
        "date": "2020-09-11T12:44:41Z",
        "value": "52390.526138305664",
        "cumulative": true
    },
    {
        "date": "2020-09-11T12:44:52Z",
        "value": "53556.74069786072",
        "cumulative": true
    },
    {
        "date": "2020-09-11T12:45:06Z",
        "value": "55479.76850223541",
        "cumulative": true
    },
    {
        "date": "2020-09-11T12:45:19Z",
        "value": "58624.13895702362",
        "cumulative": true
    },
    {
        "date": "2020-09-11T12:45:30Z",
        "value": "61279.874636650085",
        "cumulative": true
    },
    {
        "date": "2020-09-11T12:45:48Z",
        "value": "64540.48388004303",
        "cumulative": true
    },
    {
        "date": "2020-09-11T12:46:04Z",
        "value": "66111.12373638153",
        "cumulative": true
    },
    {
        "date": "2020-09-11T12:46:18Z",
        "value": "67542.13499546051",
        "cumulative": true
    },
    {
        "date": "2020-09-11T12:46:32Z",
        "value": "69056.45572757721",
        "cumulative": true
    },
    {
        "date": "2020-09-11T12:46:46Z",
        "value": "72577.12381458282",
        "cumulative": true
    },
    {
        "date": "2020-09-11T12:46:57Z",
        "value": "75463.64579105377",
        "cumulative": true
    },
    {
        "date": "2020-09-11T12:47:12Z",
        "value": "79397.9990491867",
        "cumulative": true
    },
    {
        "date": "2020-09-11T12:47:22Z",
        "value": "81161.44388771057",
        "cumulative": true
    },
    {
        "date": "2020-09-11T12:47:41Z",
        "value": "83028.57490539551",
        "cumulative": true
    },
    {
        "date": "2020-09-11T12:47:55Z",
        "value": "84355.51773452759",
        "cumulative": true
    },
    {
        "date": "2020-09-11T12:48:06Z",
        "value": "85440.49185371399",
        "cumulative": true
    },
    {
        "date": "2020-09-11T12:48:20Z",
        "value": "86917.35655117035",
        "cumulative": true
    },
    {
        "date": "2020-09-11T12:48:37Z",
        "value": "90953.82915401459",
        "cumulative": true
    },
    {
        "date": "2020-09-11T12:48:47Z",
        "value": "93524.6904039383",
        "cumulative": true
    },
    {
        "date": "2020-09-11T12:48:59Z",
        "value": "96417.07873439789",
        "cumulative": true
    },
    {
        "date": "2020-09-11T12:49:15Z",
        "value": "100209.7358751297",
        "cumulative": true
    },
    {
        "date": "2020-09-11T12:49:30Z",
        "value": "102723.93886756897",
        "cumulative": true
    },
    {
        "date": "2020-09-11T12:49:42Z",
        "value": "103863.82225036621",
        "cumulative": true
    },
    {
        "date": "2020-09-11T12:49:56Z",
        "value": "105232.61501312256",
        "cumulative": true
    },
    {
        "date": "2020-09-11T12:50:10Z",
        "value": "106530.11069869995",
        "cumulative": true
    },
    {
        "date": "2020-09-11T12:50:26Z",
        "value": "108132.05668449402",
        "cumulative": true
    },
    {
        "date": "2020-09-11T12:50:44Z",
        "value": "110159.1628856659",
        "cumulative": true
    },
    {
        "date": "2020-09-11T12:51:02Z",
        "value": "114516.69779205322",
        "cumulative": true
    },
    {
        "date": "2020-09-11T12:51:14Z",
        "value": "117440.94816207886",
        "cumulative": true
    },
    {
        "date": "2020-09-11T12:51:27Z",
        "value": "120362.86260986328",
        "cumulative": true
    },
    {
        "date": "2020-09-11T12:51:44Z",
        "value": "124213.75068473816",
        "cumulative": true
    },
    {
        "date": "2020-09-11T12:52:00Z",
        "value": "128073.84552764893",
        "cumulative": true
    },
    {
        "date": "2020-09-11T12:52:18Z",
        "value": "130287.72154521942",
        "cumulative": true
    },
    {
        "date": "2020-09-11T12:52:34Z",
        "value": "131826.37282657623",
        "cumulative": true
    },
    {
        "date": "2020-09-11T12:52:54Z",
        "value": "133848.23826694489",
        "cumulative": true
    },
    {
        "date": "2020-09-11T12:53:12Z",
        "value": "135574.38451862335",
        "cumulative": true
    },
    {
        "date": "2020-09-11T12:53:25Z",
        "value": "136920.84328746796",
        "cumulative": true
    },
    {
        "date": "2020-09-11T12:53:38Z",
        "value": "138173.6650876999",
        "cumulative": true
    },
    {
        "date": "2020-09-11T12:53:56Z",
        "value": "142084.47153186798",
        "cumulative": true
    },
    {
        "date": "2020-09-11T12:54:13Z",
        "value": "145978.66446208954",
        "cumulative": true
    },
    {
        "date": "2020-09-11T12:54:32Z",
        "value": "150346.16059589386",
        "cumulative": true
    },
    {
        "date": "2020-09-11T12:54:50Z",
        "value": "154713.2003107071",
        "cumulative": true
    },
    {
        "date": "2020-09-11T12:55:07Z",
        "value": "158773.80914402008",
        "cumulative": true
    },
    {
        "date": "2020-09-11T12:55:23Z",
        "value": "162494.89792728424",
        "cumulative": true
    },
    {
        "date": "2020-09-11T12:55:38Z",
        "value": "164076.22099876404",
        "cumulative": true
    },
    {
        "date": "2020-09-11T12:55:50Z",
        "value": "165408.18257904053",
        "cumulative": true
    },
    {
        "date": "2020-09-11T12:56:02Z",
        "value": "166621.72923469543",
        "cumulative": true
    },
    {
        "date": "2020-09-11T12:56:15Z",
        "value": "167831.54851722717",
        "cumulative": true
    },
    {
        "date": "2020-09-11T12:56:35Z",
        "value": "169778.05596923828",
        "cumulative": true
    },
    {
        "date": "2020-09-11T12:56:47Z",
        "value": "171116.52066993713",
        "cumulative": true
    },
    {
        "date": "2020-09-11T12:57:02Z",
        "value": "172572.19452285767",
        "cumulative": true
    },
    {
        "date": "2020-09-11T12:57:16Z",
        "value": "173906.46714019775",
        "cumulative": true
    },
    {
        "date": "2020-09-11T12:57:27Z",
        "value": "175191.06014442444",
        "cumulative": true
    },
    {
        "date": "2020-09-11T12:57:43Z",
        "value": "179182.1648864746",
        "cumulative": true
    },
    {
        "date": "2020-09-11T12:57:58Z",
        "value": "182705.87664222717",
        "cumulative": true
    },
    {
        "date": "2020-09-11T12:58:15Z",
        "value": "186821.93763542175",
        "cumulative": true
    },
    {
        "date": "2020-09-11T12:58:35Z",
        "value": "191801.32847976685",
        "cumulative": true
    },
    {
        "date": "2020-09-11T12:58:51Z",
        "value": "195851.91543006897",
        "cumulative": true
    },
    {
        "date": "2020-09-11T12:59:10Z",
        "value": "200285.45294570923",
        "cumulative": true
    },
    {
        "date": "2020-09-11T12:59:24Z",
        "value": "203855.32948112488",
        "cumulative": true
    },
    {
        "date": "2020-09-11T12:59:44Z",
        "value": "206741.119887352",
        "cumulative": true
    },
    {
        "date": "2020-09-11T12:59:59Z",
        "value": "208261.30900287628",
        "cumulative": true
    },
    {
        "date": "2020-09-11T13:00:15Z",
        "value": "209917.1285238266",
        "cumulative": true
    },
    {
        "date": "2020-09-11T13:00:35Z",
        "value": "211908.6228609085",
        "cumulative": true
    },
    {
        "date": "2020-09-11T13:00:54Z",
        "value": "213898.61614894867",
        "cumulative": true
    },
    {
        "date": "2020-09-11T13:01:06Z",
        "value": "215120.48430919647",
        "cumulative": true
    },
    {
        "date": "2020-09-11T13:01:24Z",
        "value": "216961.06632518768",
        "cumulative": true
    },
    {
        "date": "2020-09-11T13:01:36Z",
        "value": "218050.16487026215",
        "cumulative": true
    },
    {
        "date": "2020-09-11T13:01:51Z",
        "value": "219565.8300256729",
        "cumulative": true
    },
    {
        "date": "2020-09-11T13:02:09Z",
        "value": "222335.89883232117",
        "cumulative": true
    },
    {
        "date": "2020-09-11T13:02:21Z",
        "value": "225424.3766937256",
        "cumulative": true
    },
    {
        "date": "2020-09-11T13:02:33Z",
        "value": "228515.11233711243",
        "cumulative": true
    },
    {
        "date": "2020-09-11T13:02:51Z",
        "value": "233102.79009246826",
        "cumulative": true
    },
    {
        "date": "2020-09-11T13:03:10Z",
        "value": "237931.41583633423",
        "cumulative": true
    },
    {
        "date": "2020-09-11T13:03:30Z",
        "value": "242790.17410087585",
        "cumulative": true
    },
    {
        "date": "2020-09-11T13:03:47Z",
        "value": "247021.84183502197",
        "cumulative": true
    },
    {
        "date": "2020-09-11T13:04:01Z",
        "value": "250686.91592216492",
        "cumulative": true
    },
    {
        "date": "2020-09-11T13:04:17Z",
        "value": "254723.07451820374",
        "cumulative": true
    },
    {
        "date": "2020-09-11T13:04:33Z",
        "value": "258691.11939048767",
        "cumulative": true
    },
    {
        "date": "2020-09-11T13:04:45Z",
        "value": "260352.7124080658",
        "cumulative": true
    },
    {
        "date": "2020-09-11T13:04:58Z",
        "value": "261701.9309501648",
        "cumulative": true
    },
    {
        "date": "2020-09-11T13:05:09Z",
        "value": "262859.109210968",
        "cumulative": true
    },
    {
        "date": "2020-09-11T13:05:27Z",
        "value": "264599.2578239441",
        "cumulative": true
    },
    {
        "date": "2020-09-11T13:05:38Z",
        "value": "265753.18533325195",
        "cumulative": true
    },
    {
        "date": "2020-09-11T13:05:49Z",
        "value": "266729.80696487427",
        "cumulative": true
    },
    {
        "date": "2020-09-11T13:06:07Z",
        "value": "268670.37327575684",
        "cumulative": true
    },
    {
        "date": "2020-09-11T13:06:18Z",
        "value": "269833.9092311859",
        "cumulative": true
    },
    {
        "date": "2020-09-11T13:06:32Z",
        "value": "271191.15773010254",
        "cumulative": true
    },
    {
        "date": "2020-09-11T13:06:50Z",
        "value": "273131.77876091003",
        "cumulative": true
    },
    {
        "date": "2020-09-11T13:07:09Z",
        "value": "274988.75260925293",
        "cumulative": true
    },
    {
        "date": "2020-09-11T13:07:19Z",
        "value": "276029.63342285156",
        "cumulative": true
    },
    {
        "date": "2020-09-11T13:07:32Z",
        "value": "277188.20805740356",
        "cumulative": true
    },
    {
        "date": "2020-09-11T13:07:45Z",
        "value": "278541.72627830505",
        "cumulative": true
    }
]