[
    {
        "date": "2020-09-11T12:39:45Z",
        "value": "0.228389449",
        "cumulative": false
    },
    {
        "date": "2020-09-11T12:40:02Z",
        "value": "1.754099594",
        "cumulative": false
    },
    {
        "date": "2020-09-11T12:40:14Z",
        "value": "1.875521984",
        "cumulative": false
    },
    {
        "date": "2020-09-11T12:40:24Z",
        "value": "1.856268534",
        "cumulative": false
    },
    {
        "date": "2020-09-11T12:40:41Z",
        "value": "1.715428425",
        "cumulative": false
    },
    {
        "date": "2020-09-11T12:40:51Z",
        "value": "1.737879157",
        "cumulative": false
    },
    {
        "date": "2020-09-11T12:41:02Z",
        "value": "1.764618937",
        "cumulative": false
    },
    {
        "date": "2020-09-11T12:41:21Z",
        "value": "1.644681572",
        "cumulative": false
    },
    {
        "date": "2020-09-11T12:41:39Z",
        "value": "1.618347113",
        "cumulative": false
    },
    {
        "date": "2020-09-11T12:41:58Z",
        "value": "1.590483133",
        "cumulative": false
    },
    {
        "date": "2020-09-11T12:42:12Z",
        "value": "1.581640019",
        "cumulative": false
    },
    {
        "date": "2020-09-11T12:42:30Z",
        "value": "1.506604518",
        "cumulative": false
    },
    {
        "date": "2020-09-11T12:42:41Z",
        "value": "1.524875929",
        "cumulative": false
    },
    {
        "date": "2020-09-11T12:43:01Z",
        "value": "1.527165691",
        "cumulative": false
    },
    {
        "date": "2020-09-11T12:43:18Z",
        "value": "1.500463627",
        "cumulative": false
    },
    {
        "date": "2020-09-11T12:43:36Z",
        "value": "1.5138283",
        "cumulative": false
    },
    {
        "date": "2020-09-11T12:43:50Z",
        "value": "1.535575335",
        "cumulative": false
    },
    {
        "date": "2020-09-11T12:44:01Z",
        "value": "1.499782576",
        "cumulative": false
    },
    {
        "date": "2020-09-11T12:44:13Z",
        "value": "1.478257918",
        "cumulative": false
    },
    {
        "date": "2020-09-11T12:44:27Z",
        "value": "1.509272345",
        "cumulative": false
    },
    {
        "date": "2020-09-11T12:44:41Z",
        "value": "1.607940446",
        "cumulative": false
    },
    {
        "date": "2020-09-11T12:44:59Z",
        "value": "1.598837556",
        "cumulative": false
    },
    {
        "date": "2020-09-11T12:45:19Z",
        "value": "1.459612182",
        "cumulative": false
    },
    {
        "date": "2020-09-11T12:45:35Z",
        "value": "1.431393023",
        "cumulative": false
    },
    {
        "date": "2020-09-11T12:45:47Z",
        "value": "1.500389394",
        "cumulative": false
    },
    {
        "date": "2020-09-11T12:46:00Z",
        "value": "1.57912489",
        "cumulative": false
    },
    {
        "date": "2020-09-11T12:46:11Z",
        "value": "1.579773679",
        "cumulative": false
    },
    {
        "date": "2020-09-11T12:46:29Z",
        "value": "1.212534975",
        "cumulative": false
    },
    {
        "date": "2020-09-11T12:46:45Z",
        "value": "1.385565499",
        "cumulative": false
    },
    {
        "date": "2020-09-11T12:46:59Z",
        "value": "1.37649978",
        "cumulative": false
    },
    {
        "date": "2020-09-11T12:47:18Z",
        "value": "1.390115136",
        "cumulative": false
    },
    {
        "date": "2020-09-11T12:47:35Z",
        "value": "1.23527112",
        "cumulative": false
    },
    {
        "date": "2020-09-11T12:47:54Z",
        "value": "1.215589336",
        "cumulative": false
    },
    {
        "date": "2020-09-11T12:48:09Z",
        "value": "1.218636421",
        "cumulative": false
    },
    {
        "date": "2020-09-11T12:48:28Z",
        "value": "1.320114699",
        "cumulative": false
    },
    {
        "date": "2020-09-11T12:48:43Z",
        "value": "1.452157493",
        "cumulative": false
    },
    {
        "date": "2020-09-11T12:49:00Z",
        "value": "1.421500277",
        "cumulative": false
    },
    {
        "date": "2020-09-11T12:49:17Z",
        "value": "1.421390557",
        "cumulative": false
    },
    {
        "date": "2020-09-11T12:49:29Z",
        "value": "1.298294174",
        "cumulative": false
    },
    {
        "date": "2020-09-11T12:49:43Z",
        "value": "1.26760137",
        "cumulative": false
    },
    {
        "date": "2020-09-11T12:50:03Z",
        "value": "1.226449446",
        "cumulative": false
    },
    {
        "date": "2020-09-11T12:50:21Z",
        "value": "1.215107391",
        "cumulative": false
    },
    {
        "date": "2020-09-11T12:50:40Z",
        "value": "1.213732005",
        "cumulative": false
    },
    {
        "date": "2020-09-11T12:50:54Z",
        "value": "1.433996182",
        "cumulative": false
    },
    {
        "date": "2020-09-11T12:51:06Z",
        "value": "1.440894772",
        "cumulative": false
    },
    {
        "date": "2020-09-11T12:51:18Z",
        "value": "1.451961309",
        "cumulative": false
    },
    {
        "date": "2020-09-11T12:51:33Z",
        "value": "1.462545244",
        "cumulative": false
    },
    {
        "date": "2020-09-11T12:51:53Z",
        "value": "1.444973758",
        "cumulative": false
    },
    {
        "date": "2020-09-11T12:52:05Z",
        "value": "1.454152212",
        "cumulative": false
    },
    {
        "date": "2020-09-11T12:52:18Z",
        "value": "1.201046448",
        "cumulative": false
    },
    {
        "date": "2020-09-11T12:52:28Z",
        "value": "1.205765919",
        "cumulative": false
    },
    {
        "date": "2020-09-11T12:52:44Z",
        "value": "1.211180722",
        "cumulative": false
    },
    {
        "date": "2020-09-11T12:52:55Z",
        "value": "1.201191787",
        "cumulative": false
    },
    {
        "date": "2020-09-11T12:53:13Z",
        "value": "1.214843403",
        "cumulative": false
    },
    {
        "date": "2020-09-11T12:53:24Z",
        "value": "1.228402127",
        "cumulative": false
    },
    {
        "date": "2020-09-11T12:53:39Z",
        "value": "1.212557532",
        "cumulative": false
    },
    {
        "date": "2020-09-11T12:53:50Z",
        "value": "1.394260061",
        "cumulative": false
    },
    {
        "date": "2020-09-11T12:54:06Z",
        "value": "1.450569396",
        "cumulative": false
    },
    {
        "date": "2020-09-11T12:54:18Z",
        "value": "1.453731277",
        "cumulative": false
    },
    {
        "date": "2020-09-11T12:54:38Z",
        "value": "1.44722632",
        "cumulative": false
    },
    {
        "date": "2020-09-11T12:54:50Z",
        "value": "1.428871157",
        "cumulative": false
    },
    {
        "date": "2020-09-11T12:55:08Z",
        "value": "1.451253021",
        "cumulative": false
    },
    {
        "date": "2020-09-11T12:55:27Z",
        "value": "1.380066011",
        "cumulative": false
    },
    {
        "date": "2020-09-11T12:55:40Z",
        "value": "1.210052133",
        "cumulative": false
    },
    {
        "date": "2020-09-11T12:55:57Z",
        "value": "1.198120291",
        "cumulative": false
    },
    {
        "date": "2020-09-11T12:56:16Z",
        "value": "1.212552856",
        "cumulative": false
    },
    {
        "date": "2020-09-11T12:56:28Z",
        "value": "1.198905862",
        "cumulative": false
    },
    {
        "date": "2020-09-11T12:56:45Z",
        "value": "1.205322154",
        "cumulative": false
    },
    {
        "date": "2020-09-11T12:56:59Z",
        "value": "1.19332467",
        "cumulative": false
    },
    {
        "date": "2020-09-11T12:57:18Z",
        "value": "1.209526688",
        "cumulative": false
    },
    {
        "date": "2020-09-11T12:57:32Z",
        "value": "1.329544319",
        "cumulative": false
    },
    {
        "date": "2020-09-11T12:57:43Z",
        "value": "1.42604576",
        "cumulative": false
    },
    {
        "date": "2020-09-11T12:57:58Z",
        "value": "1.46456595",
        "cumulative": false
    },
    {
        "date": "2020-09-11T12:58:11Z",
        "value": "1.447229678",
        "cumulative": false
    },
    {
        "date": "2020-09-11T12:58:29Z",
        "value": "1.422876222",
        "cumulative": false
    },
    {
        "date": "2020-09-11T12:58:44Z",
        "value": "1.446012072",
        "cumulative": false
    },
    {
        "date": "2020-09-11T12:58:57Z",
        "value": "1.434454044",
        "cumulative": false
    },
    {
        "date": "2020-09-11T12:59:08Z",
        "value": "1.432039756",
        "cumulative": false
    },
    {
        "date": "2020-09-11T12:59:19Z",
        "value": "1.417452737",
        "cumulative": false
    },
    {
        "date": "2020-09-11T12:59:33Z",
        "value": "1.380816541",
        "cumulative": false
    },
    {
        "date": "2020-09-11T12:59:46Z",
        "value": "1.203687656",
        "cumulative": false
    },
    {
        "date": "2020-09-11T12:59:56Z",
        "value": "1.209951638",
        "cumulative": false
    },
    {
        "date": "2020-09-11T13:00:09Z",
        "value": "1.182753862",
        "cumulative": false
    },
    {
        "date": "2020-09-11T13:00:22Z",
        "value": "1.206518733",
        "cumulative": false
    },
    {
        "date": "2020-09-11T13:00:38Z",
        "value": "1.212338753",
        "cumulative": false
    },
    {
        "date": "2020-09-11T13:00:51Z",
        "value": "1.222611205",
        "cumulative": false
    },
    {
        "date": "2020-09-11T13:01:05Z",
        "value": "1.202604954",
        "cumulative": false
    },
    {
        "date": "2020-09-11T13:01:18Z",
        "value": "1.197739999",
        "cumulative": false
    },
    {
        "date": "2020-09-11T13:01:37Z",
        "value": "1.206614169",
        "cumulative": false
    },
    {
        "date": "2020-09-11T13:01:48Z",
        "value": "1.199901575",
        "cumulative": false
    },
    {
        "date": "2020-09-11T13:02:08Z",
        "value": "1.252856475",
        "cumulative": false
    },
    {
        "date": "2020-09-11T13:02:26Z",
        "value": "1.409678706",
        "cumulative": false
    },
    {
        "date": "2020-09-11T13:02:46Z",
        "value": "1.408257366",
        "cumulative": false
    },
    {
        "date": "2020-09-11T13:03:00Z",
        "value": "1.403304691",
        "cumulative": false
    },
    {
        "date": "2020-09-11T13:03:18Z",
        "value": "1.401342391",
        "cumulative": false
    },
    {
        "date": "2020-09-11T13:03:28Z",
        "value": "1.440051765",
        "cumulative": false
    },
    {
        "date": "2020-09-11T13:03:47Z",
        "value": "1.40279255",
        "cumulative": false
    },
    {
        "date": "2020-09-11T13:03:59Z",
        "value": "1.404930105",
        "cumulative": false
    },
    {
        "date": "2020-09-11T13:04:10Z",
        "value": "1.433145241",
        "cumulative": false
    },
    {
        "date": "2020-09-11T13:04:23Z",
        "value": "1.395504083",
        "cumulative": false
    },
    {
        "date": "2020-09-11T13:04:41Z",
        "value": "1.346979556",
        "cumulative": false
    },
    {
        "date": "2020-09-11T13:04:56Z",
        "value": "1.192896722",
        "cumulative": false
    },
    {
        "date": "2020-09-11T13:05:10Z",
        "value": "1.1853107",
        "cumulative": false
    },
    {
        "date": "2020-09-11T13:05:29Z",
        "value": "1.216351436",
        "cumulative": false
    },
    {
        "date": "2020-09-11T13:05:45Z",
        "value": "1.205923124",
        "cumulative": false
    },
    {
        "date": "2020-09-11T13:05:58Z",
        "value": "1.201699388",
        "cumulative": false
    },
    {
        "date": "2020-09-11T13:06:17Z",
        "value": "1.201088374",
        "cumulative": false
    },
    {
        "date": "2020-09-11T13:06:30Z",
        "value": "1.205506489",
        "cumulative": false
    },
    {
        "date": "2020-09-11T13:06:42Z",
        "value": "1.199627604",
        "cumulative": false
    },
    {
        "date": "2020-09-11T13:07:01Z",
        "value": "1.192468664",
        "cumulative": false
    },
    {
        "date": "2020-09-11T13:07:21Z",
        "value": "1.203660769",
        "cumulative": false
    },
    {
        "date": "2020-09-11T13:07:38Z",
        "value": "1.210403109",
        "cumulative": false
    },
    {
        "date": "2020-09-11T13:07:53Z",
        "value": "0.654199872",
        "cumulative": false
    }
]