[
    {
        "date": "2020-12-08T11:03:27.284Z",
        "value": "0.023569822311401367",
        "cumulative": false
    },
    {
        "date": "2020-12-08T11:03:30.249Z",
        "value": "0.022829771041870117",
        "cumulative": false
    },
    {
        "date": "2020-12-08T11:03:33.196Z",
        "value": "0.022539854049682617",
        "cumulative": false
    },
    {
        "date": "2020-12-08T11:03:36.218Z",
        "value": "0.017187833786010742",
        "cumulative": false
    },
    {
        "date": "2020-12-08T11:03:39.221Z",
        "value": "0.01773524284362793",
        "cumulative": false
    },
    {
        "date": "2020-12-08T11:03:42.178Z",
        "value": "0.019063234329223633",
        "cumulative": false
    },
    {
        "date": "2020-12-08T11:03:45.125Z",
        "value": "0.016992807388305664",
        "cumulative": false
    },
    {
        "date": "2020-12-08T11:03:48.053Z",
        "value": "0.020976543426513672",
        "cumulative": false
    },
    {
        "date": "2020-12-08T11:03:51.123Z",
        "value": "0.02299952507019043",
        "cumulative": false
    },
    {
        "date": "2020-12-08T11:03:54.128Z",
        "value": "0.019400596618652344",
        "cumulative": false
    },
    {
        "date": "2020-12-08T11:03:57.069Z",
        "value": "0.014410972595214844",
        "cumulative": false
    },
    {
        "date": "2020-12-08T11:04:00.035Z",
        "value": "0.01738882064819336",
        "cumulative": false
    },
    {
        "date": "2020-12-08T11:04:03.030Z",
        "value": "0.019799470901489258",
        "cumulative": false
    },
    {
        "date": "2020-12-08T11:04:05.993Z",
        "value": "0.02653813362121582",
        "cumulative": false
    },
    {
        "date": "2020-12-08T11:04:08.952Z",
        "value": "0.01684260368347168",
        "cumulative": false
    },
    {
        "date": "2020-12-08T11:04:11.924Z",
        "value": "0.01942896842956543",
        "cumulative": false
    }
]