[
    {
        "date": "2020-12-08T11:03:27.288Z",
        "value": "0.019125938415527344",
        "cumulative": false
    },
    {
        "date": "2020-12-08T11:03:30.252Z",
        "value": "0.01982903480529785",
        "cumulative": false
    },
    {
        "date": "2020-12-08T11:03:33.194Z",
        "value": "0.02173137664794922",
        "cumulative": false
    },
    {
        "date": "2020-12-08T11:03:36.225Z",
        "value": "0.023746967315673828",
        "cumulative": false
    },
    {
        "date": "2020-12-08T11:03:39.225Z",
        "value": "0.02191615104675293",
        "cumulative": false
    },
    {
        "date": "2020-12-08T11:03:42.188Z",
        "value": "0.023044824600219727",
        "cumulative": false
    },
    {
        "date": "2020-12-08T11:03:45.127Z",
        "value": "0.029773235321044922",
        "cumulative": false
    },
    {
        "date": "2020-12-08T11:03:48.064Z",
        "value": "0.020244836807250977",
        "cumulative": false
    },
    {
        "date": "2020-12-08T11:03:51.111Z",
        "value": "0.021883726119995117",
        "cumulative": false
    },
    {
        "date": "2020-12-08T11:03:54.123Z",
        "value": "0.018195152282714844",
        "cumulative": false
    },
    {
        "date": "2020-12-08T11:03:57.075Z",
        "value": "0.021384000778198242",
        "cumulative": false
    },
    {
        "date": "2020-12-08T11:04:00.036Z",
        "value": "0.015697240829467773",
        "cumulative": false
    },
    {
        "date": "2020-12-08T11:04:03.033Z",
        "value": "0.025835514068603516",
        "cumulative": false
    },
    {
        "date": "2020-12-08T11:04:05.999Z",
        "value": "0.01782703399658203",
        "cumulative": false
    },
    {
        "date": "2020-12-08T11:04:08.952Z",
        "value": "0.019553422927856445",
        "cumulative": false
    },
    {
        "date": "2020-12-08T11:04:11.926Z",
        "value": "0.02036285400390625",
        "cumulative": false
    }
]