[
    {
        "date": "2020-12-08T11:03:27.294Z",
        "value": "6.378673791885376",
        "cumulative": false
    },
    {
        "date": "2020-12-08T11:03:30.258Z",
        "value": "2.4220495223999023",
        "cumulative": false
    },
    {
        "date": "2020-12-08T11:03:33.197Z",
        "value": "2.370838165283203",
        "cumulative": false
    },
    {
        "date": "2020-12-08T11:03:36.223Z",
        "value": "2.4509406089782715",
        "cumulative": false
    },
    {
        "date": "2020-12-08T11:03:39.229Z",
        "value": "2.441528558731079",
        "cumulative": false
    },
    {
        "date": "2020-12-08T11:03:42.187Z",
        "value": "2.4011781215667725",
        "cumulative": false
    },
    {
        "date": "2020-12-08T11:03:45.134Z",
        "value": "2.397122621536255",
        "cumulative": false
    },
    {
        "date": "2020-12-08T11:03:48.057Z",
        "value": "2.3726580142974854",
        "cumulative": false
    },
    {
        "date": "2020-12-08T11:03:51.119Z",
        "value": "2.4439499378204346",
        "cumulative": false
    },
    {
        "date": "2020-12-08T11:03:54.125Z",
        "value": "2.4510293006896973",
        "cumulative": false
    },
    {
        "date": "2020-12-08T11:03:57.070Z",
        "value": "2.3815762996673584",
        "cumulative": false
    },
    {
        "date": "2020-12-08T11:04:00.045Z",
        "value": "2.4190518856048584",
        "cumulative": false
    },
    {
        "date": "2020-12-08T11:04:03.032Z",
        "value": "2.4261231422424316",
        "cumulative": false
    },
    {
        "date": "2020-12-08T11:04:05.995Z",
        "value": "2.395925521850586",
        "cumulative": false
    },
    {
        "date": "2020-12-08T11:04:08.955Z",
        "value": "2.423649787902832",
        "cumulative": false
    },
    {
        "date": "2020-12-08T11:04:11.928Z",
        "value": "2.3987557888031006",
        "cumulative": false
    }
]