[
    {
        "date": "2020-12-08T11:03:27.287Z",
        "value": "0.008051156997680664",
        "cumulative": false
    },
    {
        "date": "2020-12-08T11:03:30.268Z",
        "value": "0.008536815643310547",
        "cumulative": false
    },
    {
        "date": "2020-12-08T11:03:33.205Z",
        "value": "0.008415937423706055",
        "cumulative": false
    },
    {
        "date": "2020-12-08T11:03:36.224Z",
        "value": "0.008804798126220703",
        "cumulative": false
    },
    {
        "date": "2020-12-08T11:03:39.226Z",
        "value": "0.00873112678527832",
        "cumulative": false
    },
    {
        "date": "2020-12-08T11:03:42.191Z",
        "value": "0.008944034576416016",
        "cumulative": false
    },
    {
        "date": "2020-12-08T11:03:45.130Z",
        "value": "0.008653640747070312",
        "cumulative": false
    },
    {
        "date": "2020-12-08T11:03:48.056Z",
        "value": "0.009052515029907227",
        "cumulative": false
    },
    {
        "date": "2020-12-08T11:03:51.116Z",
        "value": "0.010708332061767578",
        "cumulative": false
    },
    {
        "date": "2020-12-08T11:03:54.129Z",
        "value": "0.00875091552734375",
        "cumulative": false
    },
    {
        "date": "2020-12-08T11:03:57.077Z",
        "value": "0.008254766464233398",
        "cumulative": false
    },
    {
        "date": "2020-12-08T11:04:00.046Z",
        "value": "0.008137702941894531",
        "cumulative": false
    },
    {
        "date": "2020-12-08T11:04:03.033Z",
        "value": "0.008089542388916016",
        "cumulative": false
    },
    {
        "date": "2020-12-08T11:04:05.996Z",
        "value": "0.009702682495117188",
        "cumulative": false
    },
    {
        "date": "2020-12-08T11:04:08.957Z",
        "value": "0.009571075439453125",
        "cumulative": false
    },
    {
        "date": "2020-12-08T11:04:11.934Z",
        "value": "0.008259057998657227",
        "cumulative": false
    }
]