[
    {
        "date": "2020-12-08T11:03:27.287Z",
        "value": "0.2380692958831787",
        "cumulative": false
    },
    {
        "date": "2020-12-08T11:03:30.253Z",
        "value": "0.23754167556762695",
        "cumulative": false
    },
    {
        "date": "2020-12-08T11:03:33.188Z",
        "value": "0.22096705436706543",
        "cumulative": false
    },
    {
        "date": "2020-12-08T11:03:36.220Z",
        "value": "0.23655343055725098",
        "cumulative": false
    },
    {
        "date": "2020-12-08T11:03:39.214Z",
        "value": "0.21746182441711426",
        "cumulative": false
    },
    {
        "date": "2020-12-08T11:03:42.177Z",
        "value": "0.2312147617340088",
        "cumulative": false
    },
    {
        "date": "2020-12-08T11:03:45.131Z",
        "value": "0.22089338302612305",
        "cumulative": false
    },
    {
        "date": "2020-12-08T11:03:48.057Z",
        "value": "0.2355806827545166",
        "cumulative": false
    },
    {
        "date": "2020-12-08T11:03:51.115Z",
        "value": "0.25826358795166016",
        "cumulative": false
    },
    {
        "date": "2020-12-08T11:03:54.119Z",
        "value": "0.23902487754821777",
        "cumulative": false
    },
    {
        "date": "2020-12-08T11:03:57.066Z",
        "value": "0.23462605476379395",
        "cumulative": false
    },
    {
        "date": "2020-12-08T11:04:00.035Z",
        "value": "0.26447248458862305",
        "cumulative": false
    },
    {
        "date": "2020-12-08T11:04:03.026Z",
        "value": "0.24859333038330078",
        "cumulative": false
    },
    {
        "date": "2020-12-08T11:04:05.989Z",
        "value": "0.22596144676208496",
        "cumulative": false
    },
    {
        "date": "2020-12-08T11:04:08.954Z",
        "value": "0.22146821022033691",
        "cumulative": false
    },
    {
        "date": "2020-12-08T11:04:11.923Z",
        "value": "0.22221589088439941",
        "cumulative": false
    }
]