[
    {
        "date": "2020-12-08T11:03:27.295Z",
        "value": "0.11063838005065918",
        "cumulative": false
    },
    {
        "date": "2020-12-08T11:03:30.253Z",
        "value": "0.11821246147155762",
        "cumulative": false
    },
    {
        "date": "2020-12-08T11:03:33.191Z",
        "value": "0.11134004592895508",
        "cumulative": false
    },
    {
        "date": "2020-12-08T11:03:36.226Z",
        "value": "0.11238932609558105",
        "cumulative": false
    },
    {
        "date": "2020-12-08T11:03:39.220Z",
        "value": "0.11250710487365723",
        "cumulative": false
    },
    {
        "date": "2020-12-08T11:03:42.178Z",
        "value": "0.10319924354553223",
        "cumulative": false
    },
    {
        "date": "2020-12-08T11:03:45.126Z",
        "value": "0.10966730117797852",
        "cumulative": false
    },
    {
        "date": "2020-12-08T11:03:48.061Z",
        "value": "0.09794330596923828",
        "cumulative": false
    },
    {
        "date": "2020-12-08T11:03:51.116Z",
        "value": "0.11137628555297852",
        "cumulative": false
    },
    {
        "date": "2020-12-08T11:03:54.127Z",
        "value": "0.10454034805297852",
        "cumulative": false
    },
    {
        "date": "2020-12-08T11:03:57.079Z",
        "value": "0.11102652549743652",
        "cumulative": false
    },
    {
        "date": "2020-12-08T11:04:00.040Z",
        "value": "0.11813831329345703",
        "cumulative": false
    },
    {
        "date": "2020-12-08T11:04:03.028Z",
        "value": "0.12386035919189453",
        "cumulative": false
    },
    {
        "date": "2020-12-08T11:04:05.992Z",
        "value": "0.10825777053833008",
        "cumulative": false
    },
    {
        "date": "2020-12-08T11:04:08.951Z",
        "value": "0.10544729232788086",
        "cumulative": false
    },
    {
        "date": "2020-12-08T11:04:11.930Z",
        "value": "0.10392332077026367",
        "cumulative": false
    }
]