[
    {
        "date": "2020-12-08T11:03:24.805Z",
        "value": "2.4565205574035645",
        "cumulative": false
    },
    {
        "date": "2020-12-08T11:03:26.147Z",
        "value": "1.967860221862793",
        "cumulative": false
    },
    {
        "date": "2020-12-08T11:03:27.833Z",
        "value": "1.7183893918991089",
        "cumulative": false
    },
    {
        "date": "2020-12-08T11:03:29.089Z",
        "value": "1.6028021574020386",
        "cumulative": false
    },
    {
        "date": "2020-12-08T11:03:30.809Z",
        "value": "1.4548860788345337",
        "cumulative": false
    },
    {
        "date": "2020-12-08T11:03:32.064Z",
        "value": "1.3416452407836914",
        "cumulative": false
    },
    {
        "date": "2020-12-08T11:03:33.773Z",
        "value": "1.212225317955017",
        "cumulative": false
    },
    {
        "date": "2020-12-08T11:03:35.056Z",
        "value": "1.3098759651184082",
        "cumulative": false
    },
    {
        "date": "2020-12-08T11:03:36.781Z",
        "value": "1.1703810691833496",
        "cumulative": false
    },
    {
        "date": "2020-12-08T11:03:38.077Z",
        "value": "1.1670845746994019",
        "cumulative": false
    },
    {
        "date": "2020-12-08T11:03:39.786Z",
        "value": "0.9618690609931946",
        "cumulative": false
    },
    {
        "date": "2020-12-08T11:03:41.039Z",
        "value": "0.8551874160766602",
        "cumulative": false
    },
    {
        "date": "2020-12-08T11:03:42.726Z",
        "value": "1.058990478515625",
        "cumulative": false
    },
    {
        "date": "2020-12-08T11:03:43.975Z",
        "value": "0.7251485586166382",
        "cumulative": false
    },
    {
        "date": "2020-12-08T11:03:45.680Z",
        "value": "0.7574738264083862",
        "cumulative": false
    },
    {
        "date": "2020-12-08T11:03:46.919Z",
        "value": "0.7290040254592896",
        "cumulative": false
    },
    {
        "date": "2020-12-08T11:03:48.653Z",
        "value": "0.6192681789398193",
        "cumulative": false
    },
    {
        "date": "2020-12-08T11:03:49.920Z",
        "value": "0.7666310667991638",
        "cumulative": false
    },
    {
        "date": "2020-12-08T11:03:51.672Z",
        "value": "0.4903312623500824",
        "cumulative": false
    },
    {
        "date": "2020-12-08T11:03:52.950Z",
        "value": "0.7911107540130615",
        "cumulative": false
    },
    {
        "date": "2020-12-08T11:03:54.687Z",
        "value": "0.44042301177978516",
        "cumulative": false
    },
    {
        "date": "2020-12-08T11:03:55.923Z",
        "value": "0.6578605771064758",
        "cumulative": false
    },
    {
        "date": "2020-12-08T11:03:57.622Z",
        "value": "0.49836188554763794",
        "cumulative": false
    },
    {
        "date": "2020-12-08T11:03:58.885Z",
        "value": "0.5103499293327332",
        "cumulative": false
    },
    {
        "date": "2020-12-08T11:04:00.593Z",
        "value": "0.6168209910392761",
        "cumulative": false
    },
    {
        "date": "2020-12-08T11:04:01.858Z",
        "value": "0.5126092433929443",
        "cumulative": false
    },
    {
        "date": "2020-12-08T11:04:03.597Z",
        "value": "0.4032627046108246",
        "cumulative": false
    },
    {
        "date": "2020-12-08T11:04:04.842Z",
        "value": "0.5301516056060791",
        "cumulative": false
    },
    {
        "date": "2020-12-08T11:04:06.542Z",
        "value": "0.43103155493736267",
        "cumulative": false
    },
    {
        "date": "2020-12-08T11:04:07.795Z",
        "value": "0.5794633030891418",
        "cumulative": false
    },
    {
        "date": "2020-12-08T11:04:09.519Z",
        "value": "0.47290217876434326",
        "cumulative": false
    },
    {
        "date": "2020-12-08T11:04:10.785Z",
        "value": "0.39171209931373596",
        "cumulative": false
    }
]