[
    {
        "date": "2020-12-08T11:03:27.283Z",
        "value": "0.007853984832763672",
        "cumulative": false
    },
    {
        "date": "2020-12-08T11:03:30.251Z",
        "value": "0.00717473030090332",
        "cumulative": false
    },
    {
        "date": "2020-12-08T11:03:33.194Z",
        "value": "0.008712291717529297",
        "cumulative": false
    },
    {
        "date": "2020-12-08T11:03:36.222Z",
        "value": "0.008910179138183594",
        "cumulative": false
    },
    {
        "date": "2020-12-08T11:03:39.212Z",
        "value": "0.008472442626953125",
        "cumulative": false
    },
    {
        "date": "2020-12-08T11:03:42.181Z",
        "value": "0.008478403091430664",
        "cumulative": false
    },
    {
        "date": "2020-12-08T11:03:45.128Z",
        "value": "0.007521867752075195",
        "cumulative": false
    },
    {
        "date": "2020-12-08T11:03:48.055Z",
        "value": "0.0075893402099609375",
        "cumulative": false
    },
    {
        "date": "2020-12-08T11:03:51.117Z",
        "value": "0.008350610733032227",
        "cumulative": false
    },
    {
        "date": "2020-12-08T11:03:54.118Z",
        "value": "0.007746458053588867",
        "cumulative": false
    },
    {
        "date": "2020-12-08T11:03:57.065Z",
        "value": "0.0072193145751953125",
        "cumulative": false
    },
    {
        "date": "2020-12-08T11:04:00.034Z",
        "value": "0.007843017578125",
        "cumulative": false
    },
    {
        "date": "2020-12-08T11:04:03.028Z",
        "value": "0.007714033126831055",
        "cumulative": false
    },
    {
        "date": "2020-12-08T11:04:05.992Z",
        "value": "0.007943153381347656",
        "cumulative": false
    },
    {
        "date": "2020-12-08T11:04:08.953Z",
        "value": "0.008005380630493164",
        "cumulative": false
    },
    {
        "date": "2020-12-08T11:04:11.920Z",
        "value": "0.007441043853759766",
        "cumulative": false
    }
]