[
    {
        "date": "2020-12-08T11:03:27.294Z",
        "value": "3.1589839458465576",
        "cumulative": false
    },
    {
        "date": "2020-12-08T11:03:30.258Z",
        "value": "1.3816120624542236",
        "cumulative": false
    },
    {
        "date": "2020-12-08T11:03:33.197Z",
        "value": "1.3983309268951416",
        "cumulative": false
    },
    {
        "date": "2020-12-08T11:03:36.223Z",
        "value": "1.3984625339508057",
        "cumulative": false
    },
    {
        "date": "2020-12-08T11:03:39.229Z",
        "value": "1.3374879360198975",
        "cumulative": false
    },
    {
        "date": "2020-12-08T11:03:42.187Z",
        "value": "1.3914401531219482",
        "cumulative": false
    },
    {
        "date": "2020-12-08T11:03:45.134Z",
        "value": "1.280529499053955",
        "cumulative": false
    },
    {
        "date": "2020-12-08T11:03:48.057Z",
        "value": "1.386467695236206",
        "cumulative": false
    },
    {
        "date": "2020-12-08T11:03:51.119Z",
        "value": "1.4108285903930664",
        "cumulative": false
    },
    {
        "date": "2020-12-08T11:03:54.125Z",
        "value": "1.375859022140503",
        "cumulative": false
    },
    {
        "date": "2020-12-08T11:03:57.070Z",
        "value": "1.312861442565918",
        "cumulative": false
    },
    {
        "date": "2020-12-08T11:04:00.045Z",
        "value": "1.3072233200073242",
        "cumulative": false
    },
    {
        "date": "2020-12-08T11:04:03.033Z",
        "value": "1.2891721725463867",
        "cumulative": false
    },
    {
        "date": "2020-12-08T11:04:05.995Z",
        "value": "1.335965871810913",
        "cumulative": false
    },
    {
        "date": "2020-12-08T11:04:08.956Z",
        "value": "1.4098310470581055",
        "cumulative": false
    },
    {
        "date": "2020-12-08T11:04:11.928Z",
        "value": "1.3466699123382568",
        "cumulative": false
    }
]