[
    {
        "date": "2020-12-08T11:03:24.800Z",
        "value": "15.625",
        "cumulative": false
    },
    {
        "date": "2020-12-08T11:03:26.141Z",
        "value": "22.65625",
        "cumulative": false
    },
    {
        "date": "2020-12-08T11:03:27.829Z",
        "value": "30.46875",
        "cumulative": false
    },
    {
        "date": "2020-12-08T11:03:29.081Z",
        "value": "34.375",
        "cumulative": false
    },
    {
        "date": "2020-12-08T11:03:30.798Z",
        "value": "47.65625",
        "cumulative": false
    },
    {
        "date": "2020-12-08T11:03:32.057Z",
        "value": "41.40625",
        "cumulative": false
    },
    {
        "date": "2020-12-08T11:03:33.765Z",
        "value": "50.78125",
        "cumulative": false
    },
    {
        "date": "2020-12-08T11:03:35.053Z",
        "value": "56.25",
        "cumulative": false
    },
    {
        "date": "2020-12-08T11:03:36.769Z",
        "value": "59.375",
        "cumulative": false
    },
    {
        "date": "2020-12-08T11:03:38.069Z",
        "value": "61.71875",
        "cumulative": false
    },
    {
        "date": "2020-12-08T11:03:39.779Z",
        "value": "72.65625",
        "cumulative": false
    },
    {
        "date": "2020-12-08T11:03:41.031Z",
        "value": "70.3125",
        "cumulative": false
    },
    {
        "date": "2020-12-08T11:03:42.719Z",
        "value": "76.5625",
        "cumulative": false
    },
    {
        "date": "2020-12-08T11:03:43.963Z",
        "value": "71.875",
        "cumulative": false
    },
    {
        "date": "2020-12-08T11:03:45.669Z",
        "value": "67.96875",
        "cumulative": false
    },
    {
        "date": "2020-12-08T11:03:46.911Z",
        "value": "78.125",
        "cumulative": false
    },
    {
        "date": "2020-12-08T11:03:48.647Z",
        "value": "75.0",
        "cumulative": false
    },
    {
        "date": "2020-12-08T11:03:49.913Z",
        "value": "77.34375",
        "cumulative": false
    },
    {
        "date": "2020-12-08T11:03:51.670Z",
        "value": "85.15625",
        "cumulative": false
    },
    {
        "date": "2020-12-08T11:03:52.948Z",
        "value": "79.6875",
        "cumulative": false
    },
    {
        "date": "2020-12-08T11:03:54.674Z",
        "value": "76.5625",
        "cumulative": false
    },
    {
        "date": "2020-12-08T11:03:55.916Z",
        "value": "79.6875",
        "cumulative": false
    },
    {
        "date": "2020-12-08T11:03:57.614Z",
        "value": "78.90625",
        "cumulative": false
    },
    {
        "date": "2020-12-08T11:03:58.879Z",
        "value": "82.8125",
        "cumulative": false
    },
    {
        "date": "2020-12-08T11:04:00.588Z",
        "value": "88.28125",
        "cumulative": false
    },
    {
        "date": "2020-12-08T11:04:01.848Z",
        "value": "78.90625",
        "cumulative": false
    },
    {
        "date": "2020-12-08T11:04:03.587Z",
        "value": "81.25",
        "cumulative": false
    },
    {
        "date": "2020-12-08T11:04:04.836Z",
        "value": "86.71875",
        "cumulative": false
    },
    {
        "date": "2020-12-08T11:04:06.534Z",
        "value": "85.9375",
        "cumulative": false
    },
    {
        "date": "2020-12-08T11:04:07.793Z",
        "value": "82.8125",
        "cumulative": false
    },
    {
        "date": "2020-12-08T11:04:09.516Z",
        "value": "80.46875",
        "cumulative": false
    },
    {
        "date": "2020-12-08T11:04:10.782Z",
        "value": "87.5",
        "cumulative": false
    }
]