[
    {
        "date": "2020-12-08T11:03:27.287Z",
        "value": "3.047926902770996",
        "cumulative": false
    },
    {
        "date": "2020-12-08T11:03:30.252Z",
        "value": "1.1778414249420166",
        "cumulative": false
    },
    {
        "date": "2020-12-08T11:03:33.195Z",
        "value": "1.1865897178649902",
        "cumulative": false
    },
    {
        "date": "2020-12-08T11:03:36.221Z",
        "value": "1.2166194915771484",
        "cumulative": false
    },
    {
        "date": "2020-12-08T11:03:39.223Z",
        "value": "1.2027735710144043",
        "cumulative": false
    },
    {
        "date": "2020-12-08T11:03:42.178Z",
        "value": "1.1772053241729736",
        "cumulative": false
    },
    {
        "date": "2020-12-08T11:03:45.135Z",
        "value": "1.1509723663330078",
        "cumulative": false
    },
    {
        "date": "2020-12-08T11:03:48.057Z",
        "value": "1.261359453201294",
        "cumulative": false
    },
    {
        "date": "2020-12-08T11:03:51.112Z",
        "value": "1.180215835571289",
        "cumulative": false
    },
    {
        "date": "2020-12-08T11:03:54.122Z",
        "value": "1.229578971862793",
        "cumulative": false
    },
    {
        "date": "2020-12-08T11:03:57.077Z",
        "value": "1.1655030250549316",
        "cumulative": false
    },
    {
        "date": "2020-12-08T11:04:00.038Z",
        "value": "1.1417131423950195",
        "cumulative": false
    },
    {
        "date": "2020-12-08T11:04:03.029Z",
        "value": "1.222367286682129",
        "cumulative": false
    },
    {
        "date": "2020-12-08T11:04:05.999Z",
        "value": "1.2044024467468262",
        "cumulative": false
    },
    {
        "date": "2020-12-08T11:04:08.955Z",
        "value": "1.1828272342681885",
        "cumulative": false
    },
    {
        "date": "2020-12-08T11:04:11.937Z",
        "value": "1.2317309379577637",
        "cumulative": false
    }
]