[
    {
        "date": "2020-12-08T11:03:24.803Z",
        "value": "50.0",
        "cumulative": false
    },
    {
        "date": "2020-12-08T11:03:26.145Z",
        "value": "77.34375",
        "cumulative": false
    },
    {
        "date": "2020-12-08T11:03:27.833Z",
        "value": "89.0625",
        "cumulative": false
    },
    {
        "date": "2020-12-08T11:03:29.085Z",
        "value": "91.40625",
        "cumulative": false
    },
    {
        "date": "2020-12-08T11:03:30.798Z",
        "value": "89.0625",
        "cumulative": false
    },
    {
        "date": "2020-12-08T11:03:32.054Z",
        "value": "93.75",
        "cumulative": false
    },
    {
        "date": "2020-12-08T11:03:33.759Z",
        "value": "94.53125",
        "cumulative": false
    },
    {
        "date": "2020-12-08T11:03:35.054Z",
        "value": "96.875",
        "cumulative": false
    },
    {
        "date": "2020-12-08T11:03:36.768Z",
        "value": "93.75",
        "cumulative": false
    },
    {
        "date": "2020-12-08T11:03:38.068Z",
        "value": "96.09375",
        "cumulative": false
    },
    {
        "date": "2020-12-08T11:03:39.774Z",
        "value": "98.4375",
        "cumulative": false
    },
    {
        "date": "2020-12-08T11:03:41.032Z",
        "value": "97.65625",
        "cumulative": false
    },
    {
        "date": "2020-12-08T11:03:42.724Z",
        "value": "95.3125",
        "cumulative": false
    },
    {
        "date": "2020-12-08T11:03:43.965Z",
        "value": "97.65625",
        "cumulative": false
    },
    {
        "date": "2020-12-08T11:03:45.674Z",
        "value": "100.0",
        "cumulative": false
    },
    {
        "date": "2020-12-08T11:03:46.915Z",
        "value": "97.65625",
        "cumulative": false
    },
    {
        "date": "2020-12-08T11:03:48.643Z",
        "value": "98.4375",
        "cumulative": false
    },
    {
        "date": "2020-12-08T11:03:49.917Z",
        "value": "100.0",
        "cumulative": false
    },
    {
        "date": "2020-12-08T11:03:51.667Z",
        "value": "100.0",
        "cumulative": false
    },
    {
        "date": "2020-12-08T11:03:52.947Z",
        "value": "99.21875",
        "cumulative": false
    },
    {
        "date": "2020-12-08T11:03:54.674Z",
        "value": "96.875",
        "cumulative": false
    },
    {
        "date": "2020-12-08T11:03:55.916Z",
        "value": "99.21875",
        "cumulative": false
    },
    {
        "date": "2020-12-08T11:03:57.615Z",
        "value": "99.21875",
        "cumulative": false
    },
    {
        "date": "2020-12-08T11:03:58.883Z",
        "value": "99.21875",
        "cumulative": false
    },
    {
        "date": "2020-12-08T11:04:00.583Z",
        "value": "99.21875",
        "cumulative": false
    },
    {
        "date": "2020-12-08T11:04:01.851Z",
        "value": "99.21875",
        "cumulative": false
    },
    {
        "date": "2020-12-08T11:04:03.583Z",
        "value": "98.4375",
        "cumulative": false
    },
    {
        "date": "2020-12-08T11:04:04.830Z",
        "value": "100.0",
        "cumulative": false
    },
    {
        "date": "2020-12-08T11:04:06.534Z",
        "value": "98.4375",
        "cumulative": false
    },
    {
        "date": "2020-12-08T11:04:07.788Z",
        "value": "99.21875",
        "cumulative": false
    },
    {
        "date": "2020-12-08T11:04:09.510Z",
        "value": "100.0",
        "cumulative": false
    },
    {
        "date": "2020-12-08T11:04:10.782Z",
        "value": "100.0",
        "cumulative": false
    }
]