[
    {
        "date": "2020-12-08T11:03:27.294Z",
        "value": "0.029908180236816406",
        "cumulative": false
    },
    {
        "date": "2020-12-08T11:03:30.258Z",
        "value": "0.03079080581665039",
        "cumulative": false
    },
    {
        "date": "2020-12-08T11:03:33.197Z",
        "value": "0.028151512145996094",
        "cumulative": false
    },
    {
        "date": "2020-12-08T11:03:36.223Z",
        "value": "0.030880212783813477",
        "cumulative": false
    },
    {
        "date": "2020-12-08T11:03:39.229Z",
        "value": "0.0295102596282959",
        "cumulative": false
    },
    {
        "date": "2020-12-08T11:03:42.187Z",
        "value": "0.02832961082458496",
        "cumulative": false
    },
    {
        "date": "2020-12-08T11:03:45.134Z",
        "value": "0.030762910842895508",
        "cumulative": false
    },
    {
        "date": "2020-12-08T11:03:48.057Z",
        "value": "0.028392553329467773",
        "cumulative": false
    },
    {
        "date": "2020-12-08T11:03:51.120Z",
        "value": "0.03116297721862793",
        "cumulative": false
    },
    {
        "date": "2020-12-08T11:03:54.125Z",
        "value": "0.031327009201049805",
        "cumulative": false
    },
    {
        "date": "2020-12-08T11:03:57.070Z",
        "value": "0.029840946197509766",
        "cumulative": false
    },
    {
        "date": "2020-12-08T11:04:00.045Z",
        "value": "0.030202150344848633",
        "cumulative": false
    },
    {
        "date": "2020-12-08T11:04:03.033Z",
        "value": "0.031549692153930664",
        "cumulative": false
    },
    {
        "date": "2020-12-08T11:04:05.995Z",
        "value": "0.029325008392333984",
        "cumulative": false
    },
    {
        "date": "2020-12-08T11:04:08.956Z",
        "value": "0.02930903434753418",
        "cumulative": false
    },
    {
        "date": "2020-12-08T11:04:11.928Z",
        "value": "0.02994561195373535",
        "cumulative": false
    }
]