[
    {
        "date": "2020-12-08T11:03:27.288Z",
        "value": "3.330965042114258",
        "cumulative": false
    },
    {
        "date": "2020-12-08T11:03:30.252Z",
        "value": "1.326685905456543",
        "cumulative": false
    },
    {
        "date": "2020-12-08T11:03:33.194Z",
        "value": "1.3732588291168213",
        "cumulative": false
    },
    {
        "date": "2020-12-08T11:03:36.225Z",
        "value": "1.3471057415008545",
        "cumulative": false
    },
    {
        "date": "2020-12-08T11:03:39.225Z",
        "value": "1.429863691329956",
        "cumulative": false
    },
    {
        "date": "2020-12-08T11:03:42.188Z",
        "value": "1.4016540050506592",
        "cumulative": false
    },
    {
        "date": "2020-12-08T11:03:45.127Z",
        "value": "1.3834257125854492",
        "cumulative": false
    },
    {
        "date": "2020-12-08T11:03:48.064Z",
        "value": "1.3584504127502441",
        "cumulative": false
    },
    {
        "date": "2020-12-08T11:03:51.111Z",
        "value": "1.4620864391326904",
        "cumulative": false
    },
    {
        "date": "2020-12-08T11:03:54.123Z",
        "value": "1.3652420043945312",
        "cumulative": false
    },
    {
        "date": "2020-12-08T11:03:57.076Z",
        "value": "1.4286437034606934",
        "cumulative": false
    },
    {
        "date": "2020-12-08T11:04:00.036Z",
        "value": "1.401547908782959",
        "cumulative": false
    },
    {
        "date": "2020-12-08T11:04:03.033Z",
        "value": "1.4284744262695312",
        "cumulative": false
    },
    {
        "date": "2020-12-08T11:04:05.999Z",
        "value": "1.4449405670166016",
        "cumulative": false
    },
    {
        "date": "2020-12-08T11:04:08.953Z",
        "value": "1.3741610050201416",
        "cumulative": false
    },
    {
        "date": "2020-12-08T11:04:11.926Z",
        "value": "1.3998119831085205",
        "cumulative": false
    }
]