[
    {
        "date": "2020-12-08T11:03:27.295Z",
        "value": "0.01723003387451172",
        "cumulative": false
    },
    {
        "date": "2020-12-08T11:03:30.253Z",
        "value": "0.017932891845703125",
        "cumulative": false
    },
    {
        "date": "2020-12-08T11:03:33.191Z",
        "value": "0.019661664962768555",
        "cumulative": false
    },
    {
        "date": "2020-12-08T11:03:36.226Z",
        "value": "0.021263837814331055",
        "cumulative": false
    },
    {
        "date": "2020-12-08T11:03:39.220Z",
        "value": "0.01888728141784668",
        "cumulative": false
    },
    {
        "date": "2020-12-08T11:03:42.178Z",
        "value": "0.023281335830688477",
        "cumulative": false
    },
    {
        "date": "2020-12-08T11:03:45.126Z",
        "value": "0.020207643508911133",
        "cumulative": false
    },
    {
        "date": "2020-12-08T11:03:48.061Z",
        "value": "0.01464986801147461",
        "cumulative": false
    },
    {
        "date": "2020-12-08T11:03:51.116Z",
        "value": "0.01510310173034668",
        "cumulative": false
    },
    {
        "date": "2020-12-08T11:03:54.127Z",
        "value": "0.0189666748046875",
        "cumulative": false
    },
    {
        "date": "2020-12-08T11:03:57.079Z",
        "value": "0.0228421688079834",
        "cumulative": false
    },
    {
        "date": "2020-12-08T11:04:00.040Z",
        "value": "0.025399208068847656",
        "cumulative": false
    },
    {
        "date": "2020-12-08T11:04:03.028Z",
        "value": "0.016709566116333008",
        "cumulative": false
    },
    {
        "date": "2020-12-08T11:04:05.992Z",
        "value": "0.028194904327392578",
        "cumulative": false
    },
    {
        "date": "2020-12-08T11:04:08.951Z",
        "value": "0.02113652229309082",
        "cumulative": false
    },
    {
        "date": "2020-12-08T11:04:11.930Z",
        "value": "0.01674795150756836",
        "cumulative": false
    }
]