[
    {
        "date": "2020-12-08T11:03:24.806Z",
        "value": "16.40625",
        "cumulative": false
    },
    {
        "date": "2020-12-08T11:03:26.145Z",
        "value": "24.21875",
        "cumulative": false
    },
    {
        "date": "2020-12-08T11:03:27.833Z",
        "value": "28.90625",
        "cumulative": false
    },
    {
        "date": "2020-12-08T11:03:29.087Z",
        "value": "32.8125",
        "cumulative": false
    },
    {
        "date": "2020-12-08T11:03:30.809Z",
        "value": "45.3125",
        "cumulative": false
    },
    {
        "date": "2020-12-08T11:03:32.059Z",
        "value": "57.03125",
        "cumulative": false
    },
    {
        "date": "2020-12-08T11:03:33.772Z",
        "value": "54.6875",
        "cumulative": false
    },
    {
        "date": "2020-12-08T11:03:35.060Z",
        "value": "64.0625",
        "cumulative": false
    },
    {
        "date": "2020-12-08T11:03:36.782Z",
        "value": "57.8125",
        "cumulative": false
    },
    {
        "date": "2020-12-08T11:03:38.075Z",
        "value": "58.59375",
        "cumulative": false
    },
    {
        "date": "2020-12-08T11:03:39.779Z",
        "value": "67.1875",
        "cumulative": false
    },
    {
        "date": "2020-12-08T11:03:41.034Z",
        "value": "61.71875",
        "cumulative": false
    },
    {
        "date": "2020-12-08T11:03:42.726Z",
        "value": "78.125",
        "cumulative": false
    },
    {
        "date": "2020-12-08T11:03:43.970Z",
        "value": "73.4375",
        "cumulative": false
    },
    {
        "date": "2020-12-08T11:03:45.675Z",
        "value": "73.4375",
        "cumulative": false
    },
    {
        "date": "2020-12-08T11:03:46.917Z",
        "value": "65.625",
        "cumulative": false
    },
    {
        "date": "2020-12-08T11:03:48.653Z",
        "value": "78.90625",
        "cumulative": false
    },
    {
        "date": "2020-12-08T11:03:49.923Z",
        "value": "76.5625",
        "cumulative": false
    },
    {
        "date": "2020-12-08T11:03:51.669Z",
        "value": "78.125",
        "cumulative": false
    },
    {
        "date": "2020-12-08T11:03:52.954Z",
        "value": "80.46875",
        "cumulative": false
    },
    {
        "date": "2020-12-08T11:03:54.680Z",
        "value": "82.8125",
        "cumulative": false
    },
    {
        "date": "2020-12-08T11:03:55.922Z",
        "value": "78.125",
        "cumulative": false
    },
    {
        "date": "2020-12-08T11:03:57.621Z",
        "value": "78.90625",
        "cumulative": false
    },
    {
        "date": "2020-12-08T11:03:58.887Z",
        "value": "82.03125",
        "cumulative": false
    },
    {
        "date": "2020-12-08T11:04:00.595Z",
        "value": "82.8125",
        "cumulative": false
    },
    {
        "date": "2020-12-08T11:04:01.853Z",
        "value": "85.15625",
        "cumulative": false
    },
    {
        "date": "2020-12-08T11:04:03.588Z",
        "value": "84.375",
        "cumulative": false
    },
    {
        "date": "2020-12-08T11:04:04.842Z",
        "value": "82.03125",
        "cumulative": false
    },
    {
        "date": "2020-12-08T11:04:06.542Z",
        "value": "85.9375",
        "cumulative": false
    },
    {
        "date": "2020-12-08T11:04:07.795Z",
        "value": "81.25",
        "cumulative": false
    },
    {
        "date": "2020-12-08T11:04:09.525Z",
        "value": "87.5",
        "cumulative": false
    },
    {
        "date": "2020-12-08T11:04:10.785Z",
        "value": "85.9375",
        "cumulative": false
    }
]