[
    {
        "date": "2020-12-08T11:03:24.808Z",
        "value": "50.78125",
        "cumulative": false
    },
    {
        "date": "2020-12-08T11:03:26.151Z",
        "value": "82.8125",
        "cumulative": false
    },
    {
        "date": "2020-12-08T11:03:27.833Z",
        "value": "89.0625",
        "cumulative": false
    },
    {
        "date": "2020-12-08T11:03:29.089Z",
        "value": "86.71875",
        "cumulative": false
    },
    {
        "date": "2020-12-08T11:03:30.809Z",
        "value": "95.3125",
        "cumulative": false
    },
    {
        "date": "2020-12-08T11:03:32.064Z",
        "value": "93.75",
        "cumulative": false
    },
    {
        "date": "2020-12-08T11:03:33.773Z",
        "value": "96.09375",
        "cumulative": false
    },
    {
        "date": "2020-12-08T11:03:35.056Z",
        "value": "92.1875",
        "cumulative": false
    },
    {
        "date": "2020-12-08T11:03:36.782Z",
        "value": "96.09375",
        "cumulative": false
    },
    {
        "date": "2020-12-08T11:03:38.078Z",
        "value": "97.65625",
        "cumulative": false
    },
    {
        "date": "2020-12-08T11:03:39.787Z",
        "value": "99.21875",
        "cumulative": false
    },
    {
        "date": "2020-12-08T11:03:41.039Z",
        "value": "100.0",
        "cumulative": false
    },
    {
        "date": "2020-12-08T11:03:42.726Z",
        "value": "95.3125",
        "cumulative": false
    },
    {
        "date": "2020-12-08T11:03:43.975Z",
        "value": "99.21875",
        "cumulative": false
    },
    {
        "date": "2020-12-08T11:03:45.680Z",
        "value": "99.21875",
        "cumulative": false
    },
    {
        "date": "2020-12-08T11:03:46.919Z",
        "value": "97.65625",
        "cumulative": false
    },
    {
        "date": "2020-12-08T11:03:48.653Z",
        "value": "99.21875",
        "cumulative": false
    },
    {
        "date": "2020-12-08T11:03:49.920Z",
        "value": "98.4375",
        "cumulative": false
    },
    {
        "date": "2020-12-08T11:03:51.672Z",
        "value": "100.0",
        "cumulative": false
    },
    {
        "date": "2020-12-08T11:03:52.950Z",
        "value": "100.0",
        "cumulative": false
    },
    {
        "date": "2020-12-08T11:03:54.688Z",
        "value": "100.0",
        "cumulative": false
    },
    {
        "date": "2020-12-08T11:03:55.923Z",
        "value": "98.4375",
        "cumulative": false
    },
    {
        "date": "2020-12-08T11:03:57.622Z",
        "value": "100.0",
        "cumulative": false
    },
    {
        "date": "2020-12-08T11:03:58.886Z",
        "value": "100.0",
        "cumulative": false
    },
    {
        "date": "2020-12-08T11:04:00.593Z",
        "value": "98.4375",
        "cumulative": false
    },
    {
        "date": "2020-12-08T11:04:01.858Z",
        "value": "99.21875",
        "cumulative": false
    },
    {
        "date": "2020-12-08T11:04:03.597Z",
        "value": "100.0",
        "cumulative": false
    },
    {
        "date": "2020-12-08T11:04:04.843Z",
        "value": "99.21875",
        "cumulative": false
    },
    {
        "date": "2020-12-08T11:04:06.542Z",
        "value": "100.0",
        "cumulative": false
    },
    {
        "date": "2020-12-08T11:04:07.795Z",
        "value": "97.65625",
        "cumulative": false
    },
    {
        "date": "2020-12-08T11:04:09.519Z",
        "value": "100.0",
        "cumulative": false
    },
    {
        "date": "2020-12-08T11:04:10.785Z",
        "value": "99.21875",
        "cumulative": false
    }
]