[
    {
        "date": "2020-12-08T11:03:27.287Z",
        "value": "2.5710716247558594",
        "cumulative": false
    },
    {
        "date": "2020-12-08T11:03:30.252Z",
        "value": "0.38941121101379395",
        "cumulative": false
    },
    {
        "date": "2020-12-08T11:03:33.195Z",
        "value": "0.38184547424316406",
        "cumulative": false
    },
    {
        "date": "2020-12-08T11:03:36.221Z",
        "value": "0.38732481002807617",
        "cumulative": false
    },
    {
        "date": "2020-12-08T11:03:39.223Z",
        "value": "0.3934135437011719",
        "cumulative": false
    },
    {
        "date": "2020-12-08T11:03:42.178Z",
        "value": "0.39466381072998047",
        "cumulative": false
    },
    {
        "date": "2020-12-08T11:03:45.135Z",
        "value": "0.40034031867980957",
        "cumulative": false
    },
    {
        "date": "2020-12-08T11:03:48.057Z",
        "value": "0.3614506721496582",
        "cumulative": false
    },
    {
        "date": "2020-12-08T11:03:51.112Z",
        "value": "0.3942902088165283",
        "cumulative": false
    },
    {
        "date": "2020-12-08T11:03:54.122Z",
        "value": "0.39104151725769043",
        "cumulative": false
    },
    {
        "date": "2020-12-08T11:03:57.077Z",
        "value": "0.3836979866027832",
        "cumulative": false
    },
    {
        "date": "2020-12-08T11:04:00.038Z",
        "value": "0.40584754943847656",
        "cumulative": false
    },
    {
        "date": "2020-12-08T11:04:03.029Z",
        "value": "0.3852107524871826",
        "cumulative": false
    },
    {
        "date": "2020-12-08T11:04:05.999Z",
        "value": "0.37671756744384766",
        "cumulative": false
    },
    {
        "date": "2020-12-08T11:04:08.955Z",
        "value": "0.39087343215942383",
        "cumulative": false
    },
    {
        "date": "2020-12-08T11:04:11.937Z",
        "value": "0.38062167167663574",
        "cumulative": false
    }
]