[
    {
        "date": "2020-12-08T11:03:24.807Z",
        "value": "49.21875",
        "cumulative": false
    },
    {
        "date": "2020-12-08T11:03:26.146Z",
        "value": "81.25",
        "cumulative": false
    },
    {
        "date": "2020-12-08T11:03:27.833Z",
        "value": "83.59375",
        "cumulative": false
    },
    {
        "date": "2020-12-08T11:03:29.087Z",
        "value": "86.71875",
        "cumulative": false
    },
    {
        "date": "2020-12-08T11:03:30.809Z",
        "value": "92.1875",
        "cumulative": false
    },
    {
        "date": "2020-12-08T11:03:32.059Z",
        "value": "92.1875",
        "cumulative": false
    },
    {
        "date": "2020-12-08T11:03:33.772Z",
        "value": "95.3125",
        "cumulative": false
    },
    {
        "date": "2020-12-08T11:03:35.060Z",
        "value": "94.53125",
        "cumulative": false
    },
    {
        "date": "2020-12-08T11:03:36.782Z",
        "value": "96.875",
        "cumulative": false
    },
    {
        "date": "2020-12-08T11:03:38.075Z",
        "value": "96.09375",
        "cumulative": false
    },
    {
        "date": "2020-12-08T11:03:39.779Z",
        "value": "97.65625",
        "cumulative": false
    },
    {
        "date": "2020-12-08T11:03:41.034Z",
        "value": "96.09375",
        "cumulative": false
    },
    {
        "date": "2020-12-08T11:03:42.726Z",
        "value": "98.4375",
        "cumulative": false
    },
    {
        "date": "2020-12-08T11:03:43.970Z",
        "value": "99.21875",
        "cumulative": false
    },
    {
        "date": "2020-12-08T11:03:45.675Z",
        "value": "97.65625",
        "cumulative": false
    },
    {
        "date": "2020-12-08T11:03:46.917Z",
        "value": "96.09375",
        "cumulative": false
    },
    {
        "date": "2020-12-08T11:03:48.653Z",
        "value": "98.4375",
        "cumulative": false
    },
    {
        "date": "2020-12-08T11:03:49.923Z",
        "value": "99.21875",
        "cumulative": false
    },
    {
        "date": "2020-12-08T11:03:51.669Z",
        "value": "99.21875",
        "cumulative": false
    },
    {
        "date": "2020-12-08T11:03:52.954Z",
        "value": "99.21875",
        "cumulative": false
    },
    {
        "date": "2020-12-08T11:03:54.680Z",
        "value": "100.0",
        "cumulative": false
    },
    {
        "date": "2020-12-08T11:03:55.922Z",
        "value": "99.21875",
        "cumulative": false
    },
    {
        "date": "2020-12-08T11:03:57.621Z",
        "value": "100.0",
        "cumulative": false
    },
    {
        "date": "2020-12-08T11:03:58.887Z",
        "value": "100.0",
        "cumulative": false
    },
    {
        "date": "2020-12-08T11:04:00.595Z",
        "value": "97.65625",
        "cumulative": false
    },
    {
        "date": "2020-12-08T11:04:01.853Z",
        "value": "100.0",
        "cumulative": false
    },
    {
        "date": "2020-12-08T11:04:03.588Z",
        "value": "97.65625",
        "cumulative": false
    },
    {
        "date": "2020-12-08T11:04:04.842Z",
        "value": "100.0",
        "cumulative": false
    },
    {
        "date": "2020-12-08T11:04:06.542Z",
        "value": "100.0",
        "cumulative": false
    },
    {
        "date": "2020-12-08T11:04:07.795Z",
        "value": "100.0",
        "cumulative": false
    },
    {
        "date": "2020-12-08T11:04:09.525Z",
        "value": "98.4375",
        "cumulative": false
    },
    {
        "date": "2020-12-08T11:04:10.785Z",
        "value": "100.0",
        "cumulative": false
    }
]