[
    {
        "date": "2020-12-08T11:03:24.803Z",
        "value": "2.42199444770813",
        "cumulative": false
    },
    {
        "date": "2020-12-08T11:03:26.141Z",
        "value": "2.0461459159851074",
        "cumulative": false
    },
    {
        "date": "2020-12-08T11:03:27.835Z",
        "value": "1.7399389743804932",
        "cumulative": false
    },
    {
        "date": "2020-12-08T11:03:29.089Z",
        "value": "1.4812020063400269",
        "cumulative": false
    },
    {
        "date": "2020-12-08T11:03:30.802Z",
        "value": "1.4557785987854004",
        "cumulative": false
    },
    {
        "date": "2020-12-08T11:03:32.059Z",
        "value": "1.4920164346694946",
        "cumulative": false
    },
    {
        "date": "2020-12-08T11:03:33.764Z",
        "value": "1.2007346153259277",
        "cumulative": false
    },
    {
        "date": "2020-12-08T11:03:35.055Z",
        "value": "1.184232234954834",
        "cumulative": false
    },
    {
        "date": "2020-12-08T11:03:36.772Z",
        "value": "1.0091745853424072",
        "cumulative": false
    },
    {
        "date": "2020-12-08T11:03:38.074Z",
        "value": "1.205538034439087",
        "cumulative": false
    },
    {
        "date": "2020-12-08T11:03:39.778Z",
        "value": "0.871941328048706",
        "cumulative": false
    },
    {
        "date": "2020-12-08T11:03:41.033Z",
        "value": "0.87205570936203",
        "cumulative": false
    },
    {
        "date": "2020-12-08T11:03:42.728Z",
        "value": "0.9572455883026123",
        "cumulative": false
    },
    {
        "date": "2020-12-08T11:03:43.969Z",
        "value": "0.6809718608856201",
        "cumulative": false
    },
    {
        "date": "2020-12-08T11:03:45.678Z",
        "value": "1.0705678462982178",
        "cumulative": false
    },
    {
        "date": "2020-12-08T11:03:46.919Z",
        "value": "0.7075760364532471",
        "cumulative": false
    },
    {
        "date": "2020-12-08T11:03:48.651Z",
        "value": "0.5549618005752563",
        "cumulative": false
    },
    {
        "date": "2020-12-08T11:03:49.919Z",
        "value": "0.8974325656890869",
        "cumulative": false
    },
    {
        "date": "2020-12-08T11:03:51.674Z",
        "value": "0.5904290080070496",
        "cumulative": false
    },
    {
        "date": "2020-12-08T11:03:52.952Z",
        "value": "0.6382408142089844",
        "cumulative": false
    },
    {
        "date": "2020-12-08T11:03:54.678Z",
        "value": "0.6243149638175964",
        "cumulative": false
    },
    {
        "date": "2020-12-08T11:03:55.923Z",
        "value": "0.564841628074646",
        "cumulative": false
    },
    {
        "date": "2020-12-08T11:03:57.617Z",
        "value": "0.5377281904220581",
        "cumulative": false
    },
    {
        "date": "2020-12-08T11:03:58.885Z",
        "value": "0.5282225012779236",
        "cumulative": false
    },
    {
        "date": "2020-12-08T11:04:00.592Z",
        "value": "0.553090512752533",
        "cumulative": false
    },
    {
        "date": "2020-12-08T11:04:01.851Z",
        "value": "0.4164781868457794",
        "cumulative": false
    },
    {
        "date": "2020-12-08T11:04:03.589Z",
        "value": "0.4046425223350525",
        "cumulative": false
    },
    {
        "date": "2020-12-08T11:04:04.837Z",
        "value": "0.46843284368515015",
        "cumulative": false
    },
    {
        "date": "2020-12-08T11:04:06.534Z",
        "value": "0.46351760625839233",
        "cumulative": false
    },
    {
        "date": "2020-12-08T11:04:07.797Z",
        "value": "0.49671661853790283",
        "cumulative": false
    },
    {
        "date": "2020-12-08T11:04:09.515Z",
        "value": "0.514829158782959",
        "cumulative": false
    },
    {
        "date": "2020-12-08T11:04:10.782Z",
        "value": "0.46343469619750977",
        "cumulative": false
    }
]