[
    {
        "date": "2020-12-08T11:03:27.287Z",
        "value": "0.3211660385131836",
        "cumulative": false
    },
    {
        "date": "2020-12-08T11:03:30.252Z",
        "value": "0.35360217094421387",
        "cumulative": false
    },
    {
        "date": "2020-12-08T11:03:33.195Z",
        "value": "0.34351348876953125",
        "cumulative": false
    },
    {
        "date": "2020-12-08T11:03:36.221Z",
        "value": "0.3429889678955078",
        "cumulative": false
    },
    {
        "date": "2020-12-08T11:03:39.223Z",
        "value": "0.3448967933654785",
        "cumulative": false
    },
    {
        "date": "2020-12-08T11:03:42.178Z",
        "value": "0.33817529678344727",
        "cumulative": false
    },
    {
        "date": "2020-12-08T11:03:45.135Z",
        "value": "0.33881187438964844",
        "cumulative": false
    },
    {
        "date": "2020-12-08T11:03:48.057Z",
        "value": "0.30785083770751953",
        "cumulative": false
    },
    {
        "date": "2020-12-08T11:03:51.112Z",
        "value": "0.37106919288635254",
        "cumulative": false
    },
    {
        "date": "2020-12-08T11:03:54.122Z",
        "value": "0.34313416481018066",
        "cumulative": false
    },
    {
        "date": "2020-12-08T11:03:57.077Z",
        "value": "0.35019946098327637",
        "cumulative": false
    },
    {
        "date": "2020-12-08T11:04:00.038Z",
        "value": "0.36383938789367676",
        "cumulative": false
    },
    {
        "date": "2020-12-08T11:04:03.029Z",
        "value": "0.34362244606018066",
        "cumulative": false
    },
    {
        "date": "2020-12-08T11:04:05.999Z",
        "value": "0.34247851371765137",
        "cumulative": false
    },
    {
        "date": "2020-12-08T11:04:08.955Z",
        "value": "0.34910082817077637",
        "cumulative": false
    },
    {
        "date": "2020-12-08T11:04:11.937Z",
        "value": "0.3255345821380615",
        "cumulative": false
    }
]