[
    {
        "date": "2020-12-08T11:03:27.288Z",
        "value": "0.28067803382873535",
        "cumulative": false
    },
    {
        "date": "2020-12-08T11:03:30.252Z",
        "value": "0.30376243591308594",
        "cumulative": false
    },
    {
        "date": "2020-12-08T11:03:33.194Z",
        "value": "0.28264307975769043",
        "cumulative": false
    },
    {
        "date": "2020-12-08T11:03:36.225Z",
        "value": "0.31140661239624023",
        "cumulative": false
    },
    {
        "date": "2020-12-08T11:03:39.225Z",
        "value": "0.28972959518432617",
        "cumulative": false
    },
    {
        "date": "2020-12-08T11:03:42.188Z",
        "value": "0.2898716926574707",
        "cumulative": false
    },
    {
        "date": "2020-12-08T11:03:45.127Z",
        "value": "0.29860901832580566",
        "cumulative": false
    },
    {
        "date": "2020-12-08T11:03:48.064Z",
        "value": "0.2924916744232178",
        "cumulative": false
    },
    {
        "date": "2020-12-08T11:03:51.111Z",
        "value": "0.27143168449401855",
        "cumulative": false
    },
    {
        "date": "2020-12-08T11:03:54.123Z",
        "value": "0.310103178024292",
        "cumulative": false
    },
    {
        "date": "2020-12-08T11:03:57.076Z",
        "value": "0.26550769805908203",
        "cumulative": false
    },
    {
        "date": "2020-12-08T11:04:00.036Z",
        "value": "0.2898287773132324",
        "cumulative": false
    },
    {
        "date": "2020-12-08T11:04:03.033Z",
        "value": "0.27193427085876465",
        "cumulative": false
    },
    {
        "date": "2020-12-08T11:04:05.999Z",
        "value": "0.2602078914642334",
        "cumulative": false
    },
    {
        "date": "2020-12-08T11:04:08.953Z",
        "value": "0.2787971496582031",
        "cumulative": false
    },
    {
        "date": "2020-12-08T11:04:11.926Z",
        "value": "0.2865767478942871",
        "cumulative": false
    }
]