[
    {
        "date": "2020-12-08T11:03:27.284Z",
        "value": "0.008611202239990234",
        "cumulative": false
    },
    {
        "date": "2020-12-08T11:03:30.249Z",
        "value": "0.008603096008300781",
        "cumulative": false
    },
    {
        "date": "2020-12-08T11:03:33.196Z",
        "value": "0.00945591926574707",
        "cumulative": false
    },
    {
        "date": "2020-12-08T11:03:36.219Z",
        "value": "0.008069515228271484",
        "cumulative": false
    },
    {
        "date": "2020-12-08T11:03:39.221Z",
        "value": "0.008648872375488281",
        "cumulative": false
    },
    {
        "date": "2020-12-08T11:03:42.178Z",
        "value": "0.00873565673828125",
        "cumulative": false
    },
    {
        "date": "2020-12-08T11:03:45.125Z",
        "value": "0.008873462677001953",
        "cumulative": false
    },
    {
        "date": "2020-12-08T11:03:48.053Z",
        "value": "0.008298635482788086",
        "cumulative": false
    },
    {
        "date": "2020-12-08T11:03:51.123Z",
        "value": "0.008582592010498047",
        "cumulative": false
    },
    {
        "date": "2020-12-08T11:03:54.128Z",
        "value": "0.008214712142944336",
        "cumulative": false
    },
    {
        "date": "2020-12-08T11:03:57.070Z",
        "value": "0.00853276252746582",
        "cumulative": false
    },
    {
        "date": "2020-12-08T11:04:00.035Z",
        "value": "0.009664535522460938",
        "cumulative": false
    },
    {
        "date": "2020-12-08T11:04:03.030Z",
        "value": "0.008326053619384766",
        "cumulative": false
    },
    {
        "date": "2020-12-08T11:04:05.994Z",
        "value": "0.009239673614501953",
        "cumulative": false
    },
    {
        "date": "2020-12-08T11:04:08.952Z",
        "value": "0.009027481079101562",
        "cumulative": false
    },
    {
        "date": "2020-12-08T11:04:11.924Z",
        "value": "0.00904536247253418",
        "cumulative": false
    }
]