[
    {
        "date": "2020-12-08T11:03:24.801Z",
        "value": "10.9375",
        "cumulative": false
    },
    {
        "date": "2020-12-08T11:03:26.138Z",
        "value": "16.40625",
        "cumulative": false
    },
    {
        "date": "2020-12-08T11:03:27.833Z",
        "value": "19.53125",
        "cumulative": false
    },
    {
        "date": "2020-12-08T11:03:29.082Z",
        "value": "38.28125",
        "cumulative": false
    },
    {
        "date": "2020-12-08T11:03:30.799Z",
        "value": "45.3125",
        "cumulative": false
    },
    {
        "date": "2020-12-08T11:03:32.055Z",
        "value": "57.8125",
        "cumulative": false
    },
    {
        "date": "2020-12-08T11:03:33.765Z",
        "value": "54.6875",
        "cumulative": false
    },
    {
        "date": "2020-12-08T11:03:35.055Z",
        "value": "58.59375",
        "cumulative": false
    },
    {
        "date": "2020-12-08T11:03:36.772Z",
        "value": "58.59375",
        "cumulative": false
    },
    {
        "date": "2020-12-08T11:03:38.063Z",
        "value": "73.4375",
        "cumulative": false
    },
    {
        "date": "2020-12-08T11:03:39.780Z",
        "value": "66.40625",
        "cumulative": false
    },
    {
        "date": "2020-12-08T11:03:41.029Z",
        "value": "70.3125",
        "cumulative": false
    },
    {
        "date": "2020-12-08T11:03:42.726Z",
        "value": "71.875",
        "cumulative": false
    },
    {
        "date": "2020-12-08T11:03:43.964Z",
        "value": "75.0",
        "cumulative": false
    },
    {
        "date": "2020-12-08T11:03:45.676Z",
        "value": "72.65625",
        "cumulative": false
    },
    {
        "date": "2020-12-08T11:03:46.912Z",
        "value": "70.3125",
        "cumulative": false
    },
    {
        "date": "2020-12-08T11:03:48.648Z",
        "value": "76.5625",
        "cumulative": false
    },
    {
        "date": "2020-12-08T11:03:49.919Z",
        "value": "78.125",
        "cumulative": false
    },
    {
        "date": "2020-12-08T11:03:51.666Z",
        "value": "73.4375",
        "cumulative": false
    },
    {
        "date": "2020-12-08T11:03:52.949Z",
        "value": "78.125",
        "cumulative": false
    },
    {
        "date": "2020-12-08T11:03:54.680Z",
        "value": "76.5625",
        "cumulative": false
    },
    {
        "date": "2020-12-08T11:03:55.917Z",
        "value": "82.8125",
        "cumulative": false
    },
    {
        "date": "2020-12-08T11:03:57.613Z",
        "value": "81.25",
        "cumulative": false
    },
    {
        "date": "2020-12-08T11:03:58.880Z",
        "value": "80.46875",
        "cumulative": false
    },
    {
        "date": "2020-12-08T11:04:00.593Z",
        "value": "81.25",
        "cumulative": false
    },
    {
        "date": "2020-12-08T11:04:01.850Z",
        "value": "80.46875",
        "cumulative": false
    },
    {
        "date": "2020-12-08T11:04:03.588Z",
        "value": "80.46875",
        "cumulative": false
    },
    {
        "date": "2020-12-08T11:04:04.831Z",
        "value": "85.15625",
        "cumulative": false
    },
    {
        "date": "2020-12-08T11:04:06.534Z",
        "value": "85.15625",
        "cumulative": false
    },
    {
        "date": "2020-12-08T11:04:07.789Z",
        "value": "79.6875",
        "cumulative": false
    },
    {
        "date": "2020-12-08T11:04:09.517Z",
        "value": "85.9375",
        "cumulative": false
    },
    {
        "date": "2020-12-08T11:04:10.783Z",
        "value": "82.8125",
        "cumulative": false
    }
]