[
    {
        "date": "2020-12-08T11:03:27.295Z",
        "value": "3.148935556411743",
        "cumulative": false
    },
    {
        "date": "2020-12-08T11:03:30.253Z",
        "value": "1.328397274017334",
        "cumulative": false
    },
    {
        "date": "2020-12-08T11:03:33.191Z",
        "value": "1.2818703651428223",
        "cumulative": false
    },
    {
        "date": "2020-12-08T11:03:36.226Z",
        "value": "1.294081449508667",
        "cumulative": false
    },
    {
        "date": "2020-12-08T11:03:39.220Z",
        "value": "1.3102214336395264",
        "cumulative": false
    },
    {
        "date": "2020-12-08T11:03:42.178Z",
        "value": "1.3373351097106934",
        "cumulative": false
    },
    {
        "date": "2020-12-08T11:03:45.126Z",
        "value": "1.303351640701294",
        "cumulative": false
    },
    {
        "date": "2020-12-08T11:03:48.061Z",
        "value": "1.3303260803222656",
        "cumulative": false
    },
    {
        "date": "2020-12-08T11:03:51.116Z",
        "value": "1.3854658603668213",
        "cumulative": false
    },
    {
        "date": "2020-12-08T11:03:54.127Z",
        "value": "1.377647876739502",
        "cumulative": false
    },
    {
        "date": "2020-12-08T11:03:57.079Z",
        "value": "1.3039562702178955",
        "cumulative": false
    },
    {
        "date": "2020-12-08T11:04:00.040Z",
        "value": "1.2853894233703613",
        "cumulative": false
    },
    {
        "date": "2020-12-08T11:04:03.028Z",
        "value": "1.2802865505218506",
        "cumulative": false
    },
    {
        "date": "2020-12-08T11:04:05.992Z",
        "value": "1.3512098789215088",
        "cumulative": false
    },
    {
        "date": "2020-12-08T11:04:08.951Z",
        "value": "1.3745293617248535",
        "cumulative": false
    },
    {
        "date": "2020-12-08T11:04:11.930Z",
        "value": "1.3724887371063232",
        "cumulative": false
    }
]