[
    {
        "date": "2020-12-08T11:03:24.800Z",
        "value": "2.4867031574249268",
        "cumulative": false
    },
    {
        "date": "2020-12-08T11:03:26.141Z",
        "value": "2.027768135070801",
        "cumulative": false
    },
    {
        "date": "2020-12-08T11:03:27.832Z",
        "value": "1.7358691692352295",
        "cumulative": false
    },
    {
        "date": "2020-12-08T11:03:29.085Z",
        "value": "1.6120768785476685",
        "cumulative": false
    },
    {
        "date": "2020-12-08T11:03:30.798Z",
        "value": "1.5140807628631592",
        "cumulative": false
    },
    {
        "date": "2020-12-08T11:03:32.054Z",
        "value": "1.3272573947906494",
        "cumulative": false
    },
    {
        "date": "2020-12-08T11:03:33.759Z",
        "value": "1.2928659915924072",
        "cumulative": false
    },
    {
        "date": "2020-12-08T11:03:35.054Z",
        "value": "1.0746839046478271",
        "cumulative": false
    },
    {
        "date": "2020-12-08T11:03:36.768Z",
        "value": "1.1293667554855347",
        "cumulative": false
    },
    {
        "date": "2020-12-08T11:03:38.068Z",
        "value": "1.0639774799346924",
        "cumulative": false
    },
    {
        "date": "2020-12-08T11:03:39.774Z",
        "value": "0.8110765814781189",
        "cumulative": false
    },
    {
        "date": "2020-12-08T11:03:41.032Z",
        "value": "0.9494823813438416",
        "cumulative": false
    },
    {
        "date": "2020-12-08T11:03:42.723Z",
        "value": "0.9676792025566101",
        "cumulative": false
    },
    {
        "date": "2020-12-08T11:03:43.965Z",
        "value": "0.8594796061515808",
        "cumulative": false
    },
    {
        "date": "2020-12-08T11:03:45.674Z",
        "value": "0.6599579453468323",
        "cumulative": false
    },
    {
        "date": "2020-12-08T11:03:46.915Z",
        "value": "0.7415937781333923",
        "cumulative": false
    },
    {
        "date": "2020-12-08T11:03:48.643Z",
        "value": "0.6723241806030273",
        "cumulative": false
    },
    {
        "date": "2020-12-08T11:03:49.916Z",
        "value": "0.768968403339386",
        "cumulative": false
    },
    {
        "date": "2020-12-08T11:03:51.667Z",
        "value": "0.5746847987174988",
        "cumulative": false
    },
    {
        "date": "2020-12-08T11:03:52.947Z",
        "value": "0.6127116084098816",
        "cumulative": false
    },
    {
        "date": "2020-12-08T11:03:54.673Z",
        "value": "0.7796429395675659",
        "cumulative": false
    },
    {
        "date": "2020-12-08T11:03:55.916Z",
        "value": "0.5079761147499084",
        "cumulative": false
    },
    {
        "date": "2020-12-08T11:03:57.615Z",
        "value": "0.47560563683509827",
        "cumulative": false
    },
    {
        "date": "2020-12-08T11:03:58.882Z",
        "value": "0.5023553371429443",
        "cumulative": false
    },
    {
        "date": "2020-12-08T11:04:00.583Z",
        "value": "0.65645432472229",
        "cumulative": false
    },
    {
        "date": "2020-12-08T11:04:01.850Z",
        "value": "0.4684130549430847",
        "cumulative": false
    },
    {
        "date": "2020-12-08T11:04:03.583Z",
        "value": "0.5261471271514893",
        "cumulative": false
    },
    {
        "date": "2020-12-08T11:04:04.830Z",
        "value": "0.3650856912136078",
        "cumulative": false
    },
    {
        "date": "2020-12-08T11:04:06.534Z",
        "value": "0.5423110127449036",
        "cumulative": false
    },
    {
        "date": "2020-12-08T11:04:07.788Z",
        "value": "0.43906891345977783",
        "cumulative": false
    },
    {
        "date": "2020-12-08T11:04:09.510Z",
        "value": "0.3166433572769165",
        "cumulative": false
    },
    {
        "date": "2020-12-08T11:04:10.782Z",
        "value": "0.25884705781936646",
        "cumulative": false
    }
]