[
    {
        "date": "2020-12-08T11:03:27.287Z",
        "value": "0.021239519119262695",
        "cumulative": false
    },
    {
        "date": "2020-12-08T11:03:30.253Z",
        "value": "0.0227963924407959",
        "cumulative": false
    },
    {
        "date": "2020-12-08T11:03:33.188Z",
        "value": "0.022579431533813477",
        "cumulative": false
    },
    {
        "date": "2020-12-08T11:03:36.220Z",
        "value": "0.01916050910949707",
        "cumulative": false
    },
    {
        "date": "2020-12-08T11:03:39.213Z",
        "value": "0.025641679763793945",
        "cumulative": false
    },
    {
        "date": "2020-12-08T11:03:42.176Z",
        "value": "0.02168869972229004",
        "cumulative": false
    },
    {
        "date": "2020-12-08T11:03:45.131Z",
        "value": "0.019366741180419922",
        "cumulative": false
    },
    {
        "date": "2020-12-08T11:03:48.057Z",
        "value": "0.015045404434204102",
        "cumulative": false
    },
    {
        "date": "2020-12-08T11:03:51.115Z",
        "value": "0.022567033767700195",
        "cumulative": false
    },
    {
        "date": "2020-12-08T11:03:54.119Z",
        "value": "0.01822686195373535",
        "cumulative": false
    },
    {
        "date": "2020-12-08T11:03:57.066Z",
        "value": "0.026025772094726562",
        "cumulative": false
    },
    {
        "date": "2020-12-08T11:04:00.034Z",
        "value": "0.022483348846435547",
        "cumulative": false
    },
    {
        "date": "2020-12-08T11:04:03.026Z",
        "value": "0.01792311668395996",
        "cumulative": false
    },
    {
        "date": "2020-12-08T11:04:05.989Z",
        "value": "0.025256872177124023",
        "cumulative": false
    },
    {
        "date": "2020-12-08T11:04:08.954Z",
        "value": "0.024187088012695312",
        "cumulative": false
    },
    {
        "date": "2020-12-08T11:04:11.923Z",
        "value": "0.016351699829101562",
        "cumulative": false
    }
]