[
    {
        "date": "2020-12-08T11:03:27.284Z",
        "value": "0.10064816474914551",
        "cumulative": false
    },
    {
        "date": "2020-12-08T11:03:30.249Z",
        "value": "0.09981560707092285",
        "cumulative": false
    },
    {
        "date": "2020-12-08T11:03:33.196Z",
        "value": "0.10172915458679199",
        "cumulative": false
    },
    {
        "date": "2020-12-08T11:03:36.219Z",
        "value": "0.11229753494262695",
        "cumulative": false
    },
    {
        "date": "2020-12-08T11:03:39.221Z",
        "value": "0.09778308868408203",
        "cumulative": false
    },
    {
        "date": "2020-12-08T11:03:42.178Z",
        "value": "0.10735321044921875",
        "cumulative": false
    },
    {
        "date": "2020-12-08T11:03:45.125Z",
        "value": "0.10361552238464355",
        "cumulative": false
    },
    {
        "date": "2020-12-08T11:03:48.053Z",
        "value": "0.11069416999816895",
        "cumulative": false
    },
    {
        "date": "2020-12-08T11:03:51.123Z",
        "value": "0.10797476768493652",
        "cumulative": false
    },
    {
        "date": "2020-12-08T11:03:54.128Z",
        "value": "0.11535120010375977",
        "cumulative": false
    },
    {
        "date": "2020-12-08T11:03:57.069Z",
        "value": "0.10095596313476562",
        "cumulative": false
    },
    {
        "date": "2020-12-08T11:04:00.035Z",
        "value": "0.12051272392272949",
        "cumulative": false
    },
    {
        "date": "2020-12-08T11:04:03.030Z",
        "value": "0.10478353500366211",
        "cumulative": false
    },
    {
        "date": "2020-12-08T11:04:05.994Z",
        "value": "0.10754275321960449",
        "cumulative": false
    },
    {
        "date": "2020-12-08T11:04:08.952Z",
        "value": "0.1002054214477539",
        "cumulative": false
    },
    {
        "date": "2020-12-08T11:04:11.924Z",
        "value": "0.11124467849731445",
        "cumulative": false
    }
]