[
    {
        "date": "2020-12-08T11:03:24.807Z",
        "value": "10.15625",
        "cumulative": false
    },
    {
        "date": "2020-12-08T11:03:26.150Z",
        "value": "20.3125",
        "cumulative": false
    },
    {
        "date": "2020-12-08T11:03:27.833Z",
        "value": "36.71875",
        "cumulative": false
    },
    {
        "date": "2020-12-08T11:03:29.089Z",
        "value": "35.9375",
        "cumulative": false
    },
    {
        "date": "2020-12-08T11:03:30.809Z",
        "value": "43.75",
        "cumulative": false
    },
    {
        "date": "2020-12-08T11:03:32.064Z",
        "value": "53.125",
        "cumulative": false
    },
    {
        "date": "2020-12-08T11:03:33.773Z",
        "value": "54.6875",
        "cumulative": false
    },
    {
        "date": "2020-12-08T11:03:35.056Z",
        "value": "55.46875",
        "cumulative": false
    },
    {
        "date": "2020-12-08T11:03:36.782Z",
        "value": "60.15625",
        "cumulative": false
    },
    {
        "date": "2020-12-08T11:03:38.078Z",
        "value": "60.15625",
        "cumulative": false
    },
    {
        "date": "2020-12-08T11:03:39.786Z",
        "value": "61.71875",
        "cumulative": false
    },
    {
        "date": "2020-12-08T11:03:41.039Z",
        "value": "64.0625",
        "cumulative": false
    },
    {
        "date": "2020-12-08T11:03:42.726Z",
        "value": "67.1875",
        "cumulative": false
    },
    {
        "date": "2020-12-08T11:03:43.975Z",
        "value": "73.4375",
        "cumulative": false
    },
    {
        "date": "2020-12-08T11:03:45.680Z",
        "value": "76.5625",
        "cumulative": false
    },
    {
        "date": "2020-12-08T11:03:46.919Z",
        "value": "72.65625",
        "cumulative": false
    },
    {
        "date": "2020-12-08T11:03:48.653Z",
        "value": "81.25",
        "cumulative": false
    },
    {
        "date": "2020-12-08T11:03:49.920Z",
        "value": "70.3125",
        "cumulative": false
    },
    {
        "date": "2020-12-08T11:03:51.672Z",
        "value": "82.03125",
        "cumulative": false
    },
    {
        "date": "2020-12-08T11:03:52.950Z",
        "value": "73.4375",
        "cumulative": false
    },
    {
        "date": "2020-12-08T11:03:54.687Z",
        "value": "85.15625",
        "cumulative": false
    },
    {
        "date": "2020-12-08T11:03:55.923Z",
        "value": "74.21875",
        "cumulative": false
    },
    {
        "date": "2020-12-08T11:03:57.622Z",
        "value": "82.8125",
        "cumulative": false
    },
    {
        "date": "2020-12-08T11:03:58.886Z",
        "value": "79.6875",
        "cumulative": false
    },
    {
        "date": "2020-12-08T11:04:00.593Z",
        "value": "78.125",
        "cumulative": false
    },
    {
        "date": "2020-12-08T11:04:01.858Z",
        "value": "81.25",
        "cumulative": false
    },
    {
        "date": "2020-12-08T11:04:03.597Z",
        "value": "85.9375",
        "cumulative": false
    },
    {
        "date": "2020-12-08T11:04:04.842Z",
        "value": "82.03125",
        "cumulative": false
    },
    {
        "date": "2020-12-08T11:04:06.542Z",
        "value": "86.71875",
        "cumulative": false
    },
    {
        "date": "2020-12-08T11:04:07.795Z",
        "value": "76.5625",
        "cumulative": false
    },
    {
        "date": "2020-12-08T11:04:09.519Z",
        "value": "82.8125",
        "cumulative": false
    },
    {
        "date": "2020-12-08T11:04:10.785Z",
        "value": "86.71875",
        "cumulative": false
    }
]