[
    {
        "date": "2020-12-08T11:03:27.287Z",
        "value": "3.374002695083618",
        "cumulative": false
    },
    {
        "date": "2020-12-08T11:03:30.253Z",
        "value": "1.4252898693084717",
        "cumulative": false
    },
    {
        "date": "2020-12-08T11:03:33.188Z",
        "value": "1.444014310836792",
        "cumulative": false
    },
    {
        "date": "2020-12-08T11:03:36.220Z",
        "value": "1.4020135402679443",
        "cumulative": false
    },
    {
        "date": "2020-12-08T11:03:39.214Z",
        "value": "1.499084711074829",
        "cumulative": false
    },
    {
        "date": "2020-12-08T11:03:42.177Z",
        "value": "1.4025163650512695",
        "cumulative": false
    },
    {
        "date": "2020-12-08T11:03:45.131Z",
        "value": "1.4479050636291504",
        "cumulative": false
    },
    {
        "date": "2020-12-08T11:03:48.057Z",
        "value": "1.3233075141906738",
        "cumulative": false
    },
    {
        "date": "2020-12-08T11:03:51.115Z",
        "value": "1.3866991996765137",
        "cumulative": false
    },
    {
        "date": "2020-12-08T11:03:54.119Z",
        "value": "1.4256296157836914",
        "cumulative": false
    },
    {
        "date": "2020-12-08T11:03:57.066Z",
        "value": "1.407231330871582",
        "cumulative": false
    },
    {
        "date": "2020-12-08T11:04:00.035Z",
        "value": "1.3788716793060303",
        "cumulative": false
    },
    {
        "date": "2020-12-08T11:04:03.026Z",
        "value": "1.3610427379608154",
        "cumulative": false
    },
    {
        "date": "2020-12-08T11:04:05.989Z",
        "value": "1.4467594623565674",
        "cumulative": false
    },
    {
        "date": "2020-12-08T11:04:08.954Z",
        "value": "1.4509391784667969",
        "cumulative": false
    },
    {
        "date": "2020-12-08T11:04:11.923Z",
        "value": "1.4448935985565186",
        "cumulative": false
    }
]