[
    {
        "date": "2020-12-08T11:03:24.804Z",
        "value": "14.84375",
        "cumulative": false
    },
    {
        "date": "2020-12-08T11:03:26.143Z",
        "value": "28.125",
        "cumulative": false
    },
    {
        "date": "2020-12-08T11:03:27.835Z",
        "value": "27.34375",
        "cumulative": false
    },
    {
        "date": "2020-12-08T11:03:29.089Z",
        "value": "49.21875",
        "cumulative": false
    },
    {
        "date": "2020-12-08T11:03:30.802Z",
        "value": "40.625",
        "cumulative": false
    },
    {
        "date": "2020-12-08T11:03:32.059Z",
        "value": "43.75",
        "cumulative": false
    },
    {
        "date": "2020-12-08T11:03:33.764Z",
        "value": "51.5625",
        "cumulative": false
    },
    {
        "date": "2020-12-08T11:03:35.055Z",
        "value": "59.375",
        "cumulative": false
    },
    {
        "date": "2020-12-08T11:03:36.773Z",
        "value": "59.375",
        "cumulative": false
    },
    {
        "date": "2020-12-08T11:03:38.074Z",
        "value": "58.59375",
        "cumulative": false
    },
    {
        "date": "2020-12-08T11:03:39.778Z",
        "value": "67.1875",
        "cumulative": false
    },
    {
        "date": "2020-12-08T11:03:41.033Z",
        "value": "69.53125",
        "cumulative": false
    },
    {
        "date": "2020-12-08T11:03:42.729Z",
        "value": "68.75",
        "cumulative": false
    },
    {
        "date": "2020-12-08T11:03:43.969Z",
        "value": "76.5625",
        "cumulative": false
    },
    {
        "date": "2020-12-08T11:03:45.679Z",
        "value": "63.28125",
        "cumulative": false
    },
    {
        "date": "2020-12-08T11:03:46.919Z",
        "value": "78.125",
        "cumulative": false
    },
    {
        "date": "2020-12-08T11:03:48.651Z",
        "value": "78.90625",
        "cumulative": false
    },
    {
        "date": "2020-12-08T11:03:49.919Z",
        "value": "72.65625",
        "cumulative": false
    },
    {
        "date": "2020-12-08T11:03:51.675Z",
        "value": "78.90625",
        "cumulative": false
    },
    {
        "date": "2020-12-08T11:03:52.952Z",
        "value": "76.5625",
        "cumulative": false
    },
    {
        "date": "2020-12-08T11:03:54.678Z",
        "value": "76.5625",
        "cumulative": false
    },
    {
        "date": "2020-12-08T11:03:55.923Z",
        "value": "81.25",
        "cumulative": false
    },
    {
        "date": "2020-12-08T11:03:57.617Z",
        "value": "81.25",
        "cumulative": false
    },
    {
        "date": "2020-12-08T11:03:58.885Z",
        "value": "81.25",
        "cumulative": false
    },
    {
        "date": "2020-12-08T11:04:00.592Z",
        "value": "79.6875",
        "cumulative": false
    },
    {
        "date": "2020-12-08T11:04:01.851Z",
        "value": "84.375",
        "cumulative": false
    },
    {
        "date": "2020-12-08T11:04:03.589Z",
        "value": "86.71875",
        "cumulative": false
    },
    {
        "date": "2020-12-08T11:04:04.837Z",
        "value": "83.59375",
        "cumulative": false
    },
    {
        "date": "2020-12-08T11:04:06.534Z",
        "value": "84.375",
        "cumulative": false
    },
    {
        "date": "2020-12-08T11:04:07.797Z",
        "value": "82.03125",
        "cumulative": false
    },
    {
        "date": "2020-12-08T11:04:09.515Z",
        "value": "80.46875",
        "cumulative": false
    },
    {
        "date": "2020-12-08T11:04:10.782Z",
        "value": "86.71875",
        "cumulative": false
    }
]