[
    {
        "date": "2020-12-08T11:03:27.287Z",
        "value": "0.1124262809753418",
        "cumulative": false
    },
    {
        "date": "2020-12-08T11:03:30.268Z",
        "value": "0.09709382057189941",
        "cumulative": false
    },
    {
        "date": "2020-12-08T11:03:33.205Z",
        "value": "0.11381220817565918",
        "cumulative": false
    },
    {
        "date": "2020-12-08T11:03:36.224Z",
        "value": "0.10968351364135742",
        "cumulative": false
    },
    {
        "date": "2020-12-08T11:03:39.226Z",
        "value": "0.1048884391784668",
        "cumulative": false
    },
    {
        "date": "2020-12-08T11:03:42.191Z",
        "value": "0.10518002510070801",
        "cumulative": false
    },
    {
        "date": "2020-12-08T11:03:45.130Z",
        "value": "0.11609792709350586",
        "cumulative": false
    },
    {
        "date": "2020-12-08T11:03:48.056Z",
        "value": "0.10594391822814941",
        "cumulative": false
    },
    {
        "date": "2020-12-08T11:03:51.116Z",
        "value": "0.10781145095825195",
        "cumulative": false
    },
    {
        "date": "2020-12-08T11:03:54.129Z",
        "value": "0.10249590873718262",
        "cumulative": false
    },
    {
        "date": "2020-12-08T11:03:57.077Z",
        "value": "0.1032419204711914",
        "cumulative": false
    },
    {
        "date": "2020-12-08T11:04:00.046Z",
        "value": "0.0920567512512207",
        "cumulative": false
    },
    {
        "date": "2020-12-08T11:04:03.033Z",
        "value": "0.11487603187561035",
        "cumulative": false
    },
    {
        "date": "2020-12-08T11:04:05.996Z",
        "value": "0.11593437194824219",
        "cumulative": false
    },
    {
        "date": "2020-12-08T11:04:08.957Z",
        "value": "0.10692620277404785",
        "cumulative": false
    },
    {
        "date": "2020-12-08T11:04:11.933Z",
        "value": "0.11502885818481445",
        "cumulative": false
    }
]