[
    {
        "date": "2020-12-08T11:03:27.284Z",
        "value": "1.5086174011230469",
        "cumulative": false
    },
    {
        "date": "2020-12-08T11:03:30.249Z",
        "value": "1.3992767333984375",
        "cumulative": false
    },
    {
        "date": "2020-12-08T11:03:33.196Z",
        "value": "1.348280906677246",
        "cumulative": false
    },
    {
        "date": "2020-12-08T11:03:36.219Z",
        "value": "1.4227468967437744",
        "cumulative": false
    },
    {
        "date": "2020-12-08T11:03:39.221Z",
        "value": "1.4475390911102295",
        "cumulative": false
    },
    {
        "date": "2020-12-08T11:03:42.178Z",
        "value": "1.4137730598449707",
        "cumulative": false
    },
    {
        "date": "2020-12-08T11:03:45.125Z",
        "value": "1.385460376739502",
        "cumulative": false
    },
    {
        "date": "2020-12-08T11:03:48.053Z",
        "value": "1.3612916469573975",
        "cumulative": false
    },
    {
        "date": "2020-12-08T11:03:51.124Z",
        "value": "1.452167272567749",
        "cumulative": false
    },
    {
        "date": "2020-12-08T11:03:54.128Z",
        "value": "1.4575541019439697",
        "cumulative": false
    },
    {
        "date": "2020-12-08T11:03:57.070Z",
        "value": "1.399665117263794",
        "cumulative": false
    },
    {
        "date": "2020-12-08T11:04:00.035Z",
        "value": "1.3490772247314453",
        "cumulative": false
    },
    {
        "date": "2020-12-08T11:04:03.030Z",
        "value": "1.4014296531677246",
        "cumulative": false
    },
    {
        "date": "2020-12-08T11:04:05.994Z",
        "value": "1.354278564453125",
        "cumulative": false
    },
    {
        "date": "2020-12-08T11:04:08.952Z",
        "value": "1.4577996730804443",
        "cumulative": false
    },
    {
        "date": "2020-12-08T11:04:11.925Z",
        "value": "1.3519129753112793",
        "cumulative": false
    }
]