[
    {
        "date": "2020-12-08T11:03:27.284Z",
        "value": "0.29001688957214355",
        "cumulative": false
    },
    {
        "date": "2020-12-08T11:03:30.249Z",
        "value": "0.30622124671936035",
        "cumulative": false
    },
    {
        "date": "2020-12-08T11:03:33.196Z",
        "value": "0.30324697494506836",
        "cumulative": false
    },
    {
        "date": "2020-12-08T11:03:36.219Z",
        "value": "0.2962169647216797",
        "cumulative": false
    },
    {
        "date": "2020-12-08T11:03:39.221Z",
        "value": "0.2829325199127197",
        "cumulative": false
    },
    {
        "date": "2020-12-08T11:03:42.178Z",
        "value": "0.28906750679016113",
        "cumulative": false
    },
    {
        "date": "2020-12-08T11:03:45.125Z",
        "value": "0.3027956485748291",
        "cumulative": false
    },
    {
        "date": "2020-12-08T11:03:48.053Z",
        "value": "0.29760265350341797",
        "cumulative": false
    },
    {
        "date": "2020-12-08T11:03:51.124Z",
        "value": "0.2917919158935547",
        "cumulative": false
    },
    {
        "date": "2020-12-08T11:03:54.128Z",
        "value": "0.28368330001831055",
        "cumulative": false
    },
    {
        "date": "2020-12-08T11:03:57.070Z",
        "value": "0.2985055446624756",
        "cumulative": false
    },
    {
        "date": "2020-12-08T11:04:00.035Z",
        "value": "0.3030405044555664",
        "cumulative": false
    },
    {
        "date": "2020-12-08T11:04:03.030Z",
        "value": "0.30738306045532227",
        "cumulative": false
    },
    {
        "date": "2020-12-08T11:04:05.994Z",
        "value": "0.31154823303222656",
        "cumulative": false
    },
    {
        "date": "2020-12-08T11:04:08.952Z",
        "value": "0.2812843322753906",
        "cumulative": false
    },
    {
        "date": "2020-12-08T11:04:11.924Z",
        "value": "0.294832706451416",
        "cumulative": false
    }
]