[
    {
        "date": "2020-12-08T11:03:27.294Z",
        "value": "2.5186052322387695",
        "cumulative": false
    },
    {
        "date": "2020-12-08T11:03:30.258Z",
        "value": "0.3243215084075928",
        "cumulative": false
    },
    {
        "date": "2020-12-08T11:03:33.197Z",
        "value": "0.3024559020996094",
        "cumulative": false
    },
    {
        "date": "2020-12-08T11:03:36.223Z",
        "value": "0.32824087142944336",
        "cumulative": false
    },
    {
        "date": "2020-12-08T11:03:39.229Z",
        "value": "0.34766054153442383",
        "cumulative": false
    },
    {
        "date": "2020-12-08T11:03:42.187Z",
        "value": "0.32121753692626953",
        "cumulative": false
    },
    {
        "date": "2020-12-08T11:03:45.134Z",
        "value": "0.3557255268096924",
        "cumulative": false
    },
    {
        "date": "2020-12-08T11:03:48.057Z",
        "value": "0.3059725761413574",
        "cumulative": false
    },
    {
        "date": "2020-12-08T11:03:51.119Z",
        "value": "0.31728529930114746",
        "cumulative": false
    },
    {
        "date": "2020-12-08T11:03:54.125Z",
        "value": "0.3386576175689697",
        "cumulative": false
    },
    {
        "date": "2020-12-08T11:03:57.070Z",
        "value": "0.3437235355377197",
        "cumulative": false
    },
    {
        "date": "2020-12-08T11:04:00.045Z",
        "value": "0.358673095703125",
        "cumulative": false
    },
    {
        "date": "2020-12-08T11:04:03.033Z",
        "value": "0.36679673194885254",
        "cumulative": false
    },
    {
        "date": "2020-12-08T11:04:05.995Z",
        "value": "0.32862043380737305",
        "cumulative": false
    },
    {
        "date": "2020-12-08T11:04:08.956Z",
        "value": "0.3136913776397705",
        "cumulative": false
    },
    {
        "date": "2020-12-08T11:04:11.928Z",
        "value": "0.33928608894348145",
        "cumulative": false
    }
]