[
    {
        "date": "2020-12-08T11:03:27.294Z",
        "value": "0.10214424133300781",
        "cumulative": false
    },
    {
        "date": "2020-12-08T11:03:30.258Z",
        "value": "0.10596084594726562",
        "cumulative": false
    },
    {
        "date": "2020-12-08T11:03:33.197Z",
        "value": "0.09787940979003906",
        "cumulative": false
    },
    {
        "date": "2020-12-08T11:03:36.223Z",
        "value": "0.10424017906188965",
        "cumulative": false
    },
    {
        "date": "2020-12-08T11:03:39.229Z",
        "value": "0.11345672607421875",
        "cumulative": false
    },
    {
        "date": "2020-12-08T11:03:42.187Z",
        "value": "0.10973930358886719",
        "cumulative": false
    },
    {
        "date": "2020-12-08T11:03:45.134Z",
        "value": "0.11172866821289062",
        "cumulative": false
    },
    {
        "date": "2020-12-08T11:03:48.057Z",
        "value": "0.10351896286010742",
        "cumulative": false
    },
    {
        "date": "2020-12-08T11:03:51.119Z",
        "value": "0.1095876693725586",
        "cumulative": false
    },
    {
        "date": "2020-12-08T11:03:54.125Z",
        "value": "0.10405540466308594",
        "cumulative": false
    },
    {
        "date": "2020-12-08T11:03:57.070Z",
        "value": "0.10721540451049805",
        "cumulative": false
    },
    {
        "date": "2020-12-08T11:04:00.045Z",
        "value": "0.1106257438659668",
        "cumulative": false
    },
    {
        "date": "2020-12-08T11:04:03.033Z",
        "value": "0.11798238754272461",
        "cumulative": false
    },
    {
        "date": "2020-12-08T11:04:05.995Z",
        "value": "0.10766005516052246",
        "cumulative": false
    },
    {
        "date": "2020-12-08T11:04:08.956Z",
        "value": "0.10213565826416016",
        "cumulative": false
    },
    {
        "date": "2020-12-08T11:04:11.928Z",
        "value": "0.10501551628112793",
        "cumulative": false
    }
]