[
    {
        "date": "2020-12-08T11:03:24.801Z",
        "value": "56.25",
        "cumulative": false
    },
    {
        "date": "2020-12-08T11:03:26.143Z",
        "value": "84.375",
        "cumulative": false
    },
    {
        "date": "2020-12-08T11:03:27.829Z",
        "value": "82.8125",
        "cumulative": false
    },
    {
        "date": "2020-12-08T11:03:29.081Z",
        "value": "90.625",
        "cumulative": false
    },
    {
        "date": "2020-12-08T11:03:30.798Z",
        "value": "91.40625",
        "cumulative": false
    },
    {
        "date": "2020-12-08T11:03:32.058Z",
        "value": "94.53125",
        "cumulative": false
    },
    {
        "date": "2020-12-08T11:03:33.765Z",
        "value": "88.28125",
        "cumulative": false
    },
    {
        "date": "2020-12-08T11:03:35.054Z",
        "value": "93.75",
        "cumulative": false
    },
    {
        "date": "2020-12-08T11:03:36.769Z",
        "value": "98.4375",
        "cumulative": false
    },
    {
        "date": "2020-12-08T11:03:38.069Z",
        "value": "93.75",
        "cumulative": false
    },
    {
        "date": "2020-12-08T11:03:39.779Z",
        "value": "97.65625",
        "cumulative": false
    },
    {
        "date": "2020-12-08T11:03:41.031Z",
        "value": "96.875",
        "cumulative": false
    },
    {
        "date": "2020-12-08T11:03:42.719Z",
        "value": "99.21875",
        "cumulative": false
    },
    {
        "date": "2020-12-08T11:03:43.963Z",
        "value": "98.4375",
        "cumulative": false
    },
    {
        "date": "2020-12-08T11:03:45.669Z",
        "value": "100.0",
        "cumulative": false
    },
    {
        "date": "2020-12-08T11:03:46.911Z",
        "value": "98.4375",
        "cumulative": false
    },
    {
        "date": "2020-12-08T11:03:48.647Z",
        "value": "99.21875",
        "cumulative": false
    },
    {
        "date": "2020-12-08T11:03:49.913Z",
        "value": "99.21875",
        "cumulative": false
    },
    {
        "date": "2020-12-08T11:03:51.670Z",
        "value": "98.4375",
        "cumulative": false
    },
    {
        "date": "2020-12-08T11:03:52.948Z",
        "value": "98.4375",
        "cumulative": false
    },
    {
        "date": "2020-12-08T11:03:54.674Z",
        "value": "97.65625",
        "cumulative": false
    },
    {
        "date": "2020-12-08T11:03:55.916Z",
        "value": "97.65625",
        "cumulative": false
    },
    {
        "date": "2020-12-08T11:03:57.614Z",
        "value": "100.0",
        "cumulative": false
    },
    {
        "date": "2020-12-08T11:03:58.879Z",
        "value": "100.0",
        "cumulative": false
    },
    {
        "date": "2020-12-08T11:04:00.588Z",
        "value": "100.0",
        "cumulative": false
    },
    {
        "date": "2020-12-08T11:04:01.848Z",
        "value": "98.4375",
        "cumulative": false
    },
    {
        "date": "2020-12-08T11:04:03.587Z",
        "value": "99.21875",
        "cumulative": false
    },
    {
        "date": "2020-12-08T11:04:04.836Z",
        "value": "99.21875",
        "cumulative": false
    },
    {
        "date": "2020-12-08T11:04:06.534Z",
        "value": "100.0",
        "cumulative": false
    },
    {
        "date": "2020-12-08T11:04:07.793Z",
        "value": "97.65625",
        "cumulative": false
    },
    {
        "date": "2020-12-08T11:04:09.516Z",
        "value": "99.21875",
        "cumulative": false
    },
    {
        "date": "2020-12-08T11:04:10.782Z",
        "value": "100.0",
        "cumulative": false
    }
]