[
    {
        "date": "2020-12-08T11:03:27.287Z",
        "value": "2.284240961074829",
        "cumulative": false
    },
    {
        "date": "2020-12-08T11:03:30.253Z",
        "value": "0.31438446044921875",
        "cumulative": false
    },
    {
        "date": "2020-12-08T11:03:33.188Z",
        "value": "0.2912323474884033",
        "cumulative": false
    },
    {
        "date": "2020-12-08T11:03:36.220Z",
        "value": "0.3305525779724121",
        "cumulative": false
    },
    {
        "date": "2020-12-08T11:03:39.214Z",
        "value": "0.3032803535461426",
        "cumulative": false
    },
    {
        "date": "2020-12-08T11:03:42.177Z",
        "value": "0.3068704605102539",
        "cumulative": false
    },
    {
        "date": "2020-12-08T11:03:45.131Z",
        "value": "0.2981102466583252",
        "cumulative": false
    },
    {
        "date": "2020-12-08T11:03:48.057Z",
        "value": "0.3574056625366211",
        "cumulative": false
    },
    {
        "date": "2020-12-08T11:03:51.115Z",
        "value": "0.3474156856536865",
        "cumulative": false
    },
    {
        "date": "2020-12-08T11:03:54.119Z",
        "value": "0.3082919120788574",
        "cumulative": false
    },
    {
        "date": "2020-12-08T11:03:57.066Z",
        "value": "0.31508469581604004",
        "cumulative": false
    },
    {
        "date": "2020-12-08T11:04:00.035Z",
        "value": "0.32579684257507324",
        "cumulative": false
    },
    {
        "date": "2020-12-08T11:04:03.026Z",
        "value": "0.3455085754394531",
        "cumulative": false
    },
    {
        "date": "2020-12-08T11:04:05.989Z",
        "value": "0.295393705368042",
        "cumulative": false
    },
    {
        "date": "2020-12-08T11:04:08.954Z",
        "value": "0.29588770866394043",
        "cumulative": false
    },
    {
        "date": "2020-12-08T11:04:11.923Z",
        "value": "0.2963712215423584",
        "cumulative": false
    }
]