[
    {
        "date": "2020-12-08T11:03:27.287Z",
        "value": "6.37450098991394",
        "cumulative": false
    },
    {
        "date": "2020-12-08T11:03:30.251Z",
        "value": "2.388725519180298",
        "cumulative": false
    },
    {
        "date": "2020-12-08T11:03:33.194Z",
        "value": "2.376875162124634",
        "cumulative": false
    },
    {
        "date": "2020-12-08T11:03:36.221Z",
        "value": "2.4404637813568115",
        "cumulative": false
    },
    {
        "date": "2020-12-08T11:03:39.223Z",
        "value": "2.421717405319214",
        "cumulative": false
    },
    {
        "date": "2020-12-08T11:03:42.178Z",
        "value": "2.377035617828369",
        "cumulative": false
    },
    {
        "date": "2020-12-08T11:03:45.135Z",
        "value": "2.375108242034912",
        "cumulative": false
    },
    {
        "date": "2020-12-08T11:03:48.057Z",
        "value": "2.3605737686157227",
        "cumulative": false
    },
    {
        "date": "2020-12-08T11:03:51.112Z",
        "value": "2.461712121963501",
        "cumulative": false
    },
    {
        "date": "2020-12-08T11:03:54.122Z",
        "value": "2.4282748699188232",
        "cumulative": false
    },
    {
        "date": "2020-12-08T11:03:57.076Z",
        "value": "2.368074655532837",
        "cumulative": false
    },
    {
        "date": "2020-12-08T11:04:00.038Z",
        "value": "2.4006943702697754",
        "cumulative": false
    },
    {
        "date": "2020-12-08T11:04:03.029Z",
        "value": "2.413517713546753",
        "cumulative": false
    },
    {
        "date": "2020-12-08T11:04:05.999Z",
        "value": "2.381133556365967",
        "cumulative": false
    },
    {
        "date": "2020-12-08T11:04:08.955Z",
        "value": "2.3919360637664795",
        "cumulative": false
    },
    {
        "date": "2020-12-08T11:04:11.937Z",
        "value": "2.3842720985412598",
        "cumulative": false
    }
]