[
    {
        "date": "2020-12-08T11:03:24.802Z",
        "value": "2.475576400756836",
        "cumulative": false
    },
    {
        "date": "2020-12-08T11:03:26.141Z",
        "value": "1.926267385482788",
        "cumulative": false
    },
    {
        "date": "2020-12-08T11:03:27.832Z",
        "value": "1.6967380046844482",
        "cumulative": false
    },
    {
        "date": "2020-12-08T11:03:29.085Z",
        "value": "1.5654786825180054",
        "cumulative": false
    },
    {
        "date": "2020-12-08T11:03:30.809Z",
        "value": "1.5210239887237549",
        "cumulative": false
    },
    {
        "date": "2020-12-08T11:03:32.057Z",
        "value": "1.3393439054489136",
        "cumulative": false
    },
    {
        "date": "2020-12-08T11:03:33.765Z",
        "value": "1.13877272605896",
        "cumulative": false
    },
    {
        "date": "2020-12-08T11:03:35.053Z",
        "value": "1.258643388748169",
        "cumulative": false
    },
    {
        "date": "2020-12-08T11:03:36.772Z",
        "value": "0.9971092343330383",
        "cumulative": false
    },
    {
        "date": "2020-12-08T11:03:38.066Z",
        "value": "1.2065318822860718",
        "cumulative": false
    },
    {
        "date": "2020-12-08T11:03:39.780Z",
        "value": "0.8274756073951721",
        "cumulative": false
    },
    {
        "date": "2020-12-08T11:03:41.032Z",
        "value": "0.8144599199295044",
        "cumulative": false
    },
    {
        "date": "2020-12-08T11:03:42.727Z",
        "value": "0.6973249316215515",
        "cumulative": false
    },
    {
        "date": "2020-12-08T11:03:43.967Z",
        "value": "0.7021920680999756",
        "cumulative": false
    },
    {
        "date": "2020-12-08T11:03:45.674Z",
        "value": "0.765704870223999",
        "cumulative": false
    },
    {
        "date": "2020-12-08T11:03:46.915Z",
        "value": "0.8421823978424072",
        "cumulative": false
    },
    {
        "date": "2020-12-08T11:03:48.650Z",
        "value": "0.6088734865188599",
        "cumulative": false
    },
    {
        "date": "2020-12-08T11:03:49.920Z",
        "value": "0.7152585387229919",
        "cumulative": false
    },
    {
        "date": "2020-12-08T11:03:51.665Z",
        "value": "0.6626805067062378",
        "cumulative": false
    },
    {
        "date": "2020-12-08T11:03:52.948Z",
        "value": "0.5794727206230164",
        "cumulative": false
    },
    {
        "date": "2020-12-08T11:03:54.680Z",
        "value": "0.569027304649353",
        "cumulative": false
    },
    {
        "date": "2020-12-08T11:03:55.920Z",
        "value": "0.5917298793792725",
        "cumulative": false
    },
    {
        "date": "2020-12-08T11:03:57.616Z",
        "value": "0.5636897087097168",
        "cumulative": false
    },
    {
        "date": "2020-12-08T11:03:58.882Z",
        "value": "0.6163293719291687",
        "cumulative": false
    },
    {
        "date": "2020-12-08T11:04:00.592Z",
        "value": "0.629474401473999",
        "cumulative": false
    },
    {
        "date": "2020-12-08T11:04:01.850Z",
        "value": "0.5135511755943298",
        "cumulative": false
    },
    {
        "date": "2020-12-08T11:04:03.586Z",
        "value": "0.6176678538322449",
        "cumulative": false
    },
    {
        "date": "2020-12-08T11:04:04.839Z",
        "value": "0.5331985950469971",
        "cumulative": false
    },
    {
        "date": "2020-12-08T11:04:06.537Z",
        "value": "0.5282090902328491",
        "cumulative": false
    },
    {
        "date": "2020-12-08T11:04:07.792Z",
        "value": "0.5242682099342346",
        "cumulative": false
    },
    {
        "date": "2020-12-08T11:04:09.520Z",
        "value": "0.5235182046890259",
        "cumulative": false
    },
    {
        "date": "2020-12-08T11:04:10.786Z",
        "value": "0.3958398103713989",
        "cumulative": false
    }
]