[
    {
        "date": "2020-12-08T11:03:27.288Z",
        "value": "0.0001399517059326172",
        "cumulative": false
    },
    {
        "date": "2020-12-08T11:03:30.252Z",
        "value": "0.00019025802612304688",
        "cumulative": false
    },
    {
        "date": "2020-12-08T11:03:33.194Z",
        "value": "0.000148773193359375",
        "cumulative": false
    },
    {
        "date": "2020-12-08T11:03:36.225Z",
        "value": "0.00019741058349609375",
        "cumulative": false
    },
    {
        "date": "2020-12-08T11:03:39.225Z",
        "value": "0.00016164779663085938",
        "cumulative": false
    },
    {
        "date": "2020-12-08T11:03:42.188Z",
        "value": "0.00016117095947265625",
        "cumulative": false
    },
    {
        "date": "2020-12-08T11:03:45.128Z",
        "value": "0.0001552104949951172",
        "cumulative": false
    },
    {
        "date": "2020-12-08T11:03:48.064Z",
        "value": "0.00015616416931152344",
        "cumulative": false
    },
    {
        "date": "2020-12-08T11:03:51.111Z",
        "value": "0.00018715858459472656",
        "cumulative": false
    },
    {
        "date": "2020-12-08T11:03:54.123Z",
        "value": "0.00016236305236816406",
        "cumulative": false
    },
    {
        "date": "2020-12-08T11:03:57.076Z",
        "value": "0.0001742839813232422",
        "cumulative": false
    },
    {
        "date": "2020-12-08T11:04:00.036Z",
        "value": "0.00017380714416503906",
        "cumulative": false
    },
    {
        "date": "2020-12-08T11:04:03.033Z",
        "value": "0.00014710426330566406",
        "cumulative": false
    },
    {
        "date": "2020-12-08T11:04:05.999Z",
        "value": "0.00015211105346679688",
        "cumulative": false
    },
    {
        "date": "2020-12-08T11:04:08.953Z",
        "value": "0.00015664100646972656",
        "cumulative": false
    },
    {
        "date": "2020-12-08T11:04:11.926Z",
        "value": "0.00014352798461914062",
        "cumulative": false
    }
]