[
    {
        "date": "2020-12-08T11:03:27.282Z",
        "value": "2.351931571960449",
        "cumulative": false
    },
    {
        "date": "2020-12-08T11:03:30.251Z",
        "value": "0.284700870513916",
        "cumulative": false
    },
    {
        "date": "2020-12-08T11:03:33.194Z",
        "value": "0.3100285530090332",
        "cumulative": false
    },
    {
        "date": "2020-12-08T11:03:36.222Z",
        "value": "0.31819629669189453",
        "cumulative": false
    },
    {
        "date": "2020-12-08T11:03:39.212Z",
        "value": "0.3141763210296631",
        "cumulative": false
    },
    {
        "date": "2020-12-08T11:03:42.181Z",
        "value": "0.3205292224884033",
        "cumulative": false
    },
    {
        "date": "2020-12-08T11:03:45.128Z",
        "value": "0.2948448657989502",
        "cumulative": false
    },
    {
        "date": "2020-12-08T11:03:48.055Z",
        "value": "0.30175065994262695",
        "cumulative": false
    },
    {
        "date": "2020-12-08T11:03:51.117Z",
        "value": "0.33000874519348145",
        "cumulative": false
    },
    {
        "date": "2020-12-08T11:03:54.118Z",
        "value": "0.32067155838012695",
        "cumulative": false
    },
    {
        "date": "2020-12-08T11:03:57.065Z",
        "value": "0.2896125316619873",
        "cumulative": false
    },
    {
        "date": "2020-12-08T11:04:00.034Z",
        "value": "0.31738829612731934",
        "cumulative": false
    },
    {
        "date": "2020-12-08T11:04:03.028Z",
        "value": "0.32933974266052246",
        "cumulative": false
    },
    {
        "date": "2020-12-08T11:04:05.992Z",
        "value": "0.3215968608856201",
        "cumulative": false
    },
    {
        "date": "2020-12-08T11:04:08.953Z",
        "value": "0.31527090072631836",
        "cumulative": false
    },
    {
        "date": "2020-12-08T11:04:11.920Z",
        "value": "0.30207204818725586",
        "cumulative": false
    }
]