[
    {
        "date": "2020-12-08T11:03:24.804Z",
        "value": "10.15625",
        "cumulative": false
    },
    {
        "date": "2020-12-08T11:03:26.143Z",
        "value": "28.90625",
        "cumulative": false
    },
    {
        "date": "2020-12-08T11:03:27.833Z",
        "value": "34.375",
        "cumulative": false
    },
    {
        "date": "2020-12-08T11:03:29.085Z",
        "value": "38.28125",
        "cumulative": false
    },
    {
        "date": "2020-12-08T11:03:30.809Z",
        "value": "44.53125",
        "cumulative": false
    },
    {
        "date": "2020-12-08T11:03:32.057Z",
        "value": "51.5625",
        "cumulative": false
    },
    {
        "date": "2020-12-08T11:03:33.766Z",
        "value": "54.6875",
        "cumulative": false
    },
    {
        "date": "2020-12-08T11:03:35.053Z",
        "value": "56.25",
        "cumulative": false
    },
    {
        "date": "2020-12-08T11:03:36.772Z",
        "value": "64.84375",
        "cumulative": false
    },
    {
        "date": "2020-12-08T11:03:38.066Z",
        "value": "57.03125",
        "cumulative": false
    },
    {
        "date": "2020-12-08T11:03:39.780Z",
        "value": "69.53125",
        "cumulative": false
    },
    {
        "date": "2020-12-08T11:03:41.032Z",
        "value": "67.96875",
        "cumulative": false
    },
    {
        "date": "2020-12-08T11:03:42.728Z",
        "value": "74.21875",
        "cumulative": false
    },
    {
        "date": "2020-12-08T11:03:43.967Z",
        "value": "75.0",
        "cumulative": false
    },
    {
        "date": "2020-12-08T11:03:45.674Z",
        "value": "75.78125",
        "cumulative": false
    },
    {
        "date": "2020-12-08T11:03:46.915Z",
        "value": "69.53125",
        "cumulative": false
    },
    {
        "date": "2020-12-08T11:03:48.650Z",
        "value": "77.34375",
        "cumulative": false
    },
    {
        "date": "2020-12-08T11:03:49.921Z",
        "value": "75.0",
        "cumulative": false
    },
    {
        "date": "2020-12-08T11:03:51.666Z",
        "value": "73.4375",
        "cumulative": false
    },
    {
        "date": "2020-12-08T11:03:52.948Z",
        "value": "81.25",
        "cumulative": false
    },
    {
        "date": "2020-12-08T11:03:54.681Z",
        "value": "82.03125",
        "cumulative": false
    },
    {
        "date": "2020-12-08T11:03:55.920Z",
        "value": "81.25",
        "cumulative": false
    },
    {
        "date": "2020-12-08T11:03:57.617Z",
        "value": "81.25",
        "cumulative": false
    },
    {
        "date": "2020-12-08T11:03:58.882Z",
        "value": "78.90625",
        "cumulative": false
    },
    {
        "date": "2020-12-08T11:04:00.593Z",
        "value": "81.25",
        "cumulative": false
    },
    {
        "date": "2020-12-08T11:04:01.850Z",
        "value": "82.03125",
        "cumulative": false
    },
    {
        "date": "2020-12-08T11:04:03.586Z",
        "value": "82.03125",
        "cumulative": false
    },
    {
        "date": "2020-12-08T11:04:04.839Z",
        "value": "80.46875",
        "cumulative": false
    },
    {
        "date": "2020-12-08T11:04:06.537Z",
        "value": "82.03125",
        "cumulative": false
    },
    {
        "date": "2020-12-08T11:04:07.792Z",
        "value": "79.6875",
        "cumulative": false
    },
    {
        "date": "2020-12-08T11:04:09.520Z",
        "value": "83.59375",
        "cumulative": false
    },
    {
        "date": "2020-12-08T11:04:10.786Z",
        "value": "85.9375",
        "cumulative": false
    }
]