[
    {
        "date": "2020-12-08T11:03:27.295Z",
        "value": "0.030102014541625977",
        "cumulative": false
    },
    {
        "date": "2020-12-08T11:03:30.253Z",
        "value": "0.030381202697753906",
        "cumulative": false
    },
    {
        "date": "2020-12-08T11:03:33.191Z",
        "value": "0.031069517135620117",
        "cumulative": false
    },
    {
        "date": "2020-12-08T11:03:36.226Z",
        "value": "0.03234124183654785",
        "cumulative": false
    },
    {
        "date": "2020-12-08T11:03:39.220Z",
        "value": "0.032387495040893555",
        "cumulative": false
    },
    {
        "date": "2020-12-08T11:03:42.179Z",
        "value": "0.030055999755859375",
        "cumulative": false
    },
    {
        "date": "2020-12-08T11:03:45.126Z",
        "value": "0.031193256378173828",
        "cumulative": false
    },
    {
        "date": "2020-12-08T11:03:48.061Z",
        "value": "0.030220746994018555",
        "cumulative": false
    },
    {
        "date": "2020-12-08T11:03:51.116Z",
        "value": "0.0323491096496582",
        "cumulative": false
    },
    {
        "date": "2020-12-08T11:03:54.127Z",
        "value": "0.0319058895111084",
        "cumulative": false
    },
    {
        "date": "2020-12-08T11:03:57.079Z",
        "value": "0.03174996376037598",
        "cumulative": false
    },
    {
        "date": "2020-12-08T11:04:00.040Z",
        "value": "0.03175663948059082",
        "cumulative": false
    },
    {
        "date": "2020-12-08T11:04:03.028Z",
        "value": "0.031636714935302734",
        "cumulative": false
    },
    {
        "date": "2020-12-08T11:04:05.992Z",
        "value": "0.029474496841430664",
        "cumulative": false
    },
    {
        "date": "2020-12-08T11:04:08.951Z",
        "value": "0.02954268455505371",
        "cumulative": false
    },
    {
        "date": "2020-12-08T11:04:11.930Z",
        "value": "0.030478239059448242",
        "cumulative": false
    }
]