[
    {
        "date": "2020-12-08T11:03:27.288Z",
        "value": "6.389435291290283",
        "cumulative": false
    },
    {
        "date": "2020-12-08T11:03:30.252Z",
        "value": "2.419496774673462",
        "cumulative": false
    },
    {
        "date": "2020-12-08T11:03:33.194Z",
        "value": "2.406837224960327",
        "cumulative": false
    },
    {
        "date": "2020-12-08T11:03:36.225Z",
        "value": "2.454526662826538",
        "cumulative": false
    },
    {
        "date": "2020-12-08T11:03:39.224Z",
        "value": "2.454596757888794",
        "cumulative": false
    },
    {
        "date": "2020-12-08T11:03:42.188Z",
        "value": "2.4136619567871094",
        "cumulative": false
    },
    {
        "date": "2020-12-08T11:03:45.127Z",
        "value": "2.411416530609131",
        "cumulative": false
    },
    {
        "date": "2020-12-08T11:03:48.064Z",
        "value": "2.383941888809204",
        "cumulative": false
    },
    {
        "date": "2020-12-08T11:03:51.111Z",
        "value": "2.4954886436462402",
        "cumulative": false
    },
    {
        "date": "2020-12-08T11:03:54.122Z",
        "value": "2.453134775161743",
        "cumulative": false
    },
    {
        "date": "2020-12-08T11:03:57.075Z",
        "value": "2.3912105560302734",
        "cumulative": false
    },
    {
        "date": "2020-12-08T11:04:00.036Z",
        "value": "2.426555871963501",
        "cumulative": false
    },
    {
        "date": "2020-12-08T11:04:03.033Z",
        "value": "2.446763753890991",
        "cumulative": false
    },
    {
        "date": "2020-12-08T11:04:05.999Z",
        "value": "2.396601676940918",
        "cumulative": false
    },
    {
        "date": "2020-12-08T11:04:08.952Z",
        "value": "2.4321842193603516",
        "cumulative": false
    },
    {
        "date": "2020-12-08T11:04:11.925Z",
        "value": "2.4106688499450684",
        "cumulative": false
    }
]