[
    {
        "date": "2020-12-08T11:03:27.282Z",
        "value": "6.370716333389282",
        "cumulative": false
    },
    {
        "date": "2020-12-08T11:03:30.251Z",
        "value": "2.435866117477417",
        "cumulative": false
    },
    {
        "date": "2020-12-08T11:03:33.194Z",
        "value": "2.4058737754821777",
        "cumulative": false
    },
    {
        "date": "2020-12-08T11:03:36.222Z",
        "value": "2.459181070327759",
        "cumulative": false
    },
    {
        "date": "2020-12-08T11:03:39.212Z",
        "value": "2.4388997554779053",
        "cumulative": false
    },
    {
        "date": "2020-12-08T11:03:42.181Z",
        "value": "2.40639066696167",
        "cumulative": false
    },
    {
        "date": "2020-12-08T11:03:45.128Z",
        "value": "2.4186885356903076",
        "cumulative": false
    },
    {
        "date": "2020-12-08T11:03:48.055Z",
        "value": "2.392425775527954",
        "cumulative": false
    },
    {
        "date": "2020-12-08T11:03:51.117Z",
        "value": "2.497098684310913",
        "cumulative": false
    },
    {
        "date": "2020-12-08T11:03:54.118Z",
        "value": "2.462249517440796",
        "cumulative": false
    },
    {
        "date": "2020-12-08T11:03:57.065Z",
        "value": "2.406529426574707",
        "cumulative": false
    },
    {
        "date": "2020-12-08T11:04:00.034Z",
        "value": "2.4267492294311523",
        "cumulative": false
    },
    {
        "date": "2020-12-08T11:04:03.028Z",
        "value": "2.453184127807617",
        "cumulative": false
    },
    {
        "date": "2020-12-08T11:04:05.992Z",
        "value": "2.4165232181549072",
        "cumulative": false
    },
    {
        "date": "2020-12-08T11:04:08.953Z",
        "value": "2.4226129055023193",
        "cumulative": false
    },
    {
        "date": "2020-12-08T11:04:11.919Z",
        "value": "2.409804582595825",
        "cumulative": false
    }
]