[
    {
        "date": "2020-12-08T11:03:24.801Z",
        "value": "8.59375",
        "cumulative": false
    },
    {
        "date": "2020-12-08T11:03:26.145Z",
        "value": "22.65625",
        "cumulative": false
    },
    {
        "date": "2020-12-08T11:03:27.832Z",
        "value": "31.25",
        "cumulative": false
    },
    {
        "date": "2020-12-08T11:03:29.083Z",
        "value": "35.15625",
        "cumulative": false
    },
    {
        "date": "2020-12-08T11:03:30.806Z",
        "value": "42.96875",
        "cumulative": false
    },
    {
        "date": "2020-12-08T11:03:32.054Z",
        "value": "50.0",
        "cumulative": false
    },
    {
        "date": "2020-12-08T11:03:33.766Z",
        "value": "52.34375",
        "cumulative": false
    },
    {
        "date": "2020-12-08T11:03:35.050Z",
        "value": "61.71875",
        "cumulative": false
    },
    {
        "date": "2020-12-08T11:03:36.775Z",
        "value": "61.71875",
        "cumulative": false
    },
    {
        "date": "2020-12-08T11:03:38.070Z",
        "value": "62.5",
        "cumulative": false
    },
    {
        "date": "2020-12-08T11:03:39.779Z",
        "value": "61.71875",
        "cumulative": false
    },
    {
        "date": "2020-12-08T11:03:41.034Z",
        "value": "68.75",
        "cumulative": false
    },
    {
        "date": "2020-12-08T11:03:42.727Z",
        "value": "75.0",
        "cumulative": false
    },
    {
        "date": "2020-12-08T11:03:43.967Z",
        "value": "76.5625",
        "cumulative": false
    },
    {
        "date": "2020-12-08T11:03:45.675Z",
        "value": "67.96875",
        "cumulative": false
    },
    {
        "date": "2020-12-08T11:03:46.912Z",
        "value": "72.65625",
        "cumulative": false
    },
    {
        "date": "2020-12-08T11:03:48.652Z",
        "value": "79.6875",
        "cumulative": false
    },
    {
        "date": "2020-12-08T11:03:49.914Z",
        "value": "77.34375",
        "cumulative": false
    },
    {
        "date": "2020-12-08T11:03:51.668Z",
        "value": "78.125",
        "cumulative": false
    },
    {
        "date": "2020-12-08T11:03:52.944Z",
        "value": "77.34375",
        "cumulative": false
    },
    {
        "date": "2020-12-08T11:03:54.680Z",
        "value": "82.03125",
        "cumulative": false
    },
    {
        "date": "2020-12-08T11:03:55.917Z",
        "value": "83.59375",
        "cumulative": false
    },
    {
        "date": "2020-12-08T11:03:57.619Z",
        "value": "80.46875",
        "cumulative": false
    },
    {
        "date": "2020-12-08T11:03:58.880Z",
        "value": "87.5",
        "cumulative": false
    },
    {
        "date": "2020-12-08T11:04:00.589Z",
        "value": "78.125",
        "cumulative": false
    },
    {
        "date": "2020-12-08T11:04:01.852Z",
        "value": "85.15625",
        "cumulative": false
    },
    {
        "date": "2020-12-08T11:04:03.589Z",
        "value": "83.59375",
        "cumulative": false
    },
    {
        "date": "2020-12-08T11:04:04.831Z",
        "value": "84.375",
        "cumulative": false
    },
    {
        "date": "2020-12-08T11:04:06.530Z",
        "value": "82.8125",
        "cumulative": false
    },
    {
        "date": "2020-12-08T11:04:07.789Z",
        "value": "82.8125",
        "cumulative": false
    },
    {
        "date": "2020-12-08T11:04:09.511Z",
        "value": "89.0625",
        "cumulative": false
    },
    {
        "date": "2020-12-08T11:04:10.779Z",
        "value": "85.15625",
        "cumulative": false
    }
]