[
    {
        "date": "2020-12-08T11:03:27.287Z",
        "value": "0.00019860267639160156",
        "cumulative": false
    },
    {
        "date": "2020-12-08T11:03:30.252Z",
        "value": "0.0001621246337890625",
        "cumulative": false
    },
    {
        "date": "2020-12-08T11:03:33.195Z",
        "value": "0.00016832351684570312",
        "cumulative": false
    },
    {
        "date": "2020-12-08T11:03:36.221Z",
        "value": "0.00016379356384277344",
        "cumulative": false
    },
    {
        "date": "2020-12-08T11:03:39.223Z",
        "value": "0.0001666545867919922",
        "cumulative": false
    },
    {
        "date": "2020-12-08T11:03:42.178Z",
        "value": "0.00020694732666015625",
        "cumulative": false
    },
    {
        "date": "2020-12-08T11:03:45.135Z",
        "value": "0.00017881393432617188",
        "cumulative": false
    },
    {
        "date": "2020-12-08T11:03:48.057Z",
        "value": "0.0001575946807861328",
        "cumulative": false
    },
    {
        "date": "2020-12-08T11:03:51.112Z",
        "value": "0.0001919269561767578",
        "cumulative": false
    },
    {
        "date": "2020-12-08T11:03:54.122Z",
        "value": "0.0002028942108154297",
        "cumulative": false
    },
    {
        "date": "2020-12-08T11:03:57.077Z",
        "value": "0.0002448558807373047",
        "cumulative": false
    },
    {
        "date": "2020-12-08T11:04:00.038Z",
        "value": "0.00016927719116210938",
        "cumulative": false
    },
    {
        "date": "2020-12-08T11:04:03.029Z",
        "value": "0.0002827644348144531",
        "cumulative": false
    },
    {
        "date": "2020-12-08T11:04:05.999Z",
        "value": "0.0001780986785888672",
        "cumulative": false
    },
    {
        "date": "2020-12-08T11:04:08.955Z",
        "value": "0.0001773834228515625",
        "cumulative": false
    },
    {
        "date": "2020-12-08T11:04:11.937Z",
        "value": "0.0002002716064453125",
        "cumulative": false
    }
]