[
    {
        "date": "2020-12-08T11:03:27.283Z",
        "value": "0.026930809020996094",
        "cumulative": false
    },
    {
        "date": "2020-12-08T11:03:30.251Z",
        "value": "0.025959014892578125",
        "cumulative": false
    },
    {
        "date": "2020-12-08T11:03:33.194Z",
        "value": "0.025356531143188477",
        "cumulative": false
    },
    {
        "date": "2020-12-08T11:03:36.222Z",
        "value": "0.027898788452148438",
        "cumulative": false
    },
    {
        "date": "2020-12-08T11:03:39.212Z",
        "value": "0.027960777282714844",
        "cumulative": false
    },
    {
        "date": "2020-12-08T11:03:42.181Z",
        "value": "0.02884674072265625",
        "cumulative": false
    },
    {
        "date": "2020-12-08T11:03:45.128Z",
        "value": "0.02498483657836914",
        "cumulative": false
    },
    {
        "date": "2020-12-08T11:03:48.055Z",
        "value": "0.0276639461517334",
        "cumulative": false
    },
    {
        "date": "2020-12-08T11:03:51.117Z",
        "value": "0.02822089195251465",
        "cumulative": false
    },
    {
        "date": "2020-12-08T11:03:54.118Z",
        "value": "0.02907705307006836",
        "cumulative": false
    },
    {
        "date": "2020-12-08T11:03:57.065Z",
        "value": "0.02622509002685547",
        "cumulative": false
    },
    {
        "date": "2020-12-08T11:04:00.034Z",
        "value": "0.027755260467529297",
        "cumulative": false
    },
    {
        "date": "2020-12-08T11:04:03.028Z",
        "value": "0.026898622512817383",
        "cumulative": false
    },
    {
        "date": "2020-12-08T11:04:05.992Z",
        "value": "0.02883148193359375",
        "cumulative": false
    },
    {
        "date": "2020-12-08T11:04:08.953Z",
        "value": "0.028221607208251953",
        "cumulative": false
    },
    {
        "date": "2020-12-08T11:04:11.920Z",
        "value": "0.02623152732849121",
        "cumulative": false
    }
]