[
    {
        "date": "2020-12-08T11:03:27.287Z",
        "value": "0.008623361587524414",
        "cumulative": false
    },
    {
        "date": "2020-12-08T11:03:30.253Z",
        "value": "0.008441686630249023",
        "cumulative": false
    },
    {
        "date": "2020-12-08T11:03:33.188Z",
        "value": "0.008249998092651367",
        "cumulative": false
    },
    {
        "date": "2020-12-08T11:03:36.220Z",
        "value": "0.010178089141845703",
        "cumulative": false
    },
    {
        "date": "2020-12-08T11:03:39.214Z",
        "value": "0.00946497917175293",
        "cumulative": false
    },
    {
        "date": "2020-12-08T11:03:42.177Z",
        "value": "0.008681774139404297",
        "cumulative": false
    },
    {
        "date": "2020-12-08T11:03:45.131Z",
        "value": "0.008884906768798828",
        "cumulative": false
    },
    {
        "date": "2020-12-08T11:03:48.057Z",
        "value": "0.00939321517944336",
        "cumulative": false
    },
    {
        "date": "2020-12-08T11:03:51.115Z",
        "value": "0.00960540771484375",
        "cumulative": false
    },
    {
        "date": "2020-12-08T11:03:54.119Z",
        "value": "0.008903264999389648",
        "cumulative": false
    },
    {
        "date": "2020-12-08T11:03:57.066Z",
        "value": "0.008419513702392578",
        "cumulative": false
    },
    {
        "date": "2020-12-08T11:04:00.035Z",
        "value": "0.008571386337280273",
        "cumulative": false
    },
    {
        "date": "2020-12-08T11:04:03.026Z",
        "value": "0.009427070617675781",
        "cumulative": false
    },
    {
        "date": "2020-12-08T11:04:05.989Z",
        "value": "0.009178876876831055",
        "cumulative": false
    },
    {
        "date": "2020-12-08T11:04:08.954Z",
        "value": "0.008959293365478516",
        "cumulative": false
    },
    {
        "date": "2020-12-08T11:04:11.923Z",
        "value": "0.008613109588623047",
        "cumulative": false
    }
]