[
    {
        "date": "2020-12-08T11:03:27.284Z",
        "value": "6.389959812164307",
        "cumulative": false
    },
    {
        "date": "2020-12-08T11:03:30.249Z",
        "value": "2.418506145477295",
        "cumulative": false
    },
    {
        "date": "2020-12-08T11:03:33.196Z",
        "value": "2.3744451999664307",
        "cumulative": false
    },
    {
        "date": "2020-12-08T11:03:36.218Z",
        "value": "2.4589006900787354",
        "cumulative": false
    },
    {
        "date": "2020-12-08T11:03:39.221Z",
        "value": "2.435847759246826",
        "cumulative": false
    },
    {
        "date": "2020-12-08T11:03:42.178Z",
        "value": "2.4002389907836914",
        "cumulative": false
    },
    {
        "date": "2020-12-08T11:03:45.125Z",
        "value": "2.407911777496338",
        "cumulative": false
    },
    {
        "date": "2020-12-08T11:03:48.053Z",
        "value": "2.3911659717559814",
        "cumulative": false
    },
    {
        "date": "2020-12-08T11:03:51.123Z",
        "value": "2.489441394805908",
        "cumulative": false
    },
    {
        "date": "2020-12-08T11:03:54.128Z",
        "value": "2.4583306312561035",
        "cumulative": false
    },
    {
        "date": "2020-12-08T11:03:57.069Z",
        "value": "2.3934855461120605",
        "cumulative": false
    },
    {
        "date": "2020-12-08T11:04:00.035Z",
        "value": "2.4197113513946533",
        "cumulative": false
    },
    {
        "date": "2020-12-08T11:04:03.030Z",
        "value": "2.441960096359253",
        "cumulative": false
    },
    {
        "date": "2020-12-08T11:04:05.993Z",
        "value": "2.4124138355255127",
        "cumulative": false
    },
    {
        "date": "2020-12-08T11:04:08.952Z",
        "value": "2.416356325149536",
        "cumulative": false
    },
    {
        "date": "2020-12-08T11:04:11.924Z",
        "value": "2.402902126312256",
        "cumulative": false
    }
]