[
    {
        "date": "2020-12-08T11:03:24.798Z",
        "value": "2.397911548614502",
        "cumulative": false
    },
    {
        "date": "2020-12-08T11:03:26.139Z",
        "value": "1.9241875410079956",
        "cumulative": false
    },
    {
        "date": "2020-12-08T11:03:27.829Z",
        "value": "1.8425416946411133",
        "cumulative": false
    },
    {
        "date": "2020-12-08T11:03:29.080Z",
        "value": "1.6699893474578857",
        "cumulative": false
    },
    {
        "date": "2020-12-08T11:03:30.798Z",
        "value": "1.4359184503555298",
        "cumulative": false
    },
    {
        "date": "2020-12-08T11:03:32.057Z",
        "value": "1.453094482421875",
        "cumulative": false
    },
    {
        "date": "2020-12-08T11:03:33.765Z",
        "value": "1.3181694746017456",
        "cumulative": false
    },
    {
        "date": "2020-12-08T11:03:35.053Z",
        "value": "1.2254295349121094",
        "cumulative": false
    },
    {
        "date": "2020-12-08T11:03:36.768Z",
        "value": "1.0157394409179688",
        "cumulative": false
    },
    {
        "date": "2020-12-08T11:03:38.069Z",
        "value": "1.0331099033355713",
        "cumulative": false
    },
    {
        "date": "2020-12-08T11:03:39.778Z",
        "value": "0.8494306802749634",
        "cumulative": false
    },
    {
        "date": "2020-12-08T11:03:41.031Z",
        "value": "0.9071661829948425",
        "cumulative": false
    },
    {
        "date": "2020-12-08T11:03:42.719Z",
        "value": "0.7195849418640137",
        "cumulative": false
    },
    {
        "date": "2020-12-08T11:03:43.963Z",
        "value": "0.8221566677093506",
        "cumulative": false
    },
    {
        "date": "2020-12-08T11:03:45.669Z",
        "value": "0.7706512212753296",
        "cumulative": false
    },
    {
        "date": "2020-12-08T11:03:46.911Z",
        "value": "0.656720757484436",
        "cumulative": false
    },
    {
        "date": "2020-12-08T11:03:48.647Z",
        "value": "0.5981447100639343",
        "cumulative": false
    },
    {
        "date": "2020-12-08T11:03:49.913Z",
        "value": "0.5951524376869202",
        "cumulative": false
    },
    {
        "date": "2020-12-08T11:03:51.669Z",
        "value": "0.47260206937789917",
        "cumulative": false
    },
    {
        "date": "2020-12-08T11:03:52.948Z",
        "value": "0.6074458956718445",
        "cumulative": false
    },
    {
        "date": "2020-12-08T11:03:54.674Z",
        "value": "0.7070897221565247",
        "cumulative": false
    },
    {
        "date": "2020-12-08T11:03:55.916Z",
        "value": "0.6838550567626953",
        "cumulative": false
    },
    {
        "date": "2020-12-08T11:03:57.614Z",
        "value": "0.5037394762039185",
        "cumulative": false
    },
    {
        "date": "2020-12-08T11:03:58.879Z",
        "value": "0.46914154291152954",
        "cumulative": false
    },
    {
        "date": "2020-12-08T11:04:00.588Z",
        "value": "0.3602716028690338",
        "cumulative": false
    },
    {
        "date": "2020-12-08T11:04:01.848Z",
        "value": "0.5376518964767456",
        "cumulative": false
    },
    {
        "date": "2020-12-08T11:04:03.586Z",
        "value": "0.5174388885498047",
        "cumulative": false
    },
    {
        "date": "2020-12-08T11:04:04.835Z",
        "value": "0.4603414237499237",
        "cumulative": false
    },
    {
        "date": "2020-12-08T11:04:06.534Z",
        "value": "0.39267268776893616",
        "cumulative": false
    },
    {
        "date": "2020-12-08T11:04:07.793Z",
        "value": "0.4791267216205597",
        "cumulative": false
    },
    {
        "date": "2020-12-08T11:04:09.516Z",
        "value": "0.4911724328994751",
        "cumulative": false
    },
    {
        "date": "2020-12-08T11:04:10.782Z",
        "value": "0.46057194471359253",
        "cumulative": false
    }
]