[
    {
        "date": "2020-12-08T11:03:27.287Z",
        "value": "0.22358155250549316",
        "cumulative": false
    },
    {
        "date": "2020-12-08T11:03:30.268Z",
        "value": "0.23754453659057617",
        "cumulative": false
    },
    {
        "date": "2020-12-08T11:03:33.205Z",
        "value": "0.24001049995422363",
        "cumulative": false
    },
    {
        "date": "2020-12-08T11:03:36.224Z",
        "value": "0.2449817657470703",
        "cumulative": false
    },
    {
        "date": "2020-12-08T11:03:39.226Z",
        "value": "0.23474335670471191",
        "cumulative": false
    },
    {
        "date": "2020-12-08T11:03:42.191Z",
        "value": "0.23874878883361816",
        "cumulative": false
    },
    {
        "date": "2020-12-08T11:03:45.130Z",
        "value": "0.24683880805969238",
        "cumulative": false
    },
    {
        "date": "2020-12-08T11:03:48.057Z",
        "value": "0.2430117130279541",
        "cumulative": false
    },
    {
        "date": "2020-12-08T11:03:51.116Z",
        "value": "0.24927711486816406",
        "cumulative": false
    },
    {
        "date": "2020-12-08T11:03:54.129Z",
        "value": "0.23326873779296875",
        "cumulative": false
    },
    {
        "date": "2020-12-08T11:03:57.077Z",
        "value": "0.22640037536621094",
        "cumulative": false
    },
    {
        "date": "2020-12-08T11:04:00.046Z",
        "value": "0.21543502807617188",
        "cumulative": false
    },
    {
        "date": "2020-12-08T11:04:03.033Z",
        "value": "0.23846936225891113",
        "cumulative": false
    },
    {
        "date": "2020-12-08T11:04:05.996Z",
        "value": "0.2428302764892578",
        "cumulative": false
    },
    {
        "date": "2020-12-08T11:04:08.957Z",
        "value": "0.2662320137023926",
        "cumulative": false
    },
    {
        "date": "2020-12-08T11:04:11.934Z",
        "value": "0.2420361042022705",
        "cumulative": false
    }
]