[
    {
        "date": "2020-12-08T11:03:27.288Z",
        "value": "0.008833885192871094",
        "cumulative": false
    },
    {
        "date": "2020-12-08T11:03:30.252Z",
        "value": "0.00916743278503418",
        "cumulative": false
    },
    {
        "date": "2020-12-08T11:03:33.194Z",
        "value": "0.00859212875366211",
        "cumulative": false
    },
    {
        "date": "2020-12-08T11:03:36.225Z",
        "value": "0.010980606079101562",
        "cumulative": false
    },
    {
        "date": "2020-12-08T11:03:39.225Z",
        "value": "0.008768796920776367",
        "cumulative": false
    },
    {
        "date": "2020-12-08T11:03:42.188Z",
        "value": "0.009007453918457031",
        "cumulative": false
    },
    {
        "date": "2020-12-08T11:03:45.127Z",
        "value": "0.009087562561035156",
        "cumulative": false
    },
    {
        "date": "2020-12-08T11:03:48.064Z",
        "value": "0.008204936981201172",
        "cumulative": false
    },
    {
        "date": "2020-12-08T11:03:51.111Z",
        "value": "0.008815765380859375",
        "cumulative": false
    },
    {
        "date": "2020-12-08T11:03:54.123Z",
        "value": "0.009962320327758789",
        "cumulative": false
    },
    {
        "date": "2020-12-08T11:03:57.076Z",
        "value": "0.007866382598876953",
        "cumulative": false
    },
    {
        "date": "2020-12-08T11:04:00.036Z",
        "value": "0.009306669235229492",
        "cumulative": false
    },
    {
        "date": "2020-12-08T11:04:03.033Z",
        "value": "0.009568452835083008",
        "cumulative": false
    },
    {
        "date": "2020-12-08T11:04:05.999Z",
        "value": "0.008779287338256836",
        "cumulative": false
    },
    {
        "date": "2020-12-08T11:04:08.953Z",
        "value": "0.008938312530517578",
        "cumulative": false
    },
    {
        "date": "2020-12-08T11:04:11.926Z",
        "value": "0.008532047271728516",
        "cumulative": false
    }
]