[
    {
        "date": "2020-12-08T11:03:24.805Z",
        "value": "57.03125",
        "cumulative": false
    },
    {
        "date": "2020-12-08T11:03:26.145Z",
        "value": "78.90625",
        "cumulative": false
    },
    {
        "date": "2020-12-08T11:03:27.835Z",
        "value": "91.40625",
        "cumulative": false
    },
    {
        "date": "2020-12-08T11:03:29.089Z",
        "value": "92.1875",
        "cumulative": false
    },
    {
        "date": "2020-12-08T11:03:30.802Z",
        "value": "89.84375",
        "cumulative": false
    },
    {
        "date": "2020-12-08T11:03:32.059Z",
        "value": "89.0625",
        "cumulative": false
    },
    {
        "date": "2020-12-08T11:03:33.764Z",
        "value": "93.75",
        "cumulative": false
    },
    {
        "date": "2020-12-08T11:03:35.055Z",
        "value": "96.875",
        "cumulative": false
    },
    {
        "date": "2020-12-08T11:03:36.773Z",
        "value": "97.65625",
        "cumulative": false
    },
    {
        "date": "2020-12-08T11:03:38.075Z",
        "value": "90.625",
        "cumulative": false
    },
    {
        "date": "2020-12-08T11:03:39.778Z",
        "value": "96.875",
        "cumulative": false
    },
    {
        "date": "2020-12-08T11:03:41.033Z",
        "value": "98.4375",
        "cumulative": false
    },
    {
        "date": "2020-12-08T11:03:42.729Z",
        "value": "97.65625",
        "cumulative": false
    },
    {
        "date": "2020-12-08T11:03:43.969Z",
        "value": "99.21875",
        "cumulative": false
    },
    {
        "date": "2020-12-08T11:03:45.679Z",
        "value": "97.65625",
        "cumulative": false
    },
    {
        "date": "2020-12-08T11:03:46.919Z",
        "value": "99.21875",
        "cumulative": false
    },
    {
        "date": "2020-12-08T11:03:48.651Z",
        "value": "98.4375",
        "cumulative": false
    },
    {
        "date": "2020-12-08T11:03:49.919Z",
        "value": "97.65625",
        "cumulative": false
    },
    {
        "date": "2020-12-08T11:03:51.675Z",
        "value": "97.65625",
        "cumulative": false
    },
    {
        "date": "2020-12-08T11:03:52.952Z",
        "value": "100.0",
        "cumulative": false
    },
    {
        "date": "2020-12-08T11:03:54.678Z",
        "value": "100.0",
        "cumulative": false
    },
    {
        "date": "2020-12-08T11:03:55.923Z",
        "value": "98.4375",
        "cumulative": false
    },
    {
        "date": "2020-12-08T11:03:57.617Z",
        "value": "99.21875",
        "cumulative": false
    },
    {
        "date": "2020-12-08T11:03:58.885Z",
        "value": "99.21875",
        "cumulative": false
    },
    {
        "date": "2020-12-08T11:04:00.592Z",
        "value": "99.21875",
        "cumulative": false
    },
    {
        "date": "2020-12-08T11:04:01.851Z",
        "value": "99.21875",
        "cumulative": false
    },
    {
        "date": "2020-12-08T11:04:03.589Z",
        "value": "99.21875",
        "cumulative": false
    },
    {
        "date": "2020-12-08T11:04:04.837Z",
        "value": "100.0",
        "cumulative": false
    },
    {
        "date": "2020-12-08T11:04:06.534Z",
        "value": "99.21875",
        "cumulative": false
    },
    {
        "date": "2020-12-08T11:04:07.797Z",
        "value": "98.4375",
        "cumulative": false
    },
    {
        "date": "2020-12-08T11:04:09.515Z",
        "value": "98.4375",
        "cumulative": false
    },
    {
        "date": "2020-12-08T11:04:10.782Z",
        "value": "99.21875",
        "cumulative": false
    }
]