[
    {
        "date": "2020-12-08T11:03:27.286Z",
        "value": "6.320535182952881",
        "cumulative": false
    },
    {
        "date": "2020-12-08T11:03:30.253Z",
        "value": "2.424104928970337",
        "cumulative": false
    },
    {
        "date": "2020-12-08T11:03:33.188Z",
        "value": "2.3981213569641113",
        "cumulative": false
    },
    {
        "date": "2020-12-08T11:03:36.219Z",
        "value": "2.442901849746704",
        "cumulative": false
    },
    {
        "date": "2020-12-08T11:03:39.213Z",
        "value": "2.4577090740203857",
        "cumulative": false
    },
    {
        "date": "2020-12-08T11:03:42.176Z",
        "value": "2.3865489959716797",
        "cumulative": false
    },
    {
        "date": "2020-12-08T11:03:45.131Z",
        "value": "2.4037227630615234",
        "cumulative": false
    },
    {
        "date": "2020-12-08T11:03:48.056Z",
        "value": "2.3773000240325928",
        "cumulative": false
    },
    {
        "date": "2020-12-08T11:03:51.115Z",
        "value": "2.4739670753479004",
        "cumulative": false
    },
    {
        "date": "2020-12-08T11:03:54.119Z",
        "value": "2.454411745071411",
        "cumulative": false
    },
    {
        "date": "2020-12-08T11:03:57.066Z",
        "value": "2.40118408203125",
        "cumulative": false
    },
    {
        "date": "2020-12-08T11:04:00.034Z",
        "value": "2.4274110794067383",
        "cumulative": false
    },
    {
        "date": "2020-12-08T11:04:03.026Z",
        "value": "2.4379687309265137",
        "cumulative": false
    },
    {
        "date": "2020-12-08T11:04:05.989Z",
        "value": "2.4130964279174805",
        "cumulative": false
    },
    {
        "date": "2020-12-08T11:04:08.953Z",
        "value": "2.4255223274230957",
        "cumulative": false
    },
    {
        "date": "2020-12-08T11:04:11.922Z",
        "value": "2.403923988342285",
        "cumulative": false
    }
]