[
    {
        "date": "2020-12-08T11:03:27.287Z",
        "value": "3.3079586029052734",
        "cumulative": false
    },
    {
        "date": "2020-12-08T11:03:30.268Z",
        "value": "1.4167675971984863",
        "cumulative": false
    },
    {
        "date": "2020-12-08T11:03:33.205Z",
        "value": "1.3822662830352783",
        "cumulative": false
    },
    {
        "date": "2020-12-08T11:03:36.224Z",
        "value": "1.4232115745544434",
        "cumulative": false
    },
    {
        "date": "2020-12-08T11:03:39.226Z",
        "value": "1.42988920211792",
        "cumulative": false
    },
    {
        "date": "2020-12-08T11:03:42.191Z",
        "value": "1.3767781257629395",
        "cumulative": false
    },
    {
        "date": "2020-12-08T11:03:45.130Z",
        "value": "1.3328094482421875",
        "cumulative": false
    },
    {
        "date": "2020-12-08T11:03:48.057Z",
        "value": "1.3326046466827393",
        "cumulative": false
    },
    {
        "date": "2020-12-08T11:03:51.116Z",
        "value": "1.3867802619934082",
        "cumulative": false
    },
    {
        "date": "2020-12-08T11:03:54.129Z",
        "value": "1.4499280452728271",
        "cumulative": false
    },
    {
        "date": "2020-12-08T11:03:57.077Z",
        "value": "1.3965003490447998",
        "cumulative": false
    },
    {
        "date": "2020-12-08T11:04:00.046Z",
        "value": "1.457719087600708",
        "cumulative": false
    },
    {
        "date": "2020-12-08T11:04:03.033Z",
        "value": "1.4037888050079346",
        "cumulative": false
    },
    {
        "date": "2020-12-08T11:04:05.996Z",
        "value": "1.3083693981170654",
        "cumulative": false
    },
    {
        "date": "2020-12-08T11:04:08.957Z",
        "value": "1.316068410873413",
        "cumulative": false
    },
    {
        "date": "2020-12-08T11:04:11.934Z",
        "value": "1.3476462364196777",
        "cumulative": false
    }
]