[
    {
        "date": "2020-12-08T11:03:27.287Z",
        "value": "0.00015592575073242188",
        "cumulative": false
    },
    {
        "date": "2020-12-08T11:03:30.253Z",
        "value": "0.00017642974853515625",
        "cumulative": false
    },
    {
        "date": "2020-12-08T11:03:33.188Z",
        "value": "0.0001518726348876953",
        "cumulative": false
    },
    {
        "date": "2020-12-08T11:03:36.220Z",
        "value": "0.00021147727966308594",
        "cumulative": false
    },
    {
        "date": "2020-12-08T11:03:39.214Z",
        "value": "0.00017976760864257812",
        "cumulative": false
    },
    {
        "date": "2020-12-08T11:03:42.177Z",
        "value": "0.00016260147094726562",
        "cumulative": false
    },
    {
        "date": "2020-12-08T11:03:45.131Z",
        "value": "0.0001819133758544922",
        "cumulative": false
    },
    {
        "date": "2020-12-08T11:03:48.057Z",
        "value": "0.0001671314239501953",
        "cumulative": false
    },
    {
        "date": "2020-12-08T11:03:51.115Z",
        "value": "0.00016570091247558594",
        "cumulative": false
    },
    {
        "date": "2020-12-08T11:03:54.119Z",
        "value": "0.00016880035400390625",
        "cumulative": false
    },
    {
        "date": "2020-12-08T11:03:57.066Z",
        "value": "0.00017070770263671875",
        "cumulative": false
    },
    {
        "date": "2020-12-08T11:04:00.035Z",
        "value": "0.00017142295837402344",
        "cumulative": false
    },
    {
        "date": "2020-12-08T11:04:03.026Z",
        "value": "0.00018167495727539062",
        "cumulative": false
    },
    {
        "date": "2020-12-08T11:04:05.989Z",
        "value": "0.00016307830810546875",
        "cumulative": false
    },
    {
        "date": "2020-12-08T11:04:08.954Z",
        "value": "0.00015592575073242188",
        "cumulative": false
    },
    {
        "date": "2020-12-08T11:04:11.923Z",
        "value": "0.00017070770263671875",
        "cumulative": false
    }
]