[
    {
        "date": "2020-12-08T11:03:24.804Z",
        "value": "2.496805429458618",
        "cumulative": false
    },
    {
        "date": "2020-12-08T11:03:26.143Z",
        "value": "1.9940776824951172",
        "cumulative": false
    },
    {
        "date": "2020-12-08T11:03:27.833Z",
        "value": "1.9235514402389526",
        "cumulative": false
    },
    {
        "date": "2020-12-08T11:03:29.087Z",
        "value": "1.7525911331176758",
        "cumulative": false
    },
    {
        "date": "2020-12-08T11:03:30.809Z",
        "value": "1.4312355518341064",
        "cumulative": false
    },
    {
        "date": "2020-12-08T11:03:32.059Z",
        "value": "1.291217565536499",
        "cumulative": false
    },
    {
        "date": "2020-12-08T11:03:33.772Z",
        "value": "1.1724555492401123",
        "cumulative": false
    },
    {
        "date": "2020-12-08T11:03:35.060Z",
        "value": "1.0773752927780151",
        "cumulative": false
    },
    {
        "date": "2020-12-08T11:03:36.781Z",
        "value": "1.1676067113876343",
        "cumulative": false
    },
    {
        "date": "2020-12-08T11:03:38.075Z",
        "value": "1.0946249961853027",
        "cumulative": false
    },
    {
        "date": "2020-12-08T11:03:39.779Z",
        "value": "0.9154631495475769",
        "cumulative": false
    },
    {
        "date": "2020-12-08T11:03:41.034Z",
        "value": "0.9828211069107056",
        "cumulative": false
    },
    {
        "date": "2020-12-08T11:03:42.725Z",
        "value": "0.5969657897949219",
        "cumulative": false
    },
    {
        "date": "2020-12-08T11:03:43.969Z",
        "value": "0.7415658235549927",
        "cumulative": false
    },
    {
        "date": "2020-12-08T11:03:45.675Z",
        "value": "0.8046744465827942",
        "cumulative": false
    },
    {
        "date": "2020-12-08T11:03:46.917Z",
        "value": "0.9244794249534607",
        "cumulative": false
    },
    {
        "date": "2020-12-08T11:03:48.653Z",
        "value": "0.6620256900787354",
        "cumulative": false
    },
    {
        "date": "2020-12-08T11:03:49.923Z",
        "value": "0.708454430103302",
        "cumulative": false
    },
    {
        "date": "2020-12-08T11:03:51.669Z",
        "value": "0.6274645328521729",
        "cumulative": false
    },
    {
        "date": "2020-12-08T11:03:52.954Z",
        "value": "0.54173344373703",
        "cumulative": false
    },
    {
        "date": "2020-12-08T11:03:54.680Z",
        "value": "0.48350968956947327",
        "cumulative": false
    },
    {
        "date": "2020-12-08T11:03:55.922Z",
        "value": "0.5843966603279114",
        "cumulative": false
    },
    {
        "date": "2020-12-08T11:03:57.621Z",
        "value": "0.5654816627502441",
        "cumulative": false
    },
    {
        "date": "2020-12-08T11:03:58.887Z",
        "value": "0.5416551828384399",
        "cumulative": false
    },
    {
        "date": "2020-12-08T11:04:00.595Z",
        "value": "0.5895772576332092",
        "cumulative": false
    },
    {
        "date": "2020-12-08T11:04:01.852Z",
        "value": "0.42660942673683167",
        "cumulative": false
    },
    {
        "date": "2020-12-08T11:04:03.588Z",
        "value": "0.5080406665802002",
        "cumulative": false
    },
    {
        "date": "2020-12-08T11:04:04.841Z",
        "value": "0.508389949798584",
        "cumulative": false
    },
    {
        "date": "2020-12-08T11:04:06.542Z",
        "value": "0.41715142130851746",
        "cumulative": false
    },
    {
        "date": "2020-12-08T11:04:07.794Z",
        "value": "0.47221553325653076",
        "cumulative": false
    },
    {
        "date": "2020-12-08T11:04:09.525Z",
        "value": "0.3923514485359192",
        "cumulative": false
    },
    {
        "date": "2020-12-08T11:04:10.784Z",
        "value": "0.4845591187477112",
        "cumulative": false
    }
]