[
    {
        "date": "2020-12-08T11:03:27.283Z",
        "value": "3.340977668762207",
        "cumulative": false
    },
    {
        "date": "2020-12-08T11:03:30.251Z",
        "value": "1.502166986465454",
        "cumulative": false
    },
    {
        "date": "2020-12-08T11:03:33.194Z",
        "value": "1.4451465606689453",
        "cumulative": false
    },
    {
        "date": "2020-12-08T11:03:36.222Z",
        "value": "1.4319040775299072",
        "cumulative": false
    },
    {
        "date": "2020-12-08T11:03:39.212Z",
        "value": "1.4398815631866455",
        "cumulative": false
    },
    {
        "date": "2020-12-08T11:03:42.181Z",
        "value": "1.4130582809448242",
        "cumulative": false
    },
    {
        "date": "2020-12-08T11:03:45.128Z",
        "value": "1.5004730224609375",
        "cumulative": false
    },
    {
        "date": "2020-12-08T11:03:48.055Z",
        "value": "1.4340224266052246",
        "cumulative": false
    },
    {
        "date": "2020-12-08T11:03:51.117Z",
        "value": "1.4528298377990723",
        "cumulative": false
    },
    {
        "date": "2020-12-08T11:03:54.118Z",
        "value": "1.4135632514953613",
        "cumulative": false
    },
    {
        "date": "2020-12-08T11:03:57.065Z",
        "value": "1.4412636756896973",
        "cumulative": false
    },
    {
        "date": "2020-12-08T11:04:00.034Z",
        "value": "1.432363510131836",
        "cumulative": false
    },
    {
        "date": "2020-12-08T11:04:03.028Z",
        "value": "1.4249475002288818",
        "cumulative": false
    },
    {
        "date": "2020-12-08T11:04:05.992Z",
        "value": "1.3994340896606445",
        "cumulative": false
    },
    {
        "date": "2020-12-08T11:04:08.953Z",
        "value": "1.440783977508545",
        "cumulative": false
    },
    {
        "date": "2020-12-08T11:04:11.920Z",
        "value": "1.4505088329315186",
        "cumulative": false
    }
]