[
    {
        "date": "2020-12-08T11:03:24.799Z",
        "value": "2.4750990867614746",
        "cumulative": false
    },
    {
        "date": "2020-12-08T11:03:26.138Z",
        "value": "2.047837018966675",
        "cumulative": false
    },
    {
        "date": "2020-12-08T11:03:27.832Z",
        "value": "1.8500887155532837",
        "cumulative": false
    },
    {
        "date": "2020-12-08T11:03:29.082Z",
        "value": "1.6013588905334473",
        "cumulative": false
    },
    {
        "date": "2020-12-08T11:03:30.798Z",
        "value": "1.5047718286514282",
        "cumulative": false
    },
    {
        "date": "2020-12-08T11:03:32.054Z",
        "value": "1.2981592416763306",
        "cumulative": false
    },
    {
        "date": "2020-12-08T11:03:33.765Z",
        "value": "1.217234492301941",
        "cumulative": false
    },
    {
        "date": "2020-12-08T11:03:35.055Z",
        "value": "1.137570858001709",
        "cumulative": false
    },
    {
        "date": "2020-12-08T11:03:36.772Z",
        "value": "1.098341464996338",
        "cumulative": false
    },
    {
        "date": "2020-12-08T11:03:38.063Z",
        "value": "0.8080694675445557",
        "cumulative": false
    },
    {
        "date": "2020-12-08T11:03:39.780Z",
        "value": "0.8838228583335876",
        "cumulative": false
    },
    {
        "date": "2020-12-08T11:03:41.029Z",
        "value": "0.932505190372467",
        "cumulative": false
    },
    {
        "date": "2020-12-08T11:03:42.726Z",
        "value": "0.8850820660591125",
        "cumulative": false
    },
    {
        "date": "2020-12-08T11:03:43.964Z",
        "value": "0.7619842290878296",
        "cumulative": false
    },
    {
        "date": "2020-12-08T11:03:45.676Z",
        "value": "0.760612964630127",
        "cumulative": false
    },
    {
        "date": "2020-12-08T11:03:46.912Z",
        "value": "0.813337504863739",
        "cumulative": false
    },
    {
        "date": "2020-12-08T11:03:48.648Z",
        "value": "0.6175023913383484",
        "cumulative": false
    },
    {
        "date": "2020-12-08T11:03:49.919Z",
        "value": "0.7277438044548035",
        "cumulative": false
    },
    {
        "date": "2020-12-08T11:03:51.665Z",
        "value": "0.7803193926811218",
        "cumulative": false
    },
    {
        "date": "2020-12-08T11:03:52.949Z",
        "value": "0.6137807369232178",
        "cumulative": false
    },
    {
        "date": "2020-12-08T11:03:54.680Z",
        "value": "0.5883955359458923",
        "cumulative": false
    },
    {
        "date": "2020-12-08T11:03:55.917Z",
        "value": "0.5301061868667603",
        "cumulative": false
    },
    {
        "date": "2020-12-08T11:03:57.613Z",
        "value": "0.5010800957679749",
        "cumulative": false
    },
    {
        "date": "2020-12-08T11:03:58.880Z",
        "value": "0.7257097959518433",
        "cumulative": false
    },
    {
        "date": "2020-12-08T11:04:00.593Z",
        "value": "0.48390939831733704",
        "cumulative": false
    },
    {
        "date": "2020-12-08T11:04:01.849Z",
        "value": "0.678899884223938",
        "cumulative": false
    },
    {
        "date": "2020-12-08T11:04:03.588Z",
        "value": "0.46525120735168457",
        "cumulative": false
    },
    {
        "date": "2020-12-08T11:04:04.831Z",
        "value": "0.45215892791748047",
        "cumulative": false
    },
    {
        "date": "2020-12-08T11:04:06.534Z",
        "value": "0.40486258268356323",
        "cumulative": false
    },
    {
        "date": "2020-12-08T11:04:07.789Z",
        "value": "0.5263857245445251",
        "cumulative": false
    },
    {
        "date": "2020-12-08T11:04:09.517Z",
        "value": "0.42230573296546936",
        "cumulative": false
    },
    {
        "date": "2020-12-08T11:04:10.783Z",
        "value": "0.43731266260147095",
        "cumulative": false
    }
]