[
    {
        "date": "2020-12-08T11:03:27.287Z",
        "value": "0.2717292308807373",
        "cumulative": false
    },
    {
        "date": "2020-12-08T11:03:30.268Z",
        "value": "0.30269479751586914",
        "cumulative": false
    },
    {
        "date": "2020-12-08T11:03:33.205Z",
        "value": "0.29149937629699707",
        "cumulative": false
    },
    {
        "date": "2020-12-08T11:03:36.224Z",
        "value": "0.29587864875793457",
        "cumulative": false
    },
    {
        "date": "2020-12-08T11:03:39.226Z",
        "value": "0.29654669761657715",
        "cumulative": false
    },
    {
        "date": "2020-12-08T11:03:42.191Z",
        "value": "0.30162477493286133",
        "cumulative": false
    },
    {
        "date": "2020-12-08T11:03:45.130Z",
        "value": "0.299365758895874",
        "cumulative": false
    },
    {
        "date": "2020-12-08T11:03:48.057Z",
        "value": "0.3031134605407715",
        "cumulative": false
    },
    {
        "date": "2020-12-08T11:03:51.116Z",
        "value": "0.34144067764282227",
        "cumulative": false
    },
    {
        "date": "2020-12-08T11:03:54.129Z",
        "value": "0.293179988861084",
        "cumulative": false
    },
    {
        "date": "2020-12-08T11:03:57.077Z",
        "value": "0.2973651885986328",
        "cumulative": false
    },
    {
        "date": "2020-12-08T11:04:00.046Z",
        "value": "0.29168009757995605",
        "cumulative": false
    },
    {
        "date": "2020-12-08T11:04:03.033Z",
        "value": "0.2930324077606201",
        "cumulative": false
    },
    {
        "date": "2020-12-08T11:04:05.996Z",
        "value": "0.3099203109741211",
        "cumulative": false
    },
    {
        "date": "2020-12-08T11:04:08.957Z",
        "value": "0.325286865234375",
        "cumulative": false
    },
    {
        "date": "2020-12-08T11:04:11.934Z",
        "value": "0.3008604049682617",
        "cumulative": false
    }
]