[
    {
        "date": "2020-12-08T11:03:27.295Z",
        "value": "0.2826404571533203",
        "cumulative": false
    },
    {
        "date": "2020-12-08T11:03:30.253Z",
        "value": "0.30706262588500977",
        "cumulative": false
    },
    {
        "date": "2020-12-08T11:03:33.191Z",
        "value": "0.33245205879211426",
        "cumulative": false
    },
    {
        "date": "2020-12-08T11:03:36.226Z",
        "value": "0.3383660316467285",
        "cumulative": false
    },
    {
        "date": "2020-12-08T11:03:39.220Z",
        "value": "0.3391761779785156",
        "cumulative": false
    },
    {
        "date": "2020-12-08T11:03:42.178Z",
        "value": "0.2998688220977783",
        "cumulative": false
    },
    {
        "date": "2020-12-08T11:03:45.126Z",
        "value": "0.31992340087890625",
        "cumulative": false
    },
    {
        "date": "2020-12-08T11:03:48.061Z",
        "value": "0.31578564643859863",
        "cumulative": false
    },
    {
        "date": "2020-12-08T11:03:51.116Z",
        "value": "0.3229482173919678",
        "cumulative": false
    },
    {
        "date": "2020-12-08T11:03:54.127Z",
        "value": "0.3200252056121826",
        "cumulative": false
    },
    {
        "date": "2020-12-08T11:03:57.079Z",
        "value": "0.3199808597564697",
        "cumulative": false
    },
    {
        "date": "2020-12-08T11:04:00.040Z",
        "value": "0.31732869148254395",
        "cumulative": false
    },
    {
        "date": "2020-12-08T11:04:03.028Z",
        "value": "0.34716176986694336",
        "cumulative": false
    },
    {
        "date": "2020-12-08T11:04:05.992Z",
        "value": "0.31981730461120605",
        "cumulative": false
    },
    {
        "date": "2020-12-08T11:04:08.951Z",
        "value": "0.3033711910247803",
        "cumulative": false
    },
    {
        "date": "2020-12-08T11:04:11.930Z",
        "value": "0.30675268173217773",
        "cumulative": false
    }
]