[
    {
        "date": "2020-12-08T11:03:27.294Z",
        "value": "0.008653402328491211",
        "cumulative": false
    },
    {
        "date": "2020-12-08T11:03:30.258Z",
        "value": "0.00846409797668457",
        "cumulative": false
    },
    {
        "date": "2020-12-08T11:03:33.197Z",
        "value": "0.007947683334350586",
        "cumulative": false
    },
    {
        "date": "2020-12-08T11:03:36.223Z",
        "value": "0.008481264114379883",
        "cumulative": false
    },
    {
        "date": "2020-12-08T11:03:39.229Z",
        "value": "0.009617328643798828",
        "cumulative": false
    },
    {
        "date": "2020-12-08T11:03:42.187Z",
        "value": "0.008356571197509766",
        "cumulative": false
    },
    {
        "date": "2020-12-08T11:03:45.134Z",
        "value": "0.009347915649414062",
        "cumulative": false
    },
    {
        "date": "2020-12-08T11:03:48.057Z",
        "value": "0.008292198181152344",
        "cumulative": false
    },
    {
        "date": "2020-12-08T11:03:51.119Z",
        "value": "0.008989572525024414",
        "cumulative": false
    },
    {
        "date": "2020-12-08T11:03:54.125Z",
        "value": "0.009616374969482422",
        "cumulative": false
    },
    {
        "date": "2020-12-08T11:03:57.070Z",
        "value": "0.008984088897705078",
        "cumulative": false
    },
    {
        "date": "2020-12-08T11:04:00.045Z",
        "value": "0.009806394577026367",
        "cumulative": false
    },
    {
        "date": "2020-12-08T11:04:03.033Z",
        "value": "0.009747505187988281",
        "cumulative": false
    },
    {
        "date": "2020-12-08T11:04:05.995Z",
        "value": "0.009032249450683594",
        "cumulative": false
    },
    {
        "date": "2020-12-08T11:04:08.956Z",
        "value": "0.008430719375610352",
        "cumulative": false
    },
    {
        "date": "2020-12-08T11:04:11.928Z",
        "value": "0.008689403533935547",
        "cumulative": false
    }
]