[
    {
        "date": "2020-12-08T11:03:27.284Z",
        "value": "4.2057204246521",
        "cumulative": false
    },
    {
        "date": "2020-12-08T11:03:30.249Z",
        "value": "0.314068078994751",
        "cumulative": false
    },
    {
        "date": "2020-12-08T11:03:33.196Z",
        "value": "0.31849145889282227",
        "cumulative": false
    },
    {
        "date": "2020-12-08T11:03:36.219Z",
        "value": "0.3407454490661621",
        "cumulative": false
    },
    {
        "date": "2020-12-08T11:03:39.221Z",
        "value": "0.3241868019104004",
        "cumulative": false
    },
    {
        "date": "2020-12-08T11:03:42.178Z",
        "value": "0.3097724914550781",
        "cumulative": false
    },
    {
        "date": "2020-12-08T11:03:45.125Z",
        "value": "0.32570409774780273",
        "cumulative": false
    },
    {
        "date": "2020-12-08T11:03:48.053Z",
        "value": "0.3312993049621582",
        "cumulative": false
    },
    {
        "date": "2020-12-08T11:03:51.123Z",
        "value": "0.33614158630371094",
        "cumulative": false
    },
    {
        "date": "2020-12-08T11:03:54.128Z",
        "value": "0.3069007396697998",
        "cumulative": false
    },
    {
        "date": "2020-12-08T11:03:57.070Z",
        "value": "0.3233659267425537",
        "cumulative": false
    },
    {
        "date": "2020-12-08T11:04:00.035Z",
        "value": "0.34617018699645996",
        "cumulative": false
    },
    {
        "date": "2020-12-08T11:04:03.030Z",
        "value": "0.3280212879180908",
        "cumulative": false
    },
    {
        "date": "2020-12-08T11:04:05.994Z",
        "value": "0.33806467056274414",
        "cumulative": false
    },
    {
        "date": "2020-12-08T11:04:08.952Z",
        "value": "0.30474305152893066",
        "cumulative": false
    },
    {
        "date": "2020-12-08T11:04:11.924Z",
        "value": "0.3446807861328125",
        "cumulative": false
    }
]