[
    {
        "date": "2020-12-08T11:03:24.802Z",
        "value": "10.15625",
        "cumulative": false
    },
    {
        "date": "2020-12-08T11:03:26.143Z",
        "value": "25.78125",
        "cumulative": false
    },
    {
        "date": "2020-12-08T11:03:27.833Z",
        "value": "30.46875",
        "cumulative": false
    },
    {
        "date": "2020-12-08T11:03:29.085Z",
        "value": "33.59375",
        "cumulative": false
    },
    {
        "date": "2020-12-08T11:03:30.798Z",
        "value": "46.875",
        "cumulative": false
    },
    {
        "date": "2020-12-08T11:03:32.054Z",
        "value": "48.4375",
        "cumulative": false
    },
    {
        "date": "2020-12-08T11:03:33.759Z",
        "value": "52.34375",
        "cumulative": false
    },
    {
        "date": "2020-12-08T11:03:35.054Z",
        "value": "61.71875",
        "cumulative": false
    },
    {
        "date": "2020-12-08T11:03:36.768Z",
        "value": "59.375",
        "cumulative": false
    },
    {
        "date": "2020-12-08T11:03:38.068Z",
        "value": "61.71875",
        "cumulative": false
    },
    {
        "date": "2020-12-08T11:03:39.774Z",
        "value": "71.09375",
        "cumulative": false
    },
    {
        "date": "2020-12-08T11:03:41.032Z",
        "value": "63.28125",
        "cumulative": false
    },
    {
        "date": "2020-12-08T11:03:42.724Z",
        "value": "72.65625",
        "cumulative": false
    },
    {
        "date": "2020-12-08T11:03:43.965Z",
        "value": "72.65625",
        "cumulative": false
    },
    {
        "date": "2020-12-08T11:03:45.674Z",
        "value": "76.5625",
        "cumulative": false
    },
    {
        "date": "2020-12-08T11:03:46.915Z",
        "value": "75.78125",
        "cumulative": false
    },
    {
        "date": "2020-12-08T11:03:48.643Z",
        "value": "75.0",
        "cumulative": false
    },
    {
        "date": "2020-12-08T11:03:49.917Z",
        "value": "72.65625",
        "cumulative": false
    },
    {
        "date": "2020-12-08T11:03:51.667Z",
        "value": "78.90625",
        "cumulative": false
    },
    {
        "date": "2020-12-08T11:03:52.947Z",
        "value": "80.46875",
        "cumulative": false
    },
    {
        "date": "2020-12-08T11:03:54.674Z",
        "value": "75.0",
        "cumulative": false
    },
    {
        "date": "2020-12-08T11:03:55.916Z",
        "value": "83.59375",
        "cumulative": false
    },
    {
        "date": "2020-12-08T11:03:57.615Z",
        "value": "85.9375",
        "cumulative": false
    },
    {
        "date": "2020-12-08T11:03:58.883Z",
        "value": "82.8125",
        "cumulative": false
    },
    {
        "date": "2020-12-08T11:04:00.583Z",
        "value": "77.34375",
        "cumulative": false
    },
    {
        "date": "2020-12-08T11:04:01.851Z",
        "value": "84.375",
        "cumulative": false
    },
    {
        "date": "2020-12-08T11:04:03.583Z",
        "value": "80.46875",
        "cumulative": false
    },
    {
        "date": "2020-12-08T11:04:04.830Z",
        "value": "90.625",
        "cumulative": false
    },
    {
        "date": "2020-12-08T11:04:06.534Z",
        "value": "77.34375",
        "cumulative": false
    },
    {
        "date": "2020-12-08T11:04:07.788Z",
        "value": "86.71875",
        "cumulative": false
    },
    {
        "date": "2020-12-08T11:04:09.510Z",
        "value": "89.0625",
        "cumulative": false
    },
    {
        "date": "2020-12-08T11:04:10.782Z",
        "value": "89.0625",
        "cumulative": false
    }
]