[
    {
        "date": "2020-12-08T11:03:24.799Z",
        "value": "2.527712106704712",
        "cumulative": false
    },
    {
        "date": "2020-12-08T11:03:26.143Z",
        "value": "2.005995750427246",
        "cumulative": false
    },
    {
        "date": "2020-12-08T11:03:27.832Z",
        "value": "1.7918483018875122",
        "cumulative": false
    },
    {
        "date": "2020-12-08T11:03:29.083Z",
        "value": "1.6612224578857422",
        "cumulative": false
    },
    {
        "date": "2020-12-08T11:03:30.806Z",
        "value": "1.460065484046936",
        "cumulative": false
    },
    {
        "date": "2020-12-08T11:03:32.054Z",
        "value": "1.4143339395523071",
        "cumulative": false
    },
    {
        "date": "2020-12-08T11:03:33.766Z",
        "value": "1.2098007202148438",
        "cumulative": false
    },
    {
        "date": "2020-12-08T11:03:35.050Z",
        "value": "1.0675055980682373",
        "cumulative": false
    },
    {
        "date": "2020-12-08T11:03:36.775Z",
        "value": "1.1221758127212524",
        "cumulative": false
    },
    {
        "date": "2020-12-08T11:03:38.070Z",
        "value": "1.117675542831421",
        "cumulative": false
    },
    {
        "date": "2020-12-08T11:03:39.779Z",
        "value": "1.042700171470642",
        "cumulative": false
    },
    {
        "date": "2020-12-08T11:03:41.034Z",
        "value": "0.7537802457809448",
        "cumulative": false
    },
    {
        "date": "2020-12-08T11:03:42.727Z",
        "value": "0.6969690322875977",
        "cumulative": false
    },
    {
        "date": "2020-12-08T11:03:43.967Z",
        "value": "0.8139415383338928",
        "cumulative": false
    },
    {
        "date": "2020-12-08T11:03:45.675Z",
        "value": "0.883328378200531",
        "cumulative": false
    },
    {
        "date": "2020-12-08T11:03:46.912Z",
        "value": "0.8023083209991455",
        "cumulative": false
    },
    {
        "date": "2020-12-08T11:03:48.652Z",
        "value": "0.5923690795898438",
        "cumulative": false
    },
    {
        "date": "2020-12-08T11:03:49.914Z",
        "value": "0.5905737280845642",
        "cumulative": false
    },
    {
        "date": "2020-12-08T11:03:51.667Z",
        "value": "0.6601096987724304",
        "cumulative": false
    },
    {
        "date": "2020-12-08T11:03:52.944Z",
        "value": "0.6048625111579895",
        "cumulative": false
    },
    {
        "date": "2020-12-08T11:03:54.679Z",
        "value": "0.628400981426239",
        "cumulative": false
    },
    {
        "date": "2020-12-08T11:03:55.917Z",
        "value": "0.4528154134750366",
        "cumulative": false
    },
    {
        "date": "2020-12-08T11:03:57.619Z",
        "value": "0.5401055812835693",
        "cumulative": false
    },
    {
        "date": "2020-12-08T11:03:58.880Z",
        "value": "0.3768574297428131",
        "cumulative": false
    },
    {
        "date": "2020-12-08T11:04:00.589Z",
        "value": "0.5760638117790222",
        "cumulative": false
    },
    {
        "date": "2020-12-08T11:04:01.852Z",
        "value": "0.4652247130870819",
        "cumulative": false
    },
    {
        "date": "2020-12-08T11:04:03.588Z",
        "value": "0.4835013449192047",
        "cumulative": false
    },
    {
        "date": "2020-12-08T11:04:04.831Z",
        "value": "0.5315646529197693",
        "cumulative": false
    },
    {
        "date": "2020-12-08T11:04:06.530Z",
        "value": "0.486974835395813",
        "cumulative": false
    },
    {
        "date": "2020-12-08T11:04:07.789Z",
        "value": "0.5041542053222656",
        "cumulative": false
    },
    {
        "date": "2020-12-08T11:04:09.511Z",
        "value": "0.3503692150115967",
        "cumulative": false
    },
    {
        "date": "2020-12-08T11:04:10.779Z",
        "value": "0.4737968146800995",
        "cumulative": false
    }
]