[
    {
        "date": "2020-12-08T11:03:24.802Z",
        "value": "46.875",
        "cumulative": false
    },
    {
        "date": "2020-12-08T11:03:26.147Z",
        "value": "80.46875",
        "cumulative": false
    },
    {
        "date": "2020-12-08T11:03:27.832Z",
        "value": "87.5",
        "cumulative": false
    },
    {
        "date": "2020-12-08T11:03:29.083Z",
        "value": "89.84375",
        "cumulative": false
    },
    {
        "date": "2020-12-08T11:03:30.806Z",
        "value": "94.53125",
        "cumulative": false
    },
    {
        "date": "2020-12-08T11:03:32.054Z",
        "value": "90.625",
        "cumulative": false
    },
    {
        "date": "2020-12-08T11:03:33.766Z",
        "value": "95.3125",
        "cumulative": false
    },
    {
        "date": "2020-12-08T11:03:35.050Z",
        "value": "96.875",
        "cumulative": false
    },
    {
        "date": "2020-12-08T11:03:36.775Z",
        "value": "96.09375",
        "cumulative": false
    },
    {
        "date": "2020-12-08T11:03:38.070Z",
        "value": "93.75",
        "cumulative": false
    },
    {
        "date": "2020-12-08T11:03:39.779Z",
        "value": "97.65625",
        "cumulative": false
    },
    {
        "date": "2020-12-08T11:03:41.034Z",
        "value": "97.65625",
        "cumulative": false
    },
    {
        "date": "2020-12-08T11:03:42.727Z",
        "value": "99.21875",
        "cumulative": false
    },
    {
        "date": "2020-12-08T11:03:43.967Z",
        "value": "97.65625",
        "cumulative": false
    },
    {
        "date": "2020-12-08T11:03:45.675Z",
        "value": "98.4375",
        "cumulative": false
    },
    {
        "date": "2020-12-08T11:03:46.912Z",
        "value": "97.65625",
        "cumulative": false
    },
    {
        "date": "2020-12-08T11:03:48.652Z",
        "value": "99.21875",
        "cumulative": false
    },
    {
        "date": "2020-12-08T11:03:49.914Z",
        "value": "98.4375",
        "cumulative": false
    },
    {
        "date": "2020-12-08T11:03:51.668Z",
        "value": "98.4375",
        "cumulative": false
    },
    {
        "date": "2020-12-08T11:03:52.944Z",
        "value": "100.0",
        "cumulative": false
    },
    {
        "date": "2020-12-08T11:03:54.680Z",
        "value": "98.4375",
        "cumulative": false
    },
    {
        "date": "2020-12-08T11:03:55.917Z",
        "value": "99.21875",
        "cumulative": false
    },
    {
        "date": "2020-12-08T11:03:57.619Z",
        "value": "100.0",
        "cumulative": false
    },
    {
        "date": "2020-12-08T11:03:58.880Z",
        "value": "100.0",
        "cumulative": false
    },
    {
        "date": "2020-12-08T11:04:00.589Z",
        "value": "98.4375",
        "cumulative": false
    },
    {
        "date": "2020-12-08T11:04:01.852Z",
        "value": "99.21875",
        "cumulative": false
    },
    {
        "date": "2020-12-08T11:04:03.589Z",
        "value": "100.0",
        "cumulative": false
    },
    {
        "date": "2020-12-08T11:04:04.832Z",
        "value": "96.875",
        "cumulative": false
    },
    {
        "date": "2020-12-08T11:04:06.530Z",
        "value": "99.21875",
        "cumulative": false
    },
    {
        "date": "2020-12-08T11:04:07.789Z",
        "value": "100.0",
        "cumulative": false
    },
    {
        "date": "2020-12-08T11:04:09.511Z",
        "value": "100.0",
        "cumulative": false
    },
    {
        "date": "2020-12-08T11:04:10.779Z",
        "value": "99.21875",
        "cumulative": false
    }
]