[
    {
        "date": "2020-12-08T11:03:27.287Z",
        "value": "0.01616358757019043",
        "cumulative": false
    },
    {
        "date": "2020-12-08T11:03:30.268Z",
        "value": "0.01982712745666504",
        "cumulative": false
    },
    {
        "date": "2020-12-08T11:03:33.205Z",
        "value": "0.019841432571411133",
        "cumulative": false
    },
    {
        "date": "2020-12-08T11:03:36.224Z",
        "value": "0.017395734786987305",
        "cumulative": false
    },
    {
        "date": "2020-12-08T11:03:39.226Z",
        "value": "0.01837944984436035",
        "cumulative": false
    },
    {
        "date": "2020-12-08T11:03:42.191Z",
        "value": "0.01853799819946289",
        "cumulative": false
    },
    {
        "date": "2020-12-08T11:03:45.130Z",
        "value": "0.022225618362426758",
        "cumulative": false
    },
    {
        "date": "2020-12-08T11:03:48.056Z",
        "value": "0.018360137939453125",
        "cumulative": false
    },
    {
        "date": "2020-12-08T11:03:51.116Z",
        "value": "0.017752408981323242",
        "cumulative": false
    },
    {
        "date": "2020-12-08T11:03:54.129Z",
        "value": "0.02271246910095215",
        "cumulative": false
    },
    {
        "date": "2020-12-08T11:03:57.077Z",
        "value": "0.02070164680480957",
        "cumulative": false
    },
    {
        "date": "2020-12-08T11:04:00.046Z",
        "value": "0.02416825294494629",
        "cumulative": false
    },
    {
        "date": "2020-12-08T11:04:03.033Z",
        "value": "0.019530773162841797",
        "cumulative": false
    },
    {
        "date": "2020-12-08T11:04:05.996Z",
        "value": "0.01637411117553711",
        "cumulative": false
    },
    {
        "date": "2020-12-08T11:04:08.957Z",
        "value": "0.01904749870300293",
        "cumulative": false
    },
    {
        "date": "2020-12-08T11:04:11.933Z",
        "value": "0.024657011032104492",
        "cumulative": false
    }
]