[
    {
        "date": "2020-12-08T11:03:24.802Z",
        "value": "50.78125",
        "cumulative": false
    },
    {
        "date": "2020-12-08T11:03:26.140Z",
        "value": "77.34375",
        "cumulative": false
    },
    {
        "date": "2020-12-08T11:03:27.833Z",
        "value": "85.15625",
        "cumulative": false
    },
    {
        "date": "2020-12-08T11:03:29.082Z",
        "value": "88.28125",
        "cumulative": false
    },
    {
        "date": "2020-12-08T11:03:30.799Z",
        "value": "92.96875",
        "cumulative": false
    },
    {
        "date": "2020-12-08T11:03:32.055Z",
        "value": "91.40625",
        "cumulative": false
    },
    {
        "date": "2020-12-08T11:03:33.765Z",
        "value": "97.65625",
        "cumulative": false
    },
    {
        "date": "2020-12-08T11:03:35.055Z",
        "value": "94.53125",
        "cumulative": false
    },
    {
        "date": "2020-12-08T11:03:36.772Z",
        "value": "95.3125",
        "cumulative": false
    },
    {
        "date": "2020-12-08T11:03:38.063Z",
        "value": "98.4375",
        "cumulative": false
    },
    {
        "date": "2020-12-08T11:03:39.780Z",
        "value": "98.4375",
        "cumulative": false
    },
    {
        "date": "2020-12-08T11:03:41.029Z",
        "value": "96.875",
        "cumulative": false
    },
    {
        "date": "2020-12-08T11:03:42.726Z",
        "value": "99.21875",
        "cumulative": false
    },
    {
        "date": "2020-12-08T11:03:43.964Z",
        "value": "98.4375",
        "cumulative": false
    },
    {
        "date": "2020-12-08T11:03:45.676Z",
        "value": "97.65625",
        "cumulative": false
    },
    {
        "date": "2020-12-08T11:03:46.912Z",
        "value": "96.875",
        "cumulative": false
    },
    {
        "date": "2020-12-08T11:03:48.648Z",
        "value": "99.21875",
        "cumulative": false
    },
    {
        "date": "2020-12-08T11:03:49.919Z",
        "value": "97.65625",
        "cumulative": false
    },
    {
        "date": "2020-12-08T11:03:51.666Z",
        "value": "100.0",
        "cumulative": false
    },
    {
        "date": "2020-12-08T11:03:52.949Z",
        "value": "97.65625",
        "cumulative": false
    },
    {
        "date": "2020-12-08T11:03:54.680Z",
        "value": "100.0",
        "cumulative": false
    },
    {
        "date": "2020-12-08T11:03:55.917Z",
        "value": "98.4375",
        "cumulative": false
    },
    {
        "date": "2020-12-08T11:03:57.613Z",
        "value": "99.21875",
        "cumulative": false
    },
    {
        "date": "2020-12-08T11:03:58.880Z",
        "value": "98.4375",
        "cumulative": false
    },
    {
        "date": "2020-12-08T11:04:00.593Z",
        "value": "99.21875",
        "cumulative": false
    },
    {
        "date": "2020-12-08T11:04:01.850Z",
        "value": "97.65625",
        "cumulative": false
    },
    {
        "date": "2020-12-08T11:04:03.588Z",
        "value": "99.21875",
        "cumulative": false
    },
    {
        "date": "2020-12-08T11:04:04.832Z",
        "value": "99.21875",
        "cumulative": false
    },
    {
        "date": "2020-12-08T11:04:06.534Z",
        "value": "100.0",
        "cumulative": false
    },
    {
        "date": "2020-12-08T11:04:07.789Z",
        "value": "99.21875",
        "cumulative": false
    },
    {
        "date": "2020-12-08T11:04:09.517Z",
        "value": "99.21875",
        "cumulative": false
    },
    {
        "date": "2020-12-08T11:04:10.783Z",
        "value": "100.0",
        "cumulative": false
    }
]