[
    {
        "date": "2020-12-08T11:01:12Z",
        "value": "0.010131395",
        "cumulative": false
    },
    {
        "date": "2020-12-08T11:01:32Z",
        "value": "0.0",
        "cumulative": false
    },
    {
        "date": "2020-12-08T11:01:51Z",
        "value": "0.0",
        "cumulative": false
    },
    {
        "date": "2020-12-08T11:02:49Z",
        "value": "0.0",
        "cumulative": false
    },
    {
        "date": "2020-12-08T11:03:25Z",
        "value": "0.569438119",
        "cumulative": false
    },
    {
        "date": "2020-12-08T11:03:40Z",
        "value": "2.225200655",
        "cumulative": false
    },
    {
        "date": "2020-12-08T11:04:02Z",
        "value": "2.23781282",
        "cumulative": false
    }
]