[
    {
        "date": "2020-12-08T11:01:12Z",
        "value": "0.005077751",
        "cumulative": false
    },
    {
        "date": "2020-12-08T11:01:23Z",
        "value": "0.0",
        "cumulative": false
    },
    {
        "date": "2020-12-08T11:01:56Z",
        "value": "0.0",
        "cumulative": false
    },
    {
        "date": "2020-12-08T11:02:08Z",
        "value": "0.0",
        "cumulative": false
    },
    {
        "date": "2020-12-08T11:02:34Z",
        "value": "0.0",
        "cumulative": false
    },
    {
        "date": "2020-12-08T11:02:49Z",
        "value": "0.0",
        "cumulative": false
    },
    {
        "date": "2020-12-08T11:03:31Z",
        "value": "1.469576887",
        "cumulative": false
    },
    {
        "date": "2020-12-08T11:03:48Z",
        "value": "2.257720112",
        "cumulative": false
    },
    {
        "date": "2020-12-08T11:04:05Z",
        "value": "2.277310433",
        "cumulative": false
    }
]