[
    {
        "date": "2020-09-10T15:34:07Z",
        "value": "0.996344336",
        "cumulative": false
    },
    {
        "date": "2020-09-10T15:34:22Z",
        "value": "1.011578911",
        "cumulative": false
    },
    {
        "date": "2020-09-10T15:34:37Z",
        "value": "1.001590282",
        "cumulative": false
    },
    {
        "date": "2020-09-10T15:34:50Z",
        "value": "1.000536467",
        "cumulative": false
    },
    {
        "date": "2020-09-10T15:35:01Z",
        "value": "1.001122097",
        "cumulative": false
    },
    {
        "date": "2020-09-10T15:35:20Z",
        "value": "0.999825946",
        "cumulative": false
    },
    {
        "date": "2020-09-10T15:35:31Z",
        "value": "0.999568611",
        "cumulative": false
    },
    {
        "date": "2020-09-10T15:35:47Z",
        "value": "1.000351711",
        "cumulative": false
    },
    {
        "date": "2020-09-10T15:36:01Z",
        "value": "1.00048618",
        "cumulative": false
    },
    {
        "date": "2020-09-10T15:36:18Z",
        "value": "0.999719956",
        "cumulative": false
    },
    {
        "date": "2020-09-10T15:36:38Z",
        "value": "1.000322417",
        "cumulative": false
    },
    {
        "date": "2020-09-10T15:36:54Z",
        "value": "0.999695092",
        "cumulative": false
    },
    {
        "date": "2020-09-10T15:37:07Z",
        "value": "0.99969174",
        "cumulative": false
    },
    {
        "date": "2020-09-10T15:37:20Z",
        "value": "0.999821149",
        "cumulative": false
    },
    {
        "date": "2020-09-10T15:37:35Z",
        "value": "0.999307002",
        "cumulative": false
    },
    {
        "date": "2020-09-10T15:37:50Z",
        "value": "0.999871727",
        "cumulative": false
    },
    {
        "date": "2020-09-10T15:38:02Z",
        "value": "0.999016082",
        "cumulative": false
    },
    {
        "date": "2020-09-10T15:38:13Z",
        "value": "0.999782658",
        "cumulative": false
    },
    {
        "date": "2020-09-10T15:38:31Z",
        "value": "0.999779278",
        "cumulative": false
    },
    {
        "date": "2020-09-10T15:38:42Z",
        "value": "1.000788843",
        "cumulative": false
    },
    {
        "date": "2020-09-10T15:38:57Z",
        "value": "0.999677914",
        "cumulative": false
    },
    {
        "date": "2020-09-10T15:39:15Z",
        "value": "0.999543757",
        "cumulative": false
    },
    {
        "date": "2020-09-10T15:39:32Z",
        "value": "0.99969906",
        "cumulative": false
    },
    {
        "date": "2020-09-10T15:39:51Z",
        "value": "1.000444207",
        "cumulative": false
    },
    {
        "date": "2020-09-10T15:40:11Z",
        "value": "0.999448865",
        "cumulative": false
    },
    {
        "date": "2020-09-10T15:40:29Z",
        "value": "0.999769077",
        "cumulative": false
    },
    {
        "date": "2020-09-10T15:40:48Z",
        "value": "0.999866088",
        "cumulative": false
    },
    {
        "date": "2020-09-10T15:41:07Z",
        "value": "0.999596149",
        "cumulative": false
    },
    {
        "date": "2020-09-10T15:41:26Z",
        "value": "1.000346482",
        "cumulative": false
    },
    {
        "date": "2020-09-10T15:41:41Z",
        "value": "0.999732006",
        "cumulative": false
    },
    {
        "date": "2020-09-10T15:41:51Z",
        "value": "0.999832454",
        "cumulative": false
    },
    {
        "date": "2020-09-10T15:42:04Z",
        "value": "0.999896144",
        "cumulative": false
    },
    {
        "date": "2020-09-10T15:42:20Z",
        "value": "0.999806701",
        "cumulative": false
    },
    {
        "date": "2020-09-10T15:42:32Z",
        "value": "0.999901386",
        "cumulative": false
    },
    {
        "date": "2020-09-10T15:42:50Z",
        "value": "0.999897577",
        "cumulative": false
    },
    {
        "date": "2020-09-10T15:43:06Z",
        "value": "0.99979465",
        "cumulative": false
    },
    {
        "date": "2020-09-10T15:43:17Z",
        "value": "0.999582834",
        "cumulative": false
    },
    {
        "date": "2020-09-10T15:43:33Z",
        "value": "1.000257396",
        "cumulative": false
    },
    {
        "date": "2020-09-10T15:43:47Z",
        "value": "0.999860707",
        "cumulative": false
    },
    {
        "date": "2020-09-10T15:44:03Z",
        "value": "0.999873095",
        "cumulative": false
    },
    {
        "date": "2020-09-10T15:44:23Z",
        "value": "0.999636703",
        "cumulative": false
    },
    {
        "date": "2020-09-10T15:44:41Z",
        "value": "0.999703574",
        "cumulative": false
    },
    {
        "date": "2020-09-10T15:44:55Z",
        "value": "0.999810148",
        "cumulative": false
    },
    {
        "date": "2020-09-10T15:45:15Z",
        "value": "0.999775856",
        "cumulative": false
    },
    {
        "date": "2020-09-10T15:45:26Z",
        "value": "0.999911151",
        "cumulative": false
    },
    {
        "date": "2020-09-10T15:45:44Z",
        "value": "1.000151047",
        "cumulative": false
    },
    {
        "date": "2020-09-10T15:46:03Z",
        "value": "0.999739314",
        "cumulative": false
    },
    {
        "date": "2020-09-10T15:46:16Z",
        "value": "0.999939545",
        "cumulative": false
    },
    {
        "date": "2020-09-10T15:46:29Z",
        "value": "0.99978997",
        "cumulative": false
    },
    {
        "date": "2020-09-10T15:46:49Z",
        "value": "0.999951411",
        "cumulative": false
    },
    {
        "date": "2020-09-10T15:47:04Z",
        "value": "0.99988057",
        "cumulative": false
    },
    {
        "date": "2020-09-10T15:47:15Z",
        "value": "0.999789717",
        "cumulative": false
    },
    {
        "date": "2020-09-10T15:47:35Z",
        "value": "0.999627096",
        "cumulative": false
    },
    {
        "date": "2020-09-10T15:47:48Z",
        "value": "0.999787253",
        "cumulative": false
    },
    {
        "date": "2020-09-10T15:48:04Z",
        "value": "0.999929831",
        "cumulative": false
    },
    {
        "date": "2020-09-10T15:48:20Z",
        "value": "0.999811079",
        "cumulative": false
    },
    {
        "date": "2020-09-10T15:48:37Z",
        "value": "0.999714697",
        "cumulative": false
    },
    {
        "date": "2020-09-10T15:48:51Z",
        "value": "0.728051763",
        "cumulative": false
    }
]