[
    {
        "date": "2020-09-10T15:34:11Z",
        "value": "0.882618517",
        "cumulative": false
    },
    {
        "date": "2020-09-10T15:34:26Z",
        "value": "1.00233981",
        "cumulative": false
    },
    {
        "date": "2020-09-10T15:34:41Z",
        "value": "1.000796458",
        "cumulative": false
    },
    {
        "date": "2020-09-10T15:34:51Z",
        "value": "1.000706285",
        "cumulative": false
    },
    {
        "date": "2020-09-10T15:35:05Z",
        "value": "1.000532523",
        "cumulative": false
    },
    {
        "date": "2020-09-10T15:35:23Z",
        "value": "1.000142402",
        "cumulative": false
    },
    {
        "date": "2020-09-10T15:35:34Z",
        "value": "1.001015538",
        "cumulative": false
    },
    {
        "date": "2020-09-10T15:35:50Z",
        "value": "0.99927386",
        "cumulative": false
    },
    {
        "date": "2020-09-10T15:36:01Z",
        "value": "1.000582321",
        "cumulative": false
    },
    {
        "date": "2020-09-10T15:36:16Z",
        "value": "0.999493654",
        "cumulative": false
    },
    {
        "date": "2020-09-10T15:36:27Z",
        "value": "1.000313587",
        "cumulative": false
    },
    {
        "date": "2020-09-10T15:36:43Z",
        "value": "0.999637806",
        "cumulative": false
    },
    {
        "date": "2020-09-10T15:36:58Z",
        "value": "0.999627878",
        "cumulative": false
    },
    {
        "date": "2020-09-10T15:37:10Z",
        "value": "1.000490525",
        "cumulative": false
    },
    {
        "date": "2020-09-10T15:37:22Z",
        "value": "0.999778151",
        "cumulative": false
    },
    {
        "date": "2020-09-10T15:37:36Z",
        "value": "0.999480299",
        "cumulative": false
    },
    {
        "date": "2020-09-10T15:37:53Z",
        "value": "1.000466491",
        "cumulative": false
    },
    {
        "date": "2020-09-10T15:38:12Z",
        "value": "0.999624126",
        "cumulative": false
    },
    {
        "date": "2020-09-10T15:38:23Z",
        "value": "0.999535328",
        "cumulative": false
    },
    {
        "date": "2020-09-10T15:38:37Z",
        "value": "1.000492324",
        "cumulative": false
    },
    {
        "date": "2020-09-10T15:38:54Z",
        "value": "0.99976135",
        "cumulative": false
    },
    {
        "date": "2020-09-10T15:39:09Z",
        "value": "0.999827571",
        "cumulative": false
    },
    {
        "date": "2020-09-10T15:39:24Z",
        "value": "0.999696556",
        "cumulative": false
    },
    {
        "date": "2020-09-10T15:39:41Z",
        "value": "0.999742547",
        "cumulative": false
    },
    {
        "date": "2020-09-10T15:39:52Z",
        "value": "1.000018967",
        "cumulative": false
    },
    {
        "date": "2020-09-10T15:40:02Z",
        "value": "0.999810835",
        "cumulative": false
    },
    {
        "date": "2020-09-10T15:40:14Z",
        "value": "0.99968631",
        "cumulative": false
    },
    {
        "date": "2020-09-10T15:40:26Z",
        "value": "0.999393333",
        "cumulative": false
    },
    {
        "date": "2020-09-10T15:40:43Z",
        "value": "0.999814713",
        "cumulative": false
    },
    {
        "date": "2020-09-10T15:41:00Z",
        "value": "0.999711731",
        "cumulative": false
    },
    {
        "date": "2020-09-10T15:41:13Z",
        "value": "0.999503283",
        "cumulative": false
    },
    {
        "date": "2020-09-10T15:41:29Z",
        "value": "1.000335671",
        "cumulative": false
    },
    {
        "date": "2020-09-10T15:41:44Z",
        "value": "0.999849108",
        "cumulative": false
    },
    {
        "date": "2020-09-10T15:42:03Z",
        "value": "0.999770583",
        "cumulative": false
    },
    {
        "date": "2020-09-10T15:42:21Z",
        "value": "0.999694956",
        "cumulative": false
    },
    {
        "date": "2020-09-10T15:42:33Z",
        "value": "0.999663713",
        "cumulative": false
    },
    {
        "date": "2020-09-10T15:42:48Z",
        "value": "0.999678963",
        "cumulative": false
    },
    {
        "date": "2020-09-10T15:43:08Z",
        "value": "0.999804241",
        "cumulative": false
    },
    {
        "date": "2020-09-10T15:43:26Z",
        "value": "1.000630514",
        "cumulative": false
    },
    {
        "date": "2020-09-10T15:43:44Z",
        "value": "0.999883889",
        "cumulative": false
    },
    {
        "date": "2020-09-10T15:44:02Z",
        "value": "0.999839138",
        "cumulative": false
    },
    {
        "date": "2020-09-10T15:44:21Z",
        "value": "0.99978388",
        "cumulative": false
    },
    {
        "date": "2020-09-10T15:44:33Z",
        "value": "0.999691676",
        "cumulative": false
    },
    {
        "date": "2020-09-10T15:44:45Z",
        "value": "0.999784219",
        "cumulative": false
    },
    {
        "date": "2020-09-10T15:44:58Z",
        "value": "0.999793138",
        "cumulative": false
    },
    {
        "date": "2020-09-10T15:45:10Z",
        "value": "0.999660072",
        "cumulative": false
    },
    {
        "date": "2020-09-10T15:45:26Z",
        "value": "0.999885437",
        "cumulative": false
    },
    {
        "date": "2020-09-10T15:45:42Z",
        "value": "1.000600019",
        "cumulative": false
    },
    {
        "date": "2020-09-10T15:45:59Z",
        "value": "0.999572414",
        "cumulative": false
    },
    {
        "date": "2020-09-10T15:46:10Z",
        "value": "0.999290637",
        "cumulative": false
    },
    {
        "date": "2020-09-10T15:46:25Z",
        "value": "0.999726509",
        "cumulative": false
    },
    {
        "date": "2020-09-10T15:46:36Z",
        "value": "0.999855817",
        "cumulative": false
    },
    {
        "date": "2020-09-10T15:46:51Z",
        "value": "0.999760673",
        "cumulative": false
    },
    {
        "date": "2020-09-10T15:47:10Z",
        "value": "0.999824649",
        "cumulative": false
    },
    {
        "date": "2020-09-10T15:47:25Z",
        "value": "0.999681616",
        "cumulative": false
    },
    {
        "date": "2020-09-10T15:47:37Z",
        "value": "0.999752629",
        "cumulative": false
    },
    {
        "date": "2020-09-10T15:47:56Z",
        "value": "0.999660243",
        "cumulative": false
    },
    {
        "date": "2020-09-10T15:48:14Z",
        "value": "0.999641206",
        "cumulative": false
    },
    {
        "date": "2020-09-10T15:48:30Z",
        "value": "0.999686902",
        "cumulative": false
    },
    {
        "date": "2020-09-10T15:48:43Z",
        "value": "0.999804883",
        "cumulative": false
    }
]