[
    {
        "date": "2020-09-10T15:34:06Z",
        "value": "878.8704013824463",
        "cumulative": true
    },
    {
        "date": "2020-09-10T15:34:17Z",
        "value": "4559.008786201477",
        "cumulative": true
    },
    {
        "date": "2020-09-10T15:34:31Z",
        "value": "8872.0823802948",
        "cumulative": true
    },
    {
        "date": "2020-09-10T15:34:42Z",
        "value": "12374.664715766907",
        "cumulative": true
    },
    {
        "date": "2020-09-10T15:34:56Z",
        "value": "16459.302445411682",
        "cumulative": true
    },
    {
        "date": "2020-09-10T15:35:12Z",
        "value": "21388.578530311584",
        "cumulative": true
    },
    {
        "date": "2020-09-10T15:35:27Z",
        "value": "25579.717936515808",
        "cumulative": true
    },
    {
        "date": "2020-09-10T15:35:41Z",
        "value": "29316.36300468445",
        "cumulative": true
    },
    {
        "date": "2020-09-10T15:35:58Z",
        "value": "34300.593386650085",
        "cumulative": true
    },
    {
        "date": "2020-09-10T15:36:13Z",
        "value": "38832.86255931854",
        "cumulative": true
    },
    {
        "date": "2020-09-10T15:36:32Z",
        "value": "45084.063819885254",
        "cumulative": true
    },
    {
        "date": "2020-09-10T15:36:42Z",
        "value": "48679.15572166443",
        "cumulative": true
    },
    {
        "date": "2020-09-10T15:36:53Z",
        "value": "52226.251863479614",
        "cumulative": true
    },
    {
        "date": "2020-09-10T15:37:06Z",
        "value": "56890.42796897888",
        "cumulative": true
    },
    {
        "date": "2020-09-10T15:37:19Z",
        "value": "61157.1080493927",
        "cumulative": true
    },
    {
        "date": "2020-09-10T15:37:31Z",
        "value": "65407.067991256714",
        "cumulative": true
    },
    {
        "date": "2020-09-10T15:37:41Z",
        "value": "68941.00553512573",
        "cumulative": true
    },
    {
        "date": "2020-09-10T15:37:54Z",
        "value": "73258.1499042511",
        "cumulative": true
    },
    {
        "date": "2020-09-10T15:38:13Z",
        "value": "79505.3941078186",
        "cumulative": true
    },
    {
        "date": "2020-09-10T15:38:25Z",
        "value": "83337.38073539734",
        "cumulative": true
    },
    {
        "date": "2020-09-10T15:38:36Z",
        "value": "87046.2741394043",
        "cumulative": true
    },
    {
        "date": "2020-09-10T15:38:53Z",
        "value": "92525.24601745605",
        "cumulative": true
    },
    {
        "date": "2020-09-10T15:39:03Z",
        "value": "95988.66614151001",
        "cumulative": true
    },
    {
        "date": "2020-09-10T15:39:16Z",
        "value": "99553.44883346558",
        "cumulative": true
    },
    {
        "date": "2020-09-10T15:39:31Z",
        "value": "103882.86882019043",
        "cumulative": true
    },
    {
        "date": "2020-09-10T15:39:48Z",
        "value": "109391.75061130524",
        "cumulative": true
    },
    {
        "date": "2020-09-10T15:40:05Z",
        "value": "114813.70698070526",
        "cumulative": true
    },
    {
        "date": "2020-09-10T15:40:20Z",
        "value": "119104.84158611298",
        "cumulative": true
    },
    {
        "date": "2020-09-10T15:40:38Z",
        "value": "124600.47169208527",
        "cumulative": true
    },
    {
        "date": "2020-09-10T15:40:53Z",
        "value": "129295.0354757309",
        "cumulative": true
    },
    {
        "date": "2020-09-10T15:41:12Z",
        "value": "134806.76495075226",
        "cumulative": true
    },
    {
        "date": "2020-09-10T15:41:26Z",
        "value": "138816.547624588",
        "cumulative": true
    },
    {
        "date": "2020-09-10T15:41:37Z",
        "value": "142417.9378299713",
        "cumulative": true
    },
    {
        "date": "2020-09-10T15:41:49Z",
        "value": "146020.7682914734",
        "cumulative": true
    },
    {
        "date": "2020-09-10T15:42:08Z",
        "value": "152038.96935081482",
        "cumulative": true
    },
    {
        "date": "2020-09-10T15:42:20Z",
        "value": "155666.07667922974",
        "cumulative": true
    },
    {
        "date": "2020-09-10T15:42:34Z",
        "value": "159804.3524055481",
        "cumulative": true
    },
    {
        "date": "2020-09-10T15:42:51Z",
        "value": "165158.45476722717",
        "cumulative": true
    },
    {
        "date": "2020-09-10T15:43:02Z",
        "value": "168747.1798362732",
        "cumulative": true
    },
    {
        "date": "2020-09-10T15:43:15Z",
        "value": "172722.53597068787",
        "cumulative": true
    },
    {
        "date": "2020-09-10T15:43:29Z",
        "value": "177084.2795572281",
        "cumulative": true
    },
    {
        "date": "2020-09-10T15:43:46Z",
        "value": "182700.2144498825",
        "cumulative": true
    },
    {
        "date": "2020-09-10T15:44:02Z",
        "value": "187555.68590068817",
        "cumulative": true
    },
    {
        "date": "2020-09-10T15:44:18Z",
        "value": "192585.5566072464",
        "cumulative": true
    },
    {
        "date": "2020-09-10T15:44:38Z",
        "value": "198910.3082036972",
        "cumulative": true
    },
    {
        "date": "2020-09-10T15:44:48Z",
        "value": "202165.80748081207",
        "cumulative": true
    },
    {
        "date": "2020-09-10T15:45:07Z",
        "value": "208094.21431064606",
        "cumulative": true
    },
    {
        "date": "2020-09-10T15:45:22Z",
        "value": "212409.98660945892",
        "cumulative": true
    },
    {
        "date": "2020-09-10T15:45:35Z",
        "value": "216541.73866558075",
        "cumulative": true
    },
    {
        "date": "2020-09-10T15:45:46Z",
        "value": "220221.07996749878",
        "cumulative": true
    },
    {
        "date": "2020-09-10T15:46:00Z",
        "value": "224565.17761421204",
        "cumulative": true
    },
    {
        "date": "2020-09-10T15:46:16Z",
        "value": "229258.26162719727",
        "cumulative": true
    },
    {
        "date": "2020-09-10T15:46:28Z",
        "value": "232855.30862045288",
        "cumulative": true
    },
    {
        "date": "2020-09-10T15:46:46Z",
        "value": "238260.28420639038",
        "cumulative": true
    },
    {
        "date": "2020-09-10T15:47:02Z",
        "value": "243286.279920578",
        "cumulative": true
    },
    {
        "date": "2020-09-10T15:47:21Z",
        "value": "249509.95449447632",
        "cumulative": true
    },
    {
        "date": "2020-09-10T15:47:36Z",
        "value": "254107.16560554504",
        "cumulative": true
    },
    {
        "date": "2020-09-10T15:47:53Z",
        "value": "259461.61236763",
        "cumulative": true
    },
    {
        "date": "2020-09-10T15:48:09Z",
        "value": "264517.59496307373",
        "cumulative": true
    },
    {
        "date": "2020-09-10T15:48:25Z",
        "value": "269616.084482193",
        "cumulative": true
    },
    {
        "date": "2020-09-10T15:48:36Z",
        "value": "273060.27792930603",
        "cumulative": true
    },
    {
        "date": "2020-09-10T15:48:56Z",
        "value": "276506.3955078125",
        "cumulative": true
    }
]