[
    {
        "date": "2020-09-10T15:33:55Z",
        "value": "1.60546875",
        "cumulative": false
    },
    {
        "date": "2020-09-10T15:34:11Z",
        "value": "142.0546875",
        "cumulative": false
    },
    {
        "date": "2020-09-10T15:34:26Z",
        "value": "155.38671875",
        "cumulative": false
    },
    {
        "date": "2020-09-10T15:34:41Z",
        "value": "187.578125",
        "cumulative": false
    },
    {
        "date": "2020-09-10T15:34:51Z",
        "value": "202.10546875",
        "cumulative": false
    },
    {
        "date": "2020-09-10T15:35:05Z",
        "value": "191.05078125",
        "cumulative": false
    },
    {
        "date": "2020-09-10T15:35:23Z",
        "value": "169.61328125",
        "cumulative": false
    },
    {
        "date": "2020-09-10T15:35:34Z",
        "value": "201.375",
        "cumulative": false
    },
    {
        "date": "2020-09-10T15:35:50Z",
        "value": "179.23828125",
        "cumulative": false
    },
    {
        "date": "2020-09-10T15:36:01Z",
        "value": "191.57421875",
        "cumulative": false
    },
    {
        "date": "2020-09-10T15:36:16Z",
        "value": "235.14453125",
        "cumulative": false
    },
    {
        "date": "2020-09-10T15:36:27Z",
        "value": "266.84375",
        "cumulative": false
    },
    {
        "date": "2020-09-10T15:36:43Z",
        "value": "216.8984375",
        "cumulative": false
    },
    {
        "date": "2020-09-10T15:36:58Z",
        "value": "207.09375",
        "cumulative": false
    },
    {
        "date": "2020-09-10T15:37:10Z",
        "value": "226.74609375",
        "cumulative": false
    },
    {
        "date": "2020-09-10T15:37:22Z",
        "value": "244.33984375",
        "cumulative": false
    },
    {
        "date": "2020-09-10T15:37:36Z",
        "value": "226.74609375",
        "cumulative": false
    },
    {
        "date": "2020-09-10T15:37:53Z",
        "value": "251.49609375",
        "cumulative": false
    },
    {
        "date": "2020-09-10T15:38:12Z",
        "value": "251.51171875",
        "cumulative": false
    },
    {
        "date": "2020-09-10T15:38:23Z",
        "value": "251.48828125",
        "cumulative": false
    },
    {
        "date": "2020-09-10T15:38:37Z",
        "value": "306.52734375",
        "cumulative": false
    },
    {
        "date": "2020-09-10T15:38:54Z",
        "value": "282.77734375",
        "cumulative": false
    },
    {
        "date": "2020-09-10T15:39:09Z",
        "value": "282.77734375",
        "cumulative": false
    },
    {
        "date": "2020-09-10T15:39:24Z",
        "value": "282.77734375",
        "cumulative": false
    },
    {
        "date": "2020-09-10T15:39:41Z",
        "value": "282.77734375",
        "cumulative": false
    },
    {
        "date": "2020-09-10T15:39:52Z",
        "value": "322.35546875",
        "cumulative": false
    },
    {
        "date": "2020-09-10T15:40:02Z",
        "value": "322.26953125",
        "cumulative": false
    },
    {
        "date": "2020-09-10T15:40:14Z",
        "value": "377.44921875",
        "cumulative": false
    },
    {
        "date": "2020-09-10T15:40:26Z",
        "value": "322.3359375",
        "cumulative": false
    },
    {
        "date": "2020-09-10T15:40:43Z",
        "value": "360.640625",
        "cumulative": false
    },
    {
        "date": "2020-09-10T15:41:00Z",
        "value": "322.375",
        "cumulative": false
    },
    {
        "date": "2020-09-10T15:41:13Z",
        "value": "322.26953125",
        "cumulative": false
    },
    {
        "date": "2020-09-10T15:41:29Z",
        "value": "490.8828125",
        "cumulative": false
    },
    {
        "date": "2020-09-10T15:41:44Z",
        "value": "372.13671875",
        "cumulative": false
    },
    {
        "date": "2020-09-10T15:42:03Z",
        "value": "527.25",
        "cumulative": false
    },
    {
        "date": "2020-09-10T15:42:21Z",
        "value": "546.38671875",
        "cumulative": false
    },
    {
        "date": "2020-09-10T15:42:33Z",
        "value": "372.25",
        "cumulative": false
    },
    {
        "date": "2020-09-10T15:42:48Z",
        "value": "372.1328125",
        "cumulative": false
    },
    {
        "date": "2020-09-10T15:43:08Z",
        "value": "383.63671875",
        "cumulative": false
    },
    {
        "date": "2020-09-10T15:43:26Z",
        "value": "435.125",
        "cumulative": false
    },
    {
        "date": "2020-09-10T15:43:44Z",
        "value": "620.34765625",
        "cumulative": false
    },
    {
        "date": "2020-09-10T15:44:02Z",
        "value": "567.22265625",
        "cumulative": false
    },
    {
        "date": "2020-09-10T15:44:21Z",
        "value": "442.09765625",
        "cumulative": false
    },
    {
        "date": "2020-09-10T15:44:33Z",
        "value": "435.09765625",
        "cumulative": false
    },
    {
        "date": "2020-09-10T15:44:45Z",
        "value": "435.09765625",
        "cumulative": false
    },
    {
        "date": "2020-09-10T15:44:58Z",
        "value": "435.09765625",
        "cumulative": false
    },
    {
        "date": "2020-09-10T15:45:10Z",
        "value": "435.15234375",
        "cumulative": false
    },
    {
        "date": "2020-09-10T15:45:26Z",
        "value": "435.125",
        "cumulative": false
    },
    {
        "date": "2020-09-10T15:45:42Z",
        "value": "279.12109375",
        "cumulative": false
    },
    {
        "date": "2020-09-10T15:45:59Z",
        "value": "820.96484375",
        "cumulative": false
    },
    {
        "date": "2020-09-10T15:46:10Z",
        "value": "647.71484375",
        "cumulative": false
    },
    {
        "date": "2020-09-10T15:46:25Z",
        "value": "514.58984375",
        "cumulative": false
    },
    {
        "date": "2020-09-10T15:46:36Z",
        "value": "514.625",
        "cumulative": false
    },
    {
        "date": "2020-09-10T15:46:51Z",
        "value": "514.58984375",
        "cumulative": false
    },
    {
        "date": "2020-09-10T15:47:10Z",
        "value": "704.08984375",
        "cumulative": false
    },
    {
        "date": "2020-09-10T15:47:25Z",
        "value": "514.625",
        "cumulative": false
    },
    {
        "date": "2020-09-10T15:47:37Z",
        "value": "514.59765625",
        "cumulative": false
    },
    {
        "date": "2020-09-10T15:47:56Z",
        "value": "514.625",
        "cumulative": false
    },
    {
        "date": "2020-09-10T15:48:14Z",
        "value": "514.625",
        "cumulative": false
    },
    {
        "date": "2020-09-10T15:48:30Z",
        "value": "514.58984375",
        "cumulative": false
    },
    {
        "date": "2020-09-10T15:48:43Z",
        "value": "514.59765625",
        "cumulative": false
    }
]