[
    {
        "date": "2020-09-10T15:34:08Z",
        "value": "1435.4121732711792",
        "cumulative": true
    },
    {
        "date": "2020-09-10T15:34:27Z",
        "value": "7650.190724372864",
        "cumulative": true
    },
    {
        "date": "2020-09-10T15:34:37Z",
        "value": "10507.342735290527",
        "cumulative": true
    },
    {
        "date": "2020-09-10T15:34:52Z",
        "value": "15403.648321151733",
        "cumulative": true
    },
    {
        "date": "2020-09-10T15:35:03Z",
        "value": "18754.464087486267",
        "cumulative": true
    },
    {
        "date": "2020-09-10T15:35:19Z",
        "value": "23097.92889022827",
        "cumulative": true
    },
    {
        "date": "2020-09-10T15:35:34Z",
        "value": "27261.315205574036",
        "cumulative": true
    },
    {
        "date": "2020-09-10T15:35:49Z",
        "value": "31500.591710090637",
        "cumulative": true
    },
    {
        "date": "2020-09-10T15:36:03Z",
        "value": "35775.5619802475",
        "cumulative": true
    },
    {
        "date": "2020-09-10T15:36:14Z",
        "value": "39256.25889492035",
        "cumulative": true
    },
    {
        "date": "2020-09-10T15:36:26Z",
        "value": "43325.82723712921",
        "cumulative": true
    },
    {
        "date": "2020-09-10T15:36:43Z",
        "value": "49095.10928821564",
        "cumulative": true
    },
    {
        "date": "2020-09-10T15:36:59Z",
        "value": "54176.076051712036",
        "cumulative": true
    },
    {
        "date": "2020-09-10T15:37:11Z",
        "value": "58578.877475738525",
        "cumulative": true
    },
    {
        "date": "2020-09-10T15:37:27Z",
        "value": "63818.3268737793",
        "cumulative": true
    },
    {
        "date": "2020-09-10T15:37:41Z",
        "value": "68958.4045495987",
        "cumulative": true
    },
    {
        "date": "2020-09-10T15:37:54Z",
        "value": "73241.66986179352",
        "cumulative": true
    },
    {
        "date": "2020-09-10T15:38:06Z",
        "value": "77381.73781871796",
        "cumulative": true
    },
    {
        "date": "2020-09-10T15:38:18Z",
        "value": "81164.06311893463",
        "cumulative": true
    },
    {
        "date": "2020-09-10T15:38:34Z",
        "value": "86214.73845767975",
        "cumulative": true
    },
    {
        "date": "2020-09-10T15:38:51Z",
        "value": "92040.51191616058",
        "cumulative": true
    },
    {
        "date": "2020-09-10T15:39:08Z",
        "value": "97232.9572687149",
        "cumulative": true
    },
    {
        "date": "2020-09-10T15:39:18Z",
        "value": "100050.2828950882",
        "cumulative": true
    },
    {
        "date": "2020-09-10T15:39:36Z",
        "value": "105599.83537769318",
        "cumulative": true
    },
    {
        "date": "2020-09-10T15:39:50Z",
        "value": "109919.81102752686",
        "cumulative": true
    },
    {
        "date": "2020-09-10T15:40:04Z",
        "value": "114268.53388786316",
        "cumulative": true
    },
    {
        "date": "2020-09-10T15:40:15Z",
        "value": "117660.80453681946",
        "cumulative": true
    },
    {
        "date": "2020-09-10T15:40:35Z",
        "value": "123643.81498527527",
        "cumulative": true
    },
    {
        "date": "2020-09-10T15:40:48Z",
        "value": "127623.78217506409",
        "cumulative": true
    },
    {
        "date": "2020-09-10T15:41:04Z",
        "value": "132486.0259552002",
        "cumulative": true
    },
    {
        "date": "2020-09-10T15:41:22Z",
        "value": "137417.76926136017",
        "cumulative": true
    },
    {
        "date": "2020-09-10T15:41:35Z",
        "value": "141504.06922245026",
        "cumulative": true
    },
    {
        "date": "2020-09-10T15:41:54Z",
        "value": "147797.41454410553",
        "cumulative": true
    },
    {
        "date": "2020-09-10T15:42:07Z",
        "value": "151581.11684703827",
        "cumulative": true
    },
    {
        "date": "2020-09-10T15:42:24Z",
        "value": "156802.54154872894",
        "cumulative": true
    },
    {
        "date": "2020-09-10T15:42:35Z",
        "value": "160041.37337970734",
        "cumulative": true
    },
    {
        "date": "2020-09-10T15:42:51Z",
        "value": "165083.87373638153",
        "cumulative": true
    },
    {
        "date": "2020-09-10T15:43:05Z",
        "value": "169480.14130306244",
        "cumulative": true
    },
    {
        "date": "2020-09-10T15:43:19Z",
        "value": "173861.43363761902",
        "cumulative": true
    },
    {
        "date": "2020-09-10T15:43:37Z",
        "value": "179731.82758522034",
        "cumulative": true
    },
    {
        "date": "2020-09-10T15:43:50Z",
        "value": "183911.41886901855",
        "cumulative": true
    },
    {
        "date": "2020-09-10T15:44:03Z",
        "value": "187671.18745040894",
        "cumulative": true
    },
    {
        "date": "2020-09-10T15:44:18Z",
        "value": "192314.8247642517",
        "cumulative": true
    },
    {
        "date": "2020-09-10T15:44:33Z",
        "value": "197108.54729652405",
        "cumulative": true
    },
    {
        "date": "2020-09-10T15:44:53Z",
        "value": "203387.0706691742",
        "cumulative": true
    },
    {
        "date": "2020-09-10T15:45:08Z",
        "value": "208085.67365646362",
        "cumulative": true
    },
    {
        "date": "2020-09-10T15:45:21Z",
        "value": "212046.3951435089",
        "cumulative": true
    },
    {
        "date": "2020-09-10T15:45:38Z",
        "value": "217512.23950195312",
        "cumulative": true
    },
    {
        "date": "2020-09-10T15:45:51Z",
        "value": "221495.30145549774",
        "cumulative": true
    },
    {
        "date": "2020-09-10T15:46:07Z",
        "value": "226388.3862657547",
        "cumulative": true
    },
    {
        "date": "2020-09-10T15:46:23Z",
        "value": "231224.57186031342",
        "cumulative": true
    },
    {
        "date": "2020-09-10T15:46:38Z",
        "value": "235641.45012569427",
        "cumulative": true
    },
    {
        "date": "2020-09-10T15:46:53Z",
        "value": "240769.156165123",
        "cumulative": true
    },
    {
        "date": "2020-09-10T15:47:11Z",
        "value": "246117.0826997757",
        "cumulative": true
    },
    {
        "date": "2020-09-10T15:47:23Z",
        "value": "249959.6442270279",
        "cumulative": true
    },
    {
        "date": "2020-09-10T15:47:33Z",
        "value": "253302.43647670746",
        "cumulative": true
    },
    {
        "date": "2020-09-10T15:47:52Z",
        "value": "259139.38168430328",
        "cumulative": true
    },
    {
        "date": "2020-09-10T15:48:07Z",
        "value": "264038.21091365814",
        "cumulative": true
    },
    {
        "date": "2020-09-10T15:48:18Z",
        "value": "267244.8474588394",
        "cumulative": true
    },
    {
        "date": "2020-09-10T15:48:29Z",
        "value": "270654.7066221237",
        "cumulative": true
    },
    {
        "date": "2020-09-10T15:48:48Z",
        "value": "276411.4347009659",
        "cumulative": true
    }
]