[
    {
        "date": "2020-09-10T15:34:10Z",
        "value": "2208.136650085449",
        "cumulative": true
    },
    {
        "date": "2020-09-10T15:34:28Z",
        "value": "8120.7246742248535",
        "cumulative": true
    },
    {
        "date": "2020-09-10T15:34:39Z",
        "value": "11217.30764579773",
        "cumulative": true
    },
    {
        "date": "2020-09-10T15:34:50Z",
        "value": "14509.738784790039",
        "cumulative": true
    },
    {
        "date": "2020-09-10T15:35:08Z",
        "value": "20080.09410381317",
        "cumulative": true
    },
    {
        "date": "2020-09-10T15:35:23Z",
        "value": "24405.40913105011",
        "cumulative": true
    },
    {
        "date": "2020-09-10T15:35:38Z",
        "value": "28327.59819507599",
        "cumulative": true
    },
    {
        "date": "2020-09-10T15:35:57Z",
        "value": "34068.42603588104",
        "cumulative": true
    },
    {
        "date": "2020-09-10T15:36:16Z",
        "value": "39777.110310554504",
        "cumulative": true
    },
    {
        "date": "2020-09-10T15:36:32Z",
        "value": "45387.567918777466",
        "cumulative": true
    },
    {
        "date": "2020-09-10T15:36:48Z",
        "value": "50678.078535079956",
        "cumulative": true
    },
    {
        "date": "2020-09-10T15:37:07Z",
        "value": "57182.34197330475",
        "cumulative": true
    },
    {
        "date": "2020-09-10T15:37:26Z",
        "value": "63687.772877693176",
        "cumulative": true
    },
    {
        "date": "2020-09-10T15:37:37Z",
        "value": "67544.38962650299",
        "cumulative": true
    },
    {
        "date": "2020-09-10T15:37:53Z",
        "value": "72863.65452098846",
        "cumulative": true
    },
    {
        "date": "2020-09-10T15:38:04Z",
        "value": "76668.41521549225",
        "cumulative": true
    },
    {
        "date": "2020-09-10T15:38:21Z",
        "value": "82257.05273914337",
        "cumulative": true
    },
    {
        "date": "2020-09-10T15:38:38Z",
        "value": "87635.75592136383",
        "cumulative": true
    },
    {
        "date": "2020-09-10T15:38:51Z",
        "value": "92077.71991252899",
        "cumulative": true
    },
    {
        "date": "2020-09-10T15:39:04Z",
        "value": "96368.14643573761",
        "cumulative": true
    },
    {
        "date": "2020-09-10T15:39:22Z",
        "value": "101204.92935466766",
        "cumulative": true
    },
    {
        "date": "2020-09-10T15:39:41Z",
        "value": "107298.19861316681",
        "cumulative": true
    },
    {
        "date": "2020-09-10T15:39:55Z",
        "value": "111423.74126529694",
        "cumulative": true
    },
    {
        "date": "2020-09-10T15:40:07Z",
        "value": "115419.51416873932",
        "cumulative": true
    },
    {
        "date": "2020-09-10T15:40:25Z",
        "value": "120679.9029417038",
        "cumulative": true
    },
    {
        "date": "2020-09-10T15:40:39Z",
        "value": "124933.01708698273",
        "cumulative": true
    },
    {
        "date": "2020-09-10T15:40:56Z",
        "value": "130102.49710178375",
        "cumulative": true
    },
    {
        "date": "2020-09-10T15:41:14Z",
        "value": "135173.29568386078",
        "cumulative": true
    },
    {
        "date": "2020-09-10T15:41:30Z",
        "value": "140362.08476161957",
        "cumulative": true
    },
    {
        "date": "2020-09-10T15:41:47Z",
        "value": "145703.31447315216",
        "cumulative": true
    },
    {
        "date": "2020-09-10T15:42:03Z",
        "value": "150485.3465166092",
        "cumulative": true
    },
    {
        "date": "2020-09-10T15:42:23Z",
        "value": "156623.67418003082",
        "cumulative": true
    },
    {
        "date": "2020-09-10T15:42:37Z",
        "value": "160965.34466457367",
        "cumulative": true
    },
    {
        "date": "2020-09-10T15:42:52Z",
        "value": "165628.82659053802",
        "cumulative": true
    },
    {
        "date": "2020-09-10T15:43:05Z",
        "value": "169598.31980991364",
        "cumulative": true
    },
    {
        "date": "2020-09-10T15:43:22Z",
        "value": "175072.03221797943",
        "cumulative": true
    },
    {
        "date": "2020-09-10T15:43:36Z",
        "value": "179660.64651203156",
        "cumulative": true
    },
    {
        "date": "2020-09-10T15:43:56Z",
        "value": "185880.2439508438",
        "cumulative": true
    },
    {
        "date": "2020-09-10T15:44:14Z",
        "value": "191344.73730754852",
        "cumulative": true
    },
    {
        "date": "2020-09-10T15:44:29Z",
        "value": "196022.2367658615",
        "cumulative": true
    },
    {
        "date": "2020-09-10T15:44:46Z",
        "value": "201740.98364162445",
        "cumulative": true
    },
    {
        "date": "2020-09-10T15:45:04Z",
        "value": "207282.8154745102",
        "cumulative": true
    },
    {
        "date": "2020-09-10T15:45:18Z",
        "value": "211379.16797733307",
        "cumulative": true
    },
    {
        "date": "2020-09-10T15:45:28Z",
        "value": "214570.5641489029",
        "cumulative": true
    },
    {
        "date": "2020-09-10T15:45:39Z",
        "value": "218199.2955904007",
        "cumulative": true
    },
    {
        "date": "2020-09-10T15:45:52Z",
        "value": "222012.41762065887",
        "cumulative": true
    },
    {
        "date": "2020-09-10T15:46:10Z",
        "value": "227753.35494709015",
        "cumulative": true
    },
    {
        "date": "2020-09-10T15:46:27Z",
        "value": "232576.40133571625",
        "cumulative": true
    },
    {
        "date": "2020-09-10T15:46:46Z",
        "value": "238253.7836675644",
        "cumulative": true
    },
    {
        "date": "2020-09-10T15:47:01Z",
        "value": "243278.59489154816",
        "cumulative": true
    },
    {
        "date": "2020-09-10T15:47:18Z",
        "value": "248528.29912090302",
        "cumulative": true
    },
    {
        "date": "2020-09-10T15:47:32Z",
        "value": "253058.30288028717",
        "cumulative": true
    },
    {
        "date": "2020-09-10T15:47:49Z",
        "value": "258221.0088338852",
        "cumulative": true
    },
    {
        "date": "2020-09-10T15:48:04Z",
        "value": "263199.5474615097",
        "cumulative": true
    },
    {
        "date": "2020-09-10T15:48:15Z",
        "value": "266640.6744451523",
        "cumulative": true
    },
    {
        "date": "2020-09-10T15:48:34Z",
        "value": "272567.9187479019",
        "cumulative": true
    },
    {
        "date": "2020-09-10T15:48:49Z",
        "value": "276582.87984752655",
        "cumulative": true
    }
]