[
    {
        "date": "2020-09-10T15:34:12Z",
        "value": "2747.3347702026367",
        "cumulative": true
    },
    {
        "date": "2020-09-10T15:34:28Z",
        "value": "7979.842620849609",
        "cumulative": true
    },
    {
        "date": "2020-09-10T15:34:47Z",
        "value": "13780.083391189575",
        "cumulative": true
    },
    {
        "date": "2020-09-10T15:35:07Z",
        "value": "19751.535501480103",
        "cumulative": true
    },
    {
        "date": "2020-09-10T15:35:20Z",
        "value": "23482.632904052734",
        "cumulative": true
    },
    {
        "date": "2020-09-10T15:35:31Z",
        "value": "26463.57287788391",
        "cumulative": true
    },
    {
        "date": "2020-09-10T15:35:50Z",
        "value": "31917.411573410034",
        "cumulative": true
    },
    {
        "date": "2020-09-10T15:36:09Z",
        "value": "37726.6858253479",
        "cumulative": true
    },
    {
        "date": "2020-09-10T15:36:29Z",
        "value": "44091.12777519226",
        "cumulative": true
    },
    {
        "date": "2020-09-10T15:36:43Z",
        "value": "49065.23423576355",
        "cumulative": true
    },
    {
        "date": "2020-09-10T15:36:55Z",
        "value": "53053.51021575928",
        "cumulative": true
    },
    {
        "date": "2020-09-10T15:37:06Z",
        "value": "56859.31615447998",
        "cumulative": true
    },
    {
        "date": "2020-09-10T15:37:17Z",
        "value": "60691.52145957947",
        "cumulative": true
    },
    {
        "date": "2020-09-10T15:37:31Z",
        "value": "65373.79360771179",
        "cumulative": true
    },
    {
        "date": "2020-09-10T15:37:51Z",
        "value": "71809.84168624878",
        "cumulative": true
    },
    {
        "date": "2020-09-10T15:38:06Z",
        "value": "77179.47386360168",
        "cumulative": true
    },
    {
        "date": "2020-09-10T15:38:18Z",
        "value": "81116.99674034119",
        "cumulative": true
    },
    {
        "date": "2020-09-10T15:38:35Z",
        "value": "86664.17811775208",
        "cumulative": true
    },
    {
        "date": "2020-09-10T15:38:52Z",
        "value": "92237.55945205688",
        "cumulative": true
    },
    {
        "date": "2020-09-10T15:39:11Z",
        "value": "98107.26125907898",
        "cumulative": true
    },
    {
        "date": "2020-09-10T15:39:27Z",
        "value": "102804.8504524231",
        "cumulative": true
    },
    {
        "date": "2020-09-10T15:39:45Z",
        "value": "108284.86233901978",
        "cumulative": true
    },
    {
        "date": "2020-09-10T15:40:01Z",
        "value": "113403.34740829468",
        "cumulative": true
    },
    {
        "date": "2020-09-10T15:40:20Z",
        "value": "119187.999168396",
        "cumulative": true
    },
    {
        "date": "2020-09-10T15:40:34Z",
        "value": "123456.18455123901",
        "cumulative": true
    },
    {
        "date": "2020-09-10T15:40:51Z",
        "value": "128454.77293205261",
        "cumulative": true
    },
    {
        "date": "2020-09-10T15:41:05Z",
        "value": "132730.11954307556",
        "cumulative": true
    },
    {
        "date": "2020-09-10T15:41:25Z",
        "value": "138378.25544929504",
        "cumulative": true
    },
    {
        "date": "2020-09-10T15:41:35Z",
        "value": "141625.24464416504",
        "cumulative": true
    },
    {
        "date": "2020-09-10T15:41:52Z",
        "value": "146818.3183441162",
        "cumulative": true
    },
    {
        "date": "2020-09-10T15:42:03Z",
        "value": "150272.38246917725",
        "cumulative": true
    },
    {
        "date": "2020-09-10T15:42:19Z",
        "value": "155315.3629436493",
        "cumulative": true
    },
    {
        "date": "2020-09-10T15:42:35Z",
        "value": "160065.341047287",
        "cumulative": true
    },
    {
        "date": "2020-09-10T15:42:52Z",
        "value": "165334.68422317505",
        "cumulative": true
    },
    {
        "date": "2020-09-10T15:43:03Z",
        "value": "168794.8389453888",
        "cumulative": true
    },
    {
        "date": "2020-09-10T15:43:16Z",
        "value": "172913.75436019897",
        "cumulative": true
    },
    {
        "date": "2020-09-10T15:43:28Z",
        "value": "176500.83499908447",
        "cumulative": true
    },
    {
        "date": "2020-09-10T15:43:44Z",
        "value": "181845.28256607056",
        "cumulative": true
    },
    {
        "date": "2020-09-10T15:43:56Z",
        "value": "185593.60398864746",
        "cumulative": true
    },
    {
        "date": "2020-09-10T15:44:12Z",
        "value": "190494.3160495758",
        "cumulative": true
    },
    {
        "date": "2020-09-10T15:44:23Z",
        "value": "193788.82548713684",
        "cumulative": true
    },
    {
        "date": "2020-09-10T15:44:36Z",
        "value": "197974.89805984497",
        "cumulative": true
    },
    {
        "date": "2020-09-10T15:44:55Z",
        "value": "204155.91863441467",
        "cumulative": true
    },
    {
        "date": "2020-09-10T15:45:14Z",
        "value": "209735.05576133728",
        "cumulative": true
    },
    {
        "date": "2020-09-10T15:45:26Z",
        "value": "213810.6640701294",
        "cumulative": true
    },
    {
        "date": "2020-09-10T15:45:39Z",
        "value": "217911.50288009644",
        "cumulative": true
    },
    {
        "date": "2020-09-10T15:45:56Z",
        "value": "223013.40301322937",
        "cumulative": true
    },
    {
        "date": "2020-09-10T15:46:09Z",
        "value": "226907.0850505829",
        "cumulative": true
    },
    {
        "date": "2020-09-10T15:46:28Z",
        "value": "232670.51055526733",
        "cumulative": true
    },
    {
        "date": "2020-09-10T15:46:45Z",
        "value": "237836.952917099",
        "cumulative": true
    },
    {
        "date": "2020-09-10T15:47:00Z",
        "value": "242487.6590900421",
        "cumulative": true
    },
    {
        "date": "2020-09-10T15:47:13Z",
        "value": "247024.3184108734",
        "cumulative": true
    },
    {
        "date": "2020-09-10T15:47:24Z",
        "value": "250304.3909111023",
        "cumulative": true
    },
    {
        "date": "2020-09-10T15:47:36Z",
        "value": "253979.52946472168",
        "cumulative": true
    },
    {
        "date": "2020-09-10T15:47:55Z",
        "value": "260216.96970939636",
        "cumulative": true
    },
    {
        "date": "2020-09-10T15:48:10Z",
        "value": "264931.82929039",
        "cumulative": true
    },
    {
        "date": "2020-09-10T15:48:29Z",
        "value": "270589.15211105347",
        "cumulative": true
    },
    {
        "date": "2020-09-10T15:48:44Z",
        "value": "275198.2571525574",
        "cumulative": true
    },
    {
        "date": "2020-09-10T15:48:55Z",
        "value": "276345.28701782227",
        "cumulative": true
    }
]