[
    {
        "date": "2020-09-10T15:34:06Z",
        "value": "878.7837524414062",
        "cumulative": true
    },
    {
        "date": "2020-09-10T15:34:17Z",
        "value": "4555.818064689636",
        "cumulative": true
    },
    {
        "date": "2020-09-10T15:34:31Z",
        "value": "8864.896819114685",
        "cumulative": true
    },
    {
        "date": "2020-09-10T15:34:42Z",
        "value": "12352.65793132782",
        "cumulative": true
    },
    {
        "date": "2020-09-10T15:34:56Z",
        "value": "16441.302794456482",
        "cumulative": true
    },
    {
        "date": "2020-09-10T15:35:12Z",
        "value": "21362.790846824646",
        "cumulative": true
    },
    {
        "date": "2020-09-10T15:35:27Z",
        "value": "25556.6591424942",
        "cumulative": true
    },
    {
        "date": "2020-09-10T15:35:41Z",
        "value": "29287.14949131012",
        "cumulative": true
    },
    {
        "date": "2020-09-10T15:35:58Z",
        "value": "34269.65072917938",
        "cumulative": true
    },
    {
        "date": "2020-09-10T15:36:13Z",
        "value": "38803.847264289856",
        "cumulative": true
    },
    {
        "date": "2020-09-10T15:36:32Z",
        "value": "45058.51265048981",
        "cumulative": true
    },
    {
        "date": "2020-09-10T15:36:42Z",
        "value": "48663.07087612152",
        "cumulative": true
    },
    {
        "date": "2020-09-10T15:36:53Z",
        "value": "52207.98286151886",
        "cumulative": true
    },
    {
        "date": "2020-09-10T15:37:06Z",
        "value": "56894.951157569885",
        "cumulative": true
    },
    {
        "date": "2020-09-10T15:37:19Z",
        "value": "61145.69195270538",
        "cumulative": true
    },
    {
        "date": "2020-09-10T15:37:31Z",
        "value": "65414.56424808502",
        "cumulative": true
    },
    {
        "date": "2020-09-10T15:37:41Z",
        "value": "68940.9173078537",
        "cumulative": true
    },
    {
        "date": "2020-09-10T15:37:54Z",
        "value": "73260.73741436005",
        "cumulative": true
    },
    {
        "date": "2020-09-10T15:38:13Z",
        "value": "79502.87523937225",
        "cumulative": true
    },
    {
        "date": "2020-09-10T15:38:25Z",
        "value": "83341.53492450714",
        "cumulative": true
    },
    {
        "date": "2020-09-10T15:38:36Z",
        "value": "87047.94582080841",
        "cumulative": true
    },
    {
        "date": "2020-09-10T15:38:53Z",
        "value": "92498.25263881683",
        "cumulative": true
    },
    {
        "date": "2020-09-10T15:39:03Z",
        "value": "95958.76797771454",
        "cumulative": true
    },
    {
        "date": "2020-09-10T15:39:16Z",
        "value": "99530.8204908371",
        "cumulative": true
    },
    {
        "date": "2020-09-10T15:39:31Z",
        "value": "103876.43820095062",
        "cumulative": true
    },
    {
        "date": "2020-09-10T15:39:48Z",
        "value": "109406.24139499664",
        "cumulative": true
    },
    {
        "date": "2020-09-10T15:40:05Z",
        "value": "114840.06564044952",
        "cumulative": true
    },
    {
        "date": "2020-09-10T15:40:20Z",
        "value": "119133.06166553497",
        "cumulative": true
    },
    {
        "date": "2020-09-10T15:40:38Z",
        "value": "124637.59926128387",
        "cumulative": true
    },
    {
        "date": "2020-09-10T15:40:53Z",
        "value": "129338.6865491867",
        "cumulative": true
    },
    {
        "date": "2020-09-10T15:41:12Z",
        "value": "134828.4289751053",
        "cumulative": true
    },
    {
        "date": "2020-09-10T15:41:26Z",
        "value": "138893.83537578583",
        "cumulative": true
    },
    {
        "date": "2020-09-10T15:41:37Z",
        "value": "142508.197180748",
        "cumulative": true
    },
    {
        "date": "2020-09-10T15:41:49Z",
        "value": "146124.19647312164",
        "cumulative": true
    },
    {
        "date": "2020-09-10T15:42:08Z",
        "value": "152139.66253948212",
        "cumulative": true
    },
    {
        "date": "2020-09-10T15:42:20Z",
        "value": "155744.21917438507",
        "cumulative": true
    },
    {
        "date": "2020-09-10T15:42:34Z",
        "value": "159916.27105236053",
        "cumulative": true
    },
    {
        "date": "2020-09-10T15:42:51Z",
        "value": "165293.57666873932",
        "cumulative": true
    },
    {
        "date": "2020-09-10T15:43:02Z",
        "value": "168888.9599981308",
        "cumulative": true
    },
    {
        "date": "2020-09-10T15:43:15Z",
        "value": "172853.61792087555",
        "cumulative": true
    },
    {
        "date": "2020-09-10T15:43:29Z",
        "value": "177219.29143238068",
        "cumulative": true
    },
    {
        "date": "2020-09-10T15:43:46Z",
        "value": "182841.16539478302",
        "cumulative": true
    },
    {
        "date": "2020-09-10T15:44:02Z",
        "value": "187700.6167230606",
        "cumulative": true
    },
    {
        "date": "2020-09-10T15:44:18Z",
        "value": "192701.87316417694",
        "cumulative": true
    },
    {
        "date": "2020-09-10T15:44:38Z",
        "value": "199012.80245876312",
        "cumulative": true
    },
    {
        "date": "2020-09-10T15:44:48Z",
        "value": "202279.50313472748",
        "cumulative": true
    },
    {
        "date": "2020-09-10T15:45:07Z",
        "value": "208208.99063396454",
        "cumulative": true
    },
    {
        "date": "2020-09-10T15:45:22Z",
        "value": "212521.90242481232",
        "cumulative": true
    },
    {
        "date": "2020-09-10T15:45:35Z",
        "value": "216647.92371463776",
        "cumulative": true
    },
    {
        "date": "2020-09-10T15:45:46Z",
        "value": "220318.87578487396",
        "cumulative": true
    },
    {
        "date": "2020-09-10T15:46:00Z",
        "value": "224659.79093456268",
        "cumulative": true
    },
    {
        "date": "2020-09-10T15:46:16Z",
        "value": "229312.82028484344",
        "cumulative": true
    },
    {
        "date": "2020-09-10T15:46:28Z",
        "value": "232955.74728488922",
        "cumulative": true
    },
    {
        "date": "2020-09-10T15:46:46Z",
        "value": "238378.44430446625",
        "cumulative": true
    },
    {
        "date": "2020-09-10T15:47:02Z",
        "value": "243416.655711174",
        "cumulative": true
    },
    {
        "date": "2020-09-10T15:47:21Z",
        "value": "249655.18359851837",
        "cumulative": true
    },
    {
        "date": "2020-09-10T15:47:36Z",
        "value": "254263.73031902313",
        "cumulative": true
    },
    {
        "date": "2020-09-10T15:47:53Z",
        "value": "259625.22656726837",
        "cumulative": true
    },
    {
        "date": "2020-09-10T15:48:09Z",
        "value": "264699.91142749786",
        "cumulative": true
    },
    {
        "date": "2020-09-10T15:48:25Z",
        "value": "269812.2176103592",
        "cumulative": true
    },
    {
        "date": "2020-09-10T15:48:36Z",
        "value": "273267.1200094223",
        "cumulative": true
    },
    {
        "date": "2020-09-10T15:48:56Z",
        "value": "276720.8637533188",
        "cumulative": true
    }
]