[
    {
        "date": "2020-09-10T15:34:08Z",
        "value": "1435.9243326187134",
        "cumulative": true
    },
    {
        "date": "2020-09-10T15:34:27Z",
        "value": "7645.323877334595",
        "cumulative": true
    },
    {
        "date": "2020-09-10T15:34:37Z",
        "value": "10504.372257232666",
        "cumulative": true
    },
    {
        "date": "2020-09-10T15:34:52Z",
        "value": "15405.757656097412",
        "cumulative": true
    },
    {
        "date": "2020-09-10T15:35:03Z",
        "value": "18756.536211013794",
        "cumulative": true
    },
    {
        "date": "2020-09-10T15:35:19Z",
        "value": "23100.091228485107",
        "cumulative": true
    },
    {
        "date": "2020-09-10T15:35:34Z",
        "value": "27263.4309425354",
        "cumulative": true
    },
    {
        "date": "2020-09-10T15:35:49Z",
        "value": "31482.64905166626",
        "cumulative": true
    },
    {
        "date": "2020-09-10T15:36:03Z",
        "value": "35755.89613342285",
        "cumulative": true
    },
    {
        "date": "2020-09-10T15:36:14Z",
        "value": "39231.81359100342",
        "cumulative": true
    },
    {
        "date": "2020-09-10T15:36:26Z",
        "value": "43308.377630233765",
        "cumulative": true
    },
    {
        "date": "2020-09-10T15:36:43Z",
        "value": "49081.14729118347",
        "cumulative": true
    },
    {
        "date": "2020-09-10T15:36:59Z",
        "value": "54180.22052192688",
        "cumulative": true
    },
    {
        "date": "2020-09-10T15:37:11Z",
        "value": "58586.46663284302",
        "cumulative": true
    },
    {
        "date": "2020-09-10T15:37:27Z",
        "value": "63841.01372718811",
        "cumulative": true
    },
    {
        "date": "2020-09-10T15:37:41Z",
        "value": "68954.84376335144",
        "cumulative": true
    },
    {
        "date": "2020-09-10T15:37:54Z",
        "value": "73251.90641784668",
        "cumulative": true
    },
    {
        "date": "2020-09-10T15:38:06Z",
        "value": "77388.19462966919",
        "cumulative": true
    },
    {
        "date": "2020-09-10T15:38:18Z",
        "value": "81182.37009429932",
        "cumulative": true
    },
    {
        "date": "2020-09-10T15:38:34Z",
        "value": "86230.75611114502",
        "cumulative": true
    },
    {
        "date": "2020-09-10T15:38:51Z",
        "value": "92050.34065628052",
        "cumulative": true
    },
    {
        "date": "2020-09-10T15:39:08Z",
        "value": "97248.875207901",
        "cumulative": true
    },
    {
        "date": "2020-09-10T15:39:18Z",
        "value": "100078.0973854065",
        "cumulative": true
    },
    {
        "date": "2020-09-10T15:39:36Z",
        "value": "105643.93425941467",
        "cumulative": true
    },
    {
        "date": "2020-09-10T15:39:50Z",
        "value": "109962.94764328003",
        "cumulative": true
    },
    {
        "date": "2020-09-10T15:40:04Z",
        "value": "114299.57739257812",
        "cumulative": true
    },
    {
        "date": "2020-09-10T15:40:15Z",
        "value": "117684.67315483093",
        "cumulative": true
    },
    {
        "date": "2020-09-10T15:40:35Z",
        "value": "123665.2617893219",
        "cumulative": true
    },
    {
        "date": "2020-09-10T15:40:48Z",
        "value": "127654.73924446106",
        "cumulative": true
    },
    {
        "date": "2020-09-10T15:41:04Z",
        "value": "132552.24903297424",
        "cumulative": true
    },
    {
        "date": "2020-09-10T15:41:22Z",
        "value": "137509.7649269104",
        "cumulative": true
    },
    {
        "date": "2020-09-10T15:41:35Z",
        "value": "141593.71004104614",
        "cumulative": true
    },
    {
        "date": "2020-09-10T15:41:54Z",
        "value": "147918.4182987213",
        "cumulative": true
    },
    {
        "date": "2020-09-10T15:42:07Z",
        "value": "151725.4575061798",
        "cumulative": true
    },
    {
        "date": "2020-09-10T15:42:24Z",
        "value": "156938.09670639038",
        "cumulative": true
    },
    {
        "date": "2020-09-10T15:42:35Z",
        "value": "160176.97533035278",
        "cumulative": true
    },
    {
        "date": "2020-09-10T15:42:51Z",
        "value": "165218.4594116211",
        "cumulative": true
    },
    {
        "date": "2020-09-10T15:43:05Z",
        "value": "169622.86256027222",
        "cumulative": true
    },
    {
        "date": "2020-09-10T15:43:19Z",
        "value": "174016.94010925293",
        "cumulative": true
    },
    {
        "date": "2020-09-10T15:43:37Z",
        "value": "179900.6104373932",
        "cumulative": true
    },
    {
        "date": "2020-09-10T15:43:50Z",
        "value": "184085.55264663696",
        "cumulative": true
    },
    {
        "date": "2020-09-10T15:44:03Z",
        "value": "187845.68488121033",
        "cumulative": true
    },
    {
        "date": "2020-09-10T15:44:18Z",
        "value": "192496.57527923584",
        "cumulative": true
    },
    {
        "date": "2020-09-10T15:44:33Z",
        "value": "197285.7182121277",
        "cumulative": true
    },
    {
        "date": "2020-09-10T15:44:53Z",
        "value": "203572.7273311615",
        "cumulative": true
    },
    {
        "date": "2020-09-10T15:45:08Z",
        "value": "208271.477186203",
        "cumulative": true
    },
    {
        "date": "2020-09-10T15:45:21Z",
        "value": "212218.8281097412",
        "cumulative": true
    },
    {
        "date": "2020-09-10T15:45:38Z",
        "value": "217692.81822776794",
        "cumulative": true
    },
    {
        "date": "2020-09-10T15:45:51Z",
        "value": "221676.15838241577",
        "cumulative": true
    },
    {
        "date": "2020-09-10T15:46:07Z",
        "value": "226531.67284584045",
        "cumulative": true
    },
    {
        "date": "2020-09-10T15:46:23Z",
        "value": "231347.67485427856",
        "cumulative": true
    },
    {
        "date": "2020-09-10T15:46:38Z",
        "value": "235763.58732795715",
        "cumulative": true
    },
    {
        "date": "2020-09-10T15:46:53Z",
        "value": "240896.42822647095",
        "cumulative": true
    },
    {
        "date": "2020-09-10T15:47:11Z",
        "value": "246258.8288860321",
        "cumulative": true
    },
    {
        "date": "2020-09-10T15:47:23Z",
        "value": "250111.5967502594",
        "cumulative": true
    },
    {
        "date": "2020-09-10T15:47:33Z",
        "value": "253455.80291938782",
        "cumulative": true
    },
    {
        "date": "2020-09-10T15:47:52Z",
        "value": "259285.6990890503",
        "cumulative": true
    },
    {
        "date": "2020-09-10T15:48:07Z",
        "value": "264203.3509540558",
        "cumulative": true
    },
    {
        "date": "2020-09-10T15:48:18Z",
        "value": "267371.2301425934",
        "cumulative": true
    },
    {
        "date": "2020-09-10T15:48:29Z",
        "value": "270762.0819416046",
        "cumulative": true
    },
    {
        "date": "2020-09-10T15:48:48Z",
        "value": "276497.2158470154",
        "cumulative": true
    }
]