[
    {
        "date": "2020-09-10T15:33:55Z",
        "value": "1.44921875",
        "cumulative": false
    },
    {
        "date": "2020-09-10T15:34:12Z",
        "value": "145.21484375",
        "cumulative": false
    },
    {
        "date": "2020-09-10T15:34:25Z",
        "value": "155.29296875",
        "cumulative": false
    },
    {
        "date": "2020-09-10T15:34:40Z",
        "value": "187.484375",
        "cumulative": false
    },
    {
        "date": "2020-09-10T15:34:52Z",
        "value": "202.01171875",
        "cumulative": false
    },
    {
        "date": "2020-09-10T15:35:09Z",
        "value": "190.9609375",
        "cumulative": false
    },
    {
        "date": "2020-09-10T15:35:26Z",
        "value": "169.52734375",
        "cumulative": false
    },
    {
        "date": "2020-09-10T15:35:39Z",
        "value": "192.65625",
        "cumulative": false
    },
    {
        "date": "2020-09-10T15:35:58Z",
        "value": "191.546875",
        "cumulative": false
    },
    {
        "date": "2020-09-10T15:36:11Z",
        "value": "191.53515625",
        "cumulative": false
    },
    {
        "date": "2020-09-10T15:36:31Z",
        "value": "238.421875",
        "cumulative": false
    },
    {
        "date": "2020-09-10T15:36:43Z",
        "value": "207.0625",
        "cumulative": false
    },
    {
        "date": "2020-09-10T15:37:00Z",
        "value": "226.66015625",
        "cumulative": false
    },
    {
        "date": "2020-09-10T15:37:17Z",
        "value": "234.47265625",
        "cumulative": false
    },
    {
        "date": "2020-09-10T15:37:32Z",
        "value": "226.69140625",
        "cumulative": false
    },
    {
        "date": "2020-09-10T15:37:44Z",
        "value": "300.7109375",
        "cumulative": false
    },
    {
        "date": "2020-09-10T15:37:56Z",
        "value": "351.28515625",
        "cumulative": false
    },
    {
        "date": "2020-09-10T15:38:16Z",
        "value": "350.27734375",
        "cumulative": false
    },
    {
        "date": "2020-09-10T15:38:27Z",
        "value": "251.41796875",
        "cumulative": false
    },
    {
        "date": "2020-09-10T15:38:46Z",
        "value": "408.44140625",
        "cumulative": false
    },
    {
        "date": "2020-09-10T15:39:00Z",
        "value": "282.76171875",
        "cumulative": false
    },
    {
        "date": "2020-09-10T15:39:18Z",
        "value": "417.06640625",
        "cumulative": false
    },
    {
        "date": "2020-09-10T15:39:34Z",
        "value": "282.76171875",
        "cumulative": false
    },
    {
        "date": "2020-09-10T15:39:48Z",
        "value": "333.01953125",
        "cumulative": false
    },
    {
        "date": "2020-09-10T15:40:00Z",
        "value": "393.8046875",
        "cumulative": false
    },
    {
        "date": "2020-09-10T15:40:16Z",
        "value": "481.93359375",
        "cumulative": false
    },
    {
        "date": "2020-09-10T15:40:28Z",
        "value": "322.2890625",
        "cumulative": false
    },
    {
        "date": "2020-09-10T15:40:44Z",
        "value": "322.2890625",
        "cumulative": false
    },
    {
        "date": "2020-09-10T15:41:00Z",
        "value": "322.2890625",
        "cumulative": false
    },
    {
        "date": "2020-09-10T15:41:10Z",
        "value": "332.4296875",
        "cumulative": false
    },
    {
        "date": "2020-09-10T15:41:29Z",
        "value": "372.421875",
        "cumulative": false
    },
    {
        "date": "2020-09-10T15:41:39Z",
        "value": "372.05078125",
        "cumulative": false
    },
    {
        "date": "2020-09-10T15:41:51Z",
        "value": "596.80078125",
        "cumulative": false
    },
    {
        "date": "2020-09-10T15:42:07Z",
        "value": "570.92578125",
        "cumulative": false
    },
    {
        "date": "2020-09-10T15:42:23Z",
        "value": "378.67578125",
        "cumulative": false
    },
    {
        "date": "2020-09-10T15:42:37Z",
        "value": "372.05078125",
        "cumulative": false
    },
    {
        "date": "2020-09-10T15:42:55Z",
        "value": "604.92578125",
        "cumulative": false
    },
    {
        "date": "2020-09-10T15:43:15Z",
        "value": "372.15625",
        "cumulative": false
    },
    {
        "date": "2020-09-10T15:43:27Z",
        "value": "436.13671875",
        "cumulative": false
    },
    {
        "date": "2020-09-10T15:43:44Z",
        "value": "435.06640625",
        "cumulative": false
    },
    {
        "date": "2020-09-10T15:44:00Z",
        "value": "435.01171875",
        "cumulative": false
    },
    {
        "date": "2020-09-10T15:44:19Z",
        "value": "435.01171875",
        "cumulative": false
    },
    {
        "date": "2020-09-10T15:44:34Z",
        "value": "528.38671875",
        "cumulative": false
    },
    {
        "date": "2020-09-10T15:44:50Z",
        "value": "542.88671875",
        "cumulative": false
    },
    {
        "date": "2020-09-10T15:45:05Z",
        "value": "733.76171875",
        "cumulative": false
    },
    {
        "date": "2020-09-10T15:45:23Z",
        "value": "682.51171875",
        "cumulative": false
    },
    {
        "date": "2020-09-10T15:45:33Z",
        "value": "435.01171875",
        "cumulative": false
    },
    {
        "date": "2020-09-10T15:45:52Z",
        "value": "683.75390625",
        "cumulative": false
    },
    {
        "date": "2020-09-10T15:46:11Z",
        "value": "514.5390625",
        "cumulative": false
    },
    {
        "date": "2020-09-10T15:46:25Z",
        "value": "807.015625",
        "cumulative": false
    },
    {
        "date": "2020-09-10T15:46:42Z",
        "value": "514.5078125",
        "cumulative": false
    },
    {
        "date": "2020-09-10T15:47:01Z",
        "value": "729.5078125",
        "cumulative": false
    },
    {
        "date": "2020-09-10T15:47:16Z",
        "value": "514.50390625",
        "cumulative": false
    },
    {
        "date": "2020-09-10T15:47:36Z",
        "value": "813.75390625",
        "cumulative": false
    },
    {
        "date": "2020-09-10T15:47:47Z",
        "value": "712.00390625",
        "cumulative": false
    },
    {
        "date": "2020-09-10T15:48:04Z",
        "value": "514.50390625",
        "cumulative": false
    },
    {
        "date": "2020-09-10T15:48:17Z",
        "value": "560.8828125",
        "cumulative": false
    },
    {
        "date": "2020-09-10T15:48:29Z",
        "value": "588.2578125",
        "cumulative": false
    },
    {
        "date": "2020-09-10T15:48:39Z",
        "value": "514.57421875",
        "cumulative": false
    },
    {
        "date": "2020-09-10T15:48:51Z",
        "value": "132.28515625",
        "cumulative": false
    }
]