[
    {
        "date": "2020-09-10T15:34:12Z",
        "value": "2747.6186017990112",
        "cumulative": true
    },
    {
        "date": "2020-09-10T15:34:28Z",
        "value": "7981.737529754639",
        "cumulative": true
    },
    {
        "date": "2020-09-10T15:34:47Z",
        "value": "13781.552780151367",
        "cumulative": true
    },
    {
        "date": "2020-09-10T15:35:07Z",
        "value": "19764.434118270874",
        "cumulative": true
    },
    {
        "date": "2020-09-10T15:35:20Z",
        "value": "23503.303542137146",
        "cumulative": true
    },
    {
        "date": "2020-09-10T15:35:31Z",
        "value": "26492.960494041443",
        "cumulative": true
    },
    {
        "date": "2020-09-10T15:35:50Z",
        "value": "31941.748918533325",
        "cumulative": true
    },
    {
        "date": "2020-09-10T15:36:09Z",
        "value": "37741.77528381348",
        "cumulative": true
    },
    {
        "date": "2020-09-10T15:36:29Z",
        "value": "44106.84120750427",
        "cumulative": true
    },
    {
        "date": "2020-09-10T15:36:43Z",
        "value": "49096.75312805176",
        "cumulative": true
    },
    {
        "date": "2020-09-10T15:36:55Z",
        "value": "53101.869413375854",
        "cumulative": true
    },
    {
        "date": "2020-09-10T15:37:06Z",
        "value": "56907.80602264404",
        "cumulative": true
    },
    {
        "date": "2020-09-10T15:37:17Z",
        "value": "60720.15900993347",
        "cumulative": true
    },
    {
        "date": "2020-09-10T15:37:31Z",
        "value": "65429.9419631958",
        "cumulative": true
    },
    {
        "date": "2020-09-10T15:37:51Z",
        "value": "71848.6502084732",
        "cumulative": true
    },
    {
        "date": "2020-09-10T15:38:06Z",
        "value": "77218.3813047409",
        "cumulative": true
    },
    {
        "date": "2020-09-10T15:38:18Z",
        "value": "81170.57280254364",
        "cumulative": true
    },
    {
        "date": "2020-09-10T15:38:35Z",
        "value": "86710.30994606018",
        "cumulative": true
    },
    {
        "date": "2020-09-10T15:38:52Z",
        "value": "92291.910779953",
        "cumulative": true
    },
    {
        "date": "2020-09-10T15:39:11Z",
        "value": "98191.9854927063",
        "cumulative": true
    },
    {
        "date": "2020-09-10T15:39:27Z",
        "value": "102925.88034439087",
        "cumulative": true
    },
    {
        "date": "2020-09-10T15:39:45Z",
        "value": "108402.61114311218",
        "cumulative": true
    },
    {
        "date": "2020-09-10T15:40:01Z",
        "value": "113517.6064825058",
        "cumulative": true
    },
    {
        "date": "2020-09-10T15:40:20Z",
        "value": "119328.50796604156",
        "cumulative": true
    },
    {
        "date": "2020-09-10T15:40:34Z",
        "value": "123585.75325870514",
        "cumulative": true
    },
    {
        "date": "2020-09-10T15:40:51Z",
        "value": "128596.26612567902",
        "cumulative": true
    },
    {
        "date": "2020-09-10T15:41:05Z",
        "value": "132896.983212471",
        "cumulative": true
    },
    {
        "date": "2020-09-10T15:41:25Z",
        "value": "138564.89225578308",
        "cumulative": true
    },
    {
        "date": "2020-09-10T15:41:35Z",
        "value": "141819.13326263428",
        "cumulative": true
    },
    {
        "date": "2020-09-10T15:41:52Z",
        "value": "147032.2919960022",
        "cumulative": true
    },
    {
        "date": "2020-09-10T15:42:03Z",
        "value": "150486.54650878906",
        "cumulative": true
    },
    {
        "date": "2020-09-10T15:42:19Z",
        "value": "155534.90156173706",
        "cumulative": true
    },
    {
        "date": "2020-09-10T15:42:35Z",
        "value": "160311.8313179016",
        "cumulative": true
    },
    {
        "date": "2020-09-10T15:42:52Z",
        "value": "165584.4705505371",
        "cumulative": true
    },
    {
        "date": "2020-09-10T15:43:03Z",
        "value": "169086.80891036987",
        "cumulative": true
    },
    {
        "date": "2020-09-10T15:43:16Z",
        "value": "173221.8352584839",
        "cumulative": true
    },
    {
        "date": "2020-09-10T15:43:28Z",
        "value": "176803.01321315765",
        "cumulative": true
    },
    {
        "date": "2020-09-10T15:43:44Z",
        "value": "182179.92976665497",
        "cumulative": true
    },
    {
        "date": "2020-09-10T15:43:56Z",
        "value": "185913.3464860916",
        "cumulative": true
    },
    {
        "date": "2020-09-10T15:44:12Z",
        "value": "190802.84770679474",
        "cumulative": true
    },
    {
        "date": "2020-09-10T15:44:23Z",
        "value": "194117.11908435822",
        "cumulative": true
    },
    {
        "date": "2020-09-10T15:44:36Z",
        "value": "198317.54716014862",
        "cumulative": true
    },
    {
        "date": "2020-09-10T15:44:55Z",
        "value": "204492.89202404022",
        "cumulative": true
    },
    {
        "date": "2020-09-10T15:45:14Z",
        "value": "210105.6897726059",
        "cumulative": true
    },
    {
        "date": "2020-09-10T15:45:26Z",
        "value": "214184.2651834488",
        "cumulative": true
    },
    {
        "date": "2020-09-10T15:45:39Z",
        "value": "218289.50792598724",
        "cumulative": true
    },
    {
        "date": "2020-09-10T15:45:56Z",
        "value": "223376.24341201782",
        "cumulative": true
    },
    {
        "date": "2020-09-10T15:46:09Z",
        "value": "227258.48490142822",
        "cumulative": true
    },
    {
        "date": "2020-09-10T15:46:28Z",
        "value": "233006.33572387695",
        "cumulative": true
    },
    {
        "date": "2020-09-10T15:46:45Z",
        "value": "238193.92114830017",
        "cumulative": true
    },
    {
        "date": "2020-09-10T15:47:00Z",
        "value": "242856.76693344116",
        "cumulative": true
    },
    {
        "date": "2020-09-10T15:47:13Z",
        "value": "247408.96075057983",
        "cumulative": true
    },
    {
        "date": "2020-09-10T15:47:24Z",
        "value": "250704.3369808197",
        "cumulative": true
    },
    {
        "date": "2020-09-10T15:47:36Z",
        "value": "254386.45129776",
        "cumulative": true
    },
    {
        "date": "2020-09-10T15:47:55Z",
        "value": "260659.5168132782",
        "cumulative": true
    },
    {
        "date": "2020-09-10T15:48:10Z",
        "value": "265376.7800807953",
        "cumulative": true
    },
    {
        "date": "2020-09-10T15:48:29Z",
        "value": "271025.7268714905",
        "cumulative": true
    },
    {
        "date": "2020-09-10T15:48:44Z",
        "value": "275634.0082244873",
        "cumulative": true
    },
    {
        "date": "2020-09-10T15:48:55Z",
        "value": "276785.2045326233",
        "cumulative": true
    }
]