[
    {
        "date": "2020-09-10T15:33:55Z",
        "value": "1.42578125",
        "cumulative": false
    },
    {
        "date": "2020-09-10T15:34:07Z",
        "value": "138.8046875",
        "cumulative": false
    },
    {
        "date": "2020-09-10T15:34:22Z",
        "value": "153.0",
        "cumulative": false
    },
    {
        "date": "2020-09-10T15:34:37Z",
        "value": "171.61328125",
        "cumulative": false
    },
    {
        "date": "2020-09-10T15:34:50Z",
        "value": "181.2578125",
        "cumulative": false
    },
    {
        "date": "2020-09-10T15:35:01Z",
        "value": "193.48828125",
        "cumulative": false
    },
    {
        "date": "2020-09-10T15:35:20Z",
        "value": "174.30859375",
        "cumulative": false
    },
    {
        "date": "2020-09-10T15:35:31Z",
        "value": "172.05859375",
        "cumulative": false
    },
    {
        "date": "2020-09-10T15:35:47Z",
        "value": "181.68359375",
        "cumulative": false
    },
    {
        "date": "2020-09-10T15:36:01Z",
        "value": "193.99609375",
        "cumulative": false
    },
    {
        "date": "2020-09-10T15:36:18Z",
        "value": "195.87890625",
        "cumulative": false
    },
    {
        "date": "2020-09-10T15:36:38Z",
        "value": "209.59375",
        "cumulative": false
    },
    {
        "date": "2020-09-10T15:36:54Z",
        "value": "217.44140625",
        "cumulative": false
    },
    {
        "date": "2020-09-10T15:37:07Z",
        "value": "229.37890625",
        "cumulative": false
    },
    {
        "date": "2020-09-10T15:37:20Z",
        "value": "279.03515625",
        "cumulative": false
    },
    {
        "date": "2020-09-10T15:37:35Z",
        "value": "229.16015625",
        "cumulative": false
    },
    {
        "date": "2020-09-10T15:37:50Z",
        "value": "293.56640625",
        "cumulative": false
    },
    {
        "date": "2020-09-10T15:38:02Z",
        "value": "295.44140625",
        "cumulative": false
    },
    {
        "date": "2020-09-10T15:38:13Z",
        "value": "253.94140625",
        "cumulative": false
    },
    {
        "date": "2020-09-10T15:38:31Z",
        "value": "349.05859375",
        "cumulative": false
    },
    {
        "date": "2020-09-10T15:38:42Z",
        "value": "285.31640625",
        "cumulative": false
    },
    {
        "date": "2020-09-10T15:38:57Z",
        "value": "292.94140625",
        "cumulative": false
    },
    {
        "date": "2020-09-10T15:39:15Z",
        "value": "285.21875",
        "cumulative": false
    },
    {
        "date": "2020-09-10T15:39:32Z",
        "value": "285.31640625",
        "cumulative": false
    },
    {
        "date": "2020-09-10T15:39:51Z",
        "value": "499.3359375",
        "cumulative": false
    },
    {
        "date": "2020-09-10T15:40:11Z",
        "value": "370.83984375",
        "cumulative": false
    },
    {
        "date": "2020-09-10T15:40:29Z",
        "value": "324.71484375",
        "cumulative": false
    },
    {
        "date": "2020-09-10T15:40:48Z",
        "value": "324.8203125",
        "cumulative": false
    },
    {
        "date": "2020-09-10T15:41:07Z",
        "value": "324.8203125",
        "cumulative": false
    },
    {
        "date": "2020-09-10T15:41:26Z",
        "value": "374.5859375",
        "cumulative": false
    },
    {
        "date": "2020-09-10T15:41:41Z",
        "value": "379.453125",
        "cumulative": false
    },
    {
        "date": "2020-09-10T15:41:51Z",
        "value": "374.5859375",
        "cumulative": false
    },
    {
        "date": "2020-09-10T15:42:04Z",
        "value": "584.328125",
        "cumulative": false
    },
    {
        "date": "2020-09-10T15:42:20Z",
        "value": "568.453125",
        "cumulative": false
    },
    {
        "date": "2020-09-10T15:42:32Z",
        "value": "593.078125",
        "cumulative": false
    },
    {
        "date": "2020-09-10T15:42:50Z",
        "value": "422.8359375",
        "cumulative": false
    },
    {
        "date": "2020-09-10T15:43:06Z",
        "value": "374.6171875",
        "cumulative": false
    },
    {
        "date": "2020-09-10T15:43:17Z",
        "value": "374.6953125",
        "cumulative": false
    },
    {
        "date": "2020-09-10T15:43:33Z",
        "value": "730.9453125",
        "cumulative": false
    },
    {
        "date": "2020-09-10T15:43:47Z",
        "value": "709.04296875",
        "cumulative": false
    },
    {
        "date": "2020-09-10T15:44:03Z",
        "value": "493.046875",
        "cumulative": false
    },
    {
        "date": "2020-09-10T15:44:23Z",
        "value": "626.16796875",
        "cumulative": false
    },
    {
        "date": "2020-09-10T15:44:41Z",
        "value": "437.546875",
        "cumulative": false
    },
    {
        "date": "2020-09-10T15:44:55Z",
        "value": "437.56640625",
        "cumulative": false
    },
    {
        "date": "2020-09-10T15:45:15Z",
        "value": "437.54296875",
        "cumulative": false
    },
    {
        "date": "2020-09-10T15:45:26Z",
        "value": "437.54296875",
        "cumulative": false
    },
    {
        "date": "2020-09-10T15:45:44Z",
        "value": "839.91015625",
        "cumulative": false
    },
    {
        "date": "2020-09-10T15:46:03Z",
        "value": "610.53515625",
        "cumulative": false
    },
    {
        "date": "2020-09-10T15:46:16Z",
        "value": "642.79296875",
        "cumulative": false
    },
    {
        "date": "2020-09-10T15:46:29Z",
        "value": "517.03515625",
        "cumulative": false
    },
    {
        "date": "2020-09-10T15:46:49Z",
        "value": "870.91015625",
        "cumulative": false
    },
    {
        "date": "2020-09-10T15:47:04Z",
        "value": "663.16796875",
        "cumulative": false
    },
    {
        "date": "2020-09-10T15:47:15Z",
        "value": "517.04296875",
        "cumulative": false
    },
    {
        "date": "2020-09-10T15:47:35Z",
        "value": "517.03515625",
        "cumulative": false
    },
    {
        "date": "2020-09-10T15:47:48Z",
        "value": "639.29296875",
        "cumulative": false
    },
    {
        "date": "2020-09-10T15:48:04Z",
        "value": "517.03515625",
        "cumulative": false
    },
    {
        "date": "2020-09-10T15:48:20Z",
        "value": "517.04296875",
        "cumulative": false
    },
    {
        "date": "2020-09-10T15:48:37Z",
        "value": "517.03515625",
        "cumulative": false
    },
    {
        "date": "2020-09-10T15:48:51Z",
        "value": "134.81640625",
        "cumulative": false
    }
]