[
    {
        "date": "2020-09-10T15:34:09Z",
        "value": "0.87594422",
        "cumulative": false
    },
    {
        "date": "2020-09-10T15:34:22Z",
        "value": "1.004840141",
        "cumulative": false
    },
    {
        "date": "2020-09-10T15:34:38Z",
        "value": "1.001977057",
        "cumulative": false
    },
    {
        "date": "2020-09-10T15:34:48Z",
        "value": "1.001186347",
        "cumulative": false
    },
    {
        "date": "2020-09-10T15:35:05Z",
        "value": "1.000074648",
        "cumulative": false
    },
    {
        "date": "2020-09-10T15:35:21Z",
        "value": "1.000564932",
        "cumulative": false
    },
    {
        "date": "2020-09-10T15:35:38Z",
        "value": "1.000355914",
        "cumulative": false
    },
    {
        "date": "2020-09-10T15:35:55Z",
        "value": "0.998831921",
        "cumulative": false
    },
    {
        "date": "2020-09-10T15:36:05Z",
        "value": "1.000250127",
        "cumulative": false
    },
    {
        "date": "2020-09-10T15:36:18Z",
        "value": "0.999565911",
        "cumulative": false
    },
    {
        "date": "2020-09-10T15:36:37Z",
        "value": "1.000662476",
        "cumulative": false
    },
    {
        "date": "2020-09-10T15:36:56Z",
        "value": "0.999455122",
        "cumulative": false
    },
    {
        "date": "2020-09-10T15:37:10Z",
        "value": "1.000613033",
        "cumulative": false
    },
    {
        "date": "2020-09-10T15:37:27Z",
        "value": "0.999494888",
        "cumulative": false
    },
    {
        "date": "2020-09-10T15:37:40Z",
        "value": "1.000183943",
        "cumulative": false
    },
    {
        "date": "2020-09-10T15:38:00Z",
        "value": "0.999608598",
        "cumulative": false
    },
    {
        "date": "2020-09-10T15:38:14Z",
        "value": "0.999756359",
        "cumulative": false
    },
    {
        "date": "2020-09-10T15:38:30Z",
        "value": "0.999710299",
        "cumulative": false
    },
    {
        "date": "2020-09-10T15:38:49Z",
        "value": "1.000006305",
        "cumulative": false
    },
    {
        "date": "2020-09-10T15:39:07Z",
        "value": "0.998973244",
        "cumulative": false
    },
    {
        "date": "2020-09-10T15:39:21Z",
        "value": "0.99963997",
        "cumulative": false
    },
    {
        "date": "2020-09-10T15:39:41Z",
        "value": "0.999716203",
        "cumulative": false
    },
    {
        "date": "2020-09-10T15:39:52Z",
        "value": "1.000327364",
        "cumulative": false
    },
    {
        "date": "2020-09-10T15:40:03Z",
        "value": "0.999651844",
        "cumulative": false
    },
    {
        "date": "2020-09-10T15:40:15Z",
        "value": "0.999720849",
        "cumulative": false
    },
    {
        "date": "2020-09-10T15:40:29Z",
        "value": "0.999665928",
        "cumulative": false
    },
    {
        "date": "2020-09-10T15:40:40Z",
        "value": "0.99982947",
        "cumulative": false
    },
    {
        "date": "2020-09-10T15:40:56Z",
        "value": "0.999771251",
        "cumulative": false
    },
    {
        "date": "2020-09-10T15:41:12Z",
        "value": "0.999788546",
        "cumulative": false
    },
    {
        "date": "2020-09-10T15:41:28Z",
        "value": "1.00072323",
        "cumulative": false
    },
    {
        "date": "2020-09-10T15:41:48Z",
        "value": "0.999770329",
        "cumulative": false
    },
    {
        "date": "2020-09-10T15:42:01Z",
        "value": "0.999625182",
        "cumulative": false
    },
    {
        "date": "2020-09-10T15:42:12Z",
        "value": "0.99969448",
        "cumulative": false
    },
    {
        "date": "2020-09-10T15:42:29Z",
        "value": "0.999398052",
        "cumulative": false
    },
    {
        "date": "2020-09-10T15:42:42Z",
        "value": "0.99917983",
        "cumulative": false
    },
    {
        "date": "2020-09-10T15:43:01Z",
        "value": "0.999588871",
        "cumulative": false
    },
    {
        "date": "2020-09-10T15:43:11Z",
        "value": "0.999703293",
        "cumulative": false
    },
    {
        "date": "2020-09-10T15:43:23Z",
        "value": "1.000774687",
        "cumulative": false
    },
    {
        "date": "2020-09-10T15:43:35Z",
        "value": "0.999829872",
        "cumulative": false
    },
    {
        "date": "2020-09-10T15:43:48Z",
        "value": "0.999809351",
        "cumulative": false
    },
    {
        "date": "2020-09-10T15:44:04Z",
        "value": "0.999659335",
        "cumulative": false
    },
    {
        "date": "2020-09-10T15:44:17Z",
        "value": "0.999771007",
        "cumulative": false
    },
    {
        "date": "2020-09-10T15:44:32Z",
        "value": "0.999846845",
        "cumulative": false
    },
    {
        "date": "2020-09-10T15:44:45Z",
        "value": "0.999296665",
        "cumulative": false
    },
    {
        "date": "2020-09-10T15:44:56Z",
        "value": "0.999698073",
        "cumulative": false
    },
    {
        "date": "2020-09-10T15:45:10Z",
        "value": "0.999804002",
        "cumulative": false
    },
    {
        "date": "2020-09-10T15:45:28Z",
        "value": "0.999690362",
        "cumulative": false
    },
    {
        "date": "2020-09-10T15:45:46Z",
        "value": "1.000508034",
        "cumulative": false
    },
    {
        "date": "2020-09-10T15:46:00Z",
        "value": "0.999775699",
        "cumulative": false
    },
    {
        "date": "2020-09-10T15:46:19Z",
        "value": "0.999562325",
        "cumulative": false
    },
    {
        "date": "2020-09-10T15:46:34Z",
        "value": "0.999792541",
        "cumulative": false
    },
    {
        "date": "2020-09-10T15:46:48Z",
        "value": "0.999940671",
        "cumulative": false
    },
    {
        "date": "2020-09-10T15:46:59Z",
        "value": "0.999720248",
        "cumulative": false
    },
    {
        "date": "2020-09-10T15:47:12Z",
        "value": "0.999937483",
        "cumulative": false
    },
    {
        "date": "2020-09-10T15:47:23Z",
        "value": "0.999796505",
        "cumulative": false
    },
    {
        "date": "2020-09-10T15:47:34Z",
        "value": "0.999646544",
        "cumulative": false
    },
    {
        "date": "2020-09-10T15:47:49Z",
        "value": "0.999451646",
        "cumulative": false
    },
    {
        "date": "2020-09-10T15:48:06Z",
        "value": "0.999670597",
        "cumulative": false
    },
    {
        "date": "2020-09-10T15:48:20Z",
        "value": "0.999590444",
        "cumulative": false
    },
    {
        "date": "2020-09-10T15:48:34Z",
        "value": "0.999388567",
        "cumulative": false
    },
    {
        "date": "2020-09-10T15:48:48Z",
        "value": "0.93103012",
        "cumulative": false
    }
]