[
    {
        "date": "2020-09-10T15:34:10Z",
        "value": "2206.533791542053",
        "cumulative": true
    },
    {
        "date": "2020-09-10T15:34:28Z",
        "value": "8125.806203842163",
        "cumulative": true
    },
    {
        "date": "2020-09-10T15:34:39Z",
        "value": "11223.770370483398",
        "cumulative": true
    },
    {
        "date": "2020-09-10T15:34:50Z",
        "value": "14518.67582988739",
        "cumulative": true
    },
    {
        "date": "2020-09-10T15:35:08Z",
        "value": "20091.04994392395",
        "cumulative": true
    },
    {
        "date": "2020-09-10T15:35:23Z",
        "value": "24415.03028202057",
        "cumulative": true
    },
    {
        "date": "2020-09-10T15:35:38Z",
        "value": "28352.865036010742",
        "cumulative": true
    },
    {
        "date": "2020-09-10T15:35:57Z",
        "value": "34112.70287799835",
        "cumulative": true
    },
    {
        "date": "2020-09-10T15:36:16Z",
        "value": "39805.86606502533",
        "cumulative": true
    },
    {
        "date": "2020-09-10T15:36:32Z",
        "value": "45414.81437206268",
        "cumulative": true
    },
    {
        "date": "2020-09-10T15:36:48Z",
        "value": "50688.12812137604",
        "cumulative": true
    },
    {
        "date": "2020-09-10T15:37:07Z",
        "value": "57175.28824710846",
        "cumulative": true
    },
    {
        "date": "2020-09-10T15:37:26Z",
        "value": "63678.26501750946",
        "cumulative": true
    },
    {
        "date": "2020-09-10T15:37:37Z",
        "value": "67528.19985294342",
        "cumulative": true
    },
    {
        "date": "2020-09-10T15:37:53Z",
        "value": "72833.08423519135",
        "cumulative": true
    },
    {
        "date": "2020-09-10T15:38:04Z",
        "value": "76629.05886363983",
        "cumulative": true
    },
    {
        "date": "2020-09-10T15:38:21Z",
        "value": "82217.13358783722",
        "cumulative": true
    },
    {
        "date": "2020-09-10T15:38:38Z",
        "value": "87603.49818229675",
        "cumulative": true
    },
    {
        "date": "2020-09-10T15:38:51Z",
        "value": "92065.014793396",
        "cumulative": true
    },
    {
        "date": "2020-09-10T15:39:04Z",
        "value": "96353.3564491272",
        "cumulative": true
    },
    {
        "date": "2020-09-10T15:39:22Z",
        "value": "101192.04761886597",
        "cumulative": true
    },
    {
        "date": "2020-09-10T15:39:41Z",
        "value": "107261.33728599548",
        "cumulative": true
    },
    {
        "date": "2020-09-10T15:39:55Z",
        "value": "111379.24746608734",
        "cumulative": true
    },
    {
        "date": "2020-09-10T15:40:07Z",
        "value": "115377.18480205536",
        "cumulative": true
    },
    {
        "date": "2020-09-10T15:40:25Z",
        "value": "120645.14843273163",
        "cumulative": true
    },
    {
        "date": "2020-09-10T15:40:39Z",
        "value": "124892.2671175003",
        "cumulative": true
    },
    {
        "date": "2020-09-10T15:40:56Z",
        "value": "130042.50891590118",
        "cumulative": true
    },
    {
        "date": "2020-09-10T15:41:14Z",
        "value": "135082.99139118195",
        "cumulative": true
    },
    {
        "date": "2020-09-10T15:41:30Z",
        "value": "140247.24406051636",
        "cumulative": true
    },
    {
        "date": "2020-09-10T15:41:47Z",
        "value": "145539.00093078613",
        "cumulative": true
    },
    {
        "date": "2020-09-10T15:42:03Z",
        "value": "150339.9074459076",
        "cumulative": true
    },
    {
        "date": "2020-09-10T15:42:23Z",
        "value": "156469.48958015442",
        "cumulative": true
    },
    {
        "date": "2020-09-10T15:42:37Z",
        "value": "160821.7143497467",
        "cumulative": true
    },
    {
        "date": "2020-09-10T15:42:52Z",
        "value": "165486.21779060364",
        "cumulative": true
    },
    {
        "date": "2020-09-10T15:43:05Z",
        "value": "169451.97637367249",
        "cumulative": true
    },
    {
        "date": "2020-09-10T15:43:22Z",
        "value": "174924.52139377594",
        "cumulative": true
    },
    {
        "date": "2020-09-10T15:43:36Z",
        "value": "179504.65047359467",
        "cumulative": true
    },
    {
        "date": "2020-09-10T15:43:56Z",
        "value": "185719.20373249054",
        "cumulative": true
    },
    {
        "date": "2020-09-10T15:44:14Z",
        "value": "191197.1792974472",
        "cumulative": true
    },
    {
        "date": "2020-09-10T15:44:29Z",
        "value": "195882.43415546417",
        "cumulative": true
    },
    {
        "date": "2020-09-10T15:44:46Z",
        "value": "201573.17730236053",
        "cumulative": true
    },
    {
        "date": "2020-09-10T15:45:04Z",
        "value": "207162.3277349472",
        "cumulative": true
    },
    {
        "date": "2020-09-10T15:45:18Z",
        "value": "211254.6444349289",
        "cumulative": true
    },
    {
        "date": "2020-09-10T15:45:28Z",
        "value": "214465.9322862625",
        "cumulative": true
    },
    {
        "date": "2020-09-10T15:45:39Z",
        "value": "218074.85413074493",
        "cumulative": true
    },
    {
        "date": "2020-09-10T15:45:52Z",
        "value": "221910.69249534607",
        "cumulative": true
    },
    {
        "date": "2020-09-10T15:46:10Z",
        "value": "227659.25650787354",
        "cumulative": true
    },
    {
        "date": "2020-09-10T15:46:27Z",
        "value": "232479.46481704712",
        "cumulative": true
    },
    {
        "date": "2020-09-10T15:46:46Z",
        "value": "238152.98816490173",
        "cumulative": true
    },
    {
        "date": "2020-09-10T15:47:01Z",
        "value": "243164.58985328674",
        "cumulative": true
    },
    {
        "date": "2020-09-10T15:47:18Z",
        "value": "248397.49546813965",
        "cumulative": true
    },
    {
        "date": "2020-09-10T15:47:32Z",
        "value": "252925.67791557312",
        "cumulative": true
    },
    {
        "date": "2020-09-10T15:47:49Z",
        "value": "258101.26970672607",
        "cumulative": true
    },
    {
        "date": "2020-09-10T15:48:04Z",
        "value": "263064.6352901459",
        "cumulative": true
    },
    {
        "date": "2020-09-10T15:48:15Z",
        "value": "266544.2040271759",
        "cumulative": true
    },
    {
        "date": "2020-09-10T15:48:34Z",
        "value": "272451.1479511261",
        "cumulative": true
    },
    {
        "date": "2020-09-10T15:48:49Z",
        "value": "276470.11935806274",
        "cumulative": true
    }
]