[
    {
        "date": "2020-09-10T15:34:12Z",
        "value": "0.890616677",
        "cumulative": false
    },
    {
        "date": "2020-09-10T15:34:25Z",
        "value": "1.002526838",
        "cumulative": false
    },
    {
        "date": "2020-09-10T15:34:40Z",
        "value": "1.000368063",
        "cumulative": false
    },
    {
        "date": "2020-09-10T15:34:52Z",
        "value": "1.000209131",
        "cumulative": false
    },
    {
        "date": "2020-09-10T15:35:09Z",
        "value": "1.000245221",
        "cumulative": false
    },
    {
        "date": "2020-09-10T15:35:26Z",
        "value": "1.000387769",
        "cumulative": false
    },
    {
        "date": "2020-09-10T15:35:39Z",
        "value": "1.000276565",
        "cumulative": false
    },
    {
        "date": "2020-09-10T15:35:58Z",
        "value": "1.00024072",
        "cumulative": false
    },
    {
        "date": "2020-09-10T15:36:11Z",
        "value": "0.999708988",
        "cumulative": false
    },
    {
        "date": "2020-09-10T15:36:31Z",
        "value": "1.000269217",
        "cumulative": false
    },
    {
        "date": "2020-09-10T15:36:43Z",
        "value": "0.999487388",
        "cumulative": false
    },
    {
        "date": "2020-09-10T15:37:00Z",
        "value": "1.000493146",
        "cumulative": false
    },
    {
        "date": "2020-09-10T15:37:17Z",
        "value": "0.999500192",
        "cumulative": false
    },
    {
        "date": "2020-09-10T15:37:32Z",
        "value": "0.999687318",
        "cumulative": false
    },
    {
        "date": "2020-09-10T15:37:44Z",
        "value": "1.000110841",
        "cumulative": false
    },
    {
        "date": "2020-09-10T15:37:56Z",
        "value": "0.999784477",
        "cumulative": false
    },
    {
        "date": "2020-09-10T15:38:16Z",
        "value": "0.999769448",
        "cumulative": false
    },
    {
        "date": "2020-09-10T15:38:27Z",
        "value": "0.999796081",
        "cumulative": false
    },
    {
        "date": "2020-09-10T15:38:46Z",
        "value": "1.000471758",
        "cumulative": false
    },
    {
        "date": "2020-09-10T15:39:00Z",
        "value": "0.999693536",
        "cumulative": false
    },
    {
        "date": "2020-09-10T15:39:18Z",
        "value": "0.999810062",
        "cumulative": false
    },
    {
        "date": "2020-09-10T15:39:34Z",
        "value": "0.99962952",
        "cumulative": false
    },
    {
        "date": "2020-09-10T15:39:48Z",
        "value": "1.000741667",
        "cumulative": false
    },
    {
        "date": "2020-09-10T15:40:00Z",
        "value": "0.999777988",
        "cumulative": false
    },
    {
        "date": "2020-09-10T15:40:16Z",
        "value": "0.999886767",
        "cumulative": false
    },
    {
        "date": "2020-09-10T15:40:28Z",
        "value": "0.999268087",
        "cumulative": false
    },
    {
        "date": "2020-09-10T15:40:44Z",
        "value": "0.999849855",
        "cumulative": false
    },
    {
        "date": "2020-09-10T15:41:00Z",
        "value": "0.999319437",
        "cumulative": false
    },
    {
        "date": "2020-09-10T15:41:10Z",
        "value": "0.999745257",
        "cumulative": false
    },
    {
        "date": "2020-09-10T15:41:29Z",
        "value": "1.000286082",
        "cumulative": false
    },
    {
        "date": "2020-09-10T15:41:39Z",
        "value": "0.999405567",
        "cumulative": false
    },
    {
        "date": "2020-09-10T15:41:51Z",
        "value": "0.999812562",
        "cumulative": false
    },
    {
        "date": "2020-09-10T15:42:07Z",
        "value": "0.999871735",
        "cumulative": false
    },
    {
        "date": "2020-09-10T15:42:23Z",
        "value": "0.999810981",
        "cumulative": false
    },
    {
        "date": "2020-09-10T15:42:37Z",
        "value": "0.999803033",
        "cumulative": false
    },
    {
        "date": "2020-09-10T15:42:55Z",
        "value": "0.999773394",
        "cumulative": false
    },
    {
        "date": "2020-09-10T15:43:15Z",
        "value": "0.999766967",
        "cumulative": false
    },
    {
        "date": "2020-09-10T15:43:27Z",
        "value": "1.000715371",
        "cumulative": false
    },
    {
        "date": "2020-09-10T15:43:44Z",
        "value": "0.99975406",
        "cumulative": false
    },
    {
        "date": "2020-09-10T15:44:00Z",
        "value": "0.999582501",
        "cumulative": false
    },
    {
        "date": "2020-09-10T15:44:19Z",
        "value": "0.999267918",
        "cumulative": false
    },
    {
        "date": "2020-09-10T15:44:34Z",
        "value": "0.999893719",
        "cumulative": false
    },
    {
        "date": "2020-09-10T15:44:50Z",
        "value": "0.999833115",
        "cumulative": false
    },
    {
        "date": "2020-09-10T15:45:05Z",
        "value": "0.999762627",
        "cumulative": false
    },
    {
        "date": "2020-09-10T15:45:23Z",
        "value": "0.99991521",
        "cumulative": false
    },
    {
        "date": "2020-09-10T15:45:33Z",
        "value": "0.999762444",
        "cumulative": false
    },
    {
        "date": "2020-09-10T15:45:52Z",
        "value": "1.000720096",
        "cumulative": false
    },
    {
        "date": "2020-09-10T15:46:11Z",
        "value": "0.999680975",
        "cumulative": false
    },
    {
        "date": "2020-09-10T15:46:25Z",
        "value": "0.999221249",
        "cumulative": false
    },
    {
        "date": "2020-09-10T15:46:42Z",
        "value": "0.999922658",
        "cumulative": false
    },
    {
        "date": "2020-09-10T15:47:01Z",
        "value": "0.999851618",
        "cumulative": false
    },
    {
        "date": "2020-09-10T15:47:16Z",
        "value": "0.999841196",
        "cumulative": false
    },
    {
        "date": "2020-09-10T15:47:36Z",
        "value": "0.999756173",
        "cumulative": false
    },
    {
        "date": "2020-09-10T15:47:47Z",
        "value": "0.999879261",
        "cumulative": false
    },
    {
        "date": "2020-09-10T15:48:04Z",
        "value": "0.999771566",
        "cumulative": false
    },
    {
        "date": "2020-09-10T15:48:17Z",
        "value": "0.999757171",
        "cumulative": false
    },
    {
        "date": "2020-09-10T15:48:29Z",
        "value": "0.999803493",
        "cumulative": false
    },
    {
        "date": "2020-09-10T15:48:39Z",
        "value": "0.99975729",
        "cumulative": false
    },
    {
        "date": "2020-09-10T15:48:51Z",
        "value": "0.673794421",
        "cumulative": false
    }
]