[
    {
        "date": "2020-09-10T15:33:55Z",
        "value": "1.640625",
        "cumulative": false
    },
    {
        "date": "2020-09-10T15:34:09Z",
        "value": "141.19921875",
        "cumulative": false
    },
    {
        "date": "2020-09-10T15:34:22Z",
        "value": "150.55859375",
        "cumulative": false
    },
    {
        "date": "2020-09-10T15:34:38Z",
        "value": "187.5625",
        "cumulative": false
    },
    {
        "date": "2020-09-10T15:34:48Z",
        "value": "202.09375",
        "cumulative": false
    },
    {
        "date": "2020-09-10T15:35:05Z",
        "value": "191.0390625",
        "cumulative": false
    },
    {
        "date": "2020-09-10T15:35:21Z",
        "value": "169.484375",
        "cumulative": false
    },
    {
        "date": "2020-09-10T15:35:38Z",
        "value": "179.23046875",
        "cumulative": false
    },
    {
        "date": "2020-09-10T15:35:55Z",
        "value": "192.35546875",
        "cumulative": false
    },
    {
        "date": "2020-09-10T15:36:05Z",
        "value": "203.9140625",
        "cumulative": false
    },
    {
        "date": "2020-09-10T15:36:18Z",
        "value": "243.85546875",
        "cumulative": false
    },
    {
        "date": "2020-09-10T15:36:37Z",
        "value": "258.20703125",
        "cumulative": false
    },
    {
        "date": "2020-09-10T15:36:56Z",
        "value": "252.76171875",
        "cumulative": false
    },
    {
        "date": "2020-09-10T15:37:10Z",
        "value": "270.203125",
        "cumulative": false
    },
    {
        "date": "2020-09-10T15:37:27Z",
        "value": "226.703125",
        "cumulative": false
    },
    {
        "date": "2020-09-10T15:37:40Z",
        "value": "271.11328125",
        "cumulative": false
    },
    {
        "date": "2020-09-10T15:38:00Z",
        "value": "268.37890625",
        "cumulative": false
    },
    {
        "date": "2020-09-10T15:38:14Z",
        "value": "272.61328125",
        "cumulative": false
    },
    {
        "date": "2020-09-10T15:38:30Z",
        "value": "260.23828125",
        "cumulative": false
    },
    {
        "date": "2020-09-10T15:38:49Z",
        "value": "282.765625",
        "cumulative": false
    },
    {
        "date": "2020-09-10T15:39:07Z",
        "value": "315.61328125",
        "cumulative": false
    },
    {
        "date": "2020-09-10T15:39:21Z",
        "value": "282.765625",
        "cumulative": false
    },
    {
        "date": "2020-09-10T15:39:41Z",
        "value": "282.86328125",
        "cumulative": false
    },
    {
        "date": "2020-09-10T15:39:52Z",
        "value": "337.12890625",
        "cumulative": false
    },
    {
        "date": "2020-09-10T15:40:03Z",
        "value": "362.8828125",
        "cumulative": false
    },
    {
        "date": "2020-09-10T15:40:15Z",
        "value": "322.328125",
        "cumulative": false
    },
    {
        "date": "2020-09-10T15:40:29Z",
        "value": "478.8828125",
        "cumulative": false
    },
    {
        "date": "2020-09-10T15:40:40Z",
        "value": "434.7578125",
        "cumulative": false
    },
    {
        "date": "2020-09-10T15:40:56Z",
        "value": "322.36328125",
        "cumulative": false
    },
    {
        "date": "2020-09-10T15:41:12Z",
        "value": "322.25390625",
        "cumulative": false
    },
    {
        "date": "2020-09-10T15:41:28Z",
        "value": "372.2265625",
        "cumulative": false
    },
    {
        "date": "2020-09-10T15:41:48Z",
        "value": "572.74609375",
        "cumulative": false
    },
    {
        "date": "2020-09-10T15:42:01Z",
        "value": "372.12109375",
        "cumulative": false
    },
    {
        "date": "2020-09-10T15:42:12Z",
        "value": "372.23828125",
        "cumulative": false
    },
    {
        "date": "2020-09-10T15:42:29Z",
        "value": "372.12109375",
        "cumulative": false
    },
    {
        "date": "2020-09-10T15:42:42Z",
        "value": "475.875",
        "cumulative": false
    },
    {
        "date": "2020-09-10T15:43:01Z",
        "value": "372.23828125",
        "cumulative": false
    },
    {
        "date": "2020-09-10T15:43:11Z",
        "value": "372.23828125",
        "cumulative": false
    },
    {
        "date": "2020-09-10T15:43:23Z",
        "value": "435.0859375",
        "cumulative": false
    },
    {
        "date": "2020-09-10T15:43:35Z",
        "value": "439.2109375",
        "cumulative": false
    },
    {
        "date": "2020-09-10T15:43:48Z",
        "value": "435.0859375",
        "cumulative": false
    },
    {
        "date": "2020-09-10T15:44:04Z",
        "value": "435.11328125",
        "cumulative": false
    },
    {
        "date": "2020-09-10T15:44:17Z",
        "value": "435.11328125",
        "cumulative": false
    },
    {
        "date": "2020-09-10T15:44:32Z",
        "value": "435.11328125",
        "cumulative": false
    },
    {
        "date": "2020-09-10T15:44:45Z",
        "value": "435.140625",
        "cumulative": false
    },
    {
        "date": "2020-09-10T15:44:56Z",
        "value": "553.5859375",
        "cumulative": false
    },
    {
        "date": "2020-09-10T15:45:10Z",
        "value": "591.0859375",
        "cumulative": false
    },
    {
        "date": "2020-09-10T15:45:28Z",
        "value": "435.0859375",
        "cumulative": false
    },
    {
        "date": "2020-09-10T15:45:46Z",
        "value": "547.8359375",
        "cumulative": false
    },
    {
        "date": "2020-09-10T15:46:00Z",
        "value": "514.5859375",
        "cumulative": false
    },
    {
        "date": "2020-09-10T15:46:19Z",
        "value": "865.078125",
        "cumulative": false
    },
    {
        "date": "2020-09-10T15:46:34Z",
        "value": "514.5859375",
        "cumulative": false
    },
    {
        "date": "2020-09-10T15:46:48Z",
        "value": "609.328125",
        "cumulative": false
    },
    {
        "date": "2020-09-10T15:46:59Z",
        "value": "552.453125",
        "cumulative": false
    },
    {
        "date": "2020-09-10T15:47:12Z",
        "value": "796.8359375",
        "cumulative": false
    },
    {
        "date": "2020-09-10T15:47:23Z",
        "value": "514.61328125",
        "cumulative": false
    },
    {
        "date": "2020-09-10T15:47:34Z",
        "value": "754.3359375",
        "cumulative": false
    },
    {
        "date": "2020-09-10T15:47:49Z",
        "value": "744.2109375",
        "cumulative": false
    },
    {
        "date": "2020-09-10T15:48:06Z",
        "value": "653.7109375",
        "cumulative": false
    },
    {
        "date": "2020-09-10T15:48:20Z",
        "value": "837.828125",
        "cumulative": false
    },
    {
        "date": "2020-09-10T15:48:34Z",
        "value": "514.578125",
        "cumulative": false
    },
    {
        "date": "2020-09-10T15:48:48Z",
        "value": "132.36328125",
        "cumulative": false
    }
]