[
    {
        "date": "2020-09-11T12:38:30Z",
        "value": "0.006702083",
        "cumulative": false
    },
    {
        "date": "2020-09-11T12:38:48Z",
        "value": "0.837956845",
        "cumulative": false
    },
    {
        "date": "2020-09-11T12:39:06Z",
        "value": "1.001741322",
        "cumulative": false
    },
    {
        "date": "2020-09-11T12:39:22Z",
        "value": "1.000295899",
        "cumulative": false
    },
    {
        "date": "2020-09-11T12:39:36Z",
        "value": "0.999896682",
        "cumulative": false
    },
    {
        "date": "2020-09-11T12:39:51Z",
        "value": "0.997415906",
        "cumulative": false
    },
    {
        "date": "2020-09-11T12:40:08Z",
        "value": "0.997890917",
        "cumulative": false
    },
    {
        "date": "2020-09-11T12:40:22Z",
        "value": "1.000076894",
        "cumulative": false
    },
    {
        "date": "2020-09-11T12:40:41Z",
        "value": "0.998769928",
        "cumulative": false
    },
    {
        "date": "2020-09-11T12:40:54Z",
        "value": "0.99890488",
        "cumulative": false
    },
    {
        "date": "2020-09-11T12:41:09Z",
        "value": "0.998373481",
        "cumulative": false
    },
    {
        "date": "2020-09-11T12:41:26Z",
        "value": "0.998454051",
        "cumulative": false
    },
    {
        "date": "2020-09-11T12:41:37Z",
        "value": "0.998792952",
        "cumulative": false
    },
    {
        "date": "2020-09-11T12:41:48Z",
        "value": "0.998586691",
        "cumulative": false
    },
    {
        "date": "2020-09-11T12:42:07Z",
        "value": "0.999315009",
        "cumulative": false
    },
    {
        "date": "2020-09-11T12:42:18Z",
        "value": "0.999410904",
        "cumulative": false
    },
    {
        "date": "2020-09-11T12:42:29Z",
        "value": "0.999715647",
        "cumulative": false
    },
    {
        "date": "2020-09-11T12:42:40Z",
        "value": "0.999200322",
        "cumulative": false
    },
    {
        "date": "2020-09-11T12:42:53Z",
        "value": "0.999935384",
        "cumulative": false
    },
    {
        "date": "2020-09-11T12:43:08Z",
        "value": "0.999076617",
        "cumulative": false
    },
    {
        "date": "2020-09-11T12:43:25Z",
        "value": "1.000102131",
        "cumulative": false
    },
    {
        "date": "2020-09-11T12:43:40Z",
        "value": "0.999919472",
        "cumulative": false
    },
    {
        "date": "2020-09-11T12:43:58Z",
        "value": "0.999632405",
        "cumulative": false
    },
    {
        "date": "2020-09-11T12:44:12Z",
        "value": "0.99940257",
        "cumulative": false
    },
    {
        "date": "2020-09-11T12:44:25Z",
        "value": "0.999837467",
        "cumulative": false
    },
    {
        "date": "2020-09-11T12:44:35Z",
        "value": "1.000766557",
        "cumulative": false
    },
    {
        "date": "2020-09-11T12:44:46Z",
        "value": "1.000043678",
        "cumulative": false
    },
    {
        "date": "2020-09-11T12:45:06Z",
        "value": "1.000108319",
        "cumulative": false
    },
    {
        "date": "2020-09-11T12:45:20Z",
        "value": "0.999660714",
        "cumulative": false
    },
    {
        "date": "2020-09-11T12:45:33Z",
        "value": "0.999848173",
        "cumulative": false
    },
    {
        "date": "2020-09-11T12:45:52Z",
        "value": "0.999978762",
        "cumulative": false
    },
    {
        "date": "2020-09-11T12:46:05Z",
        "value": "1.000553206",
        "cumulative": false
    },
    {
        "date": "2020-09-11T12:46:16Z",
        "value": "0.999707324",
        "cumulative": false
    },
    {
        "date": "2020-09-11T12:46:34Z",
        "value": "0.999989534",
        "cumulative": false
    },
    {
        "date": "2020-09-11T12:46:54Z",
        "value": "1.000107878",
        "cumulative": false
    },
    {
        "date": "2020-09-11T12:47:13Z",
        "value": "0.999818608",
        "cumulative": false
    },
    {
        "date": "2020-09-11T12:47:28Z",
        "value": "0.999686883",
        "cumulative": false
    },
    {
        "date": "2020-09-11T12:47:47Z",
        "value": "0.999864506",
        "cumulative": false
    },
    {
        "date": "2020-09-11T12:48:06Z",
        "value": "0.999884611",
        "cumulative": false
    },
    {
        "date": "2020-09-11T12:48:24Z",
        "value": "0.999759482",
        "cumulative": false
    },
    {
        "date": "2020-09-11T12:48:40Z",
        "value": "0.999724286",
        "cumulative": false
    },
    {
        "date": "2020-09-11T12:48:52Z",
        "value": "0.999930174",
        "cumulative": false
    },
    {
        "date": "2020-09-11T12:49:05Z",
        "value": "0.999361344",
        "cumulative": false
    },
    {
        "date": "2020-09-11T12:49:17Z",
        "value": "0.999415696",
        "cumulative": false
    },
    {
        "date": "2020-09-11T12:49:34Z",
        "value": "0.999538616",
        "cumulative": false
    },
    {
        "date": "2020-09-11T12:49:48Z",
        "value": "0.99944552",
        "cumulative": false
    },
    {
        "date": "2020-09-11T12:50:04Z",
        "value": "0.99951225",
        "cumulative": false
    },
    {
        "date": "2020-09-11T12:50:21Z",
        "value": "1.000344396",
        "cumulative": false
    },
    {
        "date": "2020-09-11T12:50:32Z",
        "value": "0.999378372",
        "cumulative": false
    },
    {
        "date": "2020-09-11T12:50:43Z",
        "value": "0.999992369",
        "cumulative": false
    },
    {
        "date": "2020-09-11T12:50:54Z",
        "value": "0.999710901",
        "cumulative": false
    },
    {
        "date": "2020-09-11T12:51:04Z",
        "value": "0.99999135",
        "cumulative": false
    },
    {
        "date": "2020-09-11T12:51:20Z",
        "value": "0.999913261",
        "cumulative": false
    },
    {
        "date": "2020-09-11T12:51:31Z",
        "value": "0.999808683",
        "cumulative": false
    },
    {
        "date": "2020-09-11T12:51:48Z",
        "value": "0.999630749",
        "cumulative": false
    },
    {
        "date": "2020-09-11T12:52:02Z",
        "value": "0.999699337",
        "cumulative": false
    },
    {
        "date": "2020-09-11T12:52:20Z",
        "value": "1.000028665",
        "cumulative": false
    },
    {
        "date": "2020-09-11T12:52:32Z",
        "value": "0.999397527",
        "cumulative": false
    },
    {
        "date": "2020-09-11T12:52:44Z",
        "value": "0.999445289",
        "cumulative": false
    },
    {
        "date": "2020-09-11T12:53:02Z",
        "value": "0.9998932",
        "cumulative": false
    },
    {
        "date": "2020-09-11T12:53:19Z",
        "value": "1.000408469",
        "cumulative": false
    },
    {
        "date": "2020-09-11T12:53:30Z",
        "value": "0.999570778",
        "cumulative": false
    },
    {
        "date": "2020-09-11T12:53:47Z",
        "value": "0.999217916",
        "cumulative": false
    },
    {
        "date": "2020-09-11T12:54:00Z",
        "value": "0.99952124",
        "cumulative": false
    },
    {
        "date": "2020-09-11T12:54:18Z",
        "value": "0.999179753",
        "cumulative": false
    },
    {
        "date": "2020-09-11T12:54:31Z",
        "value": "0.999583048",
        "cumulative": false
    },
    {
        "date": "2020-09-11T12:54:46Z",
        "value": "0.999862204",
        "cumulative": false
    },
    {
        "date": "2020-09-11T12:55:03Z",
        "value": "0.999871762",
        "cumulative": false
    },
    {
        "date": "2020-09-11T12:55:18Z",
        "value": "0.999538423",
        "cumulative": false
    },
    {
        "date": "2020-09-11T12:55:32Z",
        "value": "0.999357062",
        "cumulative": false
    },
    {
        "date": "2020-09-11T12:55:50Z",
        "value": "0.999622529",
        "cumulative": false
    },
    {
        "date": "2020-09-11T12:56:03Z",
        "value": "0.999804989",
        "cumulative": false
    },
    {
        "date": "2020-09-11T12:56:17Z",
        "value": "0.999654303",
        "cumulative": false
    },
    {
        "date": "2020-09-11T12:56:28Z",
        "value": "0.99996456",
        "cumulative": false
    },
    {
        "date": "2020-09-11T12:56:40Z",
        "value": "0.999918606",
        "cumulative": false
    },
    {
        "date": "2020-09-11T12:56:57Z",
        "value": "0.999311565",
        "cumulative": false
    }
]