[
    {
        "date": "2020-09-11T12:38:35Z",
        "value": "0.152124717",
        "cumulative": false
    },
    {
        "date": "2020-09-11T12:38:50Z",
        "value": "1.007583651",
        "cumulative": false
    },
    {
        "date": "2020-09-11T12:39:03Z",
        "value": "1.001448802",
        "cumulative": false
    },
    {
        "date": "2020-09-11T12:39:15Z",
        "value": "1.001333911",
        "cumulative": false
    },
    {
        "date": "2020-09-11T12:39:27Z",
        "value": "1.000635123",
        "cumulative": false
    },
    {
        "date": "2020-09-11T12:39:39Z",
        "value": "1.000329179",
        "cumulative": false
    },
    {
        "date": "2020-09-11T12:39:49Z",
        "value": "1.000709641",
        "cumulative": false
    },
    {
        "date": "2020-09-11T12:40:00Z",
        "value": "0.999961152",
        "cumulative": false
    },
    {
        "date": "2020-09-11T12:40:14Z",
        "value": "1.00025132",
        "cumulative": false
    },
    {
        "date": "2020-09-11T12:40:25Z",
        "value": "1.000179499",
        "cumulative": false
    },
    {
        "date": "2020-09-11T12:40:39Z",
        "value": "1.000087509",
        "cumulative": false
    },
    {
        "date": "2020-09-11T12:40:51Z",
        "value": "1.000985244",
        "cumulative": false
    },
    {
        "date": "2020-09-11T12:41:05Z",
        "value": "1.000210697",
        "cumulative": false
    },
    {
        "date": "2020-09-11T12:41:15Z",
        "value": "0.999864832",
        "cumulative": false
    },
    {
        "date": "2020-09-11T12:41:30Z",
        "value": "1.000871784",
        "cumulative": false
    },
    {
        "date": "2020-09-11T12:41:43Z",
        "value": "1.000193493",
        "cumulative": false
    },
    {
        "date": "2020-09-11T12:42:00Z",
        "value": "1.000275232",
        "cumulative": false
    },
    {
        "date": "2020-09-11T12:42:16Z",
        "value": "1.001181607",
        "cumulative": false
    },
    {
        "date": "2020-09-11T12:42:30Z",
        "value": "1.000348375",
        "cumulative": false
    },
    {
        "date": "2020-09-11T12:42:49Z",
        "value": "1.000311374",
        "cumulative": false
    },
    {
        "date": "2020-09-11T12:43:04Z",
        "value": "1.000186175",
        "cumulative": false
    },
    {
        "date": "2020-09-11T12:43:15Z",
        "value": "1.001551536",
        "cumulative": false
    },
    {
        "date": "2020-09-11T12:43:25Z",
        "value": "1.000357844",
        "cumulative": false
    },
    {
        "date": "2020-09-11T12:43:45Z",
        "value": "1.000341279",
        "cumulative": false
    },
    {
        "date": "2020-09-11T12:43:55Z",
        "value": "1.000262826",
        "cumulative": false
    },
    {
        "date": "2020-09-11T12:44:05Z",
        "value": "1.000350454",
        "cumulative": false
    },
    {
        "date": "2020-09-11T12:44:23Z",
        "value": "1.00033508",
        "cumulative": false
    },
    {
        "date": "2020-09-11T12:44:37Z",
        "value": "1.001076466",
        "cumulative": false
    },
    {
        "date": "2020-09-11T12:44:52Z",
        "value": "1.0002092",
        "cumulative": false
    },
    {
        "date": "2020-09-11T12:45:08Z",
        "value": "1.000394128",
        "cumulative": false
    },
    {
        "date": "2020-09-11T12:45:19Z",
        "value": "1.000369459",
        "cumulative": false
    },
    {
        "date": "2020-09-11T12:45:32Z",
        "value": "1.000324299",
        "cumulative": false
    },
    {
        "date": "2020-09-11T12:45:42Z",
        "value": "1.00028733",
        "cumulative": false
    },
    {
        "date": "2020-09-11T12:45:53Z",
        "value": "1.000326068",
        "cumulative": false
    },
    {
        "date": "2020-09-11T12:46:04Z",
        "value": "1.001185723",
        "cumulative": false
    },
    {
        "date": "2020-09-11T12:46:22Z",
        "value": "1.000435339",
        "cumulative": false
    },
    {
        "date": "2020-09-11T12:46:36Z",
        "value": "1.000273847",
        "cumulative": false
    },
    {
        "date": "2020-09-11T12:46:56Z",
        "value": "1.000288118",
        "cumulative": false
    },
    {
        "date": "2020-09-11T12:47:11Z",
        "value": "1.000329042",
        "cumulative": false
    },
    {
        "date": "2020-09-11T12:47:28Z",
        "value": "1.000003419",
        "cumulative": false
    },
    {
        "date": "2020-09-11T12:47:39Z",
        "value": "1.000311489",
        "cumulative": false
    },
    {
        "date": "2020-09-11T12:47:50Z",
        "value": "1.000075305",
        "cumulative": false
    },
    {
        "date": "2020-09-11T12:48:07Z",
        "value": "1.000806825",
        "cumulative": false
    },
    {
        "date": "2020-09-11T12:48:23Z",
        "value": "1.000211456",
        "cumulative": false
    },
    {
        "date": "2020-09-11T12:48:41Z",
        "value": "1.000414477",
        "cumulative": false
    },
    {
        "date": "2020-09-11T12:48:59Z",
        "value": "1.000347116",
        "cumulative": false
    },
    {
        "date": "2020-09-11T12:49:12Z",
        "value": "1.0003222",
        "cumulative": false
    },
    {
        "date": "2020-09-11T12:49:25Z",
        "value": "1.000366791",
        "cumulative": false
    },
    {
        "date": "2020-09-11T12:49:44Z",
        "value": "1.000166453",
        "cumulative": false
    },
    {
        "date": "2020-09-11T12:49:55Z",
        "value": "1.000117911",
        "cumulative": false
    },
    {
        "date": "2020-09-11T12:50:08Z",
        "value": "1.00030622",
        "cumulative": false
    },
    {
        "date": "2020-09-11T12:50:28Z",
        "value": "1.000974703",
        "cumulative": false
    },
    {
        "date": "2020-09-11T12:50:45Z",
        "value": "1.000282081",
        "cumulative": false
    },
    {
        "date": "2020-09-11T12:51:03Z",
        "value": "1.00023908",
        "cumulative": false
    },
    {
        "date": "2020-09-11T12:51:23Z",
        "value": "1.000134553",
        "cumulative": false
    },
    {
        "date": "2020-09-11T12:51:35Z",
        "value": "1.000244545",
        "cumulative": false
    },
    {
        "date": "2020-09-11T12:51:46Z",
        "value": "1.000490453",
        "cumulative": false
    },
    {
        "date": "2020-09-11T12:52:00Z",
        "value": "1.000380296",
        "cumulative": false
    },
    {
        "date": "2020-09-11T12:52:15Z",
        "value": "1.000368597",
        "cumulative": false
    },
    {
        "date": "2020-09-11T12:52:29Z",
        "value": "1.000472331",
        "cumulative": false
    },
    {
        "date": "2020-09-11T12:52:42Z",
        "value": "1.000289813",
        "cumulative": false
    },
    {
        "date": "2020-09-11T12:52:58Z",
        "value": "1.00033803",
        "cumulative": false
    },
    {
        "date": "2020-09-11T12:53:08Z",
        "value": "1.000230681",
        "cumulative": false
    },
    {
        "date": "2020-09-11T12:53:27Z",
        "value": "1.001112254",
        "cumulative": false
    },
    {
        "date": "2020-09-11T12:53:45Z",
        "value": "1.000369153",
        "cumulative": false
    },
    {
        "date": "2020-09-11T12:54:03Z",
        "value": "1.000382153",
        "cumulative": false
    },
    {
        "date": "2020-09-11T12:54:18Z",
        "value": "1.000345122",
        "cumulative": false
    },
    {
        "date": "2020-09-11T12:54:37Z",
        "value": "1.000344306",
        "cumulative": false
    },
    {
        "date": "2020-09-11T12:54:50Z",
        "value": "1.000122284",
        "cumulative": false
    },
    {
        "date": "2020-09-11T12:55:09Z",
        "value": "1.000288168",
        "cumulative": false
    },
    {
        "date": "2020-09-11T12:55:19Z",
        "value": "1.000427098",
        "cumulative": false
    },
    {
        "date": "2020-09-11T12:55:34Z",
        "value": "1.000452876",
        "cumulative": false
    },
    {
        "date": "2020-09-11T12:55:54Z",
        "value": "1.000337888",
        "cumulative": false
    },
    {
        "date": "2020-09-11T12:56:06Z",
        "value": "1.000366944",
        "cumulative": false
    },
    {
        "date": "2020-09-11T12:56:25Z",
        "value": "1.0004257",
        "cumulative": false
    },
    {
        "date": "2020-09-11T12:56:36Z",
        "value": "1.000132753",
        "cumulative": false
    },
    {
        "date": "2020-09-11T12:56:50Z",
        "value": "1.000328815",
        "cumulative": false
    }
]