[
    {
        "date": "2020-09-11T12:38:35Z",
        "value": "124.09765625",
        "cumulative": false
    },
    {
        "date": "2020-09-11T12:38:50Z",
        "value": "1078.6640625",
        "cumulative": false
    },
    {
        "date": "2020-09-11T12:39:03Z",
        "value": "1090.31640625",
        "cumulative": false
    },
    {
        "date": "2020-09-11T12:39:15Z",
        "value": "1104.125",
        "cumulative": false
    },
    {
        "date": "2020-09-11T12:39:27Z",
        "value": "1113.76953125",
        "cumulative": false
    },
    {
        "date": "2020-09-11T12:39:39Z",
        "value": "1126.0078125",
        "cumulative": false
    },
    {
        "date": "2020-09-11T12:39:49Z",
        "value": "1155.59375",
        "cumulative": false
    },
    {
        "date": "2020-09-11T12:40:00Z",
        "value": "1133.04296875",
        "cumulative": false
    },
    {
        "date": "2020-09-11T12:40:14Z",
        "value": "1172.88671875",
        "cumulative": false
    },
    {
        "date": "2020-09-11T12:40:25Z",
        "value": "1172.88671875",
        "cumulative": false
    },
    {
        "date": "2020-09-11T12:40:39Z",
        "value": "1172.88671875",
        "cumulative": false
    },
    {
        "date": "2020-09-11T12:40:51Z",
        "value": "1185.3359375",
        "cumulative": false
    },
    {
        "date": "2020-09-11T12:41:05Z",
        "value": "1129.53515625",
        "cumulative": false
    },
    {
        "date": "2020-09-11T12:41:15Z",
        "value": "1185.27734375",
        "cumulative": false
    },
    {
        "date": "2020-09-11T12:41:30Z",
        "value": "1200.859375",
        "cumulative": false
    },
    {
        "date": "2020-09-11T12:41:43Z",
        "value": "1152.390625",
        "cumulative": false
    },
    {
        "date": "2020-09-11T12:42:00Z",
        "value": "1179.109375",
        "cumulative": false
    },
    {
        "date": "2020-09-11T12:42:16Z",
        "value": "1198.4453125",
        "cumulative": false
    },
    {
        "date": "2020-09-11T12:42:30Z",
        "value": "1128.84765625",
        "cumulative": false
    },
    {
        "date": "2020-09-11T12:42:49Z",
        "value": "1146.04296875",
        "cumulative": false
    },
    {
        "date": "2020-09-11T12:43:04Z",
        "value": "1220.40234375",
        "cumulative": false
    },
    {
        "date": "2020-09-11T12:43:15Z",
        "value": "1153.53125",
        "cumulative": false
    },
    {
        "date": "2020-09-11T12:43:25Z",
        "value": "1245.1484375",
        "cumulative": false
    },
    {
        "date": "2020-09-11T12:43:45Z",
        "value": "1245.14453125",
        "cumulative": false
    },
    {
        "date": "2020-09-11T12:43:55Z",
        "value": "1160.7734375",
        "cumulative": false
    },
    {
        "date": "2020-09-11T12:44:05Z",
        "value": "1245.15234375",
        "cumulative": false
    },
    {
        "date": "2020-09-11T12:44:23Z",
        "value": "1238.2734375",
        "cumulative": false
    },
    {
        "date": "2020-09-11T12:44:37Z",
        "value": "1276.49609375",
        "cumulative": false
    },
    {
        "date": "2020-09-11T12:44:52Z",
        "value": "1208.77734375",
        "cumulative": false
    },
    {
        "date": "2020-09-11T12:45:08Z",
        "value": "1149.24609375",
        "cumulative": false
    },
    {
        "date": "2020-09-11T12:45:19Z",
        "value": "1218.65234375",
        "cumulative": false
    },
    {
        "date": "2020-09-11T12:45:32Z",
        "value": "1276.52734375",
        "cumulative": false
    },
    {
        "date": "2020-09-11T12:45:42Z",
        "value": "1261.46484375",
        "cumulative": false
    },
    {
        "date": "2020-09-11T12:45:53Z",
        "value": "1245.30859375",
        "cumulative": false
    },
    {
        "date": "2020-09-11T12:46:04Z",
        "value": "1316.11328125",
        "cumulative": false
    },
    {
        "date": "2020-09-11T12:46:22Z",
        "value": "1316.02734375",
        "cumulative": false
    },
    {
        "date": "2020-09-11T12:46:36Z",
        "value": "1241.390625",
        "cumulative": false
    },
    {
        "date": "2020-09-11T12:46:56Z",
        "value": "1146.51953125",
        "cumulative": false
    },
    {
        "date": "2020-09-11T12:47:11Z",
        "value": "1197.40234375",
        "cumulative": false
    },
    {
        "date": "2020-09-11T12:47:28Z",
        "value": "1304.77734375",
        "cumulative": false
    },
    {
        "date": "2020-09-11T12:47:39Z",
        "value": "1195.36328125",
        "cumulative": false
    },
    {
        "date": "2020-09-11T12:47:50Z",
        "value": "1316.02734375",
        "cumulative": false
    },
    {
        "date": "2020-09-11T12:48:07Z",
        "value": "1254.01953125",
        "cumulative": false
    },
    {
        "date": "2020-09-11T12:48:23Z",
        "value": "1365.89453125",
        "cumulative": false
    },
    {
        "date": "2020-09-11T12:48:41Z",
        "value": "1208.78125",
        "cumulative": false
    },
    {
        "date": "2020-09-11T12:48:59Z",
        "value": "1233.39453125",
        "cumulative": false
    },
    {
        "date": "2020-09-11T12:49:12Z",
        "value": "1365.90625",
        "cumulative": false
    },
    {
        "date": "2020-09-11T12:49:25Z",
        "value": "1365.94140625",
        "cumulative": false
    },
    {
        "date": "2020-09-11T12:49:44Z",
        "value": "1365.90625",
        "cumulative": false
    },
    {
        "date": "2020-09-11T12:49:55Z",
        "value": "1338.14453125",
        "cumulative": false
    },
    {
        "date": "2020-09-11T12:50:08Z",
        "value": "1203.01953125",
        "cumulative": false
    },
    {
        "date": "2020-09-11T12:50:28Z",
        "value": "1286.9140625",
        "cumulative": false
    },
    {
        "date": "2020-09-11T12:50:45Z",
        "value": "1428.8125",
        "cumulative": false
    },
    {
        "date": "2020-09-11T12:51:03Z",
        "value": "1305.33203125",
        "cumulative": false
    },
    {
        "date": "2020-09-11T12:51:23Z",
        "value": "1428.7890625",
        "cumulative": false
    },
    {
        "date": "2020-09-11T12:51:35Z",
        "value": "1429.0625",
        "cumulative": false
    },
    {
        "date": "2020-09-11T12:51:46Z",
        "value": "1428.7890625",
        "cumulative": false
    },
    {
        "date": "2020-09-11T12:52:00Z",
        "value": "1187.5625",
        "cumulative": false
    },
    {
        "date": "2020-09-11T12:52:15Z",
        "value": "1428.8125",
        "cumulative": false
    },
    {
        "date": "2020-09-11T12:52:29Z",
        "value": "1131.4375",
        "cumulative": false
    },
    {
        "date": "2020-09-11T12:52:42Z",
        "value": "1170.9375",
        "cumulative": false
    },
    {
        "date": "2020-09-11T12:52:58Z",
        "value": "1428.8125",
        "cumulative": false
    },
    {
        "date": "2020-09-11T12:53:08Z",
        "value": "1428.7890625",
        "cumulative": false
    },
    {
        "date": "2020-09-11T12:53:27Z",
        "value": "1338.91796875",
        "cumulative": false
    },
    {
        "date": "2020-09-11T12:53:45Z",
        "value": "1348.91015625",
        "cumulative": false
    },
    {
        "date": "2020-09-11T12:54:03Z",
        "value": "1300.94921875",
        "cumulative": false
    },
    {
        "date": "2020-09-11T12:54:18Z",
        "value": "1508.29296875",
        "cumulative": false
    },
    {
        "date": "2020-09-11T12:54:37Z",
        "value": "1138.07421875",
        "cumulative": false
    },
    {
        "date": "2020-09-11T12:54:50Z",
        "value": "1508.29296875",
        "cumulative": false
    },
    {
        "date": "2020-09-11T12:55:09Z",
        "value": "1345.82421875",
        "cumulative": false
    },
    {
        "date": "2020-09-11T12:55:19Z",
        "value": "1352.66796875",
        "cumulative": false
    },
    {
        "date": "2020-09-11T12:55:34Z",
        "value": "1508.29296875",
        "cumulative": false
    },
    {
        "date": "2020-09-11T12:55:54Z",
        "value": "1508.29296875",
        "cumulative": false
    },
    {
        "date": "2020-09-11T12:56:06Z",
        "value": "1201.57421875",
        "cumulative": false
    },
    {
        "date": "2020-09-11T12:56:25Z",
        "value": "1373.41796875",
        "cumulative": false
    },
    {
        "date": "2020-09-11T12:56:36Z",
        "value": "1240.66796875",
        "cumulative": false
    },
    {
        "date": "2020-09-11T12:56:50Z",
        "value": "1376.66796875",
        "cumulative": false
    }
]