[
    {
        "date": "2020-09-11T12:38:22Z",
        "value": "4.00543212890625e-05",
        "cumulative": true
    },
    {
        "date": "2020-09-11T12:38:38Z",
        "value": "0.44161510467529297",
        "cumulative": true
    },
    {
        "date": "2020-09-11T12:38:58Z",
        "value": "4365.323726654053",
        "cumulative": true
    },
    {
        "date": "2020-09-11T12:39:16Z",
        "value": "8263.502106666565",
        "cumulative": true
    },
    {
        "date": "2020-09-11T12:39:27Z",
        "value": "10491.001364707947",
        "cumulative": true
    },
    {
        "date": "2020-09-11T12:39:37Z",
        "value": "12648.801570892334",
        "cumulative": true
    },
    {
        "date": "2020-09-11T12:39:56Z",
        "value": "15720.883847236633",
        "cumulative": true
    },
    {
        "date": "2020-09-11T12:40:07Z",
        "value": "17257.67852115631",
        "cumulative": true
    },
    {
        "date": "2020-09-11T12:40:23Z",
        "value": "19721.513563156128",
        "cumulative": true
    },
    {
        "date": "2020-09-11T12:40:42Z",
        "value": "22555.84822654724",
        "cumulative": true
    },
    {
        "date": "2020-09-11T12:40:55Z",
        "value": "24492.489603996277",
        "cumulative": true
    },
    {
        "date": "2020-09-11T12:41:07Z",
        "value": "26334.34212589264",
        "cumulative": true
    },
    {
        "date": "2020-09-11T12:41:26Z",
        "value": "29386.211094856262",
        "cumulative": true
    },
    {
        "date": "2020-09-11T12:41:42Z",
        "value": "31998.14831829071",
        "cumulative": true
    },
    {
        "date": "2020-09-11T12:41:53Z",
        "value": "33550.17584705353",
        "cumulative": true
    },
    {
        "date": "2020-09-11T12:42:10Z",
        "value": "36183.76631641388",
        "cumulative": true
    },
    {
        "date": "2020-09-11T12:42:27Z",
        "value": "38946.16928768158",
        "cumulative": true
    },
    {
        "date": "2020-09-11T12:42:43Z",
        "value": "41420.0461397171",
        "cumulative": true
    },
    {
        "date": "2020-09-11T12:42:54Z",
        "value": "43133.59153652191",
        "cumulative": true
    },
    {
        "date": "2020-09-11T12:43:04Z",
        "value": "44840.68743228912",
        "cumulative": true
    },
    {
        "date": "2020-09-11T12:43:20Z",
        "value": "47258.12805271149",
        "cumulative": true
    },
    {
        "date": "2020-09-11T12:43:32Z",
        "value": "49187.20031452179",
        "cumulative": true
    },
    {
        "date": "2020-09-11T12:43:47Z",
        "value": "51591.83805561066",
        "cumulative": true
    },
    {
        "date": "2020-09-11T12:44:00Z",
        "value": "53517.606373786926",
        "cumulative": true
    },
    {
        "date": "2020-09-11T12:44:15Z",
        "value": "55914.80759525299",
        "cumulative": true
    },
    {
        "date": "2020-09-11T12:44:31Z",
        "value": "58585.50379180908",
        "cumulative": true
    },
    {
        "date": "2020-09-11T12:44:49Z",
        "value": "61496.61557388306",
        "cumulative": true
    },
    {
        "date": "2020-09-11T12:45:05Z",
        "value": "64075.18179130554",
        "cumulative": true
    },
    {
        "date": "2020-09-11T12:45:21Z",
        "value": "66651.80600166321",
        "cumulative": true
    },
    {
        "date": "2020-09-11T12:45:35Z",
        "value": "68773.53475189209",
        "cumulative": true
    },
    {
        "date": "2020-09-11T12:45:48Z",
        "value": "70877.6063785553",
        "cumulative": true
    },
    {
        "date": "2020-09-11T12:46:05Z",
        "value": "73624.6977968216",
        "cumulative": true
    },
    {
        "date": "2020-09-11T12:46:24Z",
        "value": "76752.70484828949",
        "cumulative": true
    },
    {
        "date": "2020-09-11T12:46:43Z",
        "value": "79934.0976858139",
        "cumulative": true
    },
    {
        "date": "2020-09-11T12:46:53Z",
        "value": "81657.78363895416",
        "cumulative": true
    },
    {
        "date": "2020-09-11T12:47:13Z",
        "value": "84913.75972652435",
        "cumulative": true
    },
    {
        "date": "2020-09-11T12:47:25Z",
        "value": "87019.77813625336",
        "cumulative": true
    },
    {
        "date": "2020-09-11T12:47:44Z",
        "value": "90086.3264760971",
        "cumulative": true
    },
    {
        "date": "2020-09-11T12:48:03Z",
        "value": "93513.53150558472",
        "cumulative": true
    },
    {
        "date": "2020-09-11T12:48:19Z",
        "value": "96096.71909713745",
        "cumulative": true
    },
    {
        "date": "2020-09-11T12:48:36Z",
        "value": "98993.18006896973",
        "cumulative": true
    },
    {
        "date": "2020-09-11T12:48:54Z",
        "value": "102128.13399505615",
        "cumulative": true
    },
    {
        "date": "2020-09-11T12:49:05Z",
        "value": "103861.49930381775",
        "cumulative": true
    },
    {
        "date": "2020-09-11T12:49:18Z",
        "value": "106003.70384788513",
        "cumulative": true
    },
    {
        "date": "2020-09-11T12:49:36Z",
        "value": "109154.1601600647",
        "cumulative": true
    },
    {
        "date": "2020-09-11T12:49:55Z",
        "value": "112318.42058944702",
        "cumulative": true
    },
    {
        "date": "2020-09-11T12:50:11Z",
        "value": "115193.2999458313",
        "cumulative": true
    },
    {
        "date": "2020-09-11T12:50:29Z",
        "value": "118286.50917339325",
        "cumulative": true
    },
    {
        "date": "2020-09-11T12:50:43Z",
        "value": "120412.12889766693",
        "cumulative": true
    },
    {
        "date": "2020-09-11T12:50:54Z",
        "value": "122531.87821483612",
        "cumulative": true
    },
    {
        "date": "2020-09-11T12:51:13Z",
        "value": "125584.2032365799",
        "cumulative": true
    },
    {
        "date": "2020-09-11T12:51:30Z",
        "value": "128769.8020105362",
        "cumulative": true
    },
    {
        "date": "2020-09-11T12:51:41Z",
        "value": "130649.8505411148",
        "cumulative": true
    },
    {
        "date": "2020-09-11T12:51:52Z",
        "value": "132431.64445590973",
        "cumulative": true
    },
    {
        "date": "2020-09-11T12:52:05Z",
        "value": "134721.16826343536",
        "cumulative": true
    },
    {
        "date": "2020-09-11T12:52:15Z",
        "value": "136386.70444011688",
        "cumulative": true
    },
    {
        "date": "2020-09-11T12:52:31Z",
        "value": "139151.14390277863",
        "cumulative": true
    },
    {
        "date": "2020-09-11T12:52:47Z",
        "value": "142035.26118564606",
        "cumulative": true
    },
    {
        "date": "2020-09-11T12:53:03Z",
        "value": "144779.94349765778",
        "cumulative": true
    },
    {
        "date": "2020-09-11T12:53:17Z",
        "value": "146986.6050300598",
        "cumulative": true
    },
    {
        "date": "2020-09-11T12:53:31Z",
        "value": "149300.27293014526",
        "cumulative": true
    },
    {
        "date": "2020-09-11T12:53:50Z",
        "value": "152436.79804039001",
        "cumulative": true
    },
    {
        "date": "2020-09-11T12:54:09Z",
        "value": "155552.7434940338",
        "cumulative": true
    },
    {
        "date": "2020-09-11T12:54:20Z",
        "value": "157734.38236427307",
        "cumulative": true
    },
    {
        "date": "2020-09-11T12:54:38Z",
        "value": "160615.564119339",
        "cumulative": true
    },
    {
        "date": "2020-09-11T12:54:52Z",
        "value": "162972.7292804718",
        "cumulative": true
    },
    {
        "date": "2020-09-11T12:55:02Z",
        "value": "164712.88082504272",
        "cumulative": true
    },
    {
        "date": "2020-09-11T12:55:19Z",
        "value": "167786.61305999756",
        "cumulative": true
    },
    {
        "date": "2020-09-11T12:55:35Z",
        "value": "170477.13221740723",
        "cumulative": true
    },
    {
        "date": "2020-09-11T12:55:46Z",
        "value": "172395.91427612305",
        "cumulative": true
    },
    {
        "date": "2020-09-11T12:56:05Z",
        "value": "175858.81475639343",
        "cumulative": true
    },
    {
        "date": "2020-09-11T12:56:22Z",
        "value": "178616.3805923462",
        "cumulative": true
    },
    {
        "date": "2020-09-11T12:56:36Z",
        "value": "181250.85424995422",
        "cumulative": true
    },
    {
        "date": "2020-09-11T12:56:52Z",
        "value": "183935.04071044922",
        "cumulative": true
    },
    {
        "date": "2020-09-11T12:57:04Z",
        "value": "185100.90203094482",
        "cumulative": true
    }
]