[
    {
        "date": "2020-09-11T12:38:24Z",
        "value": "0.0009593963623046875",
        "cumulative": true
    },
    {
        "date": "2020-09-11T12:38:42Z",
        "value": "503.3920087814331",
        "cumulative": true
    },
    {
        "date": "2020-09-11T12:38:52Z",
        "value": "3137.7164278030396",
        "cumulative": true
    },
    {
        "date": "2020-09-11T12:39:07Z",
        "value": "6350.10703086853",
        "cumulative": true
    },
    {
        "date": "2020-09-11T12:39:21Z",
        "value": "9343.00098991394",
        "cumulative": true
    },
    {
        "date": "2020-09-11T12:39:34Z",
        "value": "11998.441004753113",
        "cumulative": true
    },
    {
        "date": "2020-09-11T12:39:44Z",
        "value": "13982.346177101135",
        "cumulative": true
    },
    {
        "date": "2020-09-11T12:40:00Z",
        "value": "16285.093910217285",
        "cumulative": true
    },
    {
        "date": "2020-09-11T12:40:14Z",
        "value": "18396.672045707703",
        "cumulative": true
    },
    {
        "date": "2020-09-11T12:40:25Z",
        "value": "20054.598214149475",
        "cumulative": true
    },
    {
        "date": "2020-09-11T12:40:45Z",
        "value": "23000.405159950256",
        "cumulative": true
    },
    {
        "date": "2020-09-11T12:41:02Z",
        "value": "25592.809878349304",
        "cumulative": true
    },
    {
        "date": "2020-09-11T12:41:18Z",
        "value": "28194.04781627655",
        "cumulative": true
    },
    {
        "date": "2020-09-11T12:41:33Z",
        "value": "30552.352578163147",
        "cumulative": true
    },
    {
        "date": "2020-09-11T12:41:43Z",
        "value": "32128.672612190247",
        "cumulative": true
    },
    {
        "date": "2020-09-11T12:42:01Z",
        "value": "34911.96443271637",
        "cumulative": true
    },
    {
        "date": "2020-09-11T12:42:19Z",
        "value": "37613.12742424011",
        "cumulative": true
    },
    {
        "date": "2020-09-11T12:42:36Z",
        "value": "40290.86477661133",
        "cumulative": true
    },
    {
        "date": "2020-09-11T12:42:52Z",
        "value": "42945.88830947876",
        "cumulative": true
    },
    {
        "date": "2020-09-11T12:43:09Z",
        "value": "45550.78762054443",
        "cumulative": true
    },
    {
        "date": "2020-09-11T12:43:24Z",
        "value": "47878.16187763214",
        "cumulative": true
    },
    {
        "date": "2020-09-11T12:43:38Z",
        "value": "50163.88062953949",
        "cumulative": true
    },
    {
        "date": "2020-09-11T12:43:56Z",
        "value": "52854.444613456726",
        "cumulative": true
    },
    {
        "date": "2020-09-11T12:44:06Z",
        "value": "54613.72709941864",
        "cumulative": true
    },
    {
        "date": "2020-09-11T12:44:23Z",
        "value": "57376.21895694733",
        "cumulative": true
    },
    {
        "date": "2020-09-11T12:44:42Z",
        "value": "60323.50952625275",
        "cumulative": true
    },
    {
        "date": "2020-09-11T12:44:52Z",
        "value": "62039.92208957672",
        "cumulative": true
    },
    {
        "date": "2020-09-11T12:45:08Z",
        "value": "64700.93713092804",
        "cumulative": true
    },
    {
        "date": "2020-09-11T12:45:19Z",
        "value": "66360.46485614777",
        "cumulative": true
    },
    {
        "date": "2020-09-11T12:45:35Z",
        "value": "68869.20898914337",
        "cumulative": true
    },
    {
        "date": "2020-09-11T12:45:52Z",
        "value": "71599.79104328156",
        "cumulative": true
    },
    {
        "date": "2020-09-11T12:46:07Z",
        "value": "73920.49855613708",
        "cumulative": true
    },
    {
        "date": "2020-09-11T12:46:17Z",
        "value": "75647.28762245178",
        "cumulative": true
    },
    {
        "date": "2020-09-11T12:46:28Z",
        "value": "77281.46824645996",
        "cumulative": true
    },
    {
        "date": "2020-09-11T12:46:40Z",
        "value": "79415.66590499878",
        "cumulative": true
    },
    {
        "date": "2020-09-11T12:46:52Z",
        "value": "81491.71456718445",
        "cumulative": true
    },
    {
        "date": "2020-09-11T12:47:09Z",
        "value": "84428.09729003906",
        "cumulative": true
    },
    {
        "date": "2020-09-11T12:47:28Z",
        "value": "87622.35429000854",
        "cumulative": true
    },
    {
        "date": "2020-09-11T12:47:47Z",
        "value": "90689.7928390503",
        "cumulative": true
    },
    {
        "date": "2020-09-11T12:48:02Z",
        "value": "93228.48809719086",
        "cumulative": true
    },
    {
        "date": "2020-09-11T12:48:19Z",
        "value": "96370.90881252289",
        "cumulative": true
    },
    {
        "date": "2020-09-11T12:48:37Z",
        "value": "99266.50375080109",
        "cumulative": true
    },
    {
        "date": "2020-09-11T12:48:51Z",
        "value": "101604.74661159515",
        "cumulative": true
    },
    {
        "date": "2020-09-11T12:49:04Z",
        "value": "103780.49699115753",
        "cumulative": true
    },
    {
        "date": "2020-09-11T12:49:21Z",
        "value": "106526.22620296478",
        "cumulative": true
    },
    {
        "date": "2020-09-11T12:49:38Z",
        "value": "109553.59857845306",
        "cumulative": true
    },
    {
        "date": "2020-09-11T12:49:53Z",
        "value": "112091.3333826065",
        "cumulative": true
    },
    {
        "date": "2020-09-11T12:50:10Z",
        "value": "114990.22456073761",
        "cumulative": true
    },
    {
        "date": "2020-09-11T12:50:25Z",
        "value": "117514.88847541809",
        "cumulative": true
    },
    {
        "date": "2020-09-11T12:50:44Z",
        "value": "120756.9928779602",
        "cumulative": true
    },
    {
        "date": "2020-09-11T12:50:55Z",
        "value": "122574.77001953125",
        "cumulative": true
    },
    {
        "date": "2020-09-11T12:51:08Z",
        "value": "125014.0837726593",
        "cumulative": true
    },
    {
        "date": "2020-09-11T12:51:19Z",
        "value": "126846.60453796387",
        "cumulative": true
    },
    {
        "date": "2020-09-11T12:51:33Z",
        "value": "129269.6634311676",
        "cumulative": true
    },
    {
        "date": "2020-09-11T12:51:52Z",
        "value": "132452.47685813904",
        "cumulative": true
    },
    {
        "date": "2020-09-11T12:52:06Z",
        "value": "134822.06596946716",
        "cumulative": true
    },
    {
        "date": "2020-09-11T12:52:17Z",
        "value": "136901.15378379822",
        "cumulative": true
    },
    {
        "date": "2020-09-11T12:52:33Z",
        "value": "139506.4543018341",
        "cumulative": true
    },
    {
        "date": "2020-09-11T12:52:49Z",
        "value": "142392.58268737793",
        "cumulative": true
    },
    {
        "date": "2020-09-11T12:53:05Z",
        "value": "144955.06574821472",
        "cumulative": true
    },
    {
        "date": "2020-09-11T12:53:21Z",
        "value": "147568.42027187347",
        "cumulative": true
    },
    {
        "date": "2020-09-11T12:53:40Z",
        "value": "150899.6535024643",
        "cumulative": true
    },
    {
        "date": "2020-09-11T12:53:52Z",
        "value": "152832.21351146698",
        "cumulative": true
    },
    {
        "date": "2020-09-11T12:54:08Z",
        "value": "155536.21682071686",
        "cumulative": true
    },
    {
        "date": "2020-09-11T12:54:22Z",
        "value": "158014.56316280365",
        "cumulative": true
    },
    {
        "date": "2020-09-11T12:54:34Z",
        "value": "159971.7326478958",
        "cumulative": true
    },
    {
        "date": "2020-09-11T12:54:49Z",
        "value": "162468.45043849945",
        "cumulative": true
    },
    {
        "date": "2020-09-11T12:55:04Z",
        "value": "165157.27828502655",
        "cumulative": true
    },
    {
        "date": "2020-09-11T12:55:15Z",
        "value": "167077.43705272675",
        "cumulative": true
    },
    {
        "date": "2020-09-11T12:55:29Z",
        "value": "169491.61177921295",
        "cumulative": true
    },
    {
        "date": "2020-09-11T12:55:45Z",
        "value": "172459.25641918182",
        "cumulative": true
    },
    {
        "date": "2020-09-11T12:56:01Z",
        "value": "175152.75327014923",
        "cumulative": true
    },
    {
        "date": "2020-09-11T12:56:15Z",
        "value": "177454.35744190216",
        "cumulative": true
    },
    {
        "date": "2020-09-11T12:56:31Z",
        "value": "180285.94871997833",
        "cumulative": true
    },
    {
        "date": "2020-09-11T12:56:47Z",
        "value": "182958.03307628632",
        "cumulative": true
    },
    {
        "date": "2020-09-11T12:57:01Z",
        "value": "185169.37645626068",
        "cumulative": true
    }
]