[
    {
        "date": "2020-09-11T12:38:22Z",
        "value": "0.0009593963623046875",
        "cumulative": true
    },
    {
        "date": "2020-09-11T12:38:38Z",
        "value": "0.44290637969970703",
        "cumulative": true
    },
    {
        "date": "2020-09-11T12:38:58Z",
        "value": "4360.604274749756",
        "cumulative": true
    },
    {
        "date": "2020-09-11T12:39:16Z",
        "value": "8256.992901802063",
        "cumulative": true
    },
    {
        "date": "2020-09-11T12:39:27Z",
        "value": "10466.247899055481",
        "cumulative": true
    },
    {
        "date": "2020-09-11T12:39:37Z",
        "value": "12643.464797973633",
        "cumulative": true
    },
    {
        "date": "2020-09-11T12:39:56Z",
        "value": "15709.717669487",
        "cumulative": true
    },
    {
        "date": "2020-09-11T12:40:07Z",
        "value": "17243.785700798035",
        "cumulative": true
    },
    {
        "date": "2020-09-11T12:40:23Z",
        "value": "19702.61568260193",
        "cumulative": true
    },
    {
        "date": "2020-09-11T12:40:42Z",
        "value": "22523.506958007812",
        "cumulative": true
    },
    {
        "date": "2020-09-11T12:40:55Z",
        "value": "24471.034727096558",
        "cumulative": true
    },
    {
        "date": "2020-09-11T12:41:07Z",
        "value": "26312.143756866455",
        "cumulative": true
    },
    {
        "date": "2020-09-11T12:41:26Z",
        "value": "29345.149746894836",
        "cumulative": true
    },
    {
        "date": "2020-09-11T12:41:42Z",
        "value": "31964.39319896698",
        "cumulative": true
    },
    {
        "date": "2020-09-11T12:41:53Z",
        "value": "33517.66811275482",
        "cumulative": true
    },
    {
        "date": "2020-09-11T12:42:10Z",
        "value": "36152.150866508484",
        "cumulative": true
    },
    {
        "date": "2020-09-11T12:42:27Z",
        "value": "38908.268555641174",
        "cumulative": true
    },
    {
        "date": "2020-09-11T12:42:43Z",
        "value": "41381.02840137482",
        "cumulative": true
    },
    {
        "date": "2020-09-11T12:42:54Z",
        "value": "43099.01822757721",
        "cumulative": true
    },
    {
        "date": "2020-09-11T12:43:04Z",
        "value": "44805.45929813385",
        "cumulative": true
    },
    {
        "date": "2020-09-11T12:43:20Z",
        "value": "47223.9975271225",
        "cumulative": true
    },
    {
        "date": "2020-09-11T12:43:32Z",
        "value": "49144.408328056335",
        "cumulative": true
    },
    {
        "date": "2020-09-11T12:43:47Z",
        "value": "51549.94846057892",
        "cumulative": true
    },
    {
        "date": "2020-09-11T12:44:00Z",
        "value": "53461.626368522644",
        "cumulative": true
    },
    {
        "date": "2020-09-11T12:44:15Z",
        "value": "55875.01323604584",
        "cumulative": true
    },
    {
        "date": "2020-09-11T12:44:31Z",
        "value": "58585.80690860748",
        "cumulative": true
    },
    {
        "date": "2020-09-11T12:44:49Z",
        "value": "61468.12924671173",
        "cumulative": true
    },
    {
        "date": "2020-09-11T12:45:05Z",
        "value": "64046.5684633255",
        "cumulative": true
    },
    {
        "date": "2020-09-11T12:45:21Z",
        "value": "66622.63498210907",
        "cumulative": true
    },
    {
        "date": "2020-09-11T12:45:35Z",
        "value": "68741.73840999603",
        "cumulative": true
    },
    {
        "date": "2020-09-11T12:45:48Z",
        "value": "70788.61989498138",
        "cumulative": true
    },
    {
        "date": "2020-09-11T12:46:05Z",
        "value": "73599.87100601196",
        "cumulative": true
    },
    {
        "date": "2020-09-11T12:46:24Z",
        "value": "76730.18320465088",
        "cumulative": true
    },
    {
        "date": "2020-09-11T12:46:43Z",
        "value": "79910.49906158447",
        "cumulative": true
    },
    {
        "date": "2020-09-11T12:46:53Z",
        "value": "81624.83445167542",
        "cumulative": true
    },
    {
        "date": "2020-09-11T12:47:13Z",
        "value": "84878.60103416443",
        "cumulative": true
    },
    {
        "date": "2020-09-11T12:47:25Z",
        "value": "86974.73638153076",
        "cumulative": true
    },
    {
        "date": "2020-09-11T12:47:44Z",
        "value": "90032.54360198975",
        "cumulative": true
    },
    {
        "date": "2020-09-11T12:48:03Z",
        "value": "93459.19461917877",
        "cumulative": true
    },
    {
        "date": "2020-09-11T12:48:19Z",
        "value": "96047.47767353058",
        "cumulative": true
    },
    {
        "date": "2020-09-11T12:48:36Z",
        "value": "98950.08259105682",
        "cumulative": true
    },
    {
        "date": "2020-09-11T12:48:54Z",
        "value": "102096.239153862",
        "cumulative": true
    },
    {
        "date": "2020-09-11T12:49:05Z",
        "value": "103828.42536067963",
        "cumulative": true
    },
    {
        "date": "2020-09-11T12:49:18Z",
        "value": "105964.76466274261",
        "cumulative": true
    },
    {
        "date": "2020-09-11T12:49:36Z",
        "value": "109102.35622882843",
        "cumulative": true
    },
    {
        "date": "2020-09-11T12:49:55Z",
        "value": "112269.0729188919",
        "cumulative": true
    },
    {
        "date": "2020-09-11T12:50:11Z",
        "value": "115145.727850914",
        "cumulative": true
    },
    {
        "date": "2020-09-11T12:50:29Z",
        "value": "118223.65196228027",
        "cumulative": true
    },
    {
        "date": "2020-09-11T12:50:43Z",
        "value": "120386.10912895203",
        "cumulative": true
    },
    {
        "date": "2020-09-11T12:50:54Z",
        "value": "122507.57403182983",
        "cumulative": true
    },
    {
        "date": "2020-09-11T12:51:13Z",
        "value": "125554.1823387146",
        "cumulative": true
    },
    {
        "date": "2020-09-11T12:51:30Z",
        "value": "128858.02899360657",
        "cumulative": true
    },
    {
        "date": "2020-09-11T12:51:41Z",
        "value": "130642.0443019867",
        "cumulative": true
    },
    {
        "date": "2020-09-11T12:51:52Z",
        "value": "132522.4686126709",
        "cumulative": true
    },
    {
        "date": "2020-09-11T12:52:05Z",
        "value": "134689.22447395325",
        "cumulative": true
    },
    {
        "date": "2020-09-11T12:52:15Z",
        "value": "136358.31973266602",
        "cumulative": true
    },
    {
        "date": "2020-09-11T12:52:31Z",
        "value": "139114.39537620544",
        "cumulative": true
    },
    {
        "date": "2020-09-11T12:52:47Z",
        "value": "141914.35375022888",
        "cumulative": true
    },
    {
        "date": "2020-09-11T12:53:03Z",
        "value": "144732.3680973053",
        "cumulative": true
    },
    {
        "date": "2020-09-11T12:53:17Z",
        "value": "146986.886759758",
        "cumulative": true
    },
    {
        "date": "2020-09-11T12:53:31Z",
        "value": "149305.6283788681",
        "cumulative": true
    },
    {
        "date": "2020-09-11T12:53:50Z",
        "value": "152435.08017635345",
        "cumulative": true
    },
    {
        "date": "2020-09-11T12:54:09Z",
        "value": "155543.1738729477",
        "cumulative": true
    },
    {
        "date": "2020-09-11T12:54:20Z",
        "value": "157587.05992221832",
        "cumulative": true
    },
    {
        "date": "2020-09-11T12:54:38Z",
        "value": "160602.63116931915",
        "cumulative": true
    },
    {
        "date": "2020-09-11T12:54:52Z",
        "value": "162979.44504451752",
        "cumulative": true
    },
    {
        "date": "2020-09-11T12:55:02Z",
        "value": "164717.4362001419",
        "cumulative": true
    },
    {
        "date": "2020-09-11T12:55:19Z",
        "value": "167798.94978427887",
        "cumulative": true
    },
    {
        "date": "2020-09-11T12:55:35Z",
        "value": "170497.5415315628",
        "cumulative": true
    },
    {
        "date": "2020-09-11T12:55:46Z",
        "value": "172423.64229297638",
        "cumulative": true
    },
    {
        "date": "2020-09-11T12:56:05Z",
        "value": "175889.06468486786",
        "cumulative": true
    },
    {
        "date": "2020-09-11T12:56:22Z",
        "value": "178654.5852060318",
        "cumulative": true
    },
    {
        "date": "2020-09-11T12:56:36Z",
        "value": "181285.8099336624",
        "cumulative": true
    },
    {
        "date": "2020-09-11T12:56:52Z",
        "value": "183978.2533121109",
        "cumulative": true
    },
    {
        "date": "2020-09-11T12:57:04Z",
        "value": "185141.85017967224",
        "cumulative": true
    }
]