[
    {
        "date": "2020-09-11T12:38:30Z",
        "value": "3.9140625",
        "cumulative": false
    },
    {
        "date": "2020-09-11T12:38:48Z",
        "value": "1083.21875",
        "cumulative": false
    },
    {
        "date": "2020-09-11T12:39:06Z",
        "value": "1107.7890625",
        "cumulative": false
    },
    {
        "date": "2020-09-11T12:39:22Z",
        "value": "1125.0859375",
        "cumulative": false
    },
    {
        "date": "2020-09-11T12:39:36Z",
        "value": "1137.328125",
        "cumulative": false
    },
    {
        "date": "2020-09-11T12:39:51Z",
        "value": "1146.9765625",
        "cumulative": false
    },
    {
        "date": "2020-09-11T12:40:08Z",
        "value": "1174.58203125",
        "cumulative": false
    },
    {
        "date": "2020-09-11T12:40:22Z",
        "value": "1179.33203125",
        "cumulative": false
    },
    {
        "date": "2020-09-11T12:40:41Z",
        "value": "1184.20703125",
        "cumulative": false
    },
    {
        "date": "2020-09-11T12:40:54Z",
        "value": "1166.83203125",
        "cumulative": false
    },
    {
        "date": "2020-09-11T12:41:09Z",
        "value": "1153.33203125",
        "cumulative": false
    },
    {
        "date": "2020-09-11T12:41:26Z",
        "value": "1212.08203125",
        "cumulative": false
    },
    {
        "date": "2020-09-11T12:41:37Z",
        "value": "1212.08203125",
        "cumulative": false
    },
    {
        "date": "2020-09-11T12:41:48Z",
        "value": "1212.08203125",
        "cumulative": false
    },
    {
        "date": "2020-09-11T12:42:07Z",
        "value": "1212.08203125",
        "cumulative": false
    },
    {
        "date": "2020-09-11T12:42:18Z",
        "value": "1150.20703125",
        "cumulative": false
    },
    {
        "date": "2020-09-11T12:42:29Z",
        "value": "1190.70703125",
        "cumulative": false
    },
    {
        "date": "2020-09-11T12:42:40Z",
        "value": "1173.734375",
        "cumulative": false
    },
    {
        "date": "2020-09-11T12:42:53Z",
        "value": "1187.484375",
        "cumulative": false
    },
    {
        "date": "2020-09-11T12:43:08Z",
        "value": "1231.80078125",
        "cumulative": false
    },
    {
        "date": "2020-09-11T12:43:25Z",
        "value": "1233.4609375",
        "cumulative": false
    },
    {
        "date": "2020-09-11T12:43:40Z",
        "value": "1256.4609375",
        "cumulative": false
    },
    {
        "date": "2020-09-11T12:43:58Z",
        "value": "1150.5859375",
        "cumulative": false
    },
    {
        "date": "2020-09-11T12:44:12Z",
        "value": "1256.4609375",
        "cumulative": false
    },
    {
        "date": "2020-09-11T12:44:25Z",
        "value": "1256.4609375",
        "cumulative": false
    },
    {
        "date": "2020-09-11T12:44:35Z",
        "value": "1287.83984375",
        "cumulative": false
    },
    {
        "date": "2020-09-11T12:44:46Z",
        "value": "1287.93359375",
        "cumulative": false
    },
    {
        "date": "2020-09-11T12:45:06Z",
        "value": "1262.21484375",
        "cumulative": false
    },
    {
        "date": "2020-09-11T12:45:20Z",
        "value": "1277.71484375",
        "cumulative": false
    },
    {
        "date": "2020-09-11T12:45:33Z",
        "value": "1287.83984375",
        "cumulative": false
    },
    {
        "date": "2020-09-11T12:45:52Z",
        "value": "1287.83984375",
        "cumulative": false
    },
    {
        "date": "2020-09-11T12:46:05Z",
        "value": "1327.34765625",
        "cumulative": false
    },
    {
        "date": "2020-09-11T12:46:16Z",
        "value": "1327.34765625",
        "cumulative": false
    },
    {
        "date": "2020-09-11T12:46:34Z",
        "value": "1242.97265625",
        "cumulative": false
    },
    {
        "date": "2020-09-11T12:46:54Z",
        "value": "1327.34765625",
        "cumulative": false
    },
    {
        "date": "2020-09-11T12:47:13Z",
        "value": "1327.34765625",
        "cumulative": false
    },
    {
        "date": "2020-09-11T12:47:28Z",
        "value": "1327.34765625",
        "cumulative": false
    },
    {
        "date": "2020-09-11T12:47:47Z",
        "value": "1327.328125",
        "cumulative": false
    },
    {
        "date": "2020-09-11T12:48:06Z",
        "value": "1343.72265625",
        "cumulative": false
    },
    {
        "date": "2020-09-11T12:48:24Z",
        "value": "1263.59765625",
        "cumulative": false
    },
    {
        "date": "2020-09-11T12:48:40Z",
        "value": "1377.22265625",
        "cumulative": false
    },
    {
        "date": "2020-09-11T12:48:52Z",
        "value": "1312.59765625",
        "cumulative": false
    },
    {
        "date": "2020-09-11T12:49:05Z",
        "value": "1230.9609375",
        "cumulative": false
    },
    {
        "date": "2020-09-11T12:49:17Z",
        "value": "1377.22265625",
        "cumulative": false
    },
    {
        "date": "2020-09-11T12:49:34Z",
        "value": "1155.84765625",
        "cumulative": false
    },
    {
        "date": "2020-09-11T12:49:48Z",
        "value": "1221.47265625",
        "cumulative": false
    },
    {
        "date": "2020-09-11T12:50:04Z",
        "value": "1377.22265625",
        "cumulative": false
    },
    {
        "date": "2020-09-11T12:50:21Z",
        "value": "1219.85546875",
        "cumulative": false
    },
    {
        "date": "2020-09-11T12:50:32Z",
        "value": "1440.15234375",
        "cumulative": false
    },
    {
        "date": "2020-09-11T12:50:43Z",
        "value": "1440.10546875",
        "cumulative": false
    },
    {
        "date": "2020-09-11T12:50:54Z",
        "value": "1440.10546875",
        "cumulative": false
    },
    {
        "date": "2020-09-11T12:51:04Z",
        "value": "1440.10546875",
        "cumulative": false
    },
    {
        "date": "2020-09-11T12:51:20Z",
        "value": "1440.10546875",
        "cumulative": false
    },
    {
        "date": "2020-09-11T12:51:31Z",
        "value": "1440.10546875",
        "cumulative": false
    },
    {
        "date": "2020-09-11T12:51:48Z",
        "value": "1440.10546875",
        "cumulative": false
    },
    {
        "date": "2020-09-11T12:52:02Z",
        "value": "1366.50390625",
        "cumulative": false
    },
    {
        "date": "2020-09-11T12:52:20Z",
        "value": "1440.10546875",
        "cumulative": false
    },
    {
        "date": "2020-09-11T12:52:32Z",
        "value": "1426.10546875",
        "cumulative": false
    },
    {
        "date": "2020-09-11T12:52:44Z",
        "value": "1341.98046875",
        "cumulative": false
    },
    {
        "date": "2020-09-11T12:53:02Z",
        "value": "1314.50390625",
        "cumulative": false
    },
    {
        "date": "2020-09-11T12:53:19Z",
        "value": "1519.609375",
        "cumulative": false
    },
    {
        "date": "2020-09-11T12:53:30Z",
        "value": "1519.609375",
        "cumulative": false
    },
    {
        "date": "2020-09-11T12:53:47Z",
        "value": "1463.609375",
        "cumulative": false
    },
    {
        "date": "2020-09-11T12:54:00Z",
        "value": "1519.609375",
        "cumulative": false
    },
    {
        "date": "2020-09-11T12:54:18Z",
        "value": "1519.609375",
        "cumulative": false
    },
    {
        "date": "2020-09-11T12:54:31Z",
        "value": "1519.609375",
        "cumulative": false
    },
    {
        "date": "2020-09-11T12:54:46Z",
        "value": "1142.265625",
        "cumulative": false
    },
    {
        "date": "2020-09-11T12:55:03Z",
        "value": "1519.609375",
        "cumulative": false
    },
    {
        "date": "2020-09-11T12:55:18Z",
        "value": "1519.609375",
        "cumulative": false
    },
    {
        "date": "2020-09-11T12:55:32Z",
        "value": "1158.765625",
        "cumulative": false
    },
    {
        "date": "2020-09-11T12:55:50Z",
        "value": "1362.984375",
        "cumulative": false
    },
    {
        "date": "2020-09-11T12:56:03Z",
        "value": "1256.359375",
        "cumulative": false
    },
    {
        "date": "2020-09-11T12:56:17Z",
        "value": "1519.609375",
        "cumulative": false
    },
    {
        "date": "2020-09-11T12:56:28Z",
        "value": "1313.265625",
        "cumulative": false
    },
    {
        "date": "2020-09-11T12:56:40Z",
        "value": "1519.578125",
        "cumulative": false
    },
    {
        "date": "2020-09-11T12:56:57Z",
        "value": "1330.359375",
        "cumulative": false
    }
]