[
    {
        "date": "2020-09-11T12:38:24Z",
        "value": "4.00543212890625e-05",
        "cumulative": true
    },
    {
        "date": "2020-09-11T12:38:42Z",
        "value": "502.733660697937",
        "cumulative": true
    },
    {
        "date": "2020-09-11T12:38:52Z",
        "value": "3128.9534273147583",
        "cumulative": true
    },
    {
        "date": "2020-09-11T12:39:07Z",
        "value": "6341.335332870483",
        "cumulative": true
    },
    {
        "date": "2020-09-11T12:39:21Z",
        "value": "9323.873012542725",
        "cumulative": true
    },
    {
        "date": "2020-09-11T12:39:34Z",
        "value": "11986.674454689026",
        "cumulative": true
    },
    {
        "date": "2020-09-11T12:39:44Z",
        "value": "13969.080979347229",
        "cumulative": true
    },
    {
        "date": "2020-09-11T12:40:00Z",
        "value": "16265.498497009277",
        "cumulative": true
    },
    {
        "date": "2020-09-11T12:40:14Z",
        "value": "18372.16259765625",
        "cumulative": true
    },
    {
        "date": "2020-09-11T12:40:25Z",
        "value": "20016.08193588257",
        "cumulative": true
    },
    {
        "date": "2020-09-11T12:40:45Z",
        "value": "22967.39890575409",
        "cumulative": true
    },
    {
        "date": "2020-09-11T12:41:02Z",
        "value": "25567.859141349792",
        "cumulative": true
    },
    {
        "date": "2020-09-11T12:41:18Z",
        "value": "28141.946619987488",
        "cumulative": true
    },
    {
        "date": "2020-09-11T12:41:33Z",
        "value": "30486.155855178833",
        "cumulative": true
    },
    {
        "date": "2020-09-11T12:41:43Z",
        "value": "32073.863063812256",
        "cumulative": true
    },
    {
        "date": "2020-09-11T12:42:01Z",
        "value": "34859.32208442688",
        "cumulative": true
    },
    {
        "date": "2020-09-11T12:42:19Z",
        "value": "37515.16609096527",
        "cumulative": true
    },
    {
        "date": "2020-09-11T12:42:36Z",
        "value": "40223.66522693634",
        "cumulative": true
    },
    {
        "date": "2020-09-11T12:42:52Z",
        "value": "42887.54898738861",
        "cumulative": true
    },
    {
        "date": "2020-09-11T12:43:09Z",
        "value": "45485.99330043793",
        "cumulative": true
    },
    {
        "date": "2020-09-11T12:43:24Z",
        "value": "47810.551151275635",
        "cumulative": true
    },
    {
        "date": "2020-09-11T12:43:38Z",
        "value": "50084.252601623535",
        "cumulative": true
    },
    {
        "date": "2020-09-11T12:43:56Z",
        "value": "52774.86933708191",
        "cumulative": true
    },
    {
        "date": "2020-09-11T12:44:06Z",
        "value": "54530.79131317139",
        "cumulative": true
    },
    {
        "date": "2020-09-11T12:44:23Z",
        "value": "57292.979093551636",
        "cumulative": true
    },
    {
        "date": "2020-09-11T12:44:42Z",
        "value": "60255.215081214905",
        "cumulative": true
    },
    {
        "date": "2020-09-11T12:44:52Z",
        "value": "61967.24999332428",
        "cumulative": true
    },
    {
        "date": "2020-09-11T12:45:08Z",
        "value": "64564.96197605133",
        "cumulative": true
    },
    {
        "date": "2020-09-11T12:45:19Z",
        "value": "66292.04302120209",
        "cumulative": true
    },
    {
        "date": "2020-09-11T12:45:35Z",
        "value": "68786.90378284454",
        "cumulative": true
    },
    {
        "date": "2020-09-11T12:45:52Z",
        "value": "71591.97461032867",
        "cumulative": true
    },
    {
        "date": "2020-09-11T12:46:07Z",
        "value": "73839.80723381042",
        "cumulative": true
    },
    {
        "date": "2020-09-11T12:46:17Z",
        "value": "75565.13966369629",
        "cumulative": true
    },
    {
        "date": "2020-09-11T12:46:28Z",
        "value": "77202.01928520203",
        "cumulative": true
    },
    {
        "date": "2020-09-11T12:46:40Z",
        "value": "79334.6902141571",
        "cumulative": true
    },
    {
        "date": "2020-09-11T12:46:52Z",
        "value": "81399.84381103516",
        "cumulative": true
    },
    {
        "date": "2020-09-11T12:47:09Z",
        "value": "84331.18622207642",
        "cumulative": true
    },
    {
        "date": "2020-09-11T12:47:28Z",
        "value": "87507.32676696777",
        "cumulative": true
    },
    {
        "date": "2020-09-11T12:47:47Z",
        "value": "90568.3294467926",
        "cumulative": true
    },
    {
        "date": "2020-09-11T12:48:02Z",
        "value": "93105.23975276947",
        "cumulative": true
    },
    {
        "date": "2020-09-11T12:48:19Z",
        "value": "96250.58318805695",
        "cumulative": true
    },
    {
        "date": "2020-09-11T12:48:37Z",
        "value": "99123.99672985077",
        "cumulative": true
    },
    {
        "date": "2020-09-11T12:48:51Z",
        "value": "101570.43687534332",
        "cumulative": true
    },
    {
        "date": "2020-09-11T12:49:04Z",
        "value": "103628.50441265106",
        "cumulative": true
    },
    {
        "date": "2020-09-11T12:49:21Z",
        "value": "106402.36675739288",
        "cumulative": true
    },
    {
        "date": "2020-09-11T12:49:38Z",
        "value": "109483.54261493683",
        "cumulative": true
    },
    {
        "date": "2020-09-11T12:49:53Z",
        "value": "111955.26521396637",
        "cumulative": true
    },
    {
        "date": "2020-09-11T12:50:10Z",
        "value": "114855.94486141205",
        "cumulative": true
    },
    {
        "date": "2020-09-11T12:50:25Z",
        "value": "117383.58459472656",
        "cumulative": true
    },
    {
        "date": "2020-09-11T12:50:44Z",
        "value": "120640.90202903748",
        "cumulative": true
    },
    {
        "date": "2020-09-11T12:50:55Z",
        "value": "122467.99577713013",
        "cumulative": true
    },
    {
        "date": "2020-09-11T12:51:08Z",
        "value": "124895.48155212402",
        "cumulative": true
    },
    {
        "date": "2020-09-11T12:51:19Z",
        "value": "126712.43190956116",
        "cumulative": true
    },
    {
        "date": "2020-09-11T12:51:33Z",
        "value": "129139.10818099976",
        "cumulative": true
    },
    {
        "date": "2020-09-11T12:51:52Z",
        "value": "132315.34637260437",
        "cumulative": true
    },
    {
        "date": "2020-09-11T12:52:06Z",
        "value": "134685.26774978638",
        "cumulative": true
    },
    {
        "date": "2020-09-11T12:52:17Z",
        "value": "136770.83868789673",
        "cumulative": true
    },
    {
        "date": "2020-09-11T12:52:33Z",
        "value": "139388.5428905487",
        "cumulative": true
    },
    {
        "date": "2020-09-11T12:52:49Z",
        "value": "142269.4553527832",
        "cumulative": true
    },
    {
        "date": "2020-09-11T12:53:05Z",
        "value": "144831.66486167908",
        "cumulative": true
    },
    {
        "date": "2020-09-11T12:53:21Z",
        "value": "147455.82840633392",
        "cumulative": true
    },
    {
        "date": "2020-09-11T12:53:40Z",
        "value": "150782.84081172943",
        "cumulative": true
    },
    {
        "date": "2020-09-11T12:53:52Z",
        "value": "152707.10734081268",
        "cumulative": true
    },
    {
        "date": "2020-09-11T12:54:08Z",
        "value": "155405.23974514008",
        "cumulative": true
    },
    {
        "date": "2020-09-11T12:54:22Z",
        "value": "157882.6272764206",
        "cumulative": true
    },
    {
        "date": "2020-09-11T12:54:34Z",
        "value": "159842.3264799118",
        "cumulative": true
    },
    {
        "date": "2020-09-11T12:54:49Z",
        "value": "162342.85569095612",
        "cumulative": true
    },
    {
        "date": "2020-09-11T12:55:04Z",
        "value": "165031.22089862823",
        "cumulative": true
    },
    {
        "date": "2020-09-11T12:55:15Z",
        "value": "166959.03005886078",
        "cumulative": true
    },
    {
        "date": "2020-09-11T12:55:29Z",
        "value": "169376.9356546402",
        "cumulative": true
    },
    {
        "date": "2020-09-11T12:55:45Z",
        "value": "172206.3677930832",
        "cumulative": true
    },
    {
        "date": "2020-09-11T12:56:01Z",
        "value": "175047.76283359528",
        "cumulative": true
    },
    {
        "date": "2020-09-11T12:56:15Z",
        "value": "177355.37888622284",
        "cumulative": true
    },
    {
        "date": "2020-09-11T12:56:31Z",
        "value": "180179.3478116989",
        "cumulative": true
    },
    {
        "date": "2020-09-11T12:56:47Z",
        "value": "182857.45627117157",
        "cumulative": true
    },
    {
        "date": "2020-09-11T12:57:01Z",
        "value": "185064.62183570862",
        "cumulative": true
    }
]