[
    {
        "date": "2020-09-11T12:58:57Z",
        "value": "4.00543212890625e-05",
        "cumulative": true
    },
    {
        "date": "2020-09-11T12:59:23Z",
        "value": "3.1714210510253906",
        "cumulative": true
    },
    {
        "date": "2020-09-11T12:59:34Z",
        "value": "521.255931854248",
        "cumulative": true
    },
    {
        "date": "2020-09-11T12:59:50Z",
        "value": "2398.401354789734",
        "cumulative": true
    },
    {
        "date": "2020-09-11T13:00:03Z",
        "value": "3977.2129163742065",
        "cumulative": true
    },
    {
        "date": "2020-09-11T13:00:16Z",
        "value": "5288.967515945435",
        "cumulative": true
    },
    {
        "date": "2020-09-11T13:00:31Z",
        "value": "7462.748688697815",
        "cumulative": true
    },
    {
        "date": "2020-09-11T13:00:45Z",
        "value": "8975.38642501831",
        "cumulative": true
    },
    {
        "date": "2020-09-11T13:01:03Z",
        "value": "11094.163806915283",
        "cumulative": true
    },
    {
        "date": "2020-09-11T13:01:23Z",
        "value": "13348.542609214783",
        "cumulative": true
    },
    {
        "date": "2020-09-11T13:01:36Z",
        "value": "15866.180094718933",
        "cumulative": true
    },
    {
        "date": "2020-09-11T13:01:48Z",
        "value": "16573.846079826355",
        "cumulative": true
    },
    {
        "date": "2020-09-11T13:02:06Z",
        "value": "19413.821172714233",
        "cumulative": true
    },
    {
        "date": "2020-09-11T13:02:22Z",
        "value": "20840.713680267334",
        "cumulative": true
    },
    {
        "date": "2020-09-11T13:02:39Z",
        "value": "22976.69694709778",
        "cumulative": true
    },
    {
        "date": "2020-09-11T13:02:56Z",
        "value": "25573.738183021545",
        "cumulative": true
    },
    {
        "date": "2020-09-11T13:03:10Z",
        "value": "26437.52609729767",
        "cumulative": true
    },
    {
        "date": "2020-09-11T13:03:20Z",
        "value": "27055.100672721863",
        "cumulative": true
    },
    {
        "date": "2020-09-11T13:03:33Z",
        "value": "29619.74965572357",
        "cumulative": true
    },
    {
        "date": "2020-09-11T13:03:51Z",
        "value": "32193.453776359558",
        "cumulative": true
    },
    {
        "date": "2020-09-11T13:04:09Z",
        "value": "33231.42816257477",
        "cumulative": true
    },
    {
        "date": "2020-09-11T13:04:24Z",
        "value": "34172.169781684875",
        "cumulative": true
    },
    {
        "date": "2020-09-11T13:04:44Z",
        "value": "37848.54197883606",
        "cumulative": true
    },
    {
        "date": "2020-09-11T13:04:58Z",
        "value": "40335.10521507263",
        "cumulative": true
    },
    {
        "date": "2020-09-11T13:05:11Z",
        "value": "41098.31797981262",
        "cumulative": true
    },
    {
        "date": "2020-09-11T13:05:28Z",
        "value": "42115.0030002594",
        "cumulative": true
    },
    {
        "date": "2020-09-11T13:05:45Z",
        "value": "43173.484261512756",
        "cumulative": true
    },
    {
        "date": "2020-09-11T13:06:04Z",
        "value": "46668.835812568665",
        "cumulative": true
    },
    {
        "date": "2020-09-11T13:06:22Z",
        "value": "50389.63675022125",
        "cumulative": true
    },
    {
        "date": "2020-09-11T13:06:41Z",
        "value": "51741.214619636536",
        "cumulative": true
    },
    {
        "date": "2020-09-11T13:06:57Z",
        "value": "52692.22277736664",
        "cumulative": true
    },
    {
        "date": "2020-09-11T13:07:08Z",
        "value": "53291.75285434723",
        "cumulative": true
    },
    {
        "date": "2020-09-11T13:07:25Z",
        "value": "54280.174441337585",
        "cumulative": true
    },
    {
        "date": "2020-09-11T13:07:41Z",
        "value": "56929.50098705292",
        "cumulative": true
    },
    {
        "date": "2020-09-11T13:08:00Z",
        "value": "60482.175486564636",
        "cumulative": true
    },
    {
        "date": "2020-09-11T13:08:12Z",
        "value": "62888.60829639435",
        "cumulative": true
    },
    {
        "date": "2020-09-11T13:08:25Z",
        "value": "64457.70845603943",
        "cumulative": true
    },
    {
        "date": "2020-09-11T13:08:36Z",
        "value": "65095.31520271301",
        "cumulative": true
    },
    {
        "date": "2020-09-11T13:08:53Z",
        "value": "66080.9423160553",
        "cumulative": true
    },
    {
        "date": "2020-09-11T13:09:03Z",
        "value": "66695.28194618225",
        "cumulative": true
    },
    {
        "date": "2020-09-11T13:09:22Z",
        "value": "67806.16163444519",
        "cumulative": true
    },
    {
        "date": "2020-09-11T13:09:42Z",
        "value": "69245.6565694809",
        "cumulative": true
    },
    {
        "date": "2020-09-11T13:10:00Z",
        "value": "72873.76786327362",
        "cumulative": true
    },
    {
        "date": "2020-09-11T13:10:18Z",
        "value": "76461.79842281342",
        "cumulative": true
    },
    {
        "date": "2020-09-11T13:10:33Z",
        "value": "79453.82617473602",
        "cumulative": true
    },
    {
        "date": "2020-09-11T13:10:51Z",
        "value": "81577.68675994873",
        "cumulative": true
    },
    {
        "date": "2020-09-11T13:11:03Z",
        "value": "82278.20542144775",
        "cumulative": true
    },
    {
        "date": "2020-09-11T13:11:21Z",
        "value": "83320.56097602844",
        "cumulative": true
    },
    {
        "date": "2020-09-11T13:11:36Z",
        "value": "84222.80814552307",
        "cumulative": true
    },
    {
        "date": "2020-09-11T13:11:47Z",
        "value": "84885.35983276367",
        "cumulative": true
    },
    {
        "date": "2020-09-11T13:12:07Z",
        "value": "86025.18028831482",
        "cumulative": true
    },
    {
        "date": "2020-09-11T13:12:18Z",
        "value": "86686.88446044922",
        "cumulative": true
    },
    {
        "date": "2020-09-11T13:12:36Z",
        "value": "89335.29529285431",
        "cumulative": true
    },
    {
        "date": "2020-09-11T13:12:49Z",
        "value": "91998.96912288666",
        "cumulative": true
    },
    {
        "date": "2020-09-11T13:13:00Z",
        "value": "94035.18002033234",
        "cumulative": true
    },
    {
        "date": "2020-09-11T13:13:12Z",
        "value": "96303.21728801727",
        "cumulative": true
    },
    {
        "date": "2020-09-11T13:13:27Z",
        "value": "99069.14552783966",
        "cumulative": true
    },
    {
        "date": "2020-09-11T13:13:45Z",
        "value": "102351.96758556366",
        "cumulative": true
    },
    {
        "date": "2020-09-11T13:14:02Z",
        "value": "103352.125166893",
        "cumulative": true
    },
    {
        "date": "2020-09-11T13:14:14Z",
        "value": "104026.35531711578",
        "cumulative": true
    },
    {
        "date": "2020-09-11T13:14:32Z",
        "value": "105105.653840065",
        "cumulative": true
    },
    {
        "date": "2020-09-11T13:14:50Z",
        "value": "106217.44653606415",
        "cumulative": true
    },
    {
        "date": "2020-09-11T13:15:03Z",
        "value": "106974.92116069794",
        "cumulative": true
    },
    {
        "date": "2020-09-11T13:15:22Z",
        "value": "108050.65364933014",
        "cumulative": true
    },
    {
        "date": "2020-09-11T13:15:41Z",
        "value": "109247.28647899628",
        "cumulative": true
    },
    {
        "date": "2020-09-11T13:15:58Z",
        "value": "110957.97536468506",
        "cumulative": true
    },
    {
        "date": "2020-09-11T13:16:11Z",
        "value": "113366.27984428406",
        "cumulative": true
    },
    {
        "date": "2020-09-11T13:16:26Z",
        "value": "116224.2594089508",
        "cumulative": true
    },
    {
        "date": "2020-09-11T13:16:39Z",
        "value": "118918.87180137634",
        "cumulative": true
    },
    {
        "date": "2020-09-11T13:16:57Z",
        "value": "122453.62636375427",
        "cumulative": true
    },
    {
        "date": "2020-09-11T13:17:07Z",
        "value": "124523.64221572876",
        "cumulative": true
    },
    {
        "date": "2020-09-11T13:17:21Z",
        "value": "127195.21730995178",
        "cumulative": true
    },
    {
        "date": "2020-09-11T13:17:35Z",
        "value": "129326.65459918976",
        "cumulative": true
    },
    {
        "date": "2020-09-11T13:17:48Z",
        "value": "130115.32065486908",
        "cumulative": true
    },
    {
        "date": "2020-09-11T13:18:01Z",
        "value": "130801.80515575409",
        "cumulative": true
    },
    {
        "date": "2020-09-11T13:18:17Z",
        "value": "131784.46511745453",
        "cumulative": true
    },
    {
        "date": "2020-09-11T13:18:32Z",
        "value": "132648.63790988922",
        "cumulative": true
    },
    {
        "date": "2020-09-11T13:18:52Z",
        "value": "133812.63111400604",
        "cumulative": true
    },
    {
        "date": "2020-09-11T13:19:05Z",
        "value": "134625.3533411026",
        "cumulative": true
    },
    {
        "date": "2020-09-11T13:19:24Z",
        "value": "135775.78279781342",
        "cumulative": true
    },
    {
        "date": "2020-09-11T13:19:40Z",
        "value": "136662.32744693756",
        "cumulative": true
    },
    {
        "date": "2020-09-11T13:19:55Z",
        "value": "137604.53488445282",
        "cumulative": true
    },
    {
        "date": "2020-09-11T13:20:13Z",
        "value": "138648.4722738266",
        "cumulative": true
    },
    {
        "date": "2020-09-11T13:20:24Z",
        "value": "140692.67379188538",
        "cumulative": true
    },
    {
        "date": "2020-09-11T13:20:36Z",
        "value": "142886.50014686584",
        "cumulative": true
    },
    {
        "date": "2020-09-11T13:20:54Z",
        "value": "146534.8800754547",
        "cumulative": true
    },
    {
        "date": "2020-09-11T13:21:09Z",
        "value": "149432.22899627686",
        "cumulative": true
    },
    {
        "date": "2020-09-11T13:21:26Z",
        "value": "152863.77869796753",
        "cumulative": true
    },
    {
        "date": "2020-09-11T13:21:38Z",
        "value": "155234.5525817871",
        "cumulative": true
    },
    {
        "date": "2020-09-11T13:21:55Z",
        "value": "158705.67930984497",
        "cumulative": true
    },
    {
        "date": "2020-09-11T13:22:09Z",
        "value": "161452.90572166443",
        "cumulative": true
    },
    {
        "date": "2020-09-11T13:22:29Z",
        "value": "163748.78702640533",
        "cumulative": true
    },
    {
        "date": "2020-09-11T13:22:43Z",
        "value": "164576.1179704666",
        "cumulative": true
    },
    {
        "date": "2020-09-11T13:22:54Z",
        "value": "165263.85177135468",
        "cumulative": true
    },
    {
        "date": "2020-09-11T13:23:11Z",
        "value": "166276.66279697418",
        "cumulative": true
    },
    {
        "date": "2020-09-11T13:23:30Z",
        "value": "167438.93569278717",
        "cumulative": true
    },
    {
        "date": "2020-09-11T13:23:49Z",
        "value": "168527.32450771332",
        "cumulative": true
    },
    {
        "date": "2020-09-11T13:23:59Z",
        "value": "169164.1888628006",
        "cumulative": true
    },
    {
        "date": "2020-09-11T13:24:12Z",
        "value": "169900.21507167816",
        "cumulative": true
    },
    {
        "date": "2020-09-11T13:24:24Z",
        "value": "170593.28215312958",
        "cumulative": true
    },
    {
        "date": "2020-09-11T13:24:38Z",
        "value": "171475.22901248932",
        "cumulative": true
    },
    {
        "date": "2020-09-11T13:24:58Z",
        "value": "172648.0519399643",
        "cumulative": true
    },
    {
        "date": "2020-09-11T13:25:10Z",
        "value": "173376.29620456696",
        "cumulative": true
    },
    {
        "date": "2020-09-11T13:25:24Z",
        "value": "174211.2699995041",
        "cumulative": true
    },
    {
        "date": "2020-09-11T13:25:42Z",
        "value": "175484.18861961365",
        "cumulative": true
    },
    {
        "date": "2020-09-11T13:25:57Z",
        "value": "178559.14172554016",
        "cumulative": true
    },
    {
        "date": "2020-09-11T13:26:09Z",
        "value": "181020.89600753784",
        "cumulative": true
    },
    {
        "date": "2020-09-11T13:26:24Z",
        "value": "183787.7155418396",
        "cumulative": true
    },
    {
        "date": "2020-09-11T13:26:43Z",
        "value": "187716.85949516296",
        "cumulative": true
    },
    {
        "date": "2020-09-11T13:27:02Z",
        "value": "191471.395526886",
        "cumulative": true
    },
    {
        "date": "2020-09-11T13:27:22Z",
        "value": "195716.08646392822",
        "cumulative": true
    },
    {
        "date": "2020-09-11T13:27:35Z",
        "value": "198242.92171669006",
        "cumulative": true
    },
    {
        "date": "2020-09-11T13:27:48Z",
        "value": "200699.97047424316",
        "cumulative": true
    },
    {
        "date": "2020-09-11T13:28:01Z",
        "value": "203239.11029815674",
        "cumulative": true
    },
    {
        "date": "2020-09-11T13:28:14Z",
        "value": "205709.90635681152",
        "cumulative": true
    },
    {
        "date": "2020-09-11T13:28:27Z",
        "value": "206598.35493946075",
        "cumulative": true
    },
    {
        "date": "2020-09-11T13:28:38Z",
        "value": "207308.9216222763",
        "cumulative": true
    },
    {
        "date": "2020-09-11T13:28:58Z",
        "value": "208494.60715007782",
        "cumulative": true
    },
    {
        "date": "2020-09-11T13:29:14Z",
        "value": "209444.96809482574",
        "cumulative": true
    },
    {
        "date": "2020-09-11T13:29:27Z",
        "value": "210206.40878772736",
        "cumulative": true
    },
    {
        "date": "2020-09-11T13:29:42Z",
        "value": "211108.18527507782",
        "cumulative": true
    },
    {
        "date": "2020-09-11T13:29:52Z",
        "value": "211733.38582324982",
        "cumulative": true
    },
    {
        "date": "2020-09-11T13:30:06Z",
        "value": "212498.0473279953",
        "cumulative": true
    },
    {
        "date": "2020-09-11T13:30:22Z",
        "value": "213423.70911884308",
        "cumulative": true
    },
    {
        "date": "2020-09-11T13:30:33Z",
        "value": "214085.80405902863",
        "cumulative": true
    },
    {
        "date": "2020-09-11T13:30:50Z",
        "value": "215101.60740947723",
        "cumulative": true
    },
    {
        "date": "2020-09-11T13:31:09Z",
        "value": "216169.23080348969",
        "cumulative": true
    },
    {
        "date": "2020-09-11T13:31:22Z",
        "value": "216935.2242460251",
        "cumulative": true
    },
    {
        "date": "2020-09-11T13:31:42Z",
        "value": "218152.64758968353",
        "cumulative": true
    },
    {
        "date": "2020-09-11T13:31:52Z",
        "value": "218764.99133586884",
        "cumulative": true
    },
    {
        "date": "2020-09-11T13:32:07Z",
        "value": "219681.38616847992",
        "cumulative": true
    },
    {
        "date": "2020-09-11T13:32:22Z",
        "value": "220537.9242296219",
        "cumulative": true
    },
    {
        "date": "2020-09-11T13:32:41Z",
        "value": "222765.03379249573",
        "cumulative": true
    },
    {
        "date": "2020-09-11T13:32:59Z",
        "value": "226251.37746810913",
        "cumulative": true
    },
    {
        "date": "2020-09-11T13:33:15Z",
        "value": "229745.98340034485",
        "cumulative": true
    },
    {
        "date": "2020-09-11T13:33:28Z",
        "value": "232084.76083564758",
        "cumulative": true
    },
    {
        "date": "2020-09-11T13:33:43Z",
        "value": "235186.9853668213",
        "cumulative": true
    },
    {
        "date": "2020-09-11T13:33:53Z",
        "value": "237135.21958732605",
        "cumulative": true
    },
    {
        "date": "2020-09-11T13:34:10Z",
        "value": "240813.1383152008",
        "cumulative": true
    },
    {
        "date": "2020-09-11T13:34:27Z",
        "value": "244128.03193092346",
        "cumulative": true
    },
    {
        "date": "2020-09-11T13:34:44Z",
        "value": "247602.6033039093",
        "cumulative": true
    },
    {
        "date": "2020-09-11T13:35:04Z",
        "value": "251521.14412117004",
        "cumulative": true
    },
    {
        "date": "2020-09-11T13:35:16Z",
        "value": "253919.5394859314",
        "cumulative": true
    },
    {
        "date": "2020-09-11T13:35:32Z",
        "value": "256950.74272727966",
        "cumulative": true
    },
    {
        "date": "2020-09-11T13:35:43Z",
        "value": "259287.76014709473",
        "cumulative": true
    },
    {
        "date": "2020-09-11T13:35:57Z",
        "value": "260643.3175830841",
        "cumulative": true
    },
    {
        "date": "2020-09-11T13:36:16Z",
        "value": "261799.03343391418",
        "cumulative": true
    },
    {
        "date": "2020-09-11T13:36:28Z",
        "value": "262404.44689559937",
        "cumulative": true
    },
    {
        "date": "2020-09-11T13:36:44Z",
        "value": "263415.386138916",
        "cumulative": true
    },
    {
        "date": "2020-09-11T13:37:01Z",
        "value": "264450.16454315186",
        "cumulative": true
    },
    {
        "date": "2020-09-11T13:37:17Z",
        "value": "265382.94919776917",
        "cumulative": true
    },
    {
        "date": "2020-09-11T13:37:29Z",
        "value": "266073.7062244415",
        "cumulative": true
    },
    {
        "date": "2020-09-11T13:37:44Z",
        "value": "266906.4258041382",
        "cumulative": true
    },
    {
        "date": "2020-09-11T13:37:57Z",
        "value": "267779.59283065796",
        "cumulative": true
    },
    {
        "date": "2020-09-11T13:38:09Z",
        "value": "268401.447725296",
        "cumulative": true
    },
    {
        "date": "2020-09-11T13:38:25Z",
        "value": "269360.83493232727",
        "cumulative": true
    },
    {
        "date": "2020-09-11T13:38:36Z",
        "value": "269986.55427360535",
        "cumulative": true
    },
    {
        "date": "2020-09-11T13:38:54Z",
        "value": "271096.4532108307",
        "cumulative": true
    },
    {
        "date": "2020-09-11T13:39:07Z",
        "value": "271852.6868171692",
        "cumulative": true
    },
    {
        "date": "2020-09-11T13:39:26Z",
        "value": "272989.56306266785",
        "cumulative": true
    },
    {
        "date": "2020-09-11T13:39:38Z",
        "value": "273759.0717487335",
        "cumulative": true
    },
    {
        "date": "2020-09-11T13:39:56Z",
        "value": "274761.4797363281",
        "cumulative": true
    },
    {
        "date": "2020-09-11T13:40:06Z",
        "value": "275362.0298805237",
        "cumulative": true
    },
    {
        "date": "2020-09-11T13:40:23Z",
        "value": "276456.77281188965",
        "cumulative": true
    },
    {
        "date": "2020-09-11T13:40:35Z",
        "value": "277083.892539978",
        "cumulative": true
    },
    {
        "date": "2020-09-11T13:40:52Z",
        "value": "278091.8394546509",
        "cumulative": true
    },
    {
        "date": "2020-09-11T13:41:04Z",
        "value": "278780.17459106445",
        "cumulative": true
    },
    {
        "date": "2020-09-11T13:41:21Z",
        "value": "279351.8709011078",
        "cumulative": true
    }
]