[
    {
        "date": "2020-09-11T12:59:35Z",
        "value": "0.925969746",
        "cumulative": false
    },
    {
        "date": "2020-09-11T12:59:46Z",
        "value": "1.421150531",
        "cumulative": false
    },
    {
        "date": "2020-09-11T13:00:04Z",
        "value": "1.20742663",
        "cumulative": false
    },
    {
        "date": "2020-09-11T13:00:19Z",
        "value": "0.993865479",
        "cumulative": false
    },
    {
        "date": "2020-09-11T13:00:34Z",
        "value": "0.969001132",
        "cumulative": false
    },
    {
        "date": "2020-09-11T13:00:54Z",
        "value": "0.967674539",
        "cumulative": false
    },
    {
        "date": "2020-09-11T13:01:12Z",
        "value": "0.899717731",
        "cumulative": false
    },
    {
        "date": "2020-09-11T13:01:28Z",
        "value": "0.973862334",
        "cumulative": false
    },
    {
        "date": "2020-09-11T13:01:47Z",
        "value": "0.880342263",
        "cumulative": false
    },
    {
        "date": "2020-09-11T13:02:01Z",
        "value": "0.835658616",
        "cumulative": false
    },
    {
        "date": "2020-09-11T13:02:16Z",
        "value": "0.855659655",
        "cumulative": false
    },
    {
        "date": "2020-09-11T13:02:34Z",
        "value": "0.972208763",
        "cumulative": false
    },
    {
        "date": "2020-09-11T13:02:45Z",
        "value": "0.633805653",
        "cumulative": false
    },
    {
        "date": "2020-09-11T13:03:02Z",
        "value": "0.87683041",
        "cumulative": false
    },
    {
        "date": "2020-09-11T13:03:21Z",
        "value": "0.939149249",
        "cumulative": false
    },
    {
        "date": "2020-09-11T13:03:38Z",
        "value": "0.58903172",
        "cumulative": false
    },
    {
        "date": "2020-09-11T13:03:52Z",
        "value": "0.7862001",
        "cumulative": false
    },
    {
        "date": "2020-09-11T13:04:12Z",
        "value": "1.012328097",
        "cumulative": false
    },
    {
        "date": "2020-09-11T13:04:29Z",
        "value": "0.911912843",
        "cumulative": false
    },
    {
        "date": "2020-09-11T13:04:44Z",
        "value": "0.684320931",
        "cumulative": false
    },
    {
        "date": "2020-09-11T13:05:00Z",
        "value": "0.7861647",
        "cumulative": false
    },
    {
        "date": "2020-09-11T13:05:12Z",
        "value": "1.00515006",
        "cumulative": false
    },
    {
        "date": "2020-09-11T13:05:29Z",
        "value": "0.994255356",
        "cumulative": false
    },
    {
        "date": "2020-09-11T13:05:44Z",
        "value": "1.003541813",
        "cumulative": false
    },
    {
        "date": "2020-09-11T13:05:59Z",
        "value": "0.695064208",
        "cumulative": false
    },
    {
        "date": "2020-09-11T13:06:18Z",
        "value": "0.704014329",
        "cumulative": false
    },
    {
        "date": "2020-09-11T13:06:35Z",
        "value": "0.896064724",
        "cumulative": false
    },
    {
        "date": "2020-09-11T13:06:47Z",
        "value": "0.968680992",
        "cumulative": false
    },
    {
        "date": "2020-09-11T13:07:04Z",
        "value": "0.977830008",
        "cumulative": false
    },
    {
        "date": "2020-09-11T13:07:17Z",
        "value": "0.995617156",
        "cumulative": false
    },
    {
        "date": "2020-09-11T13:07:33Z",
        "value": "0.897833817",
        "cumulative": false
    },
    {
        "date": "2020-09-11T13:07:45Z",
        "value": "0.680449053",
        "cumulative": false
    },
    {
        "date": "2020-09-11T13:08:04Z",
        "value": "0.694252719",
        "cumulative": false
    },
    {
        "date": "2020-09-11T13:08:20Z",
        "value": "0.693380217",
        "cumulative": false
    },
    {
        "date": "2020-09-11T13:08:32Z",
        "value": "0.996873363",
        "cumulative": false
    },
    {
        "date": "2020-09-11T13:08:45Z",
        "value": "0.976520912",
        "cumulative": false
    },
    {
        "date": "2020-09-11T13:09:02Z",
        "value": "0.989361443",
        "cumulative": false
    },
    {
        "date": "2020-09-11T13:09:16Z",
        "value": "0.99114523",
        "cumulative": false
    },
    {
        "date": "2020-09-11T13:09:29Z",
        "value": "0.985706071",
        "cumulative": false
    },
    {
        "date": "2020-09-11T13:09:47Z",
        "value": "0.870979898",
        "cumulative": false
    },
    {
        "date": "2020-09-11T13:10:00Z",
        "value": "0.70456398",
        "cumulative": false
    },
    {
        "date": "2020-09-11T13:10:19Z",
        "value": "0.703325228",
        "cumulative": false
    },
    {
        "date": "2020-09-11T13:10:33Z",
        "value": "0.700208552",
        "cumulative": false
    },
    {
        "date": "2020-09-11T13:10:47Z",
        "value": "0.858748458",
        "cumulative": false
    },
    {
        "date": "2020-09-11T13:10:58Z",
        "value": "0.993844801",
        "cumulative": false
    },
    {
        "date": "2020-09-11T13:11:17Z",
        "value": "0.981123137",
        "cumulative": false
    },
    {
        "date": "2020-09-11T13:11:32Z",
        "value": "0.986364526",
        "cumulative": false
    },
    {
        "date": "2020-09-11T13:11:51Z",
        "value": "0.991192614",
        "cumulative": false
    },
    {
        "date": "2020-09-11T13:12:02Z",
        "value": "0.96871093",
        "cumulative": false
    },
    {
        "date": "2020-09-11T13:12:13Z",
        "value": "0.979510075",
        "cumulative": false
    },
    {
        "date": "2020-09-11T13:12:30Z",
        "value": "0.851093922",
        "cumulative": false
    },
    {
        "date": "2020-09-11T13:12:49Z",
        "value": "0.700922287",
        "cumulative": false
    },
    {
        "date": "2020-09-11T13:13:01Z",
        "value": "0.669689169",
        "cumulative": false
    },
    {
        "date": "2020-09-11T13:13:18Z",
        "value": "0.650921041",
        "cumulative": false
    },
    {
        "date": "2020-09-11T13:13:29Z",
        "value": "0.706582474",
        "cumulative": false
    },
    {
        "date": "2020-09-11T13:13:40Z",
        "value": "0.674376275",
        "cumulative": false
    },
    {
        "date": "2020-09-11T13:13:59Z",
        "value": "0.942682086",
        "cumulative": false
    },
    {
        "date": "2020-09-11T13:14:12Z",
        "value": "0.979631553",
        "cumulative": false
    },
    {
        "date": "2020-09-11T13:14:30Z",
        "value": "1.000272227",
        "cumulative": false
    },
    {
        "date": "2020-09-11T13:14:49Z",
        "value": "0.984384067",
        "cumulative": false
    },
    {
        "date": "2020-09-11T13:15:05Z",
        "value": "0.989824454",
        "cumulative": false
    },
    {
        "date": "2020-09-11T13:15:16Z",
        "value": "0.960365096",
        "cumulative": false
    },
    {
        "date": "2020-09-11T13:15:28Z",
        "value": "0.988478288",
        "cumulative": false
    },
    {
        "date": "2020-09-11T13:15:45Z",
        "value": "0.973663306",
        "cumulative": false
    },
    {
        "date": "2020-09-11T13:16:04Z",
        "value": "0.774761196",
        "cumulative": false
    },
    {
        "date": "2020-09-11T13:16:22Z",
        "value": "0.68167076",
        "cumulative": false
    },
    {
        "date": "2020-09-11T13:16:41Z",
        "value": "0.708562572",
        "cumulative": false
    },
    {
        "date": "2020-09-11T13:16:58Z",
        "value": "0.691568496",
        "cumulative": false
    },
    {
        "date": "2020-09-11T13:17:12Z",
        "value": "0.677587199",
        "cumulative": false
    },
    {
        "date": "2020-09-11T13:17:32Z",
        "value": "0.692425871",
        "cumulative": false
    },
    {
        "date": "2020-09-11T13:17:49Z",
        "value": "0.987276387",
        "cumulative": false
    },
    {
        "date": "2020-09-11T13:18:08Z",
        "value": "0.936328826",
        "cumulative": false
    },
    {
        "date": "2020-09-11T13:18:24Z",
        "value": "0.98599202",
        "cumulative": false
    },
    {
        "date": "2020-09-11T13:18:36Z",
        "value": "0.975740877",
        "cumulative": false
    },
    {
        "date": "2020-09-11T13:18:50Z",
        "value": "0.991458218",
        "cumulative": false
    },
    {
        "date": "2020-09-11T13:19:08Z",
        "value": "0.991895739",
        "cumulative": false
    },
    {
        "date": "2020-09-11T13:19:25Z",
        "value": "0.980378474",
        "cumulative": false
    },
    {
        "date": "2020-09-11T13:19:42Z",
        "value": "0.986671611",
        "cumulative": false
    },
    {
        "date": "2020-09-11T13:19:59Z",
        "value": "0.990764193",
        "cumulative": false
    },
    {
        "date": "2020-09-11T13:20:15Z",
        "value": "0.986424963",
        "cumulative": false
    },
    {
        "date": "2020-09-11T13:20:34Z",
        "value": "0.705221728",
        "cumulative": false
    },
    {
        "date": "2020-09-11T13:20:48Z",
        "value": "0.691166316",
        "cumulative": false
    },
    {
        "date": "2020-09-11T13:21:04Z",
        "value": "0.683830239",
        "cumulative": false
    },
    {
        "date": "2020-09-11T13:21:17Z",
        "value": "0.704834585",
        "cumulative": false
    },
    {
        "date": "2020-09-11T13:21:36Z",
        "value": "0.694179605",
        "cumulative": false
    },
    {
        "date": "2020-09-11T13:21:56Z",
        "value": "0.732144907",
        "cumulative": false
    },
    {
        "date": "2020-09-11T13:22:08Z",
        "value": "0.68308076",
        "cumulative": false
    },
    {
        "date": "2020-09-11T13:22:27Z",
        "value": "0.859080537",
        "cumulative": false
    },
    {
        "date": "2020-09-11T13:22:45Z",
        "value": "0.998602948",
        "cumulative": false
    },
    {
        "date": "2020-09-11T13:23:04Z",
        "value": "0.996977375",
        "cumulative": false
    },
    {
        "date": "2020-09-11T13:23:18Z",
        "value": "0.998826304",
        "cumulative": false
    },
    {
        "date": "2020-09-11T13:23:37Z",
        "value": "0.983557093",
        "cumulative": false
    },
    {
        "date": "2020-09-11T13:23:56Z",
        "value": "0.986489875",
        "cumulative": false
    },
    {
        "date": "2020-09-11T13:24:16Z",
        "value": "0.99218418",
        "cumulative": false
    },
    {
        "date": "2020-09-11T13:24:35Z",
        "value": "0.997493365",
        "cumulative": false
    },
    {
        "date": "2020-09-11T13:24:52Z",
        "value": "0.985857495",
        "cumulative": false
    },
    {
        "date": "2020-09-11T13:25:11Z",
        "value": "0.97716463",
        "cumulative": false
    },
    {
        "date": "2020-09-11T13:25:23Z",
        "value": "0.990971586",
        "cumulative": false
    },
    {
        "date": "2020-09-11T13:25:42Z",
        "value": "0.9487641",
        "cumulative": false
    },
    {
        "date": "2020-09-11T13:26:02Z",
        "value": "0.700595509",
        "cumulative": false
    },
    {
        "date": "2020-09-11T13:26:16Z",
        "value": "0.680583142",
        "cumulative": false
    },
    {
        "date": "2020-09-11T13:26:30Z",
        "value": "0.687568271",
        "cumulative": false
    },
    {
        "date": "2020-09-11T13:26:49Z",
        "value": "0.71461689",
        "cumulative": false
    },
    {
        "date": "2020-09-11T13:27:04Z",
        "value": "0.714886887",
        "cumulative": false
    },
    {
        "date": "2020-09-11T13:27:21Z",
        "value": "0.714048177",
        "cumulative": false
    },
    {
        "date": "2020-09-11T13:27:37Z",
        "value": "0.696714192",
        "cumulative": false
    },
    {
        "date": "2020-09-11T13:27:57Z",
        "value": "0.694161974",
        "cumulative": false
    },
    {
        "date": "2020-09-11T13:28:16Z",
        "value": "0.71182474",
        "cumulative": false
    },
    {
        "date": "2020-09-11T13:28:32Z",
        "value": "0.992396356",
        "cumulative": false
    },
    {
        "date": "2020-09-11T13:28:47Z",
        "value": "0.98191567",
        "cumulative": false
    },
    {
        "date": "2020-09-11T13:29:00Z",
        "value": "0.976062418",
        "cumulative": false
    },
    {
        "date": "2020-09-11T13:29:13Z",
        "value": "0.993518638",
        "cumulative": false
    },
    {
        "date": "2020-09-11T13:29:31Z",
        "value": "0.977956827",
        "cumulative": false
    },
    {
        "date": "2020-09-11T13:29:47Z",
        "value": "0.977002174",
        "cumulative": false
    },
    {
        "date": "2020-09-11T13:29:57Z",
        "value": "0.930467783",
        "cumulative": false
    },
    {
        "date": "2020-09-11T13:30:14Z",
        "value": "0.961909574",
        "cumulative": false
    },
    {
        "date": "2020-09-11T13:30:31Z",
        "value": "0.971316356",
        "cumulative": false
    },
    {
        "date": "2020-09-11T13:30:50Z",
        "value": "0.947047303",
        "cumulative": false
    },
    {
        "date": "2020-09-11T13:31:07Z",
        "value": "0.96770336",
        "cumulative": false
    },
    {
        "date": "2020-09-11T13:31:17Z",
        "value": "0.945560745",
        "cumulative": false
    },
    {
        "date": "2020-09-11T13:31:31Z",
        "value": "0.969667703",
        "cumulative": false
    },
    {
        "date": "2020-09-11T13:31:46Z",
        "value": "0.973884165",
        "cumulative": false
    },
    {
        "date": "2020-09-11T13:32:04Z",
        "value": "0.975088767",
        "cumulative": false
    },
    {
        "date": "2020-09-11T13:32:22Z",
        "value": "0.97311984",
        "cumulative": false
    },
    {
        "date": "2020-09-11T13:32:38Z",
        "value": "0.889367881",
        "cumulative": false
    },
    {
        "date": "2020-09-11T13:32:56Z",
        "value": "0.695731774",
        "cumulative": false
    },
    {
        "date": "2020-09-11T13:33:08Z",
        "value": "0.731789534",
        "cumulative": false
    },
    {
        "date": "2020-09-11T13:33:18Z",
        "value": "0.722281363",
        "cumulative": false
    },
    {
        "date": "2020-09-11T13:33:37Z",
        "value": "0.690283127",
        "cumulative": false
    },
    {
        "date": "2020-09-11T13:33:55Z",
        "value": "0.735562042",
        "cumulative": false
    },
    {
        "date": "2020-09-11T13:34:10Z",
        "value": "0.734984699",
        "cumulative": false
    },
    {
        "date": "2020-09-11T13:34:30Z",
        "value": "0.675156677",
        "cumulative": false
    },
    {
        "date": "2020-09-11T13:34:46Z",
        "value": "0.70826637",
        "cumulative": false
    },
    {
        "date": "2020-09-11T13:35:00Z",
        "value": "0.706706071",
        "cumulative": false
    },
    {
        "date": "2020-09-11T13:35:18Z",
        "value": "0.699938199",
        "cumulative": false
    },
    {
        "date": "2020-09-11T13:35:38Z",
        "value": "0.692669383",
        "cumulative": false
    },
    {
        "date": "2020-09-11T13:35:54Z",
        "value": "0.825556534",
        "cumulative": false
    },
    {
        "date": "2020-09-11T13:36:11Z",
        "value": "0.974833372",
        "cumulative": false
    },
    {
        "date": "2020-09-11T13:36:24Z",
        "value": "0.955215955",
        "cumulative": false
    },
    {
        "date": "2020-09-11T13:36:35Z",
        "value": "0.978694561",
        "cumulative": false
    },
    {
        "date": "2020-09-11T13:36:49Z",
        "value": "0.968485532",
        "cumulative": false
    },
    {
        "date": "2020-09-11T13:37:09Z",
        "value": "0.968825358",
        "cumulative": false
    },
    {
        "date": "2020-09-11T13:37:25Z",
        "value": "0.965371726",
        "cumulative": false
    },
    {
        "date": "2020-09-11T13:37:42Z",
        "value": "0.952655902",
        "cumulative": false
    },
    {
        "date": "2020-09-11T13:37:53Z",
        "value": "0.970647438",
        "cumulative": false
    },
    {
        "date": "2020-09-11T13:38:07Z",
        "value": "0.967009878",
        "cumulative": false
    },
    {
        "date": "2020-09-11T13:38:22Z",
        "value": "0.971368947",
        "cumulative": false
    },
    {
        "date": "2020-09-11T13:38:37Z",
        "value": "0.975226466",
        "cumulative": false
    },
    {
        "date": "2020-09-11T13:38:50Z",
        "value": "0.965527093",
        "cumulative": false
    },
    {
        "date": "2020-09-11T13:39:00Z",
        "value": "0.97216922",
        "cumulative": false
    },
    {
        "date": "2020-09-11T13:39:16Z",
        "value": "0.960320987",
        "cumulative": false
    },
    {
        "date": "2020-09-11T13:39:36Z",
        "value": "0.974752375",
        "cumulative": false
    },
    {
        "date": "2020-09-11T13:39:54Z",
        "value": "0.972248678",
        "cumulative": false
    },
    {
        "date": "2020-09-11T13:40:06Z",
        "value": "0.981939483",
        "cumulative": false
    },
    {
        "date": "2020-09-11T13:40:17Z",
        "value": "0.949876802",
        "cumulative": false
    },
    {
        "date": "2020-09-11T13:40:31Z",
        "value": "0.956470189",
        "cumulative": false
    },
    {
        "date": "2020-09-11T13:40:46Z",
        "value": "0.974204478",
        "cumulative": false
    },
    {
        "date": "2020-09-11T13:41:02Z",
        "value": "0.972996026",
        "cumulative": false
    },
    {
        "date": "2020-09-11T13:41:17Z",
        "value": "0.640130138",
        "cumulative": false
    }
]