[
    {
        "date": "2020-09-11T12:57:38Z",
        "value": "2.73046875",
        "cumulative": false
    },
    {
        "date": "2020-09-11T12:57:52Z",
        "value": "2.71484375",
        "cumulative": false
    },
    {
        "date": "2020-09-11T12:58:06Z",
        "value": "2.71484375",
        "cumulative": false
    },
    {
        "date": "2020-09-11T12:58:31Z",
        "value": "2.71484375",
        "cumulative": false
    },
    {
        "date": "2020-09-11T12:58:42Z",
        "value": "2.71484375",
        "cumulative": false
    },
    {
        "date": "2020-09-11T12:58:59Z",
        "value": "2.71484375",
        "cumulative": false
    },
    {
        "date": "2020-09-11T12:59:16Z",
        "value": "2.71484375",
        "cumulative": false
    },
    {
        "date": "2020-09-11T12:59:35Z",
        "value": "1064.19140625",
        "cumulative": false
    },
    {
        "date": "2020-09-11T12:59:48Z",
        "value": "1080.30078125",
        "cumulative": false
    },
    {
        "date": "2020-09-11T13:00:03Z",
        "value": "1102.4765625",
        "cumulative": false
    },
    {
        "date": "2020-09-11T13:00:22Z",
        "value": "1125.77734375",
        "cumulative": false
    },
    {
        "date": "2020-09-11T13:00:41Z",
        "value": "1142.2109375",
        "cumulative": false
    },
    {
        "date": "2020-09-11T13:00:53Z",
        "value": "1159.90234375",
        "cumulative": false
    },
    {
        "date": "2020-09-11T13:01:10Z",
        "value": "1182.234375",
        "cumulative": false
    },
    {
        "date": "2020-09-11T13:01:24Z",
        "value": "1189.609375",
        "cumulative": false
    },
    {
        "date": "2020-09-11T13:01:34Z",
        "value": "1210.46484375",
        "cumulative": false
    },
    {
        "date": "2020-09-11T13:01:46Z",
        "value": "1222.11328125",
        "cumulative": false
    },
    {
        "date": "2020-09-11T13:02:01Z",
        "value": "1251.62109375",
        "cumulative": false
    },
    {
        "date": "2020-09-11T13:02:16Z",
        "value": "1260.796875",
        "cumulative": false
    },
    {
        "date": "2020-09-11T13:02:34Z",
        "value": "1298.00390625",
        "cumulative": false
    },
    {
        "date": "2020-09-11T13:02:47Z",
        "value": "1298.00390625",
        "cumulative": false
    },
    {
        "date": "2020-09-11T13:02:59Z",
        "value": "1272.578125",
        "cumulative": false
    },
    {
        "date": "2020-09-11T13:03:10Z",
        "value": "1300.83203125",
        "cumulative": false
    },
    {
        "date": "2020-09-11T13:03:29Z",
        "value": "1319.44140625",
        "cumulative": false
    },
    {
        "date": "2020-09-11T13:03:42Z",
        "value": "1344.06640625",
        "cumulative": false
    },
    {
        "date": "2020-09-11T13:03:53Z",
        "value": "1324.31640625",
        "cumulative": false
    },
    {
        "date": "2020-09-11T13:04:13Z",
        "value": "1324.31640625",
        "cumulative": false
    },
    {
        "date": "2020-09-11T13:04:31Z",
        "value": "1383.6640625",
        "cumulative": false
    },
    {
        "date": "2020-09-11T13:04:45Z",
        "value": "1425.9140625",
        "cumulative": false
    },
    {
        "date": "2020-09-11T13:04:58Z",
        "value": "1411.328125",
        "cumulative": false
    },
    {
        "date": "2020-09-11T13:05:12Z",
        "value": "1403.5078125",
        "cumulative": false
    },
    {
        "date": "2020-09-11T13:05:28Z",
        "value": "1449.078125",
        "cumulative": false
    },
    {
        "date": "2020-09-11T13:05:39Z",
        "value": "1448.703125",
        "cumulative": false
    },
    {
        "date": "2020-09-11T13:05:58Z",
        "value": "1517.48046875",
        "cumulative": false
    },
    {
        "date": "2020-09-11T13:06:17Z",
        "value": "1464.73046875",
        "cumulative": false
    },
    {
        "date": "2020-09-11T13:06:36Z",
        "value": "1464.734375",
        "cumulative": false
    },
    {
        "date": "2020-09-11T13:06:51Z",
        "value": "1464.76953125",
        "cumulative": false
    },
    {
        "date": "2020-09-11T13:07:07Z",
        "value": "1464.76953125",
        "cumulative": false
    },
    {
        "date": "2020-09-11T13:07:21Z",
        "value": "1483.234375",
        "cumulative": false
    },
    {
        "date": "2020-09-11T13:07:36Z",
        "value": "1568.6640625",
        "cumulative": false
    },
    {
        "date": "2020-09-11T13:07:47Z",
        "value": "1625.69140625",
        "cumulative": false
    },
    {
        "date": "2020-09-11T13:08:06Z",
        "value": "1639.9140625",
        "cumulative": false
    },
    {
        "date": "2020-09-11T13:08:17Z",
        "value": "1559.31640625",
        "cumulative": false
    },
    {
        "date": "2020-09-11T13:08:27Z",
        "value": "1683.0390625",
        "cumulative": false
    },
    {
        "date": "2020-09-11T13:08:47Z",
        "value": "1570.6640625",
        "cumulative": false
    },
    {
        "date": "2020-09-11T13:09:02Z",
        "value": "1656.390625",
        "cumulative": false
    },
    {
        "date": "2020-09-11T13:09:17Z",
        "value": "1694.015625",
        "cumulative": false
    },
    {
        "date": "2020-09-11T13:09:33Z",
        "value": "1651.0390625",
        "cumulative": false
    },
    {
        "date": "2020-09-11T13:09:45Z",
        "value": "1678.69921875",
        "cumulative": false
    },
    {
        "date": "2020-09-11T13:10:03Z",
        "value": "1678.69921875",
        "cumulative": false
    },
    {
        "date": "2020-09-11T13:10:22Z",
        "value": "1678.703125",
        "cumulative": false
    },
    {
        "date": "2020-09-11T13:10:35Z",
        "value": "1770.44921875",
        "cumulative": false
    },
    {
        "date": "2020-09-11T13:10:51Z",
        "value": "1729.44921875",
        "cumulative": false
    },
    {
        "date": "2020-09-11T13:11:10Z",
        "value": "1678.765625",
        "cumulative": false
    },
    {
        "date": "2020-09-11T13:11:21Z",
        "value": "1826.72265625",
        "cumulative": false
    },
    {
        "date": "2020-09-11T13:11:35Z",
        "value": "1678.69921875",
        "cumulative": false
    },
    {
        "date": "2020-09-11T13:11:46Z",
        "value": "1678.69921875",
        "cumulative": false
    },
    {
        "date": "2020-09-11T13:11:57Z",
        "value": "1808.94921875",
        "cumulative": false
    },
    {
        "date": "2020-09-11T13:12:08Z",
        "value": "1732.57421875",
        "cumulative": false
    },
    {
        "date": "2020-09-11T13:12:21Z",
        "value": "1678.765625",
        "cumulative": false
    },
    {
        "date": "2020-09-11T13:12:33Z",
        "value": "1938.58203125",
        "cumulative": false
    },
    {
        "date": "2020-09-11T13:12:53Z",
        "value": "1867.55078125",
        "cumulative": false
    },
    {
        "date": "2020-09-11T13:13:03Z",
        "value": "1829.45703125",
        "cumulative": false
    },
    {
        "date": "2020-09-11T13:13:19Z",
        "value": "1971.95703125",
        "cumulative": false
    },
    {
        "date": "2020-09-11T13:13:35Z",
        "value": "1829.45703125",
        "cumulative": false
    },
    {
        "date": "2020-09-11T13:13:49Z",
        "value": "1829.45703125",
        "cumulative": false
    },
    {
        "date": "2020-09-11T13:14:08Z",
        "value": "1829.45703125",
        "cumulative": false
    },
    {
        "date": "2020-09-11T13:14:21Z",
        "value": "1986.08203125",
        "cumulative": false
    },
    {
        "date": "2020-09-11T13:14:35Z",
        "value": "1996.83203125",
        "cumulative": false
    },
    {
        "date": "2020-09-11T13:14:48Z",
        "value": "1998.33203125",
        "cumulative": false
    },
    {
        "date": "2020-09-11T13:15:04Z",
        "value": "1829.45703125",
        "cumulative": false
    },
    {
        "date": "2020-09-11T13:15:23Z",
        "value": "1829.4921875",
        "cumulative": false
    },
    {
        "date": "2020-09-11T13:15:38Z",
        "value": "1829.47265625",
        "cumulative": false
    },
    {
        "date": "2020-09-11T13:15:53Z",
        "value": "2020.1171875",
        "cumulative": false
    },
    {
        "date": "2020-09-11T13:16:12Z",
        "value": "2155.390625",
        "cumulative": false
    },
    {
        "date": "2020-09-11T13:16:28Z",
        "value": "2019.87109375",
        "cumulative": false
    },
    {
        "date": "2020-09-11T13:16:42Z",
        "value": "2019.87109375",
        "cumulative": false
    },
    {
        "date": "2020-09-11T13:16:58Z",
        "value": "2139.640625",
        "cumulative": false
    },
    {
        "date": "2020-09-11T13:17:15Z",
        "value": "2019.765625",
        "cumulative": false
    },
    {
        "date": "2020-09-11T13:17:26Z",
        "value": "2019.87109375",
        "cumulative": false
    },
    {
        "date": "2020-09-11T13:17:42Z",
        "value": "2288.1953125",
        "cumulative": false
    },
    {
        "date": "2020-09-11T13:17:59Z",
        "value": "2167.0703125",
        "cumulative": false
    },
    {
        "date": "2020-09-11T13:18:09Z",
        "value": "2114.67578125",
        "cumulative": false
    },
    {
        "date": "2020-09-11T13:18:25Z",
        "value": "2019.6953125",
        "cumulative": false
    },
    {
        "date": "2020-09-11T13:18:40Z",
        "value": "2304.4453125",
        "cumulative": false
    },
    {
        "date": "2020-09-11T13:18:58Z",
        "value": "2019.6953125",
        "cumulative": false
    },
    {
        "date": "2020-09-11T13:19:16Z",
        "value": "2019.6953125",
        "cumulative": false
    },
    {
        "date": "2020-09-11T13:19:26Z",
        "value": "2019.6953125",
        "cumulative": false
    },
    {
        "date": "2020-09-11T13:19:38Z",
        "value": "2019.6953125",
        "cumulative": false
    },
    {
        "date": "2020-09-11T13:19:49Z",
        "value": "2265.9453125",
        "cumulative": false
    },
    {
        "date": "2020-09-11T13:20:02Z",
        "value": "2019.6953125",
        "cumulative": false
    },
    {
        "date": "2020-09-11T13:20:21Z",
        "value": "2259.91796875",
        "cumulative": false
    },
    {
        "date": "2020-09-11T13:20:39Z",
        "value": "2400.40625",
        "cumulative": false
    },
    {
        "date": "2020-09-11T13:20:56Z",
        "value": "2259.91796875",
        "cumulative": false
    },
    {
        "date": "2020-09-11T13:21:08Z",
        "value": "2368.66796875",
        "cumulative": false
    },
    {
        "date": "2020-09-11T13:21:28Z",
        "value": "2411.41796875",
        "cumulative": false
    },
    {
        "date": "2020-09-11T13:21:46Z",
        "value": "2479.8203125",
        "cumulative": false
    },
    {
        "date": "2020-09-11T13:22:02Z",
        "value": "2260.03125",
        "cumulative": false
    },
    {
        "date": "2020-09-11T13:22:20Z",
        "value": "2259.84765625",
        "cumulative": false
    },
    {
        "date": "2020-09-11T13:22:31Z",
        "value": "2259.84765625",
        "cumulative": false
    },
    {
        "date": "2020-09-11T13:22:51Z",
        "value": "2259.84765625",
        "cumulative": false
    },
    {
        "date": "2020-09-11T13:23:03Z",
        "value": "2259.84765625",
        "cumulative": false
    },
    {
        "date": "2020-09-11T13:23:20Z",
        "value": "2259.84765625",
        "cumulative": false
    },
    {
        "date": "2020-09-11T13:23:32Z",
        "value": "2352.59765625",
        "cumulative": false
    },
    {
        "date": "2020-09-11T13:23:49Z",
        "value": "2527.34765625",
        "cumulative": false
    },
    {
        "date": "2020-09-11T13:23:59Z",
        "value": "2259.84765625",
        "cumulative": false
    },
    {
        "date": "2020-09-11T13:24:18Z",
        "value": "2259.84765625",
        "cumulative": false
    },
    {
        "date": "2020-09-11T13:24:35Z",
        "value": "2447.09765625",
        "cumulative": false
    },
    {
        "date": "2020-09-11T13:24:48Z",
        "value": "2259.94140625",
        "cumulative": false
    },
    {
        "date": "2020-09-11T13:25:02Z",
        "value": "2528.22265625",
        "cumulative": false
    },
    {
        "date": "2020-09-11T13:25:15Z",
        "value": "2259.84765625",
        "cumulative": false
    },
    {
        "date": "2020-09-11T13:25:33Z",
        "value": "2259.84765625",
        "cumulative": false
    },
    {
        "date": "2020-09-11T13:25:47Z",
        "value": "2563.21484375",
        "cumulative": false
    },
    {
        "date": "2020-09-11T13:26:06Z",
        "value": "2740.21484375",
        "cumulative": false
    },
    {
        "date": "2020-09-11T13:26:25Z",
        "value": "2865.96484375",
        "cumulative": false
    },
    {
        "date": "2020-09-11T13:26:36Z",
        "value": "2563.23828125",
        "cumulative": false
    },
    {
        "date": "2020-09-11T13:26:47Z",
        "value": "2865.96484375",
        "cumulative": false
    },
    {
        "date": "2020-09-11T13:27:03Z",
        "value": "2563.21484375",
        "cumulative": false
    },
    {
        "date": "2020-09-11T13:27:22Z",
        "value": "2836.96484375",
        "cumulative": false
    },
    {
        "date": "2020-09-11T13:27:41Z",
        "value": "2563.21484375",
        "cumulative": false
    },
    {
        "date": "2020-09-11T13:27:59Z",
        "value": "2589.33984375",
        "cumulative": false
    },
    {
        "date": "2020-09-11T13:28:09Z",
        "value": "2848.9765625",
        "cumulative": false
    },
    {
        "date": "2020-09-11T13:28:24Z",
        "value": "2563.2265625",
        "cumulative": false
    },
    {
        "date": "2020-09-11T13:28:35Z",
        "value": "2563.21875",
        "cumulative": false
    },
    {
        "date": "2020-09-11T13:28:47Z",
        "value": "2563.21875",
        "cumulative": false
    },
    {
        "date": "2020-09-11T13:29:03Z",
        "value": "2563.21875",
        "cumulative": false
    },
    {
        "date": "2020-09-11T13:29:21Z",
        "value": "2563.21875",
        "cumulative": false
    },
    {
        "date": "2020-09-11T13:29:33Z",
        "value": "2563.25390625",
        "cumulative": false
    },
    {
        "date": "2020-09-11T13:29:53Z",
        "value": "2935.59375",
        "cumulative": false
    },
    {
        "date": "2020-09-11T13:30:08Z",
        "value": "2563.21875",
        "cumulative": false
    },
    {
        "date": "2020-09-11T13:30:27Z",
        "value": "2563.21875",
        "cumulative": false
    },
    {
        "date": "2020-09-11T13:30:41Z",
        "value": "2563.21875",
        "cumulative": false
    },
    {
        "date": "2020-09-11T13:31:01Z",
        "value": "2947.96875",
        "cumulative": false
    },
    {
        "date": "2020-09-11T13:31:12Z",
        "value": "2563.21875",
        "cumulative": false
    },
    {
        "date": "2020-09-11T13:31:23Z",
        "value": "2563.21875",
        "cumulative": false
    },
    {
        "date": "2020-09-11T13:31:41Z",
        "value": "2563.21875",
        "cumulative": false
    },
    {
        "date": "2020-09-11T13:31:52Z",
        "value": "2748.09375",
        "cumulative": false
    },
    {
        "date": "2020-09-11T13:32:04Z",
        "value": "2563.21875",
        "cumulative": false
    },
    {
        "date": "2020-09-11T13:32:19Z",
        "value": "2563.28125",
        "cumulative": false
    },
    {
        "date": "2020-09-11T13:32:39Z",
        "value": "2946.30078125",
        "cumulative": false
    },
    {
        "date": "2020-09-11T13:32:50Z",
        "value": "3170.17578125",
        "cumulative": false
    },
    {
        "date": "2020-09-11T13:33:05Z",
        "value": "3304.17578125",
        "cumulative": false
    },
    {
        "date": "2020-09-11T13:33:19Z",
        "value": "2946.33203125",
        "cumulative": false
    },
    {
        "date": "2020-09-11T13:33:30Z",
        "value": "2946.30078125",
        "cumulative": false
    },
    {
        "date": "2020-09-11T13:33:50Z",
        "value": "2946.33203125",
        "cumulative": false
    },
    {
        "date": "2020-09-11T13:34:10Z",
        "value": "2946.33203125",
        "cumulative": false
    },
    {
        "date": "2020-09-11T13:34:24Z",
        "value": "2946.30078125",
        "cumulative": false
    },
    {
        "date": "2020-09-11T13:34:34Z",
        "value": "2946.30078125",
        "cumulative": false
    },
    {
        "date": "2020-09-11T13:34:48Z",
        "value": "2946.30078125",
        "cumulative": false
    },
    {
        "date": "2020-09-11T13:35:05Z",
        "value": "2946.3359375",
        "cumulative": false
    },
    {
        "date": "2020-09-11T13:35:22Z",
        "value": "2946.33203125",
        "cumulative": false
    },
    {
        "date": "2020-09-11T13:35:37Z",
        "value": "2946.30078125",
        "cumulative": false
    },
    {
        "date": "2020-09-11T13:35:53Z",
        "value": "2946.29296875",
        "cumulative": false
    },
    {
        "date": "2020-09-11T13:36:08Z",
        "value": "2946.29296875",
        "cumulative": false
    },
    {
        "date": "2020-09-11T13:36:24Z",
        "value": "3431.1640625",
        "cumulative": false
    },
    {
        "date": "2020-09-11T13:36:43Z",
        "value": "2946.33203125",
        "cumulative": false
    },
    {
        "date": "2020-09-11T13:37:03Z",
        "value": "2946.33203125",
        "cumulative": false
    },
    {
        "date": "2020-09-11T13:37:17Z",
        "value": "2946.2890625",
        "cumulative": false
    },
    {
        "date": "2020-09-11T13:37:35Z",
        "value": "3510.30859375",
        "cumulative": false
    },
    {
        "date": "2020-09-11T13:37:47Z",
        "value": "2946.2890625",
        "cumulative": false
    },
    {
        "date": "2020-09-11T13:37:58Z",
        "value": "3137.4453125",
        "cumulative": false
    },
    {
        "date": "2020-09-11T13:38:12Z",
        "value": "2946.2890625",
        "cumulative": false
    },
    {
        "date": "2020-09-11T13:38:30Z",
        "value": "3242.92578125",
        "cumulative": false
    },
    {
        "date": "2020-09-11T13:38:40Z",
        "value": "3435.9140625",
        "cumulative": false
    },
    {
        "date": "2020-09-11T13:38:56Z",
        "value": "3400.3984375",
        "cumulative": false
    },
    {
        "date": "2020-09-11T13:39:16Z",
        "value": "3312.2890625",
        "cumulative": false
    },
    {
        "date": "2020-09-11T13:39:29Z",
        "value": "3380.0390625",
        "cumulative": false
    },
    {
        "date": "2020-09-11T13:39:48Z",
        "value": "3349.1640625",
        "cumulative": false
    },
    {
        "date": "2020-09-11T13:40:08Z",
        "value": "3353.1640625",
        "cumulative": false
    },
    {
        "date": "2020-09-11T13:40:27Z",
        "value": "3332.9140625",
        "cumulative": false
    },
    {
        "date": "2020-09-11T13:40:43Z",
        "value": "3168.484375",
        "cumulative": false
    },
    {
        "date": "2020-09-11T13:41:02Z",
        "value": "2946.2890625",
        "cumulative": false
    },
    {
        "date": "2020-09-11T13:41:12Z",
        "value": "2946.2890625",
        "cumulative": false
    }
]