[
    {
        "date": "2020-09-11T12:57:32Z",
        "value": "0.0009593963623046875",
        "cumulative": true
    },
    {
        "date": "2020-09-11T12:57:48Z",
        "value": "0.0009593963623046875",
        "cumulative": true
    },
    {
        "date": "2020-09-11T12:58:11Z",
        "value": "0.0009593963623046875",
        "cumulative": true
    },
    {
        "date": "2020-09-11T12:58:24Z",
        "value": "0.0009593963623046875",
        "cumulative": true
    },
    {
        "date": "2020-09-11T12:58:49Z",
        "value": "0.0009593963623046875",
        "cumulative": true
    },
    {
        "date": "2020-09-11T12:59:05Z",
        "value": "0.0009593963623046875",
        "cumulative": true
    },
    {
        "date": "2020-09-11T12:59:30Z",
        "value": "105.3736343383789",
        "cumulative": true
    },
    {
        "date": "2020-09-11T12:59:44Z",
        "value": "1619.9986572265625",
        "cumulative": true
    },
    {
        "date": "2020-09-11T12:59:54Z",
        "value": "2852.5476331710815",
        "cumulative": true
    },
    {
        "date": "2020-09-11T13:00:13Z",
        "value": "5085.480790138245",
        "cumulative": true
    },
    {
        "date": "2020-09-11T13:00:23Z",
        "value": "6379.4515018463135",
        "cumulative": true
    },
    {
        "date": "2020-09-11T13:00:35Z",
        "value": "7944.413661003113",
        "cumulative": true
    },
    {
        "date": "2020-09-11T13:00:52Z",
        "value": "10066.439725875854",
        "cumulative": true
    },
    {
        "date": "2020-09-11T13:01:08Z",
        "value": "12157.93339252472",
        "cumulative": true
    },
    {
        "date": "2020-09-11T13:01:27Z",
        "value": "14005.493063926697",
        "cumulative": true
    },
    {
        "date": "2020-09-11T13:01:47Z",
        "value": "16504.45335674286",
        "cumulative": true
    },
    {
        "date": "2020-09-11T13:02:01Z",
        "value": "18439.07596206665",
        "cumulative": true
    },
    {
        "date": "2020-09-11T13:02:19Z",
        "value": "20670.977118492126",
        "cumulative": true
    },
    {
        "date": "2020-09-11T13:02:32Z",
        "value": "21621.179895401",
        "cumulative": true
    },
    {
        "date": "2020-09-11T13:02:46Z",
        "value": "24443.69725227356",
        "cumulative": true
    },
    {
        "date": "2020-09-11T13:02:58Z",
        "value": "25711.544192314148",
        "cumulative": true
    },
    {
        "date": "2020-09-11T13:03:08Z",
        "value": "26323.164498329163",
        "cumulative": true
    },
    {
        "date": "2020-09-11T13:03:25Z",
        "value": "28010.586526870728",
        "cumulative": true
    },
    {
        "date": "2020-09-11T13:03:44Z",
        "value": "31687.146591186523",
        "cumulative": true
    },
    {
        "date": "2020-09-11T13:03:57Z",
        "value": "32518.36527633667",
        "cumulative": true
    },
    {
        "date": "2020-09-11T13:04:08Z",
        "value": "33179.054681777954",
        "cumulative": true
    },
    {
        "date": "2020-09-11T13:04:22Z",
        "value": "34052.31262588501",
        "cumulative": true
    },
    {
        "date": "2020-09-11T13:04:41Z",
        "value": "37218.87609100342",
        "cumulative": true
    },
    {
        "date": "2020-09-11T13:04:54Z",
        "value": "39837.47476196289",
        "cumulative": true
    },
    {
        "date": "2020-09-11T13:05:10Z",
        "value": "41069.220598220825",
        "cumulative": true
    },
    {
        "date": "2020-09-11T13:05:26Z",
        "value": "42022.660820007324",
        "cumulative": true
    },
    {
        "date": "2020-09-11T13:05:44Z",
        "value": "43090.77194976807",
        "cumulative": true
    },
    {
        "date": "2020-09-11T13:05:54Z",
        "value": "44848.09821033478",
        "cumulative": true
    },
    {
        "date": "2020-09-11T13:06:13Z",
        "value": "48644.50640583038",
        "cumulative": true
    },
    {
        "date": "2020-09-11T13:06:25Z",
        "value": "50844.82666873932",
        "cumulative": true
    },
    {
        "date": "2020-09-11T13:06:38Z",
        "value": "51598.103711128235",
        "cumulative": true
    },
    {
        "date": "2020-09-11T13:06:51Z",
        "value": "52353.18002986908",
        "cumulative": true
    },
    {
        "date": "2020-09-11T13:07:02Z",
        "value": "52959.11640262604",
        "cumulative": true
    },
    {
        "date": "2020-09-11T13:07:12Z",
        "value": "53565.415192604065",
        "cumulative": true
    },
    {
        "date": "2020-09-11T13:07:32Z",
        "value": "55118.41444301605",
        "cumulative": true
    },
    {
        "date": "2020-09-11T13:07:45Z",
        "value": "57513.06331729889",
        "cumulative": true
    },
    {
        "date": "2020-09-11T13:07:56Z",
        "value": "59753.32455158234",
        "cumulative": true
    },
    {
        "date": "2020-09-11T13:08:07Z",
        "value": "61814.72037601471",
        "cumulative": true
    },
    {
        "date": "2020-09-11T13:08:24Z",
        "value": "64418.8037443161",
        "cumulative": true
    },
    {
        "date": "2020-09-11T13:08:40Z",
        "value": "65332.544976234436",
        "cumulative": true
    },
    {
        "date": "2020-09-11T13:08:58Z",
        "value": "66385.57854938507",
        "cumulative": true
    },
    {
        "date": "2020-09-11T13:09:12Z",
        "value": "67239.2366476059",
        "cumulative": true
    },
    {
        "date": "2020-09-11T13:09:28Z",
        "value": "68181.11913585663",
        "cumulative": true
    },
    {
        "date": "2020-09-11T13:09:48Z",
        "value": "70437.78378582001",
        "cumulative": true
    },
    {
        "date": "2020-09-11T13:10:08Z",
        "value": "74335.63502788544",
        "cumulative": true
    },
    {
        "date": "2020-09-11T13:10:23Z",
        "value": "77481.07849597931",
        "cumulative": true
    },
    {
        "date": "2020-09-11T13:10:39Z",
        "value": "80627.18414974213",
        "cumulative": true
    },
    {
        "date": "2020-09-11T13:10:51Z",
        "value": "81588.07837677002",
        "cumulative": true
    },
    {
        "date": "2020-09-11T13:11:07Z",
        "value": "82489.88603591919",
        "cumulative": true
    },
    {
        "date": "2020-09-11T13:11:26Z",
        "value": "83635.20126152039",
        "cumulative": true
    },
    {
        "date": "2020-09-11T13:11:42Z",
        "value": "84549.79739189148",
        "cumulative": true
    },
    {
        "date": "2020-09-11T13:12:00Z",
        "value": "85662.07562828064",
        "cumulative": true
    },
    {
        "date": "2020-09-11T13:12:12Z",
        "value": "86337.71017837524",
        "cumulative": true
    },
    {
        "date": "2020-09-11T13:12:25Z",
        "value": "87306.02911663055",
        "cumulative": true
    },
    {
        "date": "2020-09-11T13:12:41Z",
        "value": "90452.80595302582",
        "cumulative": true
    },
    {
        "date": "2020-09-11T13:13:00Z",
        "value": "93962.22429561615",
        "cumulative": true
    },
    {
        "date": "2020-09-11T13:13:12Z",
        "value": "96317.15920734406",
        "cumulative": true
    },
    {
        "date": "2020-09-11T13:13:27Z",
        "value": "99007.66288471222",
        "cumulative": true
    },
    {
        "date": "2020-09-11T13:13:45Z",
        "value": "102362.09037971497",
        "cumulative": true
    },
    {
        "date": "2020-09-11T13:13:58Z",
        "value": "103129.70045280457",
        "cumulative": true
    },
    {
        "date": "2020-09-11T13:14:11Z",
        "value": "103910.33746528625",
        "cumulative": true
    },
    {
        "date": "2020-09-11T13:14:24Z",
        "value": "104692.03735160828",
        "cumulative": true
    },
    {
        "date": "2020-09-11T13:14:41Z",
        "value": "105702.25240325928",
        "cumulative": true
    },
    {
        "date": "2020-09-11T13:14:57Z",
        "value": "106611.82390975952",
        "cumulative": true
    },
    {
        "date": "2020-09-11T13:15:13Z",
        "value": "107596.56824684143",
        "cumulative": true
    },
    {
        "date": "2020-09-11T13:15:27Z",
        "value": "108390.65226745605",
        "cumulative": true
    },
    {
        "date": "2020-09-11T13:15:43Z",
        "value": "109303.401927948",
        "cumulative": true
    },
    {
        "date": "2020-09-11T13:15:58Z",
        "value": "111142.37485599518",
        "cumulative": true
    },
    {
        "date": "2020-09-11T13:16:17Z",
        "value": "114613.7805223465",
        "cumulative": true
    },
    {
        "date": "2020-09-11T13:16:34Z",
        "value": "117915.34045505524",
        "cumulative": true
    },
    {
        "date": "2020-09-11T13:16:50Z",
        "value": "121065.59109783173",
        "cumulative": true
    },
    {
        "date": "2020-09-11T13:17:08Z",
        "value": "124688.74734973907",
        "cumulative": true
    },
    {
        "date": "2020-09-11T13:17:23Z",
        "value": "127417.16592121124",
        "cumulative": true
    },
    {
        "date": "2020-09-11T13:17:37Z",
        "value": "129461.9957523346",
        "cumulative": true
    },
    {
        "date": "2020-09-11T13:17:52Z",
        "value": "130322.74260902405",
        "cumulative": true
    },
    {
        "date": "2020-09-11T13:18:03Z",
        "value": "130921.7336769104",
        "cumulative": true
    },
    {
        "date": "2020-09-11T13:18:18Z",
        "value": "131864.37224197388",
        "cumulative": true
    },
    {
        "date": "2020-09-11T13:18:36Z",
        "value": "132918.10396385193",
        "cumulative": true
    },
    {
        "date": "2020-09-11T13:18:49Z",
        "value": "133695.6518611908",
        "cumulative": true
    },
    {
        "date": "2020-09-11T13:19:05Z",
        "value": "134645.0134716034",
        "cumulative": true
    },
    {
        "date": "2020-09-11T13:19:22Z",
        "value": "135639.3630695343",
        "cumulative": true
    },
    {
        "date": "2020-09-11T13:19:34Z",
        "value": "136371.7322807312",
        "cumulative": true
    },
    {
        "date": "2020-09-11T13:19:51Z",
        "value": "137361.32345199585",
        "cumulative": true
    },
    {
        "date": "2020-09-11T13:20:08Z",
        "value": "138380.78073883057",
        "cumulative": true
    },
    {
        "date": "2020-09-11T13:20:18Z",
        "value": "139652.426735878",
        "cumulative": true
    },
    {
        "date": "2020-09-11T13:20:34Z",
        "value": "142663.3928117752",
        "cumulative": true
    },
    {
        "date": "2020-09-11T13:20:48Z",
        "value": "145408.22206020355",
        "cumulative": true
    },
    {
        "date": "2020-09-11T13:21:07Z",
        "value": "149086.6238336563",
        "cumulative": true
    },
    {
        "date": "2020-09-11T13:21:24Z",
        "value": "152402.43109989166",
        "cumulative": true
    },
    {
        "date": "2020-09-11T13:21:35Z",
        "value": "154590.46671390533",
        "cumulative": true
    },
    {
        "date": "2020-09-11T13:21:53Z",
        "value": "158243.76039218903",
        "cumulative": true
    },
    {
        "date": "2020-09-11T13:22:10Z",
        "value": "161656.0454645157",
        "cumulative": true
    },
    {
        "date": "2020-09-11T13:22:27Z",
        "value": "163685.91758537292",
        "cumulative": true
    },
    {
        "date": "2020-09-11T13:22:43Z",
        "value": "164617.7624359131",
        "cumulative": true
    },
    {
        "date": "2020-09-11T13:23:01Z",
        "value": "165770.70527267456",
        "cumulative": true
    },
    {
        "date": "2020-09-11T13:23:18Z",
        "value": "166738.26102256775",
        "cumulative": true
    },
    {
        "date": "2020-09-11T13:23:29Z",
        "value": "167342.72705078125",
        "cumulative": true
    },
    {
        "date": "2020-09-11T13:23:42Z",
        "value": "168126.40293502808",
        "cumulative": true
    },
    {
        "date": "2020-09-11T13:23:58Z",
        "value": "169113.44843673706",
        "cumulative": true
    },
    {
        "date": "2020-09-11T13:24:12Z",
        "value": "169931.7200241089",
        "cumulative": true
    },
    {
        "date": "2020-09-11T13:24:30Z",
        "value": "171063.66560935974",
        "cumulative": true
    },
    {
        "date": "2020-09-11T13:24:41Z",
        "value": "171698.55715560913",
        "cumulative": true
    },
    {
        "date": "2020-09-11T13:24:53Z",
        "value": "172377.59226989746",
        "cumulative": true
    },
    {
        "date": "2020-09-11T13:25:10Z",
        "value": "173391.8132019043",
        "cumulative": true
    },
    {
        "date": "2020-09-11T13:25:21Z",
        "value": "174118.1551952362",
        "cumulative": true
    },
    {
        "date": "2020-09-11T13:25:33Z",
        "value": "174780.98413848877",
        "cumulative": true
    },
    {
        "date": "2020-09-11T13:25:51Z",
        "value": "177358.18937015533",
        "cumulative": true
    },
    {
        "date": "2020-09-11T13:26:06Z",
        "value": "180381.26164531708",
        "cumulative": true
    },
    {
        "date": "2020-09-11T13:26:19Z",
        "value": "182893.6159105301",
        "cumulative": true
    },
    {
        "date": "2020-09-11T13:26:30Z",
        "value": "184929.2890138626",
        "cumulative": true
    },
    {
        "date": "2020-09-11T13:26:44Z",
        "value": "187815.4688577652",
        "cumulative": true
    },
    {
        "date": "2020-09-11T13:27:04Z",
        "value": "191808.39431476593",
        "cumulative": true
    },
    {
        "date": "2020-09-11T13:27:15Z",
        "value": "194267.04703617096",
        "cumulative": true
    },
    {
        "date": "2020-09-11T13:27:32Z",
        "value": "197461.17480945587",
        "cumulative": true
    },
    {
        "date": "2020-09-11T13:27:42Z",
        "value": "199500.85522937775",
        "cumulative": true
    },
    {
        "date": "2020-09-11T13:27:53Z",
        "value": "201647.7234659195",
        "cumulative": true
    },
    {
        "date": "2020-09-11T13:28:13Z",
        "value": "205578.5865278244",
        "cumulative": true
    },
    {
        "date": "2020-09-11T13:28:30Z",
        "value": "206791.3287715912",
        "cumulative": true
    },
    {
        "date": "2020-09-11T13:28:46Z",
        "value": "207793.5922794342",
        "cumulative": true
    },
    {
        "date": "2020-09-11T13:29:00Z",
        "value": "208575.46432113647",
        "cumulative": true
    },
    {
        "date": "2020-09-11T13:29:16Z",
        "value": "209627.24224090576",
        "cumulative": true
    },
    {
        "date": "2020-09-11T13:29:31Z",
        "value": "210420.34222984314",
        "cumulative": true
    },
    {
        "date": "2020-09-11T13:29:48Z",
        "value": "211472.05941963196",
        "cumulative": true
    },
    {
        "date": "2020-09-11T13:30:06Z",
        "value": "212528.6939353943",
        "cumulative": true
    },
    {
        "date": "2020-09-11T13:30:21Z",
        "value": "213449.67268562317",
        "cumulative": true
    },
    {
        "date": "2020-09-11T13:30:41Z",
        "value": "214553.63660049438",
        "cumulative": true
    },
    {
        "date": "2020-09-11T13:30:52Z",
        "value": "215247.2086162567",
        "cumulative": true
    },
    {
        "date": "2020-09-11T13:31:09Z",
        "value": "216211.06665611267",
        "cumulative": true
    },
    {
        "date": "2020-09-11T13:31:24Z",
        "value": "217119.45997810364",
        "cumulative": true
    },
    {
        "date": "2020-09-11T13:31:36Z",
        "value": "217782.0078086853",
        "cumulative": true
    },
    {
        "date": "2020-09-11T13:31:47Z",
        "value": "218474.6070022583",
        "cumulative": true
    },
    {
        "date": "2020-09-11T13:31:59Z",
        "value": "219192.2315235138",
        "cumulative": true
    },
    {
        "date": "2020-09-11T13:32:19Z",
        "value": "220370.20743751526",
        "cumulative": true
    },
    {
        "date": "2020-09-11T13:32:32Z",
        "value": "221123.47669410706",
        "cumulative": true
    },
    {
        "date": "2020-09-11T13:32:49Z",
        "value": "224355.68505764008",
        "cumulative": true
    },
    {
        "date": "2020-09-11T13:33:00Z",
        "value": "226672.22462558746",
        "cumulative": true
    },
    {
        "date": "2020-09-11T13:33:15Z",
        "value": "229402.2243566513",
        "cumulative": true
    },
    {
        "date": "2020-09-11T13:33:30Z",
        "value": "232528.25925540924",
        "cumulative": true
    },
    {
        "date": "2020-09-11T13:33:43Z",
        "value": "235221.40389156342",
        "cumulative": true
    },
    {
        "date": "2020-09-11T13:34:03Z",
        "value": "239495.12863826752",
        "cumulative": true
    },
    {
        "date": "2020-09-11T13:34:23Z",
        "value": "243385.62246608734",
        "cumulative": true
    },
    {
        "date": "2020-09-11T13:34:41Z",
        "value": "246889.6320734024",
        "cumulative": true
    },
    {
        "date": "2020-09-11T13:34:52Z",
        "value": "249224.2662782669",
        "cumulative": true
    },
    {
        "date": "2020-09-11T13:35:04Z",
        "value": "251495.26923847198",
        "cumulative": true
    },
    {
        "date": "2020-09-11T13:35:22Z",
        "value": "255092.58926677704",
        "cumulative": true
    },
    {
        "date": "2020-09-11T13:35:37Z",
        "value": "258156.24818897247",
        "cumulative": true
    },
    {
        "date": "2020-09-11T13:35:52Z",
        "value": "260340.8651456833",
        "cumulative": true
    },
    {
        "date": "2020-09-11T13:36:05Z",
        "value": "261144.01313877106",
        "cumulative": true
    },
    {
        "date": "2020-09-11T13:36:16Z",
        "value": "261835.08531475067",
        "cumulative": true
    },
    {
        "date": "2020-09-11T13:36:28Z",
        "value": "262465.1945543289",
        "cumulative": true
    },
    {
        "date": "2020-09-11T13:36:42Z",
        "value": "263378.63949108124",
        "cumulative": true
    },
    {
        "date": "2020-09-11T13:36:56Z",
        "value": "264160.4004468918",
        "cumulative": true
    },
    {
        "date": "2020-09-11T13:37:16Z",
        "value": "265309.13843631744",
        "cumulative": true
    },
    {
        "date": "2020-09-11T13:37:30Z",
        "value": "266133.0629854202",
        "cumulative": true
    },
    {
        "date": "2020-09-11T13:37:50Z",
        "value": "267291.36512088776",
        "cumulative": true
    },
    {
        "date": "2020-09-11T13:38:07Z",
        "value": "268394.15015506744",
        "cumulative": true
    },
    {
        "date": "2020-09-11T13:38:18Z",
        "value": "268972.00824451447",
        "cumulative": true
    },
    {
        "date": "2020-09-11T13:38:37Z",
        "value": "270132.3130674362",
        "cumulative": true
    },
    {
        "date": "2020-09-11T13:38:49Z",
        "value": "270902.69401454926",
        "cumulative": true
    },
    {
        "date": "2020-09-11T13:39:00Z",
        "value": "271481.4368200302",
        "cumulative": true
    },
    {
        "date": "2020-09-11T13:39:18Z",
        "value": "272529.5303182602",
        "cumulative": true
    },
    {
        "date": "2020-09-11T13:39:37Z",
        "value": "273798.390332222",
        "cumulative": true
    },
    {
        "date": "2020-09-11T13:39:53Z",
        "value": "274601.0943002701",
        "cumulative": true
    },
    {
        "date": "2020-09-11T13:40:09Z",
        "value": "275582.78193950653",
        "cumulative": true
    },
    {
        "date": "2020-09-11T13:40:22Z",
        "value": "276342.1732664108",
        "cumulative": true
    },
    {
        "date": "2020-09-11T13:40:37Z",
        "value": "277268.35552310944",
        "cumulative": true
    },
    {
        "date": "2020-09-11T13:40:54Z",
        "value": "278239.33937358856",
        "cumulative": true
    },
    {
        "date": "2020-09-11T13:41:12Z",
        "value": "279292.5042486191",
        "cumulative": true
    }
]