[
    {
        "date": "2020-09-11T12:59:15Z",
        "value": "1.7734375",
        "cumulative": false
    },
    {
        "date": "2020-09-11T12:59:35Z",
        "value": "1059.61328125",
        "cumulative": false
    },
    {
        "date": "2020-09-11T12:59:46Z",
        "value": "1076.25390625",
        "cumulative": false
    },
    {
        "date": "2020-09-11T13:00:04Z",
        "value": "1099.953125",
        "cumulative": false
    },
    {
        "date": "2020-09-11T13:00:19Z",
        "value": "1123.25390625",
        "cumulative": false
    },
    {
        "date": "2020-09-11T13:00:34Z",
        "value": "1139.6953125",
        "cumulative": false
    },
    {
        "date": "2020-09-11T13:00:54Z",
        "value": "1171.9453125",
        "cumulative": false
    },
    {
        "date": "2020-09-11T13:01:12Z",
        "value": "1194.28515625",
        "cumulative": false
    },
    {
        "date": "2020-09-11T13:01:28Z",
        "value": "1222.48828125",
        "cumulative": false
    },
    {
        "date": "2020-09-11T13:01:47Z",
        "value": "1222.4765625",
        "cumulative": false
    },
    {
        "date": "2020-09-11T13:02:01Z",
        "value": "1258.08203125",
        "cumulative": false
    },
    {
        "date": "2020-09-11T13:02:16Z",
        "value": "1272.796875",
        "cumulative": false
    },
    {
        "date": "2020-09-11T13:02:34Z",
        "value": "1310.01953125",
        "cumulative": false
    },
    {
        "date": "2020-09-11T13:02:45Z",
        "value": "1310.01953125",
        "cumulative": false
    },
    {
        "date": "2020-09-11T13:03:02Z",
        "value": "1321.59765625",
        "cumulative": false
    },
    {
        "date": "2020-09-11T13:03:21Z",
        "value": "1368.72265625",
        "cumulative": false
    },
    {
        "date": "2020-09-11T13:03:38Z",
        "value": "1368.58984375",
        "cumulative": false
    },
    {
        "date": "2020-09-11T13:03:52Z",
        "value": "1383.22265625",
        "cumulative": false
    },
    {
        "date": "2020-09-11T13:04:12Z",
        "value": "1375.08984375",
        "cumulative": false
    },
    {
        "date": "2020-09-11T13:04:29Z",
        "value": "1395.7578125",
        "cumulative": false
    },
    {
        "date": "2020-09-11T13:04:44Z",
        "value": "1395.7421875",
        "cumulative": false
    },
    {
        "date": "2020-09-11T13:05:00Z",
        "value": "1401.8828125",
        "cumulative": false
    },
    {
        "date": "2020-09-11T13:05:12Z",
        "value": "1401.81640625",
        "cumulative": false
    },
    {
        "date": "2020-09-11T13:05:29Z",
        "value": "1461.07421875",
        "cumulative": false
    },
    {
        "date": "2020-09-11T13:05:44Z",
        "value": "1401.82421875",
        "cumulative": false
    },
    {
        "date": "2020-09-11T13:05:59Z",
        "value": "1481.09765625",
        "cumulative": false
    },
    {
        "date": "2020-09-11T13:06:18Z",
        "value": "1481.89453125",
        "cumulative": false
    },
    {
        "date": "2020-09-11T13:06:35Z",
        "value": "1476.72265625",
        "cumulative": false
    },
    {
        "date": "2020-09-11T13:06:47Z",
        "value": "1476.7421875",
        "cumulative": false
    },
    {
        "date": "2020-09-11T13:07:04Z",
        "value": "1476.953125",
        "cumulative": false
    },
    {
        "date": "2020-09-11T13:07:17Z",
        "value": "1565.84765625",
        "cumulative": false
    },
    {
        "date": "2020-09-11T13:07:33Z",
        "value": "1599.45703125",
        "cumulative": false
    },
    {
        "date": "2020-09-11T13:07:45Z",
        "value": "1571.33203125",
        "cumulative": false
    },
    {
        "date": "2020-09-11T13:08:04Z",
        "value": "1657.45703125",
        "cumulative": false
    },
    {
        "date": "2020-09-11T13:08:20Z",
        "value": "1571.62890625",
        "cumulative": false
    },
    {
        "date": "2020-09-11T13:08:32Z",
        "value": "1571.3359375",
        "cumulative": false
    },
    {
        "date": "2020-09-11T13:08:45Z",
        "value": "1571.45703125",
        "cumulative": false
    },
    {
        "date": "2020-09-11T13:09:02Z",
        "value": "1571.45703125",
        "cumulative": false
    },
    {
        "date": "2020-09-11T13:09:16Z",
        "value": "1618.8046875",
        "cumulative": false
    },
    {
        "date": "2020-09-11T13:09:29Z",
        "value": "1571.3984375",
        "cumulative": false
    },
    {
        "date": "2020-09-11T13:09:47Z",
        "value": "1690.70703125",
        "cumulative": false
    },
    {
        "date": "2020-09-11T13:10:00Z",
        "value": "1802.0859375",
        "cumulative": false
    },
    {
        "date": "2020-09-11T13:10:19Z",
        "value": "1795.8359375",
        "cumulative": false
    },
    {
        "date": "2020-09-11T13:10:33Z",
        "value": "1690.7109375",
        "cumulative": false
    },
    {
        "date": "2020-09-11T13:10:47Z",
        "value": "1856.45703125",
        "cumulative": false
    },
    {
        "date": "2020-09-11T13:10:58Z",
        "value": "1690.80859375",
        "cumulative": false
    },
    {
        "date": "2020-09-11T13:11:17Z",
        "value": "1690.70703125",
        "cumulative": false
    },
    {
        "date": "2020-09-11T13:11:32Z",
        "value": "1841.70703125",
        "cumulative": false
    },
    {
        "date": "2020-09-11T13:11:51Z",
        "value": "1690.81640625",
        "cumulative": false
    },
    {
        "date": "2020-09-11T13:12:02Z",
        "value": "1690.90234375",
        "cumulative": false
    },
    {
        "date": "2020-09-11T13:12:13Z",
        "value": "1690.859375",
        "cumulative": false
    },
    {
        "date": "2020-09-11T13:12:30Z",
        "value": "1841.4609375",
        "cumulative": false
    },
    {
        "date": "2020-09-11T13:12:49Z",
        "value": "1841.5234375",
        "cumulative": false
    },
    {
        "date": "2020-09-11T13:13:01Z",
        "value": "1841.5234375",
        "cumulative": false
    },
    {
        "date": "2020-09-11T13:13:18Z",
        "value": "1841.4609375",
        "cumulative": false
    },
    {
        "date": "2020-09-11T13:13:29Z",
        "value": "1841.5546875",
        "cumulative": false
    },
    {
        "date": "2020-09-11T13:13:40Z",
        "value": "1888.4609375",
        "cumulative": false
    },
    {
        "date": "2020-09-11T13:13:59Z",
        "value": "1914.23046875",
        "cumulative": false
    },
    {
        "date": "2020-09-11T13:14:12Z",
        "value": "1849.13671875",
        "cumulative": false
    },
    {
        "date": "2020-09-11T13:14:30Z",
        "value": "2052.5859375",
        "cumulative": false
    },
    {
        "date": "2020-09-11T13:14:49Z",
        "value": "1841.59375",
        "cumulative": false
    },
    {
        "date": "2020-09-11T13:15:05Z",
        "value": "1841.6015625",
        "cumulative": false
    },
    {
        "date": "2020-09-11T13:15:16Z",
        "value": "1841.4609375",
        "cumulative": false
    },
    {
        "date": "2020-09-11T13:15:28Z",
        "value": "1841.4609375",
        "cumulative": false
    },
    {
        "date": "2020-09-11T13:15:45Z",
        "value": "1841.4609375",
        "cumulative": false
    },
    {
        "date": "2020-09-11T13:16:04Z",
        "value": "2031.91015625",
        "cumulative": false
    },
    {
        "date": "2020-09-11T13:16:22Z",
        "value": "2219.6796875",
        "cumulative": false
    },
    {
        "date": "2020-09-11T13:16:41Z",
        "value": "2031.91015625",
        "cumulative": false
    },
    {
        "date": "2020-09-11T13:16:58Z",
        "value": "2031.8046875",
        "cumulative": false
    },
    {
        "date": "2020-09-11T13:17:12Z",
        "value": "2031.91015625",
        "cumulative": false
    },
    {
        "date": "2020-09-11T13:17:32Z",
        "value": "2031.875",
        "cumulative": false
    },
    {
        "date": "2020-09-11T13:17:49Z",
        "value": "2031.8046875",
        "cumulative": false
    },
    {
        "date": "2020-09-11T13:18:08Z",
        "value": "2031.8046875",
        "cumulative": false
    },
    {
        "date": "2020-09-11T13:18:24Z",
        "value": "2031.8125",
        "cumulative": false
    },
    {
        "date": "2020-09-11T13:18:36Z",
        "value": "2278.1796875",
        "cumulative": false
    },
    {
        "date": "2020-09-11T13:18:50Z",
        "value": "2031.84375",
        "cumulative": false
    },
    {
        "date": "2020-09-11T13:19:08Z",
        "value": "2291.9296875",
        "cumulative": false
    },
    {
        "date": "2020-09-11T13:19:25Z",
        "value": "2031.83984375",
        "cumulative": false
    },
    {
        "date": "2020-09-11T13:19:42Z",
        "value": "2104.87109375",
        "cumulative": false
    },
    {
        "date": "2020-09-11T13:19:59Z",
        "value": "2058.4296875",
        "cumulative": false
    },
    {
        "date": "2020-09-11T13:20:15Z",
        "value": "2272.171875",
        "cumulative": false
    },
    {
        "date": "2020-09-11T13:20:34Z",
        "value": "2510.60546875",
        "cumulative": false
    },
    {
        "date": "2020-09-11T13:20:48Z",
        "value": "2430.60546875",
        "cumulative": false
    },
    {
        "date": "2020-09-11T13:21:04Z",
        "value": "2272.10546875",
        "cumulative": false
    },
    {
        "date": "2020-09-11T13:21:17Z",
        "value": "2340.73046875",
        "cumulative": false
    },
    {
        "date": "2020-09-11T13:21:36Z",
        "value": "2272.21875",
        "cumulative": false
    },
    {
        "date": "2020-09-11T13:21:56Z",
        "value": "2272.2421875",
        "cumulative": false
    },
    {
        "date": "2020-09-11T13:22:08Z",
        "value": "2330.48046875",
        "cumulative": false
    },
    {
        "date": "2020-09-11T13:22:27Z",
        "value": "2272.23046875",
        "cumulative": false
    },
    {
        "date": "2020-09-11T13:22:45Z",
        "value": "2357.48046875",
        "cumulative": false
    },
    {
        "date": "2020-09-11T13:23:04Z",
        "value": "2423.87890625",
        "cumulative": false
    },
    {
        "date": "2020-09-11T13:23:18Z",
        "value": "2609.10546875",
        "cumulative": false
    },
    {
        "date": "2020-09-11T13:23:37Z",
        "value": "2272.10546875",
        "cumulative": false
    },
    {
        "date": "2020-09-11T13:23:56Z",
        "value": "2375.734375",
        "cumulative": false
    },
    {
        "date": "2020-09-11T13:24:16Z",
        "value": "2272.109375",
        "cumulative": false
    },
    {
        "date": "2020-09-11T13:24:35Z",
        "value": "2627.9140625",
        "cumulative": false
    },
    {
        "date": "2020-09-11T13:24:52Z",
        "value": "2392.09375",
        "cumulative": false
    },
    {
        "date": "2020-09-11T13:25:11Z",
        "value": "2272.10546875",
        "cumulative": false
    },
    {
        "date": "2020-09-11T13:25:23Z",
        "value": "2272.17578125",
        "cumulative": false
    },
    {
        "date": "2020-09-11T13:25:42Z",
        "value": "2878.27734375",
        "cumulative": false
    },
    {
        "date": "2020-09-11T13:26:02Z",
        "value": "2669.90234375",
        "cumulative": false
    },
    {
        "date": "2020-09-11T13:26:16Z",
        "value": "2591.40234375",
        "cumulative": false
    },
    {
        "date": "2020-09-11T13:26:30Z",
        "value": "2627.27734375",
        "cumulative": false
    },
    {
        "date": "2020-09-11T13:26:49Z",
        "value": "2575.52734375",
        "cumulative": false
    },
    {
        "date": "2020-09-11T13:27:04Z",
        "value": "2575.57421875",
        "cumulative": false
    },
    {
        "date": "2020-09-11T13:27:21Z",
        "value": "2575.52734375",
        "cumulative": false
    },
    {
        "date": "2020-09-11T13:27:37Z",
        "value": "2785.40234375",
        "cumulative": false
    },
    {
        "date": "2020-09-11T13:27:57Z",
        "value": "2575.52734375",
        "cumulative": false
    },
    {
        "date": "2020-09-11T13:28:16Z",
        "value": "2575.6015625",
        "cumulative": false
    },
    {
        "date": "2020-09-11T13:28:32Z",
        "value": "2575.52734375",
        "cumulative": false
    },
    {
        "date": "2020-09-11T13:28:47Z",
        "value": "2575.703125",
        "cumulative": false
    },
    {
        "date": "2020-09-11T13:29:00Z",
        "value": "2575.52734375",
        "cumulative": false
    },
    {
        "date": "2020-09-11T13:29:13Z",
        "value": "2575.6015625",
        "cumulative": false
    },
    {
        "date": "2020-09-11T13:29:31Z",
        "value": "2575.52734375",
        "cumulative": false
    },
    {
        "date": "2020-09-11T13:29:47Z",
        "value": "2575.52734375",
        "cumulative": false
    },
    {
        "date": "2020-09-11T13:29:57Z",
        "value": "2576.65234375",
        "cumulative": false
    },
    {
        "date": "2020-09-11T13:30:14Z",
        "value": "2958.02734375",
        "cumulative": false
    },
    {
        "date": "2020-09-11T13:30:31Z",
        "value": "2695.27734375",
        "cumulative": false
    },
    {
        "date": "2020-09-11T13:30:50Z",
        "value": "2575.52734375",
        "cumulative": false
    },
    {
        "date": "2020-09-11T13:31:07Z",
        "value": "2575.52734375",
        "cumulative": false
    },
    {
        "date": "2020-09-11T13:31:17Z",
        "value": "2575.5625",
        "cumulative": false
    },
    {
        "date": "2020-09-11T13:31:31Z",
        "value": "2682.02734375",
        "cumulative": false
    },
    {
        "date": "2020-09-11T13:31:46Z",
        "value": "2575.52734375",
        "cumulative": false
    },
    {
        "date": "2020-09-11T13:32:04Z",
        "value": "2575.52734375",
        "cumulative": false
    },
    {
        "date": "2020-09-11T13:32:22Z",
        "value": "2575.52734375",
        "cumulative": false
    },
    {
        "date": "2020-09-11T13:32:38Z",
        "value": "2958.65625",
        "cumulative": false
    },
    {
        "date": "2020-09-11T13:32:56Z",
        "value": "2958.625",
        "cumulative": false
    },
    {
        "date": "2020-09-11T13:33:08Z",
        "value": "2987.0",
        "cumulative": false
    },
    {
        "date": "2020-09-11T13:33:18Z",
        "value": "3205.375",
        "cumulative": false
    },
    {
        "date": "2020-09-11T13:33:37Z",
        "value": "2958.625",
        "cumulative": false
    },
    {
        "date": "2020-09-11T13:33:55Z",
        "value": "3340.875",
        "cumulative": false
    },
    {
        "date": "2020-09-11T13:34:10Z",
        "value": "2958.625",
        "cumulative": false
    },
    {
        "date": "2020-09-11T13:34:30Z",
        "value": "3340.875",
        "cumulative": false
    },
    {
        "date": "2020-09-11T13:34:46Z",
        "value": "2958.625",
        "cumulative": false
    },
    {
        "date": "2020-09-11T13:35:00Z",
        "value": "3217.375",
        "cumulative": false
    },
    {
        "date": "2020-09-11T13:35:18Z",
        "value": "3340.875",
        "cumulative": false
    },
    {
        "date": "2020-09-11T13:35:38Z",
        "value": "2958.65625",
        "cumulative": false
    },
    {
        "date": "2020-09-11T13:35:54Z",
        "value": "3500.66796875",
        "cumulative": false
    },
    {
        "date": "2020-09-11T13:36:11Z",
        "value": "2958.66796875",
        "cumulative": false
    },
    {
        "date": "2020-09-11T13:36:24Z",
        "value": "2958.625",
        "cumulative": false
    },
    {
        "date": "2020-09-11T13:36:35Z",
        "value": "2958.66796875",
        "cumulative": false
    },
    {
        "date": "2020-09-11T13:36:49Z",
        "value": "3463.75",
        "cumulative": false
    },
    {
        "date": "2020-09-11T13:37:09Z",
        "value": "3408.125",
        "cumulative": false
    },
    {
        "date": "2020-09-11T13:37:25Z",
        "value": "3361.75",
        "cumulative": false
    },
    {
        "date": "2020-09-11T13:37:42Z",
        "value": "3380.875",
        "cumulative": false
    },
    {
        "date": "2020-09-11T13:37:53Z",
        "value": "2958.625",
        "cumulative": false
    },
    {
        "date": "2020-09-11T13:38:07Z",
        "value": "3140.875",
        "cumulative": false
    },
    {
        "date": "2020-09-11T13:38:22Z",
        "value": "2958.625",
        "cumulative": false
    },
    {
        "date": "2020-09-11T13:38:37Z",
        "value": "3312.25",
        "cumulative": false
    },
    {
        "date": "2020-09-11T13:38:50Z",
        "value": "3352.0",
        "cumulative": false
    },
    {
        "date": "2020-09-11T13:39:00Z",
        "value": "2958.66796875",
        "cumulative": false
    },
    {
        "date": "2020-09-11T13:39:16Z",
        "value": "3270.8671875",
        "cumulative": false
    },
    {
        "date": "2020-09-11T13:39:36Z",
        "value": "2958.66796875",
        "cumulative": false
    },
    {
        "date": "2020-09-11T13:39:54Z",
        "value": "3261.25",
        "cumulative": false
    },
    {
        "date": "2020-09-11T13:40:06Z",
        "value": "2958.625",
        "cumulative": false
    },
    {
        "date": "2020-09-11T13:40:17Z",
        "value": "3291.03125",
        "cumulative": false
    },
    {
        "date": "2020-09-11T13:40:31Z",
        "value": "3415.625",
        "cumulative": false
    },
    {
        "date": "2020-09-11T13:40:46Z",
        "value": "3250.625",
        "cumulative": false
    },
    {
        "date": "2020-09-11T13:41:02Z",
        "value": "2958.625",
        "cumulative": false
    },
    {
        "date": "2020-09-11T13:41:17Z",
        "value": "2958.625",
        "cumulative": false
    }
]