[
    {
        "date": "2020-09-11T12:58:57Z",
        "value": "0.0009593963623046875",
        "cumulative": true
    },
    {
        "date": "2020-09-11T12:59:23Z",
        "value": "3.254185676574707",
        "cumulative": true
    },
    {
        "date": "2020-09-11T12:59:34Z",
        "value": "522.162371635437",
        "cumulative": true
    },
    {
        "date": "2020-09-11T12:59:50Z",
        "value": "2406.7376861572266",
        "cumulative": true
    },
    {
        "date": "2020-09-11T13:00:03Z",
        "value": "3988.2566356658936",
        "cumulative": true
    },
    {
        "date": "2020-09-11T13:00:16Z",
        "value": "5298.637408256531",
        "cumulative": true
    },
    {
        "date": "2020-09-11T13:00:31Z",
        "value": "7477.654495239258",
        "cumulative": true
    },
    {
        "date": "2020-09-11T13:00:45Z",
        "value": "8993.867520332336",
        "cumulative": true
    },
    {
        "date": "2020-09-11T13:01:03Z",
        "value": "11115.082903862",
        "cumulative": true
    },
    {
        "date": "2020-09-11T13:01:23Z",
        "value": "13374.40612411499",
        "cumulative": true
    },
    {
        "date": "2020-09-11T13:01:36Z",
        "value": "15896.612949371338",
        "cumulative": true
    },
    {
        "date": "2020-09-11T13:01:48Z",
        "value": "16605.34764480591",
        "cumulative": true
    },
    {
        "date": "2020-09-11T13:02:06Z",
        "value": "19450.11030483246",
        "cumulative": true
    },
    {
        "date": "2020-09-11T13:02:22Z",
        "value": "20885.763043403625",
        "cumulative": true
    },
    {
        "date": "2020-09-11T13:02:39Z",
        "value": "23016.66956806183",
        "cumulative": true
    },
    {
        "date": "2020-09-11T13:02:56Z",
        "value": "25619.83949661255",
        "cumulative": true
    },
    {
        "date": "2020-09-11T13:03:10Z",
        "value": "26487.133096694946",
        "cumulative": true
    },
    {
        "date": "2020-09-11T13:03:20Z",
        "value": "27106.304691314697",
        "cumulative": true
    },
    {
        "date": "2020-09-11T13:03:33Z",
        "value": "29675.892778396606",
        "cumulative": true
    },
    {
        "date": "2020-09-11T13:03:51Z",
        "value": "32245.31238937378",
        "cumulative": true
    },
    {
        "date": "2020-09-11T13:04:09Z",
        "value": "33285.995697021484",
        "cumulative": true
    },
    {
        "date": "2020-09-11T13:04:24Z",
        "value": "34228.94931221008",
        "cumulative": true
    },
    {
        "date": "2020-09-11T13:04:44Z",
        "value": "37931.09389400482",
        "cumulative": true
    },
    {
        "date": "2020-09-11T13:04:58Z",
        "value": "40432.50856304169",
        "cumulative": true
    },
    {
        "date": "2020-09-11T13:05:11Z",
        "value": "41197.18735599518",
        "cumulative": true
    },
    {
        "date": "2020-09-11T13:05:28Z",
        "value": "42215.05142498016",
        "cumulative": true
    },
    {
        "date": "2020-09-11T13:05:45Z",
        "value": "43275.89302444458",
        "cumulative": true
    },
    {
        "date": "2020-09-11T13:06:04Z",
        "value": "46796.85523605347",
        "cumulative": true
    },
    {
        "date": "2020-09-11T13:06:22Z",
        "value": "50522.45810890198",
        "cumulative": true
    },
    {
        "date": "2020-09-11T13:06:41Z",
        "value": "51880.77911949158",
        "cumulative": true
    },
    {
        "date": "2020-09-11T13:06:57Z",
        "value": "52829.11911010742",
        "cumulative": true
    },
    {
        "date": "2020-09-11T13:07:08Z",
        "value": "53426.619007110596",
        "cumulative": true
    },
    {
        "date": "2020-09-11T13:07:25Z",
        "value": "54413.701641082764",
        "cumulative": true
    },
    {
        "date": "2020-09-11T13:07:41Z",
        "value": "57082.10983467102",
        "cumulative": true
    },
    {
        "date": "2020-09-11T13:08:00Z",
        "value": "60641.61387825012",
        "cumulative": true
    },
    {
        "date": "2020-09-11T13:08:12Z",
        "value": "63048.240200042725",
        "cumulative": true
    },
    {
        "date": "2020-09-11T13:08:25Z",
        "value": "64624.39981365204",
        "cumulative": true
    },
    {
        "date": "2020-09-11T13:08:36Z",
        "value": "65260.86585330963",
        "cumulative": true
    },
    {
        "date": "2020-09-11T13:08:53Z",
        "value": "66249.70313167572",
        "cumulative": true
    },
    {
        "date": "2020-09-11T13:09:03Z",
        "value": "66864.39899349213",
        "cumulative": true
    },
    {
        "date": "2020-09-11T13:09:22Z",
        "value": "67977.27206897736",
        "cumulative": true
    },
    {
        "date": "2020-09-11T13:09:42Z",
        "value": "69423.92448997498",
        "cumulative": true
    },
    {
        "date": "2020-09-11T13:10:00Z",
        "value": "73062.22855377197",
        "cumulative": true
    },
    {
        "date": "2020-09-11T13:10:18Z",
        "value": "76670.13795471191",
        "cumulative": true
    },
    {
        "date": "2020-09-11T13:10:33Z",
        "value": "79672.8785648346",
        "cumulative": true
    },
    {
        "date": "2020-09-11T13:10:51Z",
        "value": "81809.90678691864",
        "cumulative": true
    },
    {
        "date": "2020-09-11T13:11:03Z",
        "value": "82511.0191411972",
        "cumulative": true
    },
    {
        "date": "2020-09-11T13:11:21Z",
        "value": "83555.4391336441",
        "cumulative": true
    },
    {
        "date": "2020-09-11T13:11:36Z",
        "value": "84457.76669979095",
        "cumulative": true
    },
    {
        "date": "2020-09-11T13:11:47Z",
        "value": "85122.61241436005",
        "cumulative": true
    },
    {
        "date": "2020-09-11T13:12:07Z",
        "value": "86268.06041240692",
        "cumulative": true
    },
    {
        "date": "2020-09-11T13:12:18Z",
        "value": "86930.04476261139",
        "cumulative": true
    },
    {
        "date": "2020-09-11T13:12:36Z",
        "value": "89587.96706581116",
        "cumulative": true
    },
    {
        "date": "2020-09-11T13:12:49Z",
        "value": "92271.33060836792",
        "cumulative": true
    },
    {
        "date": "2020-09-11T13:13:00Z",
        "value": "94318.45477676392",
        "cumulative": true
    },
    {
        "date": "2020-09-11T13:13:12Z",
        "value": "96589.92365646362",
        "cumulative": true
    },
    {
        "date": "2020-09-11T13:13:27Z",
        "value": "99352.94055366516",
        "cumulative": true
    },
    {
        "date": "2020-09-11T13:13:45Z",
        "value": "102667.69979095459",
        "cumulative": true
    },
    {
        "date": "2020-09-11T13:14:02Z",
        "value": "103667.58337020874",
        "cumulative": true
    },
    {
        "date": "2020-09-11T13:14:14Z",
        "value": "104341.82402229309",
        "cumulative": true
    },
    {
        "date": "2020-09-11T13:14:32Z",
        "value": "105422.60466957092",
        "cumulative": true
    },
    {
        "date": "2020-09-11T13:14:50Z",
        "value": "106538.42806816101",
        "cumulative": true
    },
    {
        "date": "2020-09-11T13:15:03Z",
        "value": "107296.20362472534",
        "cumulative": true
    },
    {
        "date": "2020-09-11T13:15:22Z",
        "value": "108374.12418937683",
        "cumulative": true
    },
    {
        "date": "2020-09-11T13:15:41Z",
        "value": "109574.63792419434",
        "cumulative": true
    },
    {
        "date": "2020-09-11T13:15:58Z",
        "value": "111293.92236804962",
        "cumulative": true
    },
    {
        "date": "2020-09-11T13:16:11Z",
        "value": "113709.69393253326",
        "cumulative": true
    },
    {
        "date": "2020-09-11T13:16:26Z",
        "value": "116574.36807155609",
        "cumulative": true
    },
    {
        "date": "2020-09-11T13:16:39Z",
        "value": "119286.92125797272",
        "cumulative": true
    },
    {
        "date": "2020-09-11T13:16:57Z",
        "value": "122823.5658826828",
        "cumulative": true
    },
    {
        "date": "2020-09-11T13:17:07Z",
        "value": "124896.53801631927",
        "cumulative": true
    },
    {
        "date": "2020-09-11T13:17:21Z",
        "value": "127582.26582241058",
        "cumulative": true
    },
    {
        "date": "2020-09-11T13:17:35Z",
        "value": "129719.65132331848",
        "cumulative": true
    },
    {
        "date": "2020-09-11T13:17:48Z",
        "value": "130510.26721191406",
        "cumulative": true
    },
    {
        "date": "2020-09-11T13:18:01Z",
        "value": "131193.752866745",
        "cumulative": true
    },
    {
        "date": "2020-09-11T13:18:17Z",
        "value": "132176.97182273865",
        "cumulative": true
    },
    {
        "date": "2020-09-11T13:18:32Z",
        "value": "133042.64543533325",
        "cumulative": true
    },
    {
        "date": "2020-09-11T13:18:52Z",
        "value": "134204.21677970886",
        "cumulative": true
    },
    {
        "date": "2020-09-11T13:19:05Z",
        "value": "135018.36903381348",
        "cumulative": true
    },
    {
        "date": "2020-09-11T13:19:24Z",
        "value": "136169.46875",
        "cumulative": true
    },
    {
        "date": "2020-09-11T13:19:40Z",
        "value": "137057.13596725464",
        "cumulative": true
    },
    {
        "date": "2020-09-11T13:19:55Z",
        "value": "138005.9534549713",
        "cumulative": true
    },
    {
        "date": "2020-09-11T13:20:13Z",
        "value": "139049.10054779053",
        "cumulative": true
    },
    {
        "date": "2020-09-11T13:20:24Z",
        "value": "141100.17929553986",
        "cumulative": true
    },
    {
        "date": "2020-09-11T13:20:36Z",
        "value": "143305.03794765472",
        "cumulative": true
    },
    {
        "date": "2020-09-11T13:20:54Z",
        "value": "146981.65193462372",
        "cumulative": true
    },
    {
        "date": "2020-09-11T13:21:09Z",
        "value": "149881.70484638214",
        "cumulative": true
    },
    {
        "date": "2020-09-11T13:21:26Z",
        "value": "153355.39655017853",
        "cumulative": true
    },
    {
        "date": "2020-09-11T13:21:38Z",
        "value": "155737.05210399628",
        "cumulative": true
    },
    {
        "date": "2020-09-11T13:21:55Z",
        "value": "159236.73347568512",
        "cumulative": true
    },
    {
        "date": "2020-09-11T13:22:09Z",
        "value": "161990.28627490997",
        "cumulative": true
    },
    {
        "date": "2020-09-11T13:22:29Z",
        "value": "164295.0652332306",
        "cumulative": true
    },
    {
        "date": "2020-09-11T13:22:43Z",
        "value": "165125.38033103943",
        "cumulative": true
    },
    {
        "date": "2020-09-11T13:22:54Z",
        "value": "165812.94020462036",
        "cumulative": true
    },
    {
        "date": "2020-09-11T13:23:11Z",
        "value": "166829.18642425537",
        "cumulative": true
    },
    {
        "date": "2020-09-11T13:23:30Z",
        "value": "167996.0341835022",
        "cumulative": true
    },
    {
        "date": "2020-09-11T13:23:49Z",
        "value": "169084.94509124756",
        "cumulative": true
    },
    {
        "date": "2020-09-11T13:23:59Z",
        "value": "169720.79737091064",
        "cumulative": true
    },
    {
        "date": "2020-09-11T13:24:12Z",
        "value": "170456.24593162537",
        "cumulative": true
    },
    {
        "date": "2020-09-11T13:24:24Z",
        "value": "171151.67284965515",
        "cumulative": true
    },
    {
        "date": "2020-09-11T13:24:38Z",
        "value": "172036.34640693665",
        "cumulative": true
    },
    {
        "date": "2020-09-11T13:24:58Z",
        "value": "173205.401720047",
        "cumulative": true
    },
    {
        "date": "2020-09-11T13:25:10Z",
        "value": "173937.53637695312",
        "cumulative": true
    },
    {
        "date": "2020-09-11T13:25:24Z",
        "value": "174775.1927986145",
        "cumulative": true
    },
    {
        "date": "2020-09-11T13:25:42Z",
        "value": "176053.0880727768",
        "cumulative": true
    },
    {
        "date": "2020-09-11T13:25:57Z",
        "value": "179136.39460277557",
        "cumulative": true
    },
    {
        "date": "2020-09-11T13:26:09Z",
        "value": "181608.73508548737",
        "cumulative": true
    },
    {
        "date": "2020-09-11T13:26:24Z",
        "value": "184383.04134464264",
        "cumulative": true
    },
    {
        "date": "2020-09-11T13:26:43Z",
        "value": "188333.05379009247",
        "cumulative": true
    },
    {
        "date": "2020-09-11T13:27:02Z",
        "value": "192113.49761867523",
        "cumulative": true
    },
    {
        "date": "2020-09-11T13:27:22Z",
        "value": "196370.63819217682",
        "cumulative": true
    },
    {
        "date": "2020-09-11T13:27:35Z",
        "value": "198895.24326610565",
        "cumulative": true
    },
    {
        "date": "2020-09-11T13:27:48Z",
        "value": "201365.8395833969",
        "cumulative": true
    },
    {
        "date": "2020-09-11T13:28:01Z",
        "value": "203910.2030248642",
        "cumulative": true
    },
    {
        "date": "2020-09-11T13:28:14Z",
        "value": "206378.02574062347",
        "cumulative": true
    },
    {
        "date": "2020-09-11T13:28:27Z",
        "value": "207269.77670288086",
        "cumulative": true
    },
    {
        "date": "2020-09-11T13:28:38Z",
        "value": "207984.32973480225",
        "cumulative": true
    },
    {
        "date": "2020-09-11T13:28:58Z",
        "value": "209176.85098838806",
        "cumulative": true
    },
    {
        "date": "2020-09-11T13:29:14Z",
        "value": "210127.0080986023",
        "cumulative": true
    },
    {
        "date": "2020-09-11T13:29:27Z",
        "value": "210894.02773284912",
        "cumulative": true
    },
    {
        "date": "2020-09-11T13:29:42Z",
        "value": "211795.26022338867",
        "cumulative": true
    },
    {
        "date": "2020-09-11T13:29:52Z",
        "value": "212422.91123008728",
        "cumulative": true
    },
    {
        "date": "2020-09-11T13:30:06Z",
        "value": "213191.4266090393",
        "cumulative": true
    },
    {
        "date": "2020-09-11T13:30:22Z",
        "value": "214113.36086654663",
        "cumulative": true
    },
    {
        "date": "2020-09-11T13:30:33Z",
        "value": "214778.46426582336",
        "cumulative": true
    },
    {
        "date": "2020-09-11T13:30:50Z",
        "value": "215792.35040664673",
        "cumulative": true
    },
    {
        "date": "2020-09-11T13:31:09Z",
        "value": "216862.74710655212",
        "cumulative": true
    },
    {
        "date": "2020-09-11T13:31:22Z",
        "value": "217626.37685203552",
        "cumulative": true
    },
    {
        "date": "2020-09-11T13:31:42Z",
        "value": "218849.8354511261",
        "cumulative": true
    },
    {
        "date": "2020-09-11T13:31:52Z",
        "value": "219459.60163497925",
        "cumulative": true
    },
    {
        "date": "2020-09-11T13:32:07Z",
        "value": "220378.75468826294",
        "cumulative": true
    },
    {
        "date": "2020-09-11T13:32:22Z",
        "value": "221238.50093650818",
        "cumulative": true
    },
    {
        "date": "2020-09-11T13:32:41Z",
        "value": "223465.95270633698",
        "cumulative": true
    },
    {
        "date": "2020-09-11T13:32:59Z",
        "value": "226975.00625514984",
        "cumulative": true
    },
    {
        "date": "2020-09-11T13:33:15Z",
        "value": "230478.73530483246",
        "cumulative": true
    },
    {
        "date": "2020-09-11T13:33:28Z",
        "value": "232812.32779598236",
        "cumulative": true
    },
    {
        "date": "2020-09-11T13:33:43Z",
        "value": "235928.78103733063",
        "cumulative": true
    },
    {
        "date": "2020-09-11T13:33:53Z",
        "value": "237875.1105108261",
        "cumulative": true
    },
    {
        "date": "2020-09-11T13:34:10Z",
        "value": "241567.79121112823",
        "cumulative": true
    },
    {
        "date": "2020-09-11T13:34:27Z",
        "value": "244881.19490909576",
        "cumulative": true
    },
    {
        "date": "2020-09-11T13:34:44Z",
        "value": "248352.72391223907",
        "cumulative": true
    },
    {
        "date": "2020-09-11T13:35:04Z",
        "value": "252279.9991083145",
        "cumulative": true
    },
    {
        "date": "2020-09-11T13:35:16Z",
        "value": "254703.9019460678",
        "cumulative": true
    },
    {
        "date": "2020-09-11T13:35:32Z",
        "value": "257739.63830280304",
        "cumulative": true
    },
    {
        "date": "2020-09-11T13:35:43Z",
        "value": "260074.18276500702",
        "cumulative": true
    },
    {
        "date": "2020-09-11T13:35:57Z",
        "value": "261434.71085834503",
        "cumulative": true
    },
    {
        "date": "2020-09-11T13:36:16Z",
        "value": "262593.37313365936",
        "cumulative": true
    },
    {
        "date": "2020-09-11T13:36:28Z",
        "value": "263199.94550800323",
        "cumulative": true
    },
    {
        "date": "2020-09-11T13:36:44Z",
        "value": "264213.97539806366",
        "cumulative": true
    },
    {
        "date": "2020-09-11T13:37:01Z",
        "value": "265248.0486097336",
        "cumulative": true
    },
    {
        "date": "2020-09-11T13:37:17Z",
        "value": "266182.75036525726",
        "cumulative": true
    },
    {
        "date": "2020-09-11T13:37:29Z",
        "value": "266872.1446008682",
        "cumulative": true
    },
    {
        "date": "2020-09-11T13:37:44Z",
        "value": "267707.14375400543",
        "cumulative": true
    },
    {
        "date": "2020-09-11T13:37:57Z",
        "value": "268582.39057445526",
        "cumulative": true
    },
    {
        "date": "2020-09-11T13:38:09Z",
        "value": "269207.685172081",
        "cumulative": true
    },
    {
        "date": "2020-09-11T13:38:25Z",
        "value": "270162.14221668243",
        "cumulative": true
    },
    {
        "date": "2020-09-11T13:38:36Z",
        "value": "270789.180768013",
        "cumulative": true
    },
    {
        "date": "2020-09-11T13:38:54Z",
        "value": "271902.521569252",
        "cumulative": true
    },
    {
        "date": "2020-09-11T13:39:07Z",
        "value": "272656.42578983307",
        "cumulative": true
    },
    {
        "date": "2020-09-11T13:39:26Z",
        "value": "273793.4830942154",
        "cumulative": true
    },
    {
        "date": "2020-09-11T13:39:38Z",
        "value": "274566.34752368927",
        "cumulative": true
    },
    {
        "date": "2020-09-11T13:39:56Z",
        "value": "275572.8191995621",
        "cumulative": true
    },
    {
        "date": "2020-09-11T13:40:06Z",
        "value": "276175.77865314484",
        "cumulative": true
    },
    {
        "date": "2020-09-11T13:40:23Z",
        "value": "277271.9931344986",
        "cumulative": true
    },
    {
        "date": "2020-09-11T13:40:35Z",
        "value": "277902.63913822174",
        "cumulative": true
    },
    {
        "date": "2020-09-11T13:40:52Z",
        "value": "278912.5297174454",
        "cumulative": true
    },
    {
        "date": "2020-09-11T13:41:04Z",
        "value": "279600.9948015213",
        "cumulative": true
    },
    {
        "date": "2020-09-11T13:41:21Z",
        "value": "280174.5695505142",
        "cumulative": true
    }
]