[
    {
        "date": "2020-09-11T12:57:38Z",
        "value": "0.009991031",
        "cumulative": false
    },
    {
        "date": "2020-09-11T12:57:52Z",
        "value": "0.0",
        "cumulative": false
    },
    {
        "date": "2020-09-11T12:58:06Z",
        "value": "0.0",
        "cumulative": false
    },
    {
        "date": "2020-09-11T12:58:31Z",
        "value": "0.0",
        "cumulative": false
    },
    {
        "date": "2020-09-11T12:58:42Z",
        "value": "0.0",
        "cumulative": false
    },
    {
        "date": "2020-09-11T12:58:59Z",
        "value": "0.0",
        "cumulative": false
    },
    {
        "date": "2020-09-11T12:59:16Z",
        "value": "0.0",
        "cumulative": false
    },
    {
        "date": "2020-09-11T12:59:35Z",
        "value": "0.885424529",
        "cumulative": false
    },
    {
        "date": "2020-09-11T12:59:48Z",
        "value": "0.867903871",
        "cumulative": false
    },
    {
        "date": "2020-09-11T13:00:03Z",
        "value": "0.837570991",
        "cumulative": false
    },
    {
        "date": "2020-09-11T13:00:22Z",
        "value": "0.834523619",
        "cumulative": false
    },
    {
        "date": "2020-09-11T13:00:41Z",
        "value": "0.884632238",
        "cumulative": false
    },
    {
        "date": "2020-09-11T13:00:53Z",
        "value": "0.821834981",
        "cumulative": false
    },
    {
        "date": "2020-09-11T13:01:10Z",
        "value": "0.843554104",
        "cumulative": false
    },
    {
        "date": "2020-09-11T13:01:24Z",
        "value": "0.967822343",
        "cumulative": false
    },
    {
        "date": "2020-09-11T13:01:34Z",
        "value": "0.687739919",
        "cumulative": false
    },
    {
        "date": "2020-09-11T13:01:46Z",
        "value": "0.931463574",
        "cumulative": false
    },
    {
        "date": "2020-09-11T13:02:01Z",
        "value": "0.827403402",
        "cumulative": false
    },
    {
        "date": "2020-09-11T13:02:16Z",
        "value": "0.840319892",
        "cumulative": false
    },
    {
        "date": "2020-09-11T13:02:34Z",
        "value": "0.921651034",
        "cumulative": false
    },
    {
        "date": "2020-09-11T13:02:47Z",
        "value": "0.665931013",
        "cumulative": false
    },
    {
        "date": "2020-09-11T13:02:59Z",
        "value": "0.926951113",
        "cumulative": false
    },
    {
        "date": "2020-09-11T13:03:10Z",
        "value": "0.970678032",
        "cumulative": false
    },
    {
        "date": "2020-09-11T13:03:29Z",
        "value": "0.877904333",
        "cumulative": false
    },
    {
        "date": "2020-09-11T13:03:42Z",
        "value": "0.735125833",
        "cumulative": false
    },
    {
        "date": "2020-09-11T13:03:53Z",
        "value": "0.888541796",
        "cumulative": false
    },
    {
        "date": "2020-09-11T13:04:13Z",
        "value": "0.985491999",
        "cumulative": false
    },
    {
        "date": "2020-09-11T13:04:31Z",
        "value": "0.879927182",
        "cumulative": false
    },
    {
        "date": "2020-09-11T13:04:45Z",
        "value": "0.70333668",
        "cumulative": false
    },
    {
        "date": "2020-09-11T13:04:58Z",
        "value": "0.778132718",
        "cumulative": false
    },
    {
        "date": "2020-09-11T13:05:12Z",
        "value": "0.972193004",
        "cumulative": false
    },
    {
        "date": "2020-09-11T13:05:28Z",
        "value": "0.975361176",
        "cumulative": false
    },
    {
        "date": "2020-09-11T13:05:39Z",
        "value": "0.980268421",
        "cumulative": false
    },
    {
        "date": "2020-09-11T13:05:58Z",
        "value": "0.795520117",
        "cumulative": false
    },
    {
        "date": "2020-09-11T13:06:17Z",
        "value": "0.730950829",
        "cumulative": false
    },
    {
        "date": "2020-09-11T13:06:36Z",
        "value": "0.899484212",
        "cumulative": false
    },
    {
        "date": "2020-09-11T13:06:51Z",
        "value": "0.971680065",
        "cumulative": false
    },
    {
        "date": "2020-09-11T13:07:07Z",
        "value": "0.972074956",
        "cumulative": false
    },
    {
        "date": "2020-09-11T13:07:21Z",
        "value": "0.969666364",
        "cumulative": false
    },
    {
        "date": "2020-09-11T13:07:36Z",
        "value": "0.861252607",
        "cumulative": false
    },
    {
        "date": "2020-09-11T13:07:47Z",
        "value": "0.684022248",
        "cumulative": false
    },
    {
        "date": "2020-09-11T13:08:06Z",
        "value": "0.729299303",
        "cumulative": false
    },
    {
        "date": "2020-09-11T13:08:17Z",
        "value": "0.727984314",
        "cumulative": false
    },
    {
        "date": "2020-09-11T13:08:27Z",
        "value": "0.923791336",
        "cumulative": false
    },
    {
        "date": "2020-09-11T13:08:47Z",
        "value": "0.970568345",
        "cumulative": false
    },
    {
        "date": "2020-09-11T13:09:02Z",
        "value": "0.984780893",
        "cumulative": false
    },
    {
        "date": "2020-09-11T13:09:17Z",
        "value": "0.98714992",
        "cumulative": false
    },
    {
        "date": "2020-09-11T13:09:33Z",
        "value": "0.974512213",
        "cumulative": false
    },
    {
        "date": "2020-09-11T13:09:45Z",
        "value": "0.886242422",
        "cumulative": false
    },
    {
        "date": "2020-09-11T13:10:03Z",
        "value": "0.719658352",
        "cumulative": false
    },
    {
        "date": "2020-09-11T13:10:22Z",
        "value": "0.734530114",
        "cumulative": false
    },
    {
        "date": "2020-09-11T13:10:35Z",
        "value": "0.752217197",
        "cumulative": false
    },
    {
        "date": "2020-09-11T13:10:51Z",
        "value": "0.902041968",
        "cumulative": false
    },
    {
        "date": "2020-09-11T13:11:10Z",
        "value": "0.966134762",
        "cumulative": false
    },
    {
        "date": "2020-09-11T13:11:21Z",
        "value": "0.981716475",
        "cumulative": false
    },
    {
        "date": "2020-09-11T13:11:35Z",
        "value": "0.968048523",
        "cumulative": false
    },
    {
        "date": "2020-09-11T13:11:46Z",
        "value": "0.95631353",
        "cumulative": false
    },
    {
        "date": "2020-09-11T13:11:57Z",
        "value": "0.956761341",
        "cumulative": false
    },
    {
        "date": "2020-09-11T13:12:08Z",
        "value": "0.953241843",
        "cumulative": false
    },
    {
        "date": "2020-09-11T13:12:21Z",
        "value": "0.991725911",
        "cumulative": false
    },
    {
        "date": "2020-09-11T13:12:33Z",
        "value": "0.701375578",
        "cumulative": false
    },
    {
        "date": "2020-09-11T13:12:53Z",
        "value": "0.710488667",
        "cumulative": false
    },
    {
        "date": "2020-09-11T13:13:03Z",
        "value": "0.683354578",
        "cumulative": false
    },
    {
        "date": "2020-09-11T13:13:19Z",
        "value": "0.685475835",
        "cumulative": false
    },
    {
        "date": "2020-09-11T13:13:35Z",
        "value": "0.71885498",
        "cumulative": false
    },
    {
        "date": "2020-09-11T13:13:49Z",
        "value": "0.818629761",
        "cumulative": false
    },
    {
        "date": "2020-09-11T13:14:08Z",
        "value": "0.976788238",
        "cumulative": false
    },
    {
        "date": "2020-09-11T13:14:21Z",
        "value": "0.96560146",
        "cumulative": false
    },
    {
        "date": "2020-09-11T13:14:35Z",
        "value": "0.983951476",
        "cumulative": false
    },
    {
        "date": "2020-09-11T13:14:48Z",
        "value": "0.970648821",
        "cumulative": false
    },
    {
        "date": "2020-09-11T13:15:04Z",
        "value": "0.980329727",
        "cumulative": false
    },
    {
        "date": "2020-09-11T13:15:23Z",
        "value": "0.974498817",
        "cumulative": false
    },
    {
        "date": "2020-09-11T13:15:38Z",
        "value": "0.983825236",
        "cumulative": false
    },
    {
        "date": "2020-09-11T13:15:53Z",
        "value": "0.958655631",
        "cumulative": false
    },
    {
        "date": "2020-09-11T13:16:12Z",
        "value": "0.692864766",
        "cumulative": false
    },
    {
        "date": "2020-09-11T13:16:28Z",
        "value": "0.715992256",
        "cumulative": false
    },
    {
        "date": "2020-09-11T13:16:42Z",
        "value": "0.726788627",
        "cumulative": false
    },
    {
        "date": "2020-09-11T13:16:58Z",
        "value": "0.710408609",
        "cumulative": false
    },
    {
        "date": "2020-09-11T13:17:15Z",
        "value": "0.722539731",
        "cumulative": false
    },
    {
        "date": "2020-09-11T13:17:26Z",
        "value": "0.723105683",
        "cumulative": false
    },
    {
        "date": "2020-09-11T13:17:42Z",
        "value": "0.869215361",
        "cumulative": false
    },
    {
        "date": "2020-09-11T13:17:59Z",
        "value": "0.931473385",
        "cumulative": false
    },
    {
        "date": "2020-09-11T13:18:09Z",
        "value": "0.982128132",
        "cumulative": false
    },
    {
        "date": "2020-09-11T13:18:25Z",
        "value": "0.975273282",
        "cumulative": false
    },
    {
        "date": "2020-09-11T13:18:40Z",
        "value": "0.956878454",
        "cumulative": false
    },
    {
        "date": "2020-09-11T13:18:58Z",
        "value": "0.970455063",
        "cumulative": false
    },
    {
        "date": "2020-09-11T13:19:16Z",
        "value": "0.981298521",
        "cumulative": false
    },
    {
        "date": "2020-09-11T13:19:26Z",
        "value": "0.977164013",
        "cumulative": false
    },
    {
        "date": "2020-09-11T13:19:38Z",
        "value": "0.977876973",
        "cumulative": false
    },
    {
        "date": "2020-09-11T13:19:49Z",
        "value": "0.972962598",
        "cumulative": false
    },
    {
        "date": "2020-09-11T13:20:02Z",
        "value": "0.986488451",
        "cumulative": false
    },
    {
        "date": "2020-09-11T13:20:21Z",
        "value": "0.892061998",
        "cumulative": false
    },
    {
        "date": "2020-09-11T13:20:39Z",
        "value": "0.715748461",
        "cumulative": false
    },
    {
        "date": "2020-09-11T13:20:56Z",
        "value": "0.686934305",
        "cumulative": false
    },
    {
        "date": "2020-09-11T13:21:08Z",
        "value": "0.700274545",
        "cumulative": false
    },
    {
        "date": "2020-09-11T13:21:28Z",
        "value": "0.711307968",
        "cumulative": false
    },
    {
        "date": "2020-09-11T13:21:46Z",
        "value": "0.741282891",
        "cumulative": false
    },
    {
        "date": "2020-09-11T13:22:02Z",
        "value": "0.733803436",
        "cumulative": false
    },
    {
        "date": "2020-09-11T13:22:20Z",
        "value": "0.755073336",
        "cumulative": false
    },
    {
        "date": "2020-09-11T13:22:31Z",
        "value": "0.981597165",
        "cumulative": false
    },
    {
        "date": "2020-09-11T13:22:51Z",
        "value": "0.971322212",
        "cumulative": false
    },
    {
        "date": "2020-09-11T13:23:03Z",
        "value": "0.97706039",
        "cumulative": false
    },
    {
        "date": "2020-09-11T13:23:20Z",
        "value": "0.97427256",
        "cumulative": false
    },
    {
        "date": "2020-09-11T13:23:32Z",
        "value": "0.976537701",
        "cumulative": false
    },
    {
        "date": "2020-09-11T13:23:49Z",
        "value": "0.980489215",
        "cumulative": false
    },
    {
        "date": "2020-09-11T13:23:59Z",
        "value": "0.985151545",
        "cumulative": false
    },
    {
        "date": "2020-09-11T13:24:18Z",
        "value": "0.977988133",
        "cumulative": false
    },
    {
        "date": "2020-09-11T13:24:35Z",
        "value": "0.960334069",
        "cumulative": false
    },
    {
        "date": "2020-09-11T13:24:48Z",
        "value": "0.973727336",
        "cumulative": false
    },
    {
        "date": "2020-09-11T13:25:02Z",
        "value": "0.955544135",
        "cumulative": false
    },
    {
        "date": "2020-09-11T13:25:15Z",
        "value": "0.975875017",
        "cumulative": false
    },
    {
        "date": "2020-09-11T13:25:33Z",
        "value": "0.970193639",
        "cumulative": false
    },
    {
        "date": "2020-09-11T13:25:47Z",
        "value": "0.845740158",
        "cumulative": false
    },
    {
        "date": "2020-09-11T13:26:06Z",
        "value": "0.743191501",
        "cumulative": false
    },
    {
        "date": "2020-09-11T13:26:25Z",
        "value": "0.727442383",
        "cumulative": false
    },
    {
        "date": "2020-09-11T13:26:36Z",
        "value": "0.688741115",
        "cumulative": false
    },
    {
        "date": "2020-09-11T13:26:47Z",
        "value": "0.758107096",
        "cumulative": false
    },
    {
        "date": "2020-09-11T13:27:03Z",
        "value": "0.719061512",
        "cumulative": false
    },
    {
        "date": "2020-09-11T13:27:22Z",
        "value": "0.762459775",
        "cumulative": false
    },
    {
        "date": "2020-09-11T13:27:41Z",
        "value": "0.720939845",
        "cumulative": false
    },
    {
        "date": "2020-09-11T13:27:59Z",
        "value": "0.707995051",
        "cumulative": false
    },
    {
        "date": "2020-09-11T13:28:09Z",
        "value": "0.724557383",
        "cumulative": false
    },
    {
        "date": "2020-09-11T13:28:24Z",
        "value": "0.873006614",
        "cumulative": false
    },
    {
        "date": "2020-09-11T13:28:35Z",
        "value": "0.976997499",
        "cumulative": false
    },
    {
        "date": "2020-09-11T13:28:47Z",
        "value": "0.974926581",
        "cumulative": false
    },
    {
        "date": "2020-09-11T13:29:03Z",
        "value": "0.967104089",
        "cumulative": false
    },
    {
        "date": "2020-09-11T13:29:21Z",
        "value": "0.974602645",
        "cumulative": false
    },
    {
        "date": "2020-09-11T13:29:33Z",
        "value": "0.971786977",
        "cumulative": false
    },
    {
        "date": "2020-09-11T13:29:53Z",
        "value": "0.959333625",
        "cumulative": false
    },
    {
        "date": "2020-09-11T13:30:08Z",
        "value": "0.957048297",
        "cumulative": false
    },
    {
        "date": "2020-09-11T13:30:27Z",
        "value": "0.968057399",
        "cumulative": false
    },
    {
        "date": "2020-09-11T13:30:41Z",
        "value": "0.972612155",
        "cumulative": false
    },
    {
        "date": "2020-09-11T13:31:01Z",
        "value": "0.947608863",
        "cumulative": false
    },
    {
        "date": "2020-09-11T13:31:12Z",
        "value": "0.957452722",
        "cumulative": false
    },
    {
        "date": "2020-09-11T13:31:23Z",
        "value": "0.955795917",
        "cumulative": false
    },
    {
        "date": "2020-09-11T13:31:41Z",
        "value": "0.958532786",
        "cumulative": false
    },
    {
        "date": "2020-09-11T13:31:52Z",
        "value": "0.968101886",
        "cumulative": false
    },
    {
        "date": "2020-09-11T13:32:04Z",
        "value": "0.97330594",
        "cumulative": false
    },
    {
        "date": "2020-09-11T13:32:19Z",
        "value": "0.977005103",
        "cumulative": false
    },
    {
        "date": "2020-09-11T13:32:39Z",
        "value": "0.905464594",
        "cumulative": false
    },
    {
        "date": "2020-09-11T13:32:50Z",
        "value": "0.765359521",
        "cumulative": false
    },
    {
        "date": "2020-09-11T13:33:05Z",
        "value": "0.738849452",
        "cumulative": false
    },
    {
        "date": "2020-09-11T13:33:19Z",
        "value": "0.729246748",
        "cumulative": false
    },
    {
        "date": "2020-09-11T13:33:30Z",
        "value": "0.726476232",
        "cumulative": false
    },
    {
        "date": "2020-09-11T13:33:50Z",
        "value": "0.726508715",
        "cumulative": false
    },
    {
        "date": "2020-09-11T13:34:10Z",
        "value": "0.774341037",
        "cumulative": false
    },
    {
        "date": "2020-09-11T13:34:24Z",
        "value": "0.7193769",
        "cumulative": false
    },
    {
        "date": "2020-09-11T13:34:34Z",
        "value": "0.672948918",
        "cumulative": false
    },
    {
        "date": "2020-09-11T13:34:48Z",
        "value": "0.724556709",
        "cumulative": false
    },
    {
        "date": "2020-09-11T13:35:05Z",
        "value": "0.726683493",
        "cumulative": false
    },
    {
        "date": "2020-09-11T13:35:22Z",
        "value": "0.728623745",
        "cumulative": false
    },
    {
        "date": "2020-09-11T13:35:37Z",
        "value": "0.700949462",
        "cumulative": false
    },
    {
        "date": "2020-09-11T13:35:53Z",
        "value": "0.825428309",
        "cumulative": false
    },
    {
        "date": "2020-09-11T13:36:08Z",
        "value": "0.975398287",
        "cumulative": false
    },
    {
        "date": "2020-09-11T13:36:24Z",
        "value": "0.946252363",
        "cumulative": false
    },
    {
        "date": "2020-09-11T13:36:43Z",
        "value": "0.982290015",
        "cumulative": false
    },
    {
        "date": "2020-09-11T13:37:03Z",
        "value": "0.953887688",
        "cumulative": false
    },
    {
        "date": "2020-09-11T13:37:17Z",
        "value": "0.951251488",
        "cumulative": false
    },
    {
        "date": "2020-09-11T13:37:35Z",
        "value": "0.950732674",
        "cumulative": false
    },
    {
        "date": "2020-09-11T13:37:47Z",
        "value": "0.938271035",
        "cumulative": false
    },
    {
        "date": "2020-09-11T13:37:58Z",
        "value": "0.979194094",
        "cumulative": false
    },
    {
        "date": "2020-09-11T13:38:12Z",
        "value": "0.97542861",
        "cumulative": false
    },
    {
        "date": "2020-09-11T13:38:30Z",
        "value": "0.951833037",
        "cumulative": false
    },
    {
        "date": "2020-09-11T13:38:40Z",
        "value": "0.970047924",
        "cumulative": false
    },
    {
        "date": "2020-09-11T13:38:56Z",
        "value": "0.96168547",
        "cumulative": false
    },
    {
        "date": "2020-09-11T13:39:16Z",
        "value": "0.964682976",
        "cumulative": false
    },
    {
        "date": "2020-09-11T13:39:29Z",
        "value": "0.979688155",
        "cumulative": false
    },
    {
        "date": "2020-09-11T13:39:48Z",
        "value": "0.97365529",
        "cumulative": false
    },
    {
        "date": "2020-09-11T13:40:08Z",
        "value": "0.959149907",
        "cumulative": false
    },
    {
        "date": "2020-09-11T13:40:27Z",
        "value": "0.970151541",
        "cumulative": false
    },
    {
        "date": "2020-09-11T13:40:43Z",
        "value": "0.957609788",
        "cumulative": false
    },
    {
        "date": "2020-09-11T13:41:02Z",
        "value": "0.967899733",
        "cumulative": false
    },
    {
        "date": "2020-09-11T13:41:12Z",
        "value": "0.945744741",
        "cumulative": false
    }
]