[
    {
        "date": "2020-09-11T12:57:32Z",
        "value": "4.00543212890625e-05",
        "cumulative": true
    },
    {
        "date": "2020-09-11T12:57:48Z",
        "value": "4.00543212890625e-05",
        "cumulative": true
    },
    {
        "date": "2020-09-11T12:58:11Z",
        "value": "4.00543212890625e-05",
        "cumulative": true
    },
    {
        "date": "2020-09-11T12:58:24Z",
        "value": "4.00543212890625e-05",
        "cumulative": true
    },
    {
        "date": "2020-09-11T12:58:49Z",
        "value": "4.00543212890625e-05",
        "cumulative": true
    },
    {
        "date": "2020-09-11T12:59:05Z",
        "value": "4.00543212890625e-05",
        "cumulative": true
    },
    {
        "date": "2020-09-11T12:59:30Z",
        "value": "105.66610908508301",
        "cumulative": true
    },
    {
        "date": "2020-09-11T12:59:44Z",
        "value": "1622.9210233688354",
        "cumulative": true
    },
    {
        "date": "2020-09-11T12:59:54Z",
        "value": "2860.067512512207",
        "cumulative": true
    },
    {
        "date": "2020-09-11T13:00:13Z",
        "value": "5091.497634887695",
        "cumulative": true
    },
    {
        "date": "2020-09-11T13:00:23Z",
        "value": "6387.817170143127",
        "cumulative": true
    },
    {
        "date": "2020-09-11T13:00:35Z",
        "value": "7960.148859024048",
        "cumulative": true
    },
    {
        "date": "2020-09-11T13:00:52Z",
        "value": "10080.335646629333",
        "cumulative": true
    },
    {
        "date": "2020-09-11T13:01:08Z",
        "value": "12175.418273925781",
        "cumulative": true
    },
    {
        "date": "2020-09-11T13:01:27Z",
        "value": "14027.654726028442",
        "cumulative": true
    },
    {
        "date": "2020-09-11T13:01:47Z",
        "value": "16527.958307266235",
        "cumulative": true
    },
    {
        "date": "2020-09-11T13:02:01Z",
        "value": "18465.399178504944",
        "cumulative": true
    },
    {
        "date": "2020-09-11T13:02:19Z",
        "value": "20706.300176620483",
        "cumulative": true
    },
    {
        "date": "2020-09-11T13:02:32Z",
        "value": "21655.460869789124",
        "cumulative": true
    },
    {
        "date": "2020-09-11T13:02:46Z",
        "value": "24476.59928226471",
        "cumulative": true
    },
    {
        "date": "2020-09-11T13:02:58Z",
        "value": "25748.90531730652",
        "cumulative": true
    },
    {
        "date": "2020-09-11T13:03:08Z",
        "value": "26362.60090446472",
        "cumulative": true
    },
    {
        "date": "2020-09-11T13:03:25Z",
        "value": "28053.930844306946",
        "cumulative": true
    },
    {
        "date": "2020-09-11T13:03:44Z",
        "value": "31731.952103614807",
        "cumulative": true
    },
    {
        "date": "2020-09-11T13:03:57Z",
        "value": "32559.654587745667",
        "cumulative": true
    },
    {
        "date": "2020-09-11T13:04:08Z",
        "value": "33221.94483280182",
        "cumulative": true
    },
    {
        "date": "2020-09-11T13:04:22Z",
        "value": "34095.28901195526",
        "cumulative": true
    },
    {
        "date": "2020-09-11T13:04:41Z",
        "value": "37284.45021152496",
        "cumulative": true
    },
    {
        "date": "2020-09-11T13:04:54Z",
        "value": "39917.666979789734",
        "cumulative": true
    },
    {
        "date": "2020-09-11T13:05:10Z",
        "value": "41155.091139793396",
        "cumulative": true
    },
    {
        "date": "2020-09-11T13:05:26Z",
        "value": "42109.49036312103",
        "cumulative": true
    },
    {
        "date": "2020-09-11T13:05:44Z",
        "value": "43177.359473228455",
        "cumulative": true
    },
    {
        "date": "2020-09-11T13:05:54Z",
        "value": "44952.75938606262",
        "cumulative": true
    },
    {
        "date": "2020-09-11T13:06:13Z",
        "value": "48758.76086425781",
        "cumulative": true
    },
    {
        "date": "2020-09-11T13:06:25Z",
        "value": "50966.563091278076",
        "cumulative": true
    },
    {
        "date": "2020-09-11T13:06:38Z",
        "value": "51722.08023452759",
        "cumulative": true
    },
    {
        "date": "2020-09-11T13:06:51Z",
        "value": "52474.94427871704",
        "cumulative": true
    },
    {
        "date": "2020-09-11T13:07:02Z",
        "value": "53078.74238014221",
        "cumulative": true
    },
    {
        "date": "2020-09-11T13:07:12Z",
        "value": "53685.00232887268",
        "cumulative": true
    },
    {
        "date": "2020-09-11T13:07:32Z",
        "value": "55245.13236808777",
        "cumulative": true
    },
    {
        "date": "2020-09-11T13:07:45Z",
        "value": "57650.777935028076",
        "cumulative": true
    },
    {
        "date": "2020-09-11T13:07:56Z",
        "value": "59894.82961654663",
        "cumulative": true
    },
    {
        "date": "2020-09-11T13:08:07Z",
        "value": "61954.26157951355",
        "cumulative": true
    },
    {
        "date": "2020-09-11T13:08:24Z",
        "value": "64568.99970626831",
        "cumulative": true
    },
    {
        "date": "2020-09-11T13:08:40Z",
        "value": "65482.007289886475",
        "cumulative": true
    },
    {
        "date": "2020-09-11T13:08:58Z",
        "value": "66538.12143707275",
        "cumulative": true
    },
    {
        "date": "2020-09-11T13:09:12Z",
        "value": "67391.3299999237",
        "cumulative": true
    },
    {
        "date": "2020-09-11T13:09:28Z",
        "value": "68332.45108795166",
        "cumulative": true
    },
    {
        "date": "2020-09-11T13:09:48Z",
        "value": "70593.18663597107",
        "cumulative": true
    },
    {
        "date": "2020-09-11T13:10:08Z",
        "value": "74513.55151557922",
        "cumulative": true
    },
    {
        "date": "2020-09-11T13:10:23Z",
        "value": "77675.38780975342",
        "cumulative": true
    },
    {
        "date": "2020-09-11T13:10:39Z",
        "value": "80836.86504554749",
        "cumulative": true
    },
    {
        "date": "2020-09-11T13:10:51Z",
        "value": "81800.90458965302",
        "cumulative": true
    },
    {
        "date": "2020-09-11T13:11:07Z",
        "value": "82703.42956638336",
        "cumulative": true
    },
    {
        "date": "2020-09-11T13:11:26Z",
        "value": "83848.96338558197",
        "cumulative": true
    },
    {
        "date": "2020-09-11T13:11:42Z",
        "value": "84765.17026805878",
        "cumulative": true
    },
    {
        "date": "2020-09-11T13:12:00Z",
        "value": "85881.64800739288",
        "cumulative": true
    },
    {
        "date": "2020-09-11T13:12:12Z",
        "value": "86560.26243114471",
        "cumulative": true
    },
    {
        "date": "2020-09-11T13:12:25Z",
        "value": "87526.12734413147",
        "cumulative": true
    },
    {
        "date": "2020-09-11T13:12:41Z",
        "value": "90689.13725471497",
        "cumulative": true
    },
    {
        "date": "2020-09-11T13:13:00Z",
        "value": "94220.75978279114",
        "cumulative": true
    },
    {
        "date": "2020-09-11T13:13:12Z",
        "value": "96581.4895401001",
        "cumulative": true
    },
    {
        "date": "2020-09-11T13:13:27Z",
        "value": "99269.7448387146",
        "cumulative": true
    },
    {
        "date": "2020-09-11T13:13:45Z",
        "value": "102655.58827877045",
        "cumulative": true
    },
    {
        "date": "2020-09-11T13:13:58Z",
        "value": "103423.34034442902",
        "cumulative": true
    },
    {
        "date": "2020-09-11T13:14:11Z",
        "value": "104202.67004108429",
        "cumulative": true
    },
    {
        "date": "2020-09-11T13:14:24Z",
        "value": "104986.28957271576",
        "cumulative": true
    },
    {
        "date": "2020-09-11T13:14:41Z",
        "value": "105997.85793972015",
        "cumulative": true
    },
    {
        "date": "2020-09-11T13:14:57Z",
        "value": "106908.46131420135",
        "cumulative": true
    },
    {
        "date": "2020-09-11T13:15:13Z",
        "value": "107893.49524593353",
        "cumulative": true
    },
    {
        "date": "2020-09-11T13:15:27Z",
        "value": "108688.36490154266",
        "cumulative": true
    },
    {
        "date": "2020-09-11T13:15:43Z",
        "value": "109604.2360239029",
        "cumulative": true
    },
    {
        "date": "2020-09-11T13:15:58Z",
        "value": "111448.42140388489",
        "cumulative": true
    },
    {
        "date": "2020-09-11T13:16:17Z",
        "value": "114927.78546142578",
        "cumulative": true
    },
    {
        "date": "2020-09-11T13:16:34Z",
        "value": "118245.31056594849",
        "cumulative": true
    },
    {
        "date": "2020-09-11T13:16:50Z",
        "value": "121400.52808570862",
        "cumulative": true
    },
    {
        "date": "2020-09-11T13:17:08Z",
        "value": "125032.95854759216",
        "cumulative": true
    },
    {
        "date": "2020-09-11T13:17:23Z",
        "value": "127777.20302963257",
        "cumulative": true
    },
    {
        "date": "2020-09-11T13:17:37Z",
        "value": "129827.51426410675",
        "cumulative": true
    },
    {
        "date": "2020-09-11T13:17:52Z",
        "value": "130688.63115406036",
        "cumulative": true
    },
    {
        "date": "2020-09-11T13:18:03Z",
        "value": "131282.88865947723",
        "cumulative": true
    },
    {
        "date": "2020-09-11T13:18:18Z",
        "value": "132226.37940883636",
        "cumulative": true
    },
    {
        "date": "2020-09-11T13:18:36Z",
        "value": "133281.78285312653",
        "cumulative": true
    },
    {
        "date": "2020-09-11T13:18:49Z",
        "value": "134056.34613323212",
        "cumulative": true
    },
    {
        "date": "2020-09-11T13:19:05Z",
        "value": "135005.84548664093",
        "cumulative": true
    },
    {
        "date": "2020-09-11T13:19:22Z",
        "value": "136000.97384929657",
        "cumulative": true
    },
    {
        "date": "2020-09-11T13:19:34Z",
        "value": "136732.92740917206",
        "cumulative": true
    },
    {
        "date": "2020-09-11T13:19:51Z",
        "value": "137726.93512630463",
        "cumulative": true
    },
    {
        "date": "2020-09-11T13:20:08Z",
        "value": "138748.07477283478",
        "cumulative": true
    },
    {
        "date": "2020-09-11T13:20:18Z",
        "value": "140020.17877388",
        "cumulative": true
    },
    {
        "date": "2020-09-11T13:20:34Z",
        "value": "143046.3723640442",
        "cumulative": true
    },
    {
        "date": "2020-09-11T13:20:48Z",
        "value": "145816.30826568604",
        "cumulative": true
    },
    {
        "date": "2020-09-11T13:21:07Z",
        "value": "149496.14281463623",
        "cumulative": true
    },
    {
        "date": "2020-09-11T13:21:24Z",
        "value": "152850.56469917297",
        "cumulative": true
    },
    {
        "date": "2020-09-11T13:21:35Z",
        "value": "155055.98085594177",
        "cumulative": true
    },
    {
        "date": "2020-09-11T13:21:53Z",
        "value": "158735.87827682495",
        "cumulative": true
    },
    {
        "date": "2020-09-11T13:22:10Z",
        "value": "162158.0163345337",
        "cumulative": true
    },
    {
        "date": "2020-09-11T13:22:27Z",
        "value": "164196.17997837067",
        "cumulative": true
    },
    {
        "date": "2020-09-11T13:22:43Z",
        "value": "165131.69531917572",
        "cumulative": true
    },
    {
        "date": "2020-09-11T13:23:01Z",
        "value": "166284.2317018509",
        "cumulative": true
    },
    {
        "date": "2020-09-11T13:23:18Z",
        "value": "167256.0948858261",
        "cumulative": true
    },
    {
        "date": "2020-09-11T13:23:29Z",
        "value": "167862.06634807587",
        "cumulative": true
    },
    {
        "date": "2020-09-11T13:23:42Z",
        "value": "168645.94013500214",
        "cumulative": true
    },
    {
        "date": "2020-09-11T13:23:58Z",
        "value": "169630.968419075",
        "cumulative": true
    },
    {
        "date": "2020-09-11T13:24:12Z",
        "value": "170448.4873304367",
        "cumulative": true
    },
    {
        "date": "2020-09-11T13:24:30Z",
        "value": "171582.12849521637",
        "cumulative": true
    },
    {
        "date": "2020-09-11T13:24:41Z",
        "value": "172216.48224544525",
        "cumulative": true
    },
    {
        "date": "2020-09-11T13:24:53Z",
        "value": "172895.29363536835",
        "cumulative": true
    },
    {
        "date": "2020-09-11T13:25:10Z",
        "value": "173912.11627101898",
        "cumulative": true
    },
    {
        "date": "2020-09-11T13:25:21Z",
        "value": "174639.854722023",
        "cumulative": true
    },
    {
        "date": "2020-09-11T13:25:33Z",
        "value": "175304.37079524994",
        "cumulative": true
    },
    {
        "date": "2020-09-11T13:25:51Z",
        "value": "177889.0867214203",
        "cumulative": true
    },
    {
        "date": "2020-09-11T13:26:06Z",
        "value": "180927.70919036865",
        "cumulative": true
    },
    {
        "date": "2020-09-11T13:26:19Z",
        "value": "183444.77916908264",
        "cumulative": true
    },
    {
        "date": "2020-09-11T13:26:30Z",
        "value": "185489.91366386414",
        "cumulative": true
    },
    {
        "date": "2020-09-11T13:26:44Z",
        "value": "188390.9740371704",
        "cumulative": true
    },
    {
        "date": "2020-09-11T13:27:04Z",
        "value": "192406.8242378235",
        "cumulative": true
    },
    {
        "date": "2020-09-11T13:27:15Z",
        "value": "194874.19311714172",
        "cumulative": true
    },
    {
        "date": "2020-09-11T13:27:32Z",
        "value": "198072.97504234314",
        "cumulative": true
    },
    {
        "date": "2020-09-11T13:27:42Z",
        "value": "200124.2284603119",
        "cumulative": true
    },
    {
        "date": "2020-09-11T13:27:53Z",
        "value": "202279.7491645813",
        "cumulative": true
    },
    {
        "date": "2020-09-11T13:28:13Z",
        "value": "206204.35469055176",
        "cumulative": true
    },
    {
        "date": "2020-09-11T13:28:30Z",
        "value": "207424.02916240692",
        "cumulative": true
    },
    {
        "date": "2020-09-11T13:28:46Z",
        "value": "208433.15541362762",
        "cumulative": true
    },
    {
        "date": "2020-09-11T13:29:00Z",
        "value": "209216.07362270355",
        "cumulative": true
    },
    {
        "date": "2020-09-11T13:29:16Z",
        "value": "210268.00271701813",
        "cumulative": true
    },
    {
        "date": "2020-09-11T13:29:31Z",
        "value": "211066.35129070282",
        "cumulative": true
    },
    {
        "date": "2020-09-11T13:29:48Z",
        "value": "212116.890748024",
        "cumulative": true
    },
    {
        "date": "2020-09-11T13:30:06Z",
        "value": "213178.36790561676",
        "cumulative": true
    },
    {
        "date": "2020-09-11T13:30:21Z",
        "value": "214094.99782276154",
        "cumulative": true
    },
    {
        "date": "2020-09-11T13:30:41Z",
        "value": "215201.46059894562",
        "cumulative": true
    },
    {
        "date": "2020-09-11T13:30:52Z",
        "value": "215892.29445171356",
        "cumulative": true
    },
    {
        "date": "2020-09-11T13:31:09Z",
        "value": "216858.91641139984",
        "cumulative": true
    },
    {
        "date": "2020-09-11T13:31:24Z",
        "value": "217764.814538002",
        "cumulative": true
    },
    {
        "date": "2020-09-11T13:31:36Z",
        "value": "218429.14051151276",
        "cumulative": true
    },
    {
        "date": "2020-09-11T13:31:47Z",
        "value": "219123.01582241058",
        "cumulative": true
    },
    {
        "date": "2020-09-11T13:31:59Z",
        "value": "219840.13491535187",
        "cumulative": true
    },
    {
        "date": "2020-09-11T13:32:19Z",
        "value": "221021.79456043243",
        "cumulative": true
    },
    {
        "date": "2020-09-11T13:32:32Z",
        "value": "221775.10556316376",
        "cumulative": true
    },
    {
        "date": "2020-09-11T13:32:49Z",
        "value": "225023.73727798462",
        "cumulative": true
    },
    {
        "date": "2020-09-11T13:33:00Z",
        "value": "227350.38449668884",
        "cumulative": true
    },
    {
        "date": "2020-09-11T13:33:15Z",
        "value": "230082.52560806274",
        "cumulative": true
    },
    {
        "date": "2020-09-11T13:33:30Z",
        "value": "233211.49292564392",
        "cumulative": true
    },
    {
        "date": "2020-09-11T13:33:43Z",
        "value": "235916.24132728577",
        "cumulative": true
    },
    {
        "date": "2020-09-11T13:34:03Z",
        "value": "240205.62258529663",
        "cumulative": true
    },
    {
        "date": "2020-09-11T13:34:23Z",
        "value": "244092.70318984985",
        "cumulative": true
    },
    {
        "date": "2020-09-11T13:34:41Z",
        "value": "247598.5901966095",
        "cumulative": true
    },
    {
        "date": "2020-09-11T13:34:52Z",
        "value": "249933.0316772461",
        "cumulative": true
    },
    {
        "date": "2020-09-11T13:35:04Z",
        "value": "252208.07939338684",
        "cumulative": true
    },
    {
        "date": "2020-09-11T13:35:22Z",
        "value": "255828.5792579651",
        "cumulative": true
    },
    {
        "date": "2020-09-11T13:35:37Z",
        "value": "258897.73844528198",
        "cumulative": true
    },
    {
        "date": "2020-09-11T13:35:52Z",
        "value": "261085.990776062",
        "cumulative": true
    },
    {
        "date": "2020-09-11T13:36:05Z",
        "value": "261891.45595550537",
        "cumulative": true
    },
    {
        "date": "2020-09-11T13:36:16Z",
        "value": "262584.1585884094",
        "cumulative": true
    },
    {
        "date": "2020-09-11T13:36:28Z",
        "value": "263214.5979118347",
        "cumulative": true
    },
    {
        "date": "2020-09-11T13:36:42Z",
        "value": "264131.2819824219",
        "cumulative": true
    },
    {
        "date": "2020-09-11T13:36:56Z",
        "value": "264912.2219181061",
        "cumulative": true
    },
    {
        "date": "2020-09-11T13:37:16Z",
        "value": "266062.12072753906",
        "cumulative": true
    },
    {
        "date": "2020-09-11T13:37:30Z",
        "value": "266884.40093040466",
        "cumulative": true
    },
    {
        "date": "2020-09-11T13:37:50Z",
        "value": "268045.9173736572",
        "cumulative": true
    },
    {
        "date": "2020-09-11T13:38:07Z",
        "value": "269151.4654636383",
        "cumulative": true
    },
    {
        "date": "2020-09-11T13:38:18Z",
        "value": "269727.9323272705",
        "cumulative": true
    },
    {
        "date": "2020-09-11T13:38:37Z",
        "value": "270885.09126472473",
        "cumulative": true
    },
    {
        "date": "2020-09-11T13:38:49Z",
        "value": "271659.1910266876",
        "cumulative": true
    },
    {
        "date": "2020-09-11T13:39:00Z",
        "value": "272238.14537239075",
        "cumulative": true
    },
    {
        "date": "2020-09-11T13:39:18Z",
        "value": "273283.1716480255",
        "cumulative": true
    },
    {
        "date": "2020-09-11T13:39:37Z",
        "value": "274554.0079860687",
        "cumulative": true
    },
    {
        "date": "2020-09-11T13:39:53Z",
        "value": "275359.9306602478",
        "cumulative": true
    },
    {
        "date": "2020-09-11T13:40:09Z",
        "value": "276343.2283191681",
        "cumulative": true
    },
    {
        "date": "2020-09-11T13:40:22Z",
        "value": "277102.3560657501",
        "cumulative": true
    },
    {
        "date": "2020-09-11T13:40:37Z",
        "value": "278032.2526435852",
        "cumulative": true
    },
    {
        "date": "2020-09-11T13:40:54Z",
        "value": "279005.05735969543",
        "cumulative": true
    },
    {
        "date": "2020-09-11T13:41:12Z",
        "value": "280059.3796863556",
        "cumulative": true
    }
]